IDLink,publication,available,comparator,gain_unavailable_zero
46414,2016-05-01 00:40:15,True,baseline,0.0014428584246185556
46420,2016-05-01 01:40:16,True,baseline,0.00291064606363634
46425,2016-05-01 02:20:20,True,baseline,-0.004703377692473504
46426,2016-05-01 02:20:20,True,baseline,-0.0026641406238748218
46428,2016-05-01 02:40:14,True,baseline,0.004554407157733412
46435,2016-05-01 04:57:15,True,baseline,-0.005949544642067935
46434,2016-05-01 05:06:20,True,baseline,0.0012530157261638137
46437,2016-05-01 05:38:29,True,baseline,0.004030480440058593
46444,2016-05-01 06:00:16,True,baseline,0.004745631892674389
46446,2016-05-01 06:00:20,True,baseline,0.014302938807495311
46440,2016-05-01 06:05:19,True,baseline,-0.007794734662281741
46445,2016-05-01 06:11:19,True,baseline,0.006470065076367747
46454,2016-05-01 07:00:14,True,baseline,-0.0036902323352887827
46455,2016-05-01 07:02:16,True,baseline,-0.00036375725287904456
46451,2016-05-01 07:06:17,True,baseline,-0.006541767236937713
46531,2016-05-01 18:40:14,True,baseline,0.001874133258120067
46534,2016-05-01 18:40:14,True,baseline,-0.0001514988236529647
46536,2016-05-01 19:16:18,True,baseline,0.0012117106063875213
46535,2016-05-01 19:24:16,True,baseline,-0.01708822581846979
46544,2016-05-01 20:16:14,True,baseline,0.00562886396804091
46548,2016-05-01 20:42:16,True,baseline,0.0019468850970958806
46554,2016-05-01 21:00:21,True,baseline,-0.002838450753136308
46553,2016-05-01 21:06:17,True,baseline,0.0017467610072882823
46549,2016-05-01 21:14:22,True,baseline,-0.008602814308147563
46552,2016-05-01 21:40:14,True,baseline,0.001226011369008421
46559,2016-05-01 21:40:15,True,baseline,0.0038975357142233893
46555,2016-05-01 21:51:16,True,baseline,0.0009432004307092026
46563,2016-05-01 22:00:15,True,baseline,-0.025324381587732245
46560,2016-05-01 22:03:17,True,baseline,-0.0005190164565029923
46561,2016-05-01 22:03:18,True,baseline,-0.010463476864646888
46564,2016-05-01 22:58:16,True,baseline,-0.0004618276651853172
46574,2016-05-01 23:40:15,True,baseline,0.0044566027730506205
46575,2016-05-02 00:04:18,True,baseline,0.0038015926365538213
46578,2016-05-02 00:17:16,True,baseline,0.01537427636838868
46581,2016-05-02 00:37:19,True,baseline,0.020388834576192456
46588,2016-05-02 01:11:14,True,baseline,-0.002946884811610493
46582,2016-05-02 01:11:20,True,baseline,0.0009786749100545097
46592,2016-05-02 01:40:15,True,baseline,-0.0004388818875088966
46589,2016-05-02 01:41:15,True,baseline,0.00010646968839032357
46594,2016-05-02 02:41:17,True,baseline,0.015572403530919349
46596,2016-05-02 02:42:19,True,baseline,0.006967513507257321
46608,2016-05-02 04:38:20,True,baseline,-0.00192445118859554
46725,2016-05-02 15:24:14,True,baseline,0.0023071725644762827
46726,2016-05-02 15:29:14,True,baseline,-0.0008980850609168999
46740,2016-05-02 15:40:16,True,baseline,-0.010517505816847884
46743,2016-05-02 16:00:15,True,baseline,0.024985279102568283
46745,2016-05-02 16:00:15,True,baseline,2.1436442511569755e-05
46744,2016-05-02 16:27:15,True,baseline,-0.009332481579006825
46756,2016-05-02 16:40:16,True,baseline,-0.004288467564337536
46755,2016-05-02 16:57:15,True,baseline,0.002975593397989788
46762,2016-05-02 17:00:18,True,baseline,-0.005668852261419699
46763,2016-05-02 17:11:20,True,baseline,0.0034314540019539444
46770,2016-05-02 17:20:19,True,baseline,0.003916428542914055
46759,2016-05-02 17:31:15,True,baseline,-0.004393418418901014
46778,2016-05-02 17:40:17,True,baseline,-0.0018019564159350429
46760,2016-05-02 17:43:16,True,baseline,-0.04065326648174827
46775,2016-05-02 17:44:15,True,baseline,0.022971944369003308
46761,2016-05-02 17:46:16,True,baseline,-0.006656899345973107
46767,2016-05-02 17:47:16,True,baseline,0.004118157496149989
46776,2016-05-02 18:04:15,True,baseline,-0.008796631634048556
46781,2016-05-02 18:26:18,True,baseline,0.0022743370574832833
46777,2016-05-02 18:37:16,True,baseline,-0.013520797111291748
46788,2016-05-02 18:40:14,True,baseline,0.003319520977097836
46789,2016-05-02 18:40:15,True,baseline,-0.001198305036066155
46787,2016-05-02 19:02:17,True,baseline,0.0041806297202379265
46790,2016-05-02 19:07:15,True,baseline,-0.010195173921458307
46792,2016-05-02 19:51:14,True,baseline,-0.000653359928292649
46805,2016-05-02 20:00:24,True,baseline,-0.0007522010913797554
46798,2016-05-02 20:02:15,True,baseline,0.009039526174350974
46797,2016-05-02 20:03:15,True,baseline,-0.0032943320366304457
46793,2016-05-02 20:11:19,True,baseline,-0.009147846184091084
46799,2016-05-02 20:13:17,True,baseline,-0.0034119283969977487
46808,2016-05-02 20:20:31,True,baseline,0.0008011115898380649
46806,2016-05-02 20:29:27,True,baseline,0.0004229819502788376
46818,2016-05-02 20:56:21,True,baseline,0.007387167585800811
46820,2016-05-02 21:00:19,True,baseline,0.00026924340505280614
46816,2016-05-02 21:01:16,True,baseline,-0.0016882841942007694
46819,2016-05-02 21:21:19,True,baseline,-0.006790011825321355
46933,2016-05-03 09:00:19,True,baseline,5.9646652834184286e-05
46930,2016-05-03 09:16:16,True,baseline,0.005667973447547339
46937,2016-05-03 09:49:21,True,baseline,-0.007939459815936247
46936,2016-05-03 09:52:15,True,baseline,-0.007113975809781133
46940,2016-05-03 10:00:15,True,baseline,-0.0033300281874632264
46935,2016-05-03 10:02:15,True,baseline,-0.002823525080631728
46941,2016-05-03 10:28:16,True,baseline,0.0061443249533793785
46944,2016-05-03 10:33:15,True,baseline,-0.002304869294711717
46949,2016-05-03 10:42:21,True,baseline,0.006865910849019333
46946,2016-05-03 10:48:15,True,baseline,-0.0034024412576487244
46948,2016-05-03 11:01:18,True,baseline,-0.00448854035922068
46947,2016-05-03 11:19:15,True,baseline,-0.0042606124268361675
46952,2016-05-03 11:20:21,True,baseline,-0.0023139198320798015
46953,2016-05-03 11:40:15,True,baseline,0.015208160628774711
46956,2016-05-03 12:08:15,True,baseline,0.0032466144612465046
46959,2016-05-03 12:20:15,True,baseline,5.702807183674045e-05
46965,2016-05-03 12:40:19,True,baseline,-0.0026199018935372936
46960,2016-05-03 12:44:20,True,baseline,-0.0014433340066285958
46969,2016-05-03 13:00:15,True,baseline,0.004996702412689003
46971,2016-05-03 13:13:18,True,baseline,0.0010586608796760116
46962,2016-05-03 13:14:18,True,baseline,-0.003839752876519822
46978,2016-05-03 13:26:16,True,baseline,0.006593020026337097
46982,2016-05-03 13:40:15,True,baseline,-0.0033010237666313176
46984,2016-05-03 13:40:21,True,baseline,0.0010370486811007683
46979,2016-05-03 13:52:16,True,baseline,-0.017603868178891577
46983,2016-05-03 13:54:18,True,baseline,0.0026269560394980023
46980,2016-05-03 13:59:21,True,baseline,-0.004648081867797957
47118,2016-05-04 01:47:20,True,baseline,-0.01484321560466409
47122,2016-05-04 02:00:16,True,baseline,-0.025797897962137436
47120,2016-05-04 02:04:18,True,baseline,0.000544133946130395
47125,2016-05-04 02:20:20,True,baseline,-0.009119462840266265
47124,2016-05-04 02:46:16,True,baseline,0.017401988195936104
47128,2016-05-04 03:41:19,True,baseline,-0.00028193560342852484
47127,2016-05-04 03:46:16,True,baseline,0.000938064840355773
47129,2016-05-04 04:01:15,True,baseline,0.004006599553945948
47134,2016-05-04 04:37:16,True,baseline,0.005438113133237884
47133,2016-05-04 04:42:16,True,baseline,-0.0013542433848251923
47143,2016-05-04 05:00:25,True,baseline,-0.01589405258428543
47144,2016-05-04 05:12:27,True,baseline,0.022719650862616264
47150,2016-05-04 05:55:17,True,baseline,-0.0015794748284444309
47284,2016-05-04 18:07:20,True,baseline,-0.02414307720477482
47288,2016-05-04 18:18:17,True,baseline,-0.020472841089282934
47297,2016-05-04 18:20:19,True,baseline,0.01307682967146645
47296,2016-05-04 18:40:19,True,baseline,-0.00013486406248481436
47302,2016-05-04 18:43:15,True,baseline,0.01686681535995327
47292,2016-05-04 18:48:15,True,baseline,0.009628010318093957
47295,2016-05-04 18:56:14,True,baseline,-0.0017220879117103727
47306,2016-05-04 19:00:15,True,baseline,0.0021969838680372437
47313,2016-05-04 19:40:17,True,baseline,0.004870739832483789
47314,2016-05-04 19:40:23,True,baseline,-0.0030242355700945893
47310,2016-05-04 19:44:31,True,baseline,-0.0023404910738669712
47317,2016-05-04 20:00:18,True,baseline,0.0012969515604314315
47311,2016-05-04 20:02:31,True,baseline,0.014091898025617847
47320,2016-05-04 20:25:18,True,baseline,-0.00010973765083500698
47325,2016-05-04 20:40:14,True,baseline,0.000986805299773321
47326,2016-05-04 20:40:19,True,baseline,0.00036311578089664624
47321,2016-05-04 21:15:19,True,baseline,0.008458934213148087
47411,2016-05-05 09:10:15,True,baseline,0.005497335845284657
47419,2016-05-05 09:20:20,True,baseline,0.0002636109159804621
47415,2016-05-05 09:47:25,True,baseline,0.001710812424318555
47414,2016-05-05 09:52:25,True,baseline,-0.0028855132856664507
47422,2016-05-05 10:06:15,True,baseline,-0.007579928783197233
47418,2016-05-05 10:08:16,True,baseline,-0.005047239181046202
47427,2016-05-05 10:38:16,True,baseline,0.005253671920417457
47428,2016-05-05 11:00:16,True,baseline,0.029764038872218956
47440,2016-05-05 11:40:18,True,baseline,0.0032505365953564083
47436,2016-05-05 12:05:25,True,baseline,-0.007043976101707291
47437,2016-05-05 12:10:27,True,baseline,-0.001735232381596471
47439,2016-05-05 12:32:14,True,baseline,0.001953679148323129
47444,2016-05-05 12:38:16,True,baseline,-0.0004929302303530413
47454,2016-05-05 13:02:30,True,baseline,-0.0021756409580110186
47449,2016-05-05 13:04:18,True,baseline,0.003031316945207127
47463,2016-05-05 13:20:15,True,baseline,-0.0038235621080004237
47464,2016-05-05 13:20:20,True,baseline,-0.0016112217085199492
47460,2016-05-05 13:31:19,True,baseline,-0.0036303625963561947
47468,2016-05-05 13:40:17,True,baseline,0.002757860338957976
47469,2016-05-05 13:40:17,True,baseline,0.007078676422950189
47470,2016-05-05 13:40:19,True,baseline,0.007527669674390128
47611,2016-05-06 02:38:19,True,baseline,-0.0016589759256011379
47618,2016-05-06 03:00:18,True,baseline,0.009534859635893945
47619,2016-05-06 03:00:20,True,baseline,0.01694178771403201
47622,2016-05-06 03:30:16,True,baseline,-0.005724882092796979
47630,2016-05-06 04:40:18,True,baseline,0.0004791823432123317
47631,2016-05-06 06:04:16,True,baseline,0.0004843118799206542
47774,2016-05-06 18:29:16,True,baseline,0.016495266148752984
47772,2016-05-06 18:31:19,True,baseline,0.005333728521588893
47777,2016-05-06 18:31:23,True,baseline,0.012737244124827164
47771,2016-05-06 18:39:16,True,baseline,-0.008895340198512638
47781,2016-05-06 19:11:20,True,baseline,0.0031073777675392697
47805,2016-05-06 21:22:19,True,baseline,0.002881820047906095
47804,2016-05-06 21:27:16,True,baseline,-0.0027388223392493275
47809,2016-05-06 21:51:19,True,baseline,-0.0021455932483234307
47882,2016-05-07 10:29:16,True,baseline,0.009266953786060479
47888,2016-05-07 12:00:15,True,baseline,0.02742878134454245
47893,2016-05-07 12:33:18,True,baseline,0.003447281952535155
47897,2016-05-07 14:08:14,True,baseline,0.0008581108043856673
47903,2016-05-07 14:20:15,True,baseline,-0.007081845105244337
47901,2016-05-07 14:32:16,True,baseline,0.002611825135418624
47905,2016-05-07 14:40:16,True,baseline,-0.00879319605141651
47906,2016-05-07 14:40:18,True,baseline,-0.00012684978100312448
47955,2016-05-08 02:57:17,True,baseline,-0.0016330404889576917
47954,2016-05-08 03:04:16,True,baseline,-0.0037138235869443557
47957,2016-05-08 03:05:15,True,baseline,0.0016319795596722504
47958,2016-05-08 03:06:18,True,baseline,0.0062649249924143224
47960,2016-05-08 03:32:16,True,baseline,0.0018093909408128245
47961,2016-05-08 03:48:16,True,baseline,0.005713496529249275
47967,2016-05-08 04:27:17,True,baseline,-0.000333503626734858
47964,2016-05-08 04:38:16,True,baseline,0.013757919174827188
47971,2016-05-08 05:40:17,True,baseline,-0.0003357639682383001
47972,2016-05-08 05:49:19,True,baseline,-0.0035825423263367183
47970,2016-05-08 06:13:15,True,baseline,-0.0011348662443910976
47969,2016-05-08 06:15:16,True,baseline,-0.002536798244056828
47973,2016-05-08 06:17:15,True,baseline,0.0028579517383406036
47978,2016-05-08 06:51:15,True,baseline,0.00779136146020348
47982,2016-05-08 07:24:17,True,baseline,-0.006921472248462687
47990,2016-05-08 08:20:14,True,baseline,-0.003644361511994862
47987,2016-05-08 08:21:17,True,baseline,0.00824875074462817
47992,2016-05-08 08:40:16,True,baseline,0.0015153250597569803
47996,2016-05-08 09:00:24,True,baseline,0.01072292945479337
48001,2016-05-08 09:20:18,True,baseline,0.003883597550353054
48003,2016-05-08 09:40:15,True,baseline,0.010020573931037793
48005,2016-05-08 10:08:15,True,baseline,-0.010797273824733992
47999,2016-05-08 10:13:15,True,baseline,-0.009895566992107578
48007,2016-05-08 11:04:16,True,baseline,-0.012412600153817233
48009,2016-05-08 11:08:15,True,baseline,-0.005883106857675571
48010,2016-05-08 11:55:25,True,baseline,-0.0006444082606690703
48077,2016-05-08 23:17:19,True,baseline,0.0007573808229821366
48078,2016-05-08 23:43:15,True,baseline,-0.014923423950524595
48082,2016-05-09 00:01:15,True,baseline,-0.002407059157600682
48079,2016-05-09 00:06:17,True,baseline,0.011111555040689967
48088,2016-05-09 00:40:16,True,baseline,-0.00017112107195362686
48091,2016-05-09 01:00:15,True,baseline,0.0195358389885237
48092,2016-05-09 01:00:16,True,baseline,0.011410673819208288
48094,2016-05-09 01:00:20,True,baseline,0.0012584965970312656
48093,2016-05-09 01:04:18,True,baseline,0.0054070946448024106
48084,2016-05-09 01:14:15,True,baseline,0.0011830296629457906
48098,2016-05-09 01:20:16,True,baseline,-0.013334103416642963
48086,2016-05-09 01:31:16,True,baseline,0.006470883646803996
48100,2016-05-09 01:40:15,True,baseline,0.009316985157006654
48104,2016-05-09 02:00:18,True,baseline,-0.020701277981232766
48105,2016-05-09 02:00:20,True,baseline,-0.008290220343797993
48097,2016-05-09 02:10:15,True,baseline,0.015002832581920521
48111,2016-05-09 03:04:16,True,baseline,-0.004655871373598401
48113,2016-05-09 03:20:15,True,baseline,0.004265294882225795
48115,2016-05-09 03:39:19,True,baseline,-0.0036576713035390467
48119,2016-05-09 04:00:18,True,baseline,0.0021090090328674226
48114,2016-05-09 04:13:15,True,baseline,-0.001378253973920343
48122,2016-05-09 04:57:17,True,baseline,-0.0006655868020593915
48126,2016-05-09 05:04:15,True,baseline,-0.003680852572675636
48121,2016-05-09 05:16:15,True,baseline,-0.0032846641441042594
48139,2016-05-09 05:20:16,True,baseline,0.001383806686566457
48135,2016-05-09 05:36:15,True,baseline,0.0092802420483232
48142,2016-05-09 05:40:15,True,baseline,0.0015343266875037266
48143,2016-05-09 05:47:17,True,baseline,-0.010193665101203706
48147,2016-05-09 06:00:15,True,baseline,0.00022343575305438157
48148,2016-05-09 06:23:20,True,baseline,-0.0372140490788474
48160,2016-05-09 07:05:15,True,baseline,0.0026617151976818126
48153,2016-05-09 07:13:18,True,baseline,-0.002722182214186625
48157,2016-05-09 07:25:16,True,baseline,0.0021761810169602692
48172,2016-05-09 08:25:16,True,baseline,-0.010169964203874438
48175,2016-05-09 08:40:21,True,baseline,0.004677469795799857
48170,2016-05-09 08:41:16,True,baseline,-0.004654810215878984
48171,2016-05-09 08:44:16,True,baseline,0.010720277017052436
48174,2016-05-09 08:55:16,True,baseline,0.002289600210850525
48182,2016-05-09 09:20:20,True,baseline,-0.003140439923951732
48180,2016-05-09 09:28:15,True,baseline,0.00035219581779902427
48192,2016-05-09 10:40:16,True,baseline,-0.015382954989174781
48188,2016-05-09 11:01:16,True,baseline,-0.003471638394701545
48189,2016-05-09 11:01:17,True,baseline,-0.0022095395275628996
48190,2016-05-09 11:04:17,True,baseline,0.0039040672846294283
48200,2016-05-09 11:38:19,True,baseline,-0.002124819106135529
48195,2016-05-09 11:42:17,True,baseline,0.0013287913388560085
48199,2016-05-09 11:55:17,True,baseline,-0.003045207594533866
48208,2016-05-09 12:03:17,True,baseline,-0.00018296163798187624
48213,2016-05-09 12:19:28,True,baseline,-0.005071397941326411
48207,2016-05-09 12:38:17,True,baseline,0.0045959668500655144
48367,2016-05-09 23:40:19,True,baseline,-0.0006660662446474888
48361,2016-05-10 00:01:17,True,baseline,-0.0045980826685116626
48366,2016-05-10 00:09:16,True,baseline,-0.007605288039380964
48374,2016-05-10 00:40:17,True,baseline,0.01196097491516578
48376,2016-05-10 00:40:19,True,baseline,-0.010795243047900575
48382,2016-05-10 01:00:19,True,baseline,0.01564164904152651
48384,2016-05-10 01:42:18,True,baseline,0.01182651296265173
48389,2016-05-10 02:20:17,True,baseline,0.0014544268964473334
48391,2016-05-10 02:20:18,True,baseline,-0.00283511125312492
48399,2016-05-10 03:17:20,True,baseline,-0.018025106572094884
48400,2016-05-10 03:17:20,True,baseline,-0.0001750997059421673
48398,2016-05-10 03:19:18,True,baseline,0.0015634848723849702
48396,2016-05-10 03:27:16,True,baseline,-0.01310023774079509
48402,2016-05-10 03:27:18,True,baseline,0.0006897487347462686
48403,2016-05-10 03:29:18,True,baseline,-0.003435380287759547
48397,2016-05-10 03:48:18,True,baseline,0.006156873069884602
48409,2016-05-10 04:20:19,True,baseline,-0.0011505039823138871
48413,2016-05-10 05:00:26,True,baseline,-0.006029408529652745
48411,2016-05-10 05:01:15,True,baseline,-0.005343639341096794
48414,2016-05-10 05:02:26,True,baseline,-0.007073330227757331
48408,2016-05-10 05:05:16,True,baseline,-0.0015102933623717795
48416,2016-05-10 06:04:16,True,baseline,0.0084396787880348
48423,2016-05-10 06:40:20,True,baseline,0.0001540656117039253
48417,2016-05-10 06:49:17,True,baseline,0.024873144339141284
48427,2016-05-10 07:14:30,True,baseline,0.00234755054945447
48434,2016-05-10 07:20:16,True,baseline,-0.0024564257019445714
48433,2016-05-10 07:25:15,True,baseline,-0.005400932934180037
48426,2016-05-10 07:49:26,True,baseline,0.0059158373484343284
48437,2016-05-10 07:59:15,True,baseline,0.005118933046221789
48449,2016-05-10 08:00:17,True,baseline,-0.0011283459880037858
48448,2016-05-10 08:03:17,True,baseline,-0.00725431125489465
48447,2016-05-10 08:36:16,True,baseline,0.0010859071650311317
48438,2016-05-10 08:38:16,True,baseline,-0.005227231380883639
48456,2016-05-10 09:00:20,True,baseline,-0.0011274128385257483
48457,2016-05-10 09:31:21,True,baseline,-0.000654556802696477
48462,2016-05-10 10:00:21,True,baseline,-0.001257144004503232
48464,2016-05-10 10:20:18,True,baseline,0.0019311574668682448
48466,2016-05-10 10:40:16,True,baseline,0.0029435611113829835
48471,2016-05-10 11:08:15,True,baseline,0.00710829278715897
48472,2016-05-10 11:11:16,True,baseline,0.0001218609575452138
48475,2016-05-10 11:20:14,True,baseline,-0.004201291868801988
48481,2016-05-10 11:40:16,True,baseline,-0.02459976619845388
48482,2016-05-10 11:40:21,True,baseline,-0.012477874039846817
48477,2016-05-10 11:47:19,True,baseline,0.0038770763155207113
48474,2016-05-10 12:04:14,True,baseline,0.009697143452913802
48480,2016-05-10 12:27:16,True,baseline,0.00020712668344494096
48627,2016-05-10 23:44:16,True,baseline,0.0007353447218630053
48640,2016-05-11 00:17:15,True,baseline,0.003989812404206471
48646,2016-05-11 00:20:15,True,baseline,0.0010234679272165276
48633,2016-05-11 00:30:15,True,baseline,0.0005616912242634026
48649,2016-05-11 00:40:15,True,baseline,0.01134732008721494
48650,2016-05-11 01:00:15,True,baseline,0.0061641606728955545
48654,2016-05-11 01:49:18,True,baseline,0.024458755183097078
48656,2016-05-11 02:01:19,True,baseline,0.0007390677341844457
48657,2016-05-11 02:31:16,True,baseline,0.007548843443626763
48663,2016-05-11 03:20:17,True,baseline,-0.00021963664908336176
48662,2016-05-11 03:55:17,True,baseline,-0.005246498625879083
48666,2016-05-11 04:20:19,True,baseline,0.00663646544825941
48774,2016-05-11 15:53:19,True,baseline,0.0009069820183366384
48788,2016-05-11 16:00:17,True,baseline,0.01569937201704793
48789,2016-05-11 16:01:19,True,baseline,-0.007037715469685561
48780,2016-05-11 16:03:16,True,baseline,0.018392894706915075
48790,2016-05-11 16:20:20,True,baseline,-0.0001967713274463929
48781,2016-05-11 16:33:18,True,baseline,-0.021141877729373634
48798,2016-05-11 16:40:15,True,baseline,0.005546650009311194
48802,2016-05-11 17:00:16,True,baseline,-0.0010908289354119288
48805,2016-05-11 17:20:15,True,baseline,-0.00029241551397321867
48815,2016-05-11 18:00:18,True,baseline,0.00167147354040277
48818,2016-05-11 18:20:23,True,baseline,-0.001103536846333839
48810,2016-05-11 18:29:17,True,baseline,0.00010569662588706685
48817,2016-05-11 19:07:17,True,baseline,0.003050504399094121
48827,2016-05-11 19:12:16,True,baseline,-0.007561308967235052
48835,2016-05-11 19:20:22,True,baseline,0.0003950295396089939
48831,2016-05-11 19:41:15,True,baseline,0.007811164222659917
48832,2016-05-11 19:43:16,True,baseline,0.0047400250826461834
48945,2016-05-12 07:22:16,True,baseline,0.002385257686950387
48944,2016-05-12 07:46:15,True,baseline,0.00011432390665956291
48949,2016-05-12 07:55:19,True,baseline,-0.002049047547445809
48953,2016-05-12 08:02:19,True,baseline,0.005846485101531389
48948,2016-05-12 08:25:16,True,baseline,0.006205157496818187
48958,2016-05-12 08:40:15,True,baseline,-0.0037046498354826613
48959,2016-05-12 09:06:16,True,baseline,0.0003824365154557127
48964,2016-05-12 09:14:17,True,baseline,0.002441137712292733
48960,2016-05-12 09:23:18,True,baseline,0.012028949730510885
48968,2016-05-12 10:02:20,True,baseline,0.007441745072320325
48974,2016-05-12 10:20:31,True,baseline,0.005792418616958887
48975,2016-05-12 10:40:22,True,baseline,-4.972576509825605e-05
48976,2016-05-12 10:40:22,True,baseline,0.007089148777352677
48970,2016-05-12 10:49:20,True,baseline,0.008226980852181915
48981,2016-05-12 11:00:16,True,baseline,0.005567228413236633
48982,2016-05-12 11:03:18,True,baseline,-0.0032148469445605257
48972,2016-05-12 11:15:26,True,baseline,0.01769059438244258
48986,2016-05-12 12:04:16,True,baseline,-0.010357242746613409
49140,2016-05-12 23:46:15,True,baseline,0.0032786622732938787
49136,2016-05-12 23:52:16,True,baseline,-0.0027527060999369968
49145,2016-05-13 00:00:19,True,baseline,-0.0028395662408870455
49146,2016-05-13 00:20:16,True,baseline,0.0062420629277588
49147,2016-05-13 00:20:19,True,baseline,-0.0020492163026569355
49150,2016-05-13 00:40:16,True,baseline,-0.013156421428781769
49151,2016-05-13 00:40:20,True,baseline,0.005561565047838304
49153,2016-05-13 00:40:21,True,baseline,0.0023571152017011765
49152,2016-05-13 01:04:20,True,baseline,0.0011314333201098183
49159,2016-05-13 01:06:20,True,baseline,-0.007090810716417588
49158,2016-05-13 01:34:20,True,baseline,0.0007122655176805872
49160,2016-05-13 01:40:21,True,baseline,-0.020876684251296657
49166,2016-05-13 01:52:19,True,baseline,0.0011239834125867584
49167,2016-05-13 01:57:19,True,baseline,-0.0008253612685306319
49171,2016-05-13 02:00:18,True,baseline,-0.0014758123007002424
49172,2016-05-13 02:09:21,True,baseline,0.004141936508114032
49181,2016-05-13 03:40:17,True,baseline,0.004118134672187301
49189,2016-05-13 04:39:20,True,baseline,0.0007522993467397204
49184,2016-05-13 04:42:16,True,baseline,0.002133203326016884
49374,2016-05-13 16:00:19,True,baseline,0.018574609638539952
49375,2016-05-13 16:01:21,True,baseline,-0.0056655302113094
49366,2016-05-13 16:05:17,True,baseline,-0.013850660424680243
49364,2016-05-13 16:20:15,True,baseline,0.0018479325465781916
49381,2016-05-13 16:20:17,True,baseline,0.012439813480301126
49382,2016-05-13 16:20:22,True,baseline,-0.02752019182976606
49380,2016-05-13 16:44:17,True,baseline,0.0010141404518125773
49386,2016-05-13 17:00:16,True,baseline,-0.0020565966735025727
49392,2016-05-13 17:00:17,True,baseline,0.0013785722411698235
49397,2016-05-13 17:20:19,True,baseline,-0.00048174191222080665
49387,2016-05-13 17:23:18,True,baseline,0.007101166360084701
49401,2016-05-13 17:40:17,True,baseline,0.005857634429229621
49402,2016-05-13 17:40:17,True,baseline,-0.000429174760754234
49398,2016-05-13 18:08:19,True,baseline,0.0036040878565996547
49403,2016-05-13 18:08:20,True,baseline,0.0011177031161061896
49413,2016-05-13 19:03:20,True,baseline,0.004347037145286552
49416,2016-05-13 19:10:23,True,baseline,-0.00542745276632748
49415,2016-05-13 19:13:22,True,baseline,0.00260536045434219
49407,2016-05-13 19:25:20,True,baseline,0.004989385011553052
49541,2016-05-14 09:00:21,True,baseline,0.010693592716637286
49543,2016-05-14 09:33:16,True,baseline,-0.007150581038676857
49544,2016-05-14 09:53:17,True,baseline,-0.003992985046296553
49546,2016-05-14 11:07:21,True,baseline,0.0017311482017525748
49618,2016-05-14 22:54:15,True,baseline,-0.012833458954732913
49621,2016-05-14 23:20:20,True,baseline,0.00022883478639615156
49625,2016-05-15 01:31:16,True,baseline,-0.01745359690900868
49630,2016-05-15 02:03:17,True,baseline,-0.00034253901015307054
49641,2016-05-15 04:40:20,True,baseline,-1.526055422668397e-06
49638,2016-05-15 05:01:18,True,baseline,0.002906344541754432
49640,2016-05-15 05:01:19,True,baseline,-0.0024589640410893517
49642,2016-05-15 05:01:25,True,baseline,0.0013268985370071145
49643,2016-05-15 05:01:30,True,baseline,-0.0054807221048715216
49709,2016-05-15 17:00:16,True,baseline,0.001701838859245429
49700,2016-05-15 17:11:16,True,baseline,-0.0008684673778517519
49713,2016-05-15 17:40:17,True,baseline,-0.002635718148812305
49718,2016-05-15 18:20:22,True,baseline,0.005461626017779556
49712,2016-05-15 18:25:17,True,baseline,-0.005065775546383523
49717,2016-05-15 18:49:17,True,baseline,0.01632075258692478
49719,2016-05-15 19:12:22,True,baseline,-0.01358042507175804
49723,2016-05-15 19:40:32,True,baseline,4.504763209496105e-05
49722,2016-05-15 19:41:21,True,baseline,0.0021940885008699534
49725,2016-05-15 20:23:16,True,baseline,-0.011827441122632544
49727,2016-05-15 20:23:16,True,baseline,0.0009159959240855348
49728,2016-05-15 21:00:21,True,baseline,-0.001769448520819233
49729,2016-05-15 21:20:22,True,baseline,0.0037177831659843605
49730,2016-05-15 22:05:21,True,baseline,6.083134279991076e-05
49825,2016-05-16 09:45:17,True,baseline,0.0015966004281160549
49832,2016-05-16 10:03:18,True,baseline,-0.004406286611991678
49830,2016-05-16 10:07:20,True,baseline,0.03746052735680738
49841,2016-05-16 11:01:17,True,baseline,0.0011421374726688603
49849,2016-05-16 11:04:18,True,baseline,0.0017630235853708896
49839,2016-05-16 11:06:24,True,baseline,0.011880817972494045
49840,2016-05-16 11:14:17,True,baseline,-0.04161857374904463
49848,2016-05-16 11:34:17,True,baseline,0.009633922931295155
49853,2016-05-16 12:07:18,True,baseline,0.00017256187726990418
49854,2016-05-16 12:11:23,True,baseline,-0.004376597679865592
49863,2016-05-16 12:20:22,True,baseline,0.014330217531276777
49867,2016-05-16 12:40:20,True,baseline,-0.013485770278952147
49862,2016-05-16 12:57:21,True,baseline,1.1679224006980182e-05
49872,2016-05-16 13:00:16,True,baseline,-0.002077426091235144
49873,2016-05-16 13:00:19,True,baseline,0.01294444338899714
49874,2016-05-16 13:00:19,True,baseline,-0.008321353548108226
49875,2016-05-16 13:00:22,True,baseline,-0.008129099014849147
49884,2016-05-16 13:20:17,True,baseline,0.003367149586408699
49876,2016-05-16 13:23:22,True,baseline,0.005891369185832112
49881,2016-05-16 13:34:16,True,baseline,-0.0036330323498413725
49868,2016-05-16 13:35:21,True,baseline,-0.005057059303792157
49883,2016-05-16 13:43:17,True,baseline,-0.00666519536556801
49891,2016-05-16 13:49:18,True,baseline,-0.004357338223292382
49882,2016-05-16 14:09:16,True,baseline,0.008107891051935018
49900,2016-05-16 14:38:22,True,baseline,0.0031558920720478577
49915,2016-05-16 14:40:18,True,baseline,-0.002821281213526327
49912,2016-05-16 14:45:16,True,baseline,0.001191907292587329
49898,2016-05-16 14:46:16,True,baseline,0.00013941984915445208
49907,2016-05-16 14:50:21,True,baseline,-0.0023872270284193576
49913,2016-05-16 14:55:16,True,baseline,-0.002814607419623005
49914,2016-05-16 15:05:16,True,baseline,0.002190797397496666
49916,2016-05-16 15:16:18,True,baseline,0.0006214873865106585
49917,2016-05-16 15:16:21,True,baseline,0.006611306529331437
49928,2016-05-16 15:27:16,True,baseline,-0.0025517827800296605
49922,2016-05-16 15:40:18,True,baseline,-0.005293443879383091
49939,2016-05-16 16:31:16,True,baseline,-0.01711451068051123
49947,2016-05-16 17:00:19,True,baseline,-0.008499402895248219
49943,2016-05-16 17:19:16,True,baseline,-0.0006963337426229774
49951,2016-05-16 17:20:22,True,baseline,0.02614141479053933
49950,2016-05-16 17:37:16,True,baseline,0.0063684327169518246
49955,2016-05-16 17:40:17,True,baseline,0.02247473299572723
50066,2016-05-17 05:20:19,True,baseline,0.005501123895778143
50065,2016-05-17 05:27:16,True,baseline,-0.01420053894432903
50068,2016-05-17 05:40:17,True,baseline,-0.0006522661845291921
50070,2016-05-17 06:00:16,True,baseline,-0.0011264288555560124
50071,2016-05-17 06:27:17,True,baseline,-0.0011682519713345114
50075,2016-05-17 06:43:20,True,baseline,-0.0027797534003987266
50076,2016-05-17 07:00:16,True,baseline,-0.00683434920819055
50079,2016-05-17 07:03:17,True,baseline,-0.005086519285685943
50082,2016-05-17 07:41:16,True,baseline,-0.0076758633835246545
50080,2016-05-17 07:56:18,True,baseline,0.02659475593865447
50087,2016-05-17 08:01:21,True,baseline,0.004975720851918122
50094,2016-05-17 09:10:20,True,baseline,4.5451344529715476e-05
50100,2016-05-17 09:20:16,True,baseline,-0.00332745091966658
50093,2016-05-17 09:27:19,True,baseline,-7.194690486243957e-05
50106,2016-05-17 09:40:23,True,baseline,0.005579802873693258
50112,2016-05-17 10:00:19,True,baseline,0.000429981401812966
50111,2016-05-17 10:20:17,True,baseline,0.0009651952259637663
50110,2016-05-17 10:35:17,True,baseline,-0.0026763444617147088
50121,2016-05-17 11:00:17,True,baseline,-0.015093241555551067
50124,2016-05-17 11:20:22,True,baseline,5.347033302185517e-05
50123,2016-05-17 12:01:18,True,baseline,0.0032223588367974974
50266,2016-05-17 23:18:18,True,baseline,0.0005112730656127735
50270,2016-05-17 23:20:19,True,baseline,-0.011864752158012134
50269,2016-05-17 23:24:16,True,baseline,-0.005938111664114447
50275,2016-05-17 23:40:18,True,baseline,-0.004525748600834337
50272,2016-05-17 23:42:20,True,baseline,0.009155482550878096
50271,2016-05-17 23:47:18,True,baseline,-0.0009589189340526195
50274,2016-05-17 23:48:18,True,baseline,0.0035659391392708403
50282,2016-05-18 00:20:17,True,baseline,-1.7538365971879463e-05
50281,2016-05-18 01:04:17,True,baseline,0.011855378364514117
50291,2016-05-18 01:13:16,True,baseline,-0.0031360785886749808
50299,2016-05-18 01:32:19,True,baseline,-0.019307601684612465
50295,2016-05-18 01:38:20,True,baseline,-0.01521011742466354
50304,2016-05-18 01:41:17,True,baseline,-0.0014622752750266914
50310,2016-05-18 02:20:20,True,baseline,-0.0006843295620116937
50309,2016-05-18 02:23:19,True,baseline,0.00636827930189221
50307,2016-05-18 02:24:17,True,baseline,-0.013904431311711239
50312,2016-05-18 02:40:21,True,baseline,-0.0018835293297578826
50308,2016-05-18 02:49:20,True,baseline,0.008689247351918037
50315,2016-05-18 03:53:18,True,baseline,-0.011973007970036285
50318,2016-05-18 04:33:22,True,baseline,0.006055663742395589
50400,2016-05-20 14:00:04,True,baseline,0.0037925973428039224
50423,2016-05-20 14:00:06,True,baseline,-0.0016932658229336728
50437,2016-05-20 14:00:08,True,baseline,0.009016159072527914
50450,2016-05-20 14:00:09,True,baseline,0.0006873066278031202
50414,2016-05-20 14:03:05,True,baseline,0.007469609041017328
50605,2016-05-20 14:20:09,True,baseline,-0.002161692761758054
50601,2016-05-20 14:45:04,True,baseline,-0.007634942768691614
50627,2016-05-20 15:00:10,True,baseline,-0.0033557739701724626
50636,2016-05-20 15:22:06,True,baseline,0.002059087397918516
50639,2016-05-20 15:31:09,True,baseline,-0.007926268976008639
50651,2016-05-20 15:40:09,True,baseline,0.016560740654222972
50663,2016-05-20 16:10:07,True,baseline,0.009122809800293272
50673,2016-05-20 16:20:10,True,baseline,-0.024029798213332697
50672,2016-05-20 16:25:09,True,baseline,0.0037194584483919366
50671,2016-05-20 16:41:06,True,baseline,-0.0019475122118750672
50664,2016-05-20 16:54:09,True,baseline,-0.004211639774997996
50697,2016-05-20 17:40:04,True,baseline,0.0006421432834244142
50690,2016-05-20 18:00:07,True,baseline,0.00038467137962389016
50699,2016-05-20 18:03:08,True,baseline,0.012102895038910419
50698,2016-05-20 18:11:05,True,baseline,-0.0005755052389055664
50691,2016-05-20 18:12:08,True,baseline,-0.006690454075167732
50705,2016-05-20 18:28:05,True,baseline,0.01068569639652469
50707,2016-05-20 18:36:04,True,baseline,-0.0046289722191898
50710,2016-05-20 18:40:06,True,baseline,0.007367524963380544
50709,2016-05-20 19:07:04,True,baseline,-0.0002790569342121683
50719,2016-05-20 19:40:05,True,baseline,0.0011419356798573962
50721,2016-05-20 19:50:10,True,baseline,0.005608869678457584
50718,2016-05-20 19:55:06,True,baseline,-0.013951484261367185
50729,2016-05-20 20:20:05,True,baseline,-0.0005871847994012164
50731,2016-05-20 20:24:10,True,baseline,0.01002476397537706
50738,2016-05-20 21:00:04,True,baseline,-0.002823505864856102
50733,2016-05-20 21:15:11,True,baseline,-0.002305236542763758
50737,2016-05-20 21:29:04,True,baseline,-0.017628219689773877
50743,2016-05-20 22:26:05,True,baseline,0.009701457914179486
50750,2016-05-20 22:40:08,True,baseline,-0.0031966365190516308
50749,2016-05-20 22:43:05,True,baseline,-0.013256494960886968
50745,2016-05-20 22:56:11,True,baseline,0.0014323211240849683
50753,2016-05-20 23:00:09,True,baseline,-0.0306458796492975
50752,2016-05-20 23:12:04,True,baseline,0.007926666239152783
50759,2016-05-21 00:22:06,True,baseline,-0.0019352629615758663
50763,2016-05-21 01:36:04,True,baseline,-0.017568803397353124
50765,2016-05-21 01:50:04,True,baseline,-0.0018312583704739975
50773,2016-05-21 02:20:03,True,baseline,0.0023643939299697993
50779,2016-05-21 03:20:06,True,baseline,0.0020719412637666707
50790,2016-05-21 07:19:04,True,baseline,-0.0009394646616521646
50881,2016-05-21 19:00:04,True,baseline,0.0013513347281339971
50875,2016-05-21 19:09:05,True,baseline,-0.001994548016452151
50884,2016-05-21 19:37:04,True,baseline,0.0003120278576940547
50885,2016-05-21 19:50:05,True,baseline,-0.009316618100732005
50888,2016-05-21 20:32:07,True,baseline,-0.0008808261828317579
50889,2016-05-21 20:37:07,True,baseline,-0.00023102673637688913
50890,2016-05-21 20:43:06,True,baseline,-0.005868841936198362
50893,2016-05-21 21:40:05,True,baseline,0.0036878986972575314
50895,2016-05-21 22:10:06,True,baseline,-0.0003414583106449709
50897,2016-05-21 23:04:06,True,baseline,0.00043366680473571093
50901,2016-05-21 23:20:08,True,baseline,-0.0003288570501194035
50912,2016-05-22 01:43:09,True,baseline,-0.004384164087102932
50915,2016-05-22 02:18:08,True,baseline,-0.0026898720659896333
50958,2016-05-22 14:54:05,True,baseline,-0.008555299607629983
50964,2016-05-22 15:03:09,True,baseline,-0.0027745416214482984
50959,2016-05-22 15:05:10,True,baseline,-0.0022366716191417222
50963,2016-05-22 15:06:05,True,baseline,-0.005224501945804573
50969,2016-05-22 15:13:07,True,baseline,-0.0017969816760825784
50971,2016-05-22 15:20:04,True,baseline,0.00012973500287601233
50972,2016-05-22 15:20:04,True,baseline,0.0014345984298523226
50977,2016-05-22 17:01:04,True,baseline,-0.00036246976838615145
50978,2016-05-22 17:08:04,True,baseline,-0.004638590791629468
50983,2016-05-22 17:10:06,True,baseline,0.004273385116058938
50979,2016-05-22 17:19:08,True,baseline,0.005575780549456694
50998,2016-05-22 19:01:06,True,baseline,-0.0001025618623555569
50996,2016-05-22 19:26:04,True,baseline,-0.009111873200421622
50999,2016-05-22 20:02:04,True,baseline,-0.0005154920395967818
51008,2016-05-22 20:10:09,True,baseline,-0.0021742081433706907
51007,2016-05-22 20:59:07,True,baseline,0.005394454179396213
51017,2016-05-22 21:52:08,True,baseline,-0.0031658377193694532
51019,2016-05-22 22:06:04,True,baseline,0.001133844369324153
51023,2016-05-22 22:16:09,True,baseline,-0.0012040449542040474
51124,2016-05-23 09:39:05,True,baseline,-0.000777009260683914
51129,2016-05-23 09:56:06,True,baseline,-0.005503664282599657
51130,2016-05-23 09:56:10,True,baseline,0.0004054284963677671
51133,2016-05-23 10:07:08,True,baseline,0.002340694781199918
51128,2016-05-23 10:13:05,True,baseline,-0.009155068920551228
51134,2016-05-23 10:20:10,True,baseline,0.00121447085947839
51136,2016-05-23 10:47:04,True,baseline,0.001973884785973934
51140,2016-05-23 11:00:04,True,baseline,-0.008852939874955664
51148,2016-05-23 11:00:05,True,baseline,-0.005673172541747561
51144,2016-05-23 11:04:09,True,baseline,-0.0003048703328069509
51143,2016-05-23 11:17:08,True,baseline,0.0011201704927965418
51142,2016-05-23 11:19:04,True,baseline,-0.003636461094533387
51141,2016-05-23 11:20:04,True,baseline,6.690302962613281e-06
51154,2016-05-23 11:40:08,True,baseline,-0.0015391543613053433
51147,2016-05-23 11:56:04,True,baseline,-0.0015878132178758653
51151,2016-05-23 12:07:08,True,baseline,0.0006803842808164305
51177,2016-05-23 13:00:05,True,baseline,-0.00042923736908739445
51165,2016-05-23 13:05:07,True,baseline,-0.0012370446030293655
51171,2016-05-23 13:14:09,True,baseline,-0.009243769733740012
51182,2016-05-23 13:20:08,True,baseline,0.0014907131611074115
51176,2016-05-23 13:32:05,True,baseline,0.007287971529434622
51175,2016-05-23 13:39:04,True,baseline,-0.006135762807501747
51178,2016-05-23 13:40:05,True,baseline,-0.005214981466523171
51191,2016-05-23 13:40:10,True,baseline,0.00667254358866096
51190,2016-05-23 13:44:09,True,baseline,-0.005709926005579926
51189,2016-05-23 14:08:05,True,baseline,-0.0032241502344421934
51188,2016-05-23 14:23:04,True,baseline,-0.001526864423381239
51204,2016-05-23 14:40:10,True,baseline,-0.0011349501260213967
51200,2016-05-23 14:59:05,True,baseline,-0.012453809501355051
51202,2016-05-23 15:06:07,True,baseline,-0.0021464237426571165
51201,2016-05-23 15:11:06,True,baseline,-0.0026539790672060366
51210,2016-05-23 15:20:11,True,baseline,-0.009465408787186661
51203,2016-05-23 15:30:10,True,baseline,0.003599940752470915
51214,2016-05-23 15:40:11,True,baseline,0.0033166910677222793
51209,2016-05-23 15:47:09,True,baseline,-0.002459312675777916
51208,2016-05-23 15:58:06,True,baseline,-0.0013126781308173908
51220,2016-05-23 16:00:09,True,baseline,-0.006232865394378697
51224,2016-05-23 16:20:04,True,baseline,0.000146968411399974
51225,2016-05-23 16:20:07,True,baseline,-0.005118781091617137
51226,2016-05-23 16:37:11,True,baseline,-0.001986126725333098
51231,2016-05-23 16:40:05,True,baseline,0.004921022720526109
51230,2016-05-23 17:03:05,True,baseline,0.007020006701353405
51253,2016-05-23 17:21:09,True,baseline,-0.002065989639598878
51252,2016-05-23 17:49:08,True,baseline,-0.007074549852308766
51363,2016-05-24 04:43:06,True,baseline,-0.0008713266742938763
51369,2016-05-24 06:16:07,True,baseline,0.0024107745107651117
51377,2016-05-24 06:40:07,True,baseline,-0.0055432585348646965
51378,2016-05-24 06:59:08,True,baseline,-0.0017347626972308888
51382,2016-05-24 07:00:10,True,baseline,-0.01731796656078697
51375,2016-05-24 07:02:04,True,baseline,-0.01756822286054061
51383,2016-05-24 07:18:14,True,baseline,0.01343731459696157
51376,2016-05-24 07:28:05,True,baseline,-0.004299269056806024
51388,2016-05-24 08:15:05,True,baseline,-0.006893486321186516
51392,2016-05-24 08:16:06,True,baseline,0.000554905220001933
51387,2016-05-24 08:24:04,True,baseline,0.0061161162970774785
51389,2016-05-24 08:31:05,True,baseline,0.015115770624845336
51397,2016-05-24 08:42:05,True,baseline,-0.008887227878290656
51401,2016-05-24 08:49:06,True,baseline,0.0003434445967140644
51403,2016-05-24 09:20:06,True,baseline,0.0009307722870150829
51410,2016-05-24 10:02:07,True,baseline,0.03121510313269688
51404,2016-05-24 10:02:09,True,baseline,0.05690237002360517
51408,2016-05-24 10:03:09,True,baseline,-0.00027467427467059435
51407,2016-05-24 10:05:09,True,baseline,-0.003613088348392038
51402,2016-05-24 10:16:06,True,baseline,-0.0010405686724235252
51416,2016-05-24 10:20:07,True,baseline,0.010520206958504254
51411,2016-05-24 10:34:09,True,baseline,0.005550349688475945
51420,2016-05-24 10:40:06,True,baseline,0.014299956960774012
51409,2016-05-24 10:43:05,True,baseline,-0.00026015796133015503
51415,2016-05-24 10:59:05,True,baseline,0.004162437261158246
51580,2016-05-24 22:03:08,True,baseline,-0.012773314057636494
51577,2016-05-24 22:16:06,True,baseline,-0.002515284783467697
51585,2016-05-24 23:03:04,True,baseline,0.0028800187354358422
51594,2016-05-24 23:20:09,True,baseline,0.003593569986891511
51593,2016-05-24 23:44:04,True,baseline,-0.005958128875285653
51592,2016-05-24 23:59:04,True,baseline,0.0001796038315113463
51596,2016-05-25 00:05:07,True,baseline,0.0077887582072754535
51600,2016-05-25 00:38:09,True,baseline,0.0014804436996295237
51599,2016-05-25 00:45:08,True,baseline,-0.018300962011127856
51608,2016-05-25 01:00:09,True,baseline,-0.0003203341529597601
51605,2016-05-25 01:04:07,True,baseline,-0.006295286814085345
51613,2016-05-25 02:00:07,True,baseline,-0.014671694453835534
51621,2016-05-25 02:40:08,True,baseline,0.010953075586909916
51620,2016-05-25 03:17:07,True,baseline,-0.00048646187158631087
51623,2016-05-25 03:40:06,True,baseline,-0.0007340565967831123
51789,2016-05-25 14:32:07,True,baseline,0.005413951948659444
51796,2016-05-25 14:40:06,True,baseline,-0.009543776827271538
51788,2016-05-25 14:54:06,True,baseline,0.0010828015516742028
51801,2016-05-25 15:00:10,True,baseline,0.00022883656565073724
51802,2016-05-25 15:00:10,True,baseline,-0.0029587918544081403
51792,2016-05-25 15:04:05,True,baseline,-0.002407864986478712
51807,2016-05-25 15:58:05,True,baseline,-0.00028951400211100174
51830,2016-05-25 16:40:06,True,baseline,0.0012006706147220207
51831,2016-05-25 16:42:09,True,baseline,0.002879635911868614
51824,2016-05-25 17:01:10,True,baseline,0.0012362510294139277
51838,2016-05-25 17:05:05,True,baseline,3.9684335084618915e-05
51846,2016-05-25 17:20:06,True,baseline,-0.0025932187988486595
51848,2016-05-25 17:28:11,True,baseline,-0.0011570386918801356
51855,2016-05-25 18:25:05,True,baseline,0.017675437339443836
51958,2016-05-26 05:42:04,True,baseline,0.0007060369541972702
51961,2016-05-26 05:45:04,True,baseline,-0.008721432435974074
51969,2016-05-26 06:00:05,True,baseline,-0.0029773419027308637
51960,2016-05-26 06:05:07,True,baseline,-0.0002500031946948665
51972,2016-05-26 06:20:05,True,baseline,0.015759438405902985
51975,2016-05-26 07:22:06,True,baseline,-0.004348690797959739
51977,2016-05-26 07:38:04,True,baseline,-0.00017529118827505185
51979,2016-05-26 07:40:05,True,baseline,0.008044629532695696
51985,2016-05-26 08:00:05,True,baseline,0.003453920206687274
51984,2016-05-26 08:16:04,True,baseline,0.0019341765674636899
51990,2016-05-26 09:00:04,True,baseline,-0.003575483991235454
51991,2016-05-26 09:00:05,True,baseline,0.0009553348103138667
51994,2016-05-26 09:00:07,True,baseline,0.007119132538577487
51989,2016-05-26 09:14:10,True,baseline,-0.00014938283181110463
51998,2016-05-26 09:20:06,True,baseline,-3.6538553776575806e-05
52000,2016-05-26 09:29:08,True,baseline,-0.011815287088206975
51992,2016-05-26 09:32:05,True,baseline,0.0008437014259020395
51999,2016-05-26 09:33:06,True,baseline,0.005491992074294523
51996,2016-05-26 09:35:10,True,baseline,-0.011720836912244605
51993,2016-05-26 09:44:05,True,baseline,-0.0007718696354318391
52160,2016-05-26 21:05:06,True,baseline,-0.0033731507915369585
52161,2016-05-26 21:21:10,True,baseline,0.0004092779178116872
52159,2016-05-26 21:41:05,True,baseline,4.672614054278268e-05
52166,2016-05-26 21:46:09,True,baseline,-0.0002476897622916504
52164,2016-05-26 22:06:05,True,baseline,0.00026350134502072745
52175,2016-05-26 22:20:06,True,baseline,0.0008349606922692047
52183,2016-05-26 23:22:09,True,baseline,0.0002447284805732683
52182,2016-05-26 23:26:07,True,baseline,0.0019109611745575725
52187,2016-05-27 00:24:04,True,baseline,0.006682508091526792
52193,2016-05-27 01:00:05,True,baseline,-0.0019731988791337196
52194,2016-05-27 01:00:06,True,baseline,-0.006924079441745792
52195,2016-05-27 01:03:10,True,baseline,-0.01527935056588775
52310,2016-05-27 12:40:21,True,baseline,-0.006010396079142728
52300,2016-05-27 12:46:05,True,baseline,-0.005227680370338664
52302,2016-05-27 12:51:07,True,baseline,0.001330707270475285
52304,2016-05-27 12:54:10,True,baseline,0.005061468483494532
52309,2016-05-27 12:56:15,True,baseline,0.0023679006187315027
52303,2016-05-27 13:01:10,True,baseline,-0.0015694949945304904
52322,2016-05-27 13:20:11,True,baseline,-0.00018095242505336215
52318,2016-05-27 13:26:11,True,baseline,0.0011300948510241755
52308,2016-05-27 13:32:15,True,baseline,-0.0010831696803275496
52314,2016-05-27 13:36:05,True,baseline,-0.00029203500159845873
52321,2016-05-27 13:36:06,True,baseline,0.0075097494267329055
52330,2016-05-27 13:40:05,True,baseline,-0.001014966730538136
52332,2016-05-27 13:40:12,True,baseline,-0.004685755858121686
52333,2016-05-27 13:40:12,True,baseline,0.00892364370867911
52317,2016-05-27 13:42:10,True,baseline,-1.853638115895431e-05
52316,2016-05-27 13:47:08,True,baseline,-0.0019083989454456076
52329,2016-05-27 13:51:05,True,baseline,-0.00267012338887069
52341,2016-05-27 14:00:10,True,baseline,0.014803405345868496
52320,2016-05-27 14:07:05,True,baseline,-0.005082639860392937
52340,2016-05-27 14:20:07,True,baseline,-2.7655419558533442e-05
52344,2016-05-27 14:20:07,True,baseline,0.0021074116442072613
52347,2016-05-27 14:20:10,True,baseline,0.0038678028046988493
52351,2016-05-27 14:40:10,True,baseline,0.0003138837915657475
52354,2016-05-27 15:00:10,True,baseline,1.954858172832475e-05
52345,2016-05-27 15:15:08,True,baseline,0.0009018558687611117
52350,2016-05-27 15:36:06,True,baseline,-0.008838757575511447
52357,2016-05-27 15:58:14,True,baseline,0.001001765464770958
52360,2016-05-27 16:04:08,True,baseline,-0.022606974356563274
52466,2016-05-28 04:43:07,True,baseline,0.0007200559855530531
52472,2016-05-28 06:11:07,True,baseline,-0.007380562786992049
52484,2016-05-28 07:00:05,True,baseline,-0.000840721511922108
52480,2016-05-28 07:07:05,True,baseline,-0.007541162669608123
52483,2016-05-28 07:37:05,True,baseline,-0.031241538692886248
52540,2016-05-28 22:08:06,True,baseline,0.009879164088145764
52544,2016-05-28 23:00:08,True,baseline,-0.0005354177152332006
52541,2016-05-28 23:01:05,True,baseline,-0.003715709693942885
52546,2016-05-28 23:20:05,True,baseline,-0.00017234291484663063
52549,2016-05-29 00:13:09,True,baseline,0.0072553137761317
52550,2016-05-29 00:35:05,True,baseline,-0.0017547782999148066
52551,2016-05-29 01:09:12,True,baseline,-0.023820534281846863
52555,2016-05-29 01:21:06,True,baseline,-0.002094900674459727
52558,2016-05-29 01:58:08,True,baseline,-1.2573329359754154e-05
52557,2016-05-29 02:25:05,True,baseline,-0.0005705488440082104
52561,2016-05-29 03:11:06,True,baseline,3.4150497738828604e-05
52565,2016-05-29 03:20:09,True,baseline,0.005067127816991385
52627,2016-05-29 16:26:05,True,baseline,-0.005495108677601176
52636,2016-05-29 16:40:05,True,baseline,-0.00013560744720790552
52641,2016-05-29 17:00:07,True,baseline,-6.278879581680632e-05
52642,2016-05-29 17:00:09,True,baseline,0.0009168070047740138
52632,2016-05-29 17:04:05,True,baseline,0.0031715886778206706
52645,2016-05-29 17:20:07,True,baseline,-0.002921494653245326
52653,2016-05-29 18:02:07,True,baseline,-9.553107234657262e-06
52650,2016-05-29 18:08:05,True,baseline,0.0015957344187985095
52659,2016-05-29 18:20:10,True,baseline,0.006385738000931847
52651,2016-05-29 18:29:05,True,baseline,0.011775302108254497
52655,2016-05-29 18:31:05,True,baseline,0.00042170944354190273
52661,2016-05-29 19:25:05,True,baseline,0.00904604799762161
52664,2016-05-29 19:59:06,True,baseline,0.0004686428270825631
52667,2016-05-29 20:00:11,True,baseline,-0.006164051354393709
52663,2016-05-29 20:01:05,True,baseline,0.00427516206375125
52675,2016-05-29 22:00:09,True,baseline,-0.0019186769965956441
52673,2016-05-29 22:16:10,True,baseline,0.008160095256814808
52674,2016-05-29 22:46:06,True,baseline,-0.0032324789925766463
52785,2016-05-30 10:02:08,True,baseline,-0.01141764913322005
52783,2016-05-30 10:11:06,True,baseline,-0.015139442202471005
52784,2016-05-30 10:11:07,True,baseline,-0.005330925688151527
52782,2016-05-30 10:16:06,True,baseline,-0.0018674067213888205
52789,2016-05-30 10:20:07,True,baseline,0.01166511588322169
52787,2016-05-30 10:23:06,True,baseline,0.0005967808939159845
52791,2016-05-30 10:23:08,True,baseline,0.00954274837200925
52795,2016-05-30 10:40:06,True,baseline,-0.0018916765554841473
52794,2016-05-30 10:41:05,True,baseline,-0.008649008471559057
52797,2016-05-30 11:00:05,True,baseline,0.0003345244849664482
52790,2016-05-30 11:08:07,True,baseline,-0.005831692505590749
52800,2016-05-30 11:20:09,True,baseline,0.007952616608403094
52796,2016-05-30 11:23:07,True,baseline,-0.0025699656893400195
52798,2016-05-30 11:42:07,True,baseline,0.0021040363158941477
52804,2016-05-30 12:08:06,True,baseline,-0.0005842842284441173
52805,2016-05-30 12:22:08,True,baseline,0.0025560277281585497
52809,2016-05-30 12:41:08,True,baseline,-0.006473420716688577
52815,2016-05-30 12:49:06,True,baseline,0.0023416977735710685
52817,2016-05-30 12:56:07,True,baseline,-0.005071427702754186
52813,2016-05-30 13:00:05,True,baseline,-0.0002819716367140376
52820,2016-05-30 13:09:09,True,baseline,-0.004825035356160706
52822,2016-05-30 13:20:08,True,baseline,-0.010366853036860699
52828,2016-05-30 13:45:10,True,baseline,0.012599316043641872
52832,2016-05-30 14:00:08,True,baseline,-0.0008652485472035576
52826,2016-05-30 14:01:08,True,baseline,0.010353986783028138
52827,2016-05-30 14:03:10,True,baseline,0.0009520534644756199
52825,2016-05-30 14:17:06,True,baseline,0.0009896669360568607
52833,2016-05-30 14:39:08,True,baseline,-0.0036560847953664094
52838,2016-05-30 14:45:06,True,baseline,0.0010174270485883304
52846,2016-05-30 15:00:09,True,baseline,-0.004025078309248824
52847,2016-05-30 15:00:11,True,baseline,0.013146713174794404
52848,2016-05-30 15:00:11,True,baseline,0.002406723531180795
52839,2016-05-30 15:04:07,True,baseline,-0.0007849873741103911
52840,2016-05-30 15:08:09,True,baseline,-0.0030062471499633925
52845,2016-05-30 15:13:05,True,baseline,-0.012735854869272655
52843,2016-05-30 15:17:06,True,baseline,-0.006592634174803271
52841,2016-05-30 15:17:10,True,baseline,-0.01296714390853762
52860,2016-05-30 15:42:07,True,baseline,-0.006336064145808486
52854,2016-05-30 15:43:09,True,baseline,-0.0012398470011506391
52856,2016-05-30 16:01:05,True,baseline,-0.018639729173194217
52864,2016-05-30 16:20:06,True,baseline,-0.001542306381003865
52865,2016-05-30 16:20:11,True,baseline,-0.012955292729398448
52875,2016-05-30 17:00:06,True,baseline,0.001963910226215605
52876,2016-05-30 17:14:07,True,baseline,-0.0021513326111385215
52885,2016-05-30 17:20:05,True,baseline,-0.0011179773858981668
52874,2016-05-30 17:32:05,True,baseline,0.0012308971568191981
52878,2016-05-30 17:32:11,True,baseline,-0.004252085254493561
52883,2016-05-30 17:37:05,True,baseline,0.0036091375071864006
52889,2016-05-30 18:20:06,True,baseline,-0.003623029875046941
52905,2016-05-30 18:40:08,True,baseline,0.0013289824458584893
52906,2016-05-30 18:40:08,True,baseline,-0.012769990148637105
52899,2016-05-30 19:14:09,True,baseline,-0.0009743275333232958
53023,2016-05-31 06:32:06,True,baseline,-0.020403549287993886
53019,2016-05-31 06:32:07,True,baseline,-0.011002174735359926
53026,2016-05-31 06:38:07,True,baseline,0.002459639232088962
53030,2016-05-31 06:40:05,True,baseline,-0.006918247135327585
53031,2016-05-31 06:40:06,True,baseline,-0.01597446009134348
53033,2016-05-31 07:20:07,True,baseline,0.007545924206581163
53038,2016-05-31 07:40:05,True,baseline,0.009589384177434851
53034,2016-05-31 07:41:08,True,baseline,0.0005020019855402618
53041,2016-05-31 08:01:08,True,baseline,-0.006768270703883635
53039,2016-05-31 08:05:06,True,baseline,0.0038331633869948395
53049,2016-05-31 08:41:20,True,baseline,0.0008806883565154362
53043,2016-05-31 08:51:06,True,baseline,-0.005893341227105937
53058,2016-05-31 09:40:07,True,baseline,-0.003321713856289144
53052,2016-05-31 09:49:09,True,baseline,0.008763974247927644
53055,2016-05-31 10:05:10,True,baseline,-0.0019554271879389383
53065,2016-05-31 10:23:06,True,baseline,0.00476538105797894
53071,2016-05-31 10:34:08,True,baseline,0.001137997907576905
53070,2016-05-31 10:38:07,True,baseline,0.006441700568191629
53077,2016-05-31 10:40:10,True,baseline,-0.0003431810472475755
53080,2016-05-31 11:00:05,True,baseline,0.02505136024384058
53081,2016-05-31 11:00:05,True,baseline,-0.001664115708473046
53082,2016-05-31 11:00:09,True,baseline,0.002088014124296387
53279,2016-05-31 23:40:10,True,baseline,-4.6080436416108105e-05
53274,2016-06-01 00:00:08,True,baseline,0.0013221826328558995
53275,2016-06-01 00:00:10,True,baseline,0.032729037605292305
53285,2016-06-01 00:20:06,True,baseline,0.0020667211600572696
53277,2016-06-01 00:21:07,True,baseline,0.0009861765415885224
53301,2016-06-01 01:00:07,True,baseline,-1.8345364805423013e-05
53304,2016-06-01 01:20:10,True,baseline,-0.0029195644116969503
53293,2016-06-01 01:31:09,True,baseline,0.006696023084813618
53308,2016-06-01 01:40:07,True,baseline,-0.0005984471133168779
53313,2016-06-01 02:00:06,True,baseline,-0.014716342937269637
53307,2016-06-01 02:31:07,True,baseline,-0.004886377551804437
53309,2016-06-01 02:38:09,True,baseline,-0.000907493504205728
53314,2016-06-01 02:52:08,True,baseline,0.0027515674219067182
53317,2016-06-01 02:57:07,True,baseline,-0.003572868103052053
53322,2016-06-01 03:02:16,True,baseline,-0.00019736900035418562
53316,2016-06-01 03:08:06,True,baseline,-0.010840980151123818
53333,2016-06-01 03:25:06,True,baseline,0.003751710741149086
53329,2016-06-01 03:26:08,True,baseline,0.0032663584780720915
53328,2016-06-01 03:39:07,True,baseline,-0.0029494687813601543
53332,2016-06-01 04:04:05,True,baseline,-0.0002672896314809517
53337,2016-06-01 04:12:06,True,baseline,0.009757376407753694
53688,2016-06-02 05:31:06,True,baseline,-0.004192347796597447
53690,2016-06-02 06:09:09,True,baseline,-0.0011584879397579743
53699,2016-06-02 06:53:11,True,baseline,-0.0021407359965365403
53710,2016-06-02 08:00:06,True,baseline,0.0028424381989196855
53720,2016-06-02 09:00:07,True,baseline,0.0022181623855801087
53721,2016-06-02 09:10:07,True,baseline,0.0023317069230861763
53875,2016-06-02 22:08:08,True,baseline,0.0004150476579546611
53878,2016-06-02 22:40:08,True,baseline,-0.00043914054640525543
53879,2016-06-02 22:40:09,True,baseline,0.000867588897470161
53876,2016-06-02 22:58:06,True,baseline,0.00116231919488851
53880,2016-06-02 23:00:07,True,baseline,0.0031991470370921933
53887,2016-06-02 23:40:08,True,baseline,0.0023877466826827
53886,2016-06-02 23:45:06,True,baseline,0.06659479862075662
53884,2016-06-02 23:55:06,True,baseline,-0.00032185601468410737
54009,2016-06-03 12:00:06,True,baseline,-0.006544742534209247
54013,2016-06-03 12:20:07,True,baseline,-0.005959204380586787
54003,2016-06-03 12:23:07,True,baseline,0.006450566733651717
54019,2016-06-03 13:00:07,True,baseline,-0.0017996196760193157
54016,2016-06-03 13:12:08,True,baseline,0.002520478187160946
54018,2016-06-03 13:41:06,True,baseline,-0.011973289091869222
54029,2016-06-03 13:44:09,True,baseline,-0.0013931637561333684
54026,2016-06-03 13:45:07,True,baseline,0.0014620330854711787
54028,2016-06-03 13:56:09,True,baseline,0.004158602107228101
54032,2016-06-03 14:06:06,True,baseline,0.0020866926160509197
54040,2016-06-03 14:20:06,True,baseline,3.848986036921316e-05
54033,2016-06-03 14:39:08,True,baseline,-0.00036823870287231385
54041,2016-06-03 14:47:08,True,baseline,0.013545233827459513
54051,2016-06-03 15:00:12,True,baseline,-0.0030636725737893736
54049,2016-06-03 15:06:06,True,baseline,-0.0005155408085256723
54047,2016-06-03 15:10:08,True,baseline,-0.002706046388624833
54046,2016-06-03 15:16:07,True,baseline,0.002035885702871784
54050,2016-06-03 15:36:06,True,baseline,-0.011891387729609623
54189,2016-06-04 03:05:07,True,baseline,0.0009228800983770965
54190,2016-06-04 03:22:11,True,baseline,0.003764898236779301
54196,2016-06-04 05:07:24,True,baseline,-0.0009392688184137292
54199,2016-06-04 06:14:11,True,baseline,1.0760615346260341e-05
54201,2016-06-04 06:54:09,True,baseline,-0.008999968307040342
54204,2016-06-04 08:15:10,True,baseline,-8.141407142972042e-05
54266,2016-06-04 19:44:09,True,baseline,0.006776717483179106
54276,2016-06-04 22:00:09,True,baseline,0.001753576060484989
54273,2016-06-04 22:09:06,True,baseline,-0.01142833449255272
54274,2016-06-04 22:17:06,True,baseline,-0.0009818819226019085
54279,2016-06-04 23:03:11,True,baseline,-0.011157002086528495
54278,2016-06-04 23:06:11,True,baseline,-0.0009571724965966649
54285,2016-06-04 23:40:07,True,baseline,-0.006052400432709477
54282,2016-06-04 23:45:06,True,baseline,-0.0025469086867664047
54283,2016-06-05 00:01:09,True,baseline,0.00019112584738332445
54286,2016-06-05 00:35:06,True,baseline,-0.0017576553412729677
54289,2016-06-05 01:00:08,True,baseline,0.0011367092349038885
54345,2016-06-05 13:01:10,True,baseline,-0.002362866695313529
54344,2016-06-05 13:01:11,True,baseline,-0.004458292860033159
54350,2016-06-05 14:16:06,True,baseline,-0.01549592156276305
54349,2016-06-05 14:34:06,True,baseline,0.0004657008010946987
54352,2016-06-05 14:34:10,True,baseline,-0.0006108797144003064
54354,2016-06-05 15:20:06,True,baseline,-0.0030113259441818425
54364,2016-06-05 15:40:07,True,baseline,0.010640002573931606
54365,2016-06-05 16:18:13,True,baseline,-0.01830606857528315
54373,2016-06-05 16:52:12,True,baseline,-0.0014639464154583958
54369,2016-06-05 17:03:06,True,baseline,0.0012994159166316085
54371,2016-06-05 17:06:10,True,baseline,-0.006696011632855927
54376,2016-06-05 17:38:09,True,baseline,-0.0005905835732790167
54381,2016-06-05 17:40:07,True,baseline,0.00946455490717675
54380,2016-06-05 17:55:06,True,baseline,-0.0110271897126328
54383,2016-06-05 18:00:07,True,baseline,0.008409349298456813
54379,2016-06-05 18:02:06,True,baseline,0.011607761924828167
54378,2016-06-05 18:05:06,True,baseline,0.00031983163276354563
54386,2016-06-05 18:20:12,True,baseline,-0.00635800102606986
54382,2016-06-05 18:35:07,True,baseline,-0.005603832453171441
54391,2016-06-05 19:10:11,True,baseline,0.0013252051720083011
54390,2016-06-05 19:19:07,True,baseline,0.0014661440562671103
54394,2016-06-05 19:34:08,True,baseline,0.00023094161447589115
54396,2016-06-05 20:02:06,True,baseline,-0.0012528381297265286
54485,2016-06-06 07:01:06,True,baseline,0.01286418303933783
54493,2016-06-06 08:40:07,True,baseline,-0.0014488351013442965
54497,2016-06-06 09:00:07,True,baseline,0.003562089412427176
54500,2016-06-06 09:20:06,True,baseline,-0.0028716310514487094
54507,2016-06-06 10:03:12,True,baseline,0.00016190094762072205
54504,2016-06-06 10:16:06,True,baseline,0.029172907987466537
54519,2016-06-06 10:40:09,True,baseline,0.0006186670050129307
54512,2016-06-06 10:55:07,True,baseline,-0.003090068579385321
54523,2016-06-06 11:00:06,True,baseline,-0.0003583918597441123
54524,2016-06-06 11:00:07,True,baseline,0.01049892674627216
54525,2016-06-06 11:01:07,True,baseline,0.015368739993930234
54513,2016-06-06 11:02:09,True,baseline,-0.007864656558979062
54518,2016-06-06 11:26:07,True,baseline,-0.0034693963035955875
54522,2016-06-06 11:28:06,True,baseline,0.0071031542480466045
54529,2016-06-06 11:32:07,True,baseline,-0.006387529679574882
54531,2016-06-06 11:32:08,True,baseline,0.0016855435781046998
54530,2016-06-06 11:42:07,True,baseline,0.00019382481898701665
54537,2016-06-06 11:45:08,True,baseline,-0.0014771986806283717
54539,2016-06-06 12:00:07,True,baseline,-0.0026735481126296517
54536,2016-06-06 12:10:07,True,baseline,0.00038059011784034175
54532,2016-06-06 12:17:09,True,baseline,0.0029013209947022223
54549,2016-06-06 12:20:12,True,baseline,-0.020079551075376297
54543,2016-06-06 12:31:09,True,baseline,0.0028637712383071797
54545,2016-06-06 12:32:11,True,baseline,-0.004531940439909614
54542,2016-06-06 12:42:08,True,baseline,-0.0064607994153601175
54552,2016-06-06 12:53:08,True,baseline,0.005505715148422024
54558,2016-06-06 13:00:08,True,baseline,-1.316365129658617e-06
54548,2016-06-06 13:05:08,True,baseline,-0.00738364697695572
54547,2016-06-06 13:08:08,True,baseline,-0.001157381259461441
54565,2016-06-06 13:20:07,True,baseline,-9.952485717656598e-05
54553,2016-06-06 13:36:08,True,baseline,0.004202669533284086
54572,2016-06-06 13:40:11,True,baseline,0.00601229499975057
54564,2016-06-06 13:54:06,True,baseline,-0.0038534025559724613
54577,2016-06-06 14:32:11,True,baseline,0.006541402734041139
54581,2016-06-06 14:59:07,True,baseline,-0.007302120768198445
54582,2016-06-06 15:04:11,True,baseline,-0.010472853937213403
54590,2016-06-06 15:15:08,True,baseline,-0.006740188493896586
54596,2016-06-06 15:23:07,True,baseline,-0.005283213218844941
54597,2016-06-06 15:38:07,True,baseline,-0.0005614029765135696
54598,2016-06-06 15:38:08,True,baseline,-0.002027289542862809
54599,2016-06-06 15:40:09,True,baseline,-0.00504966292345159
54612,2016-06-06 16:00:10,True,baseline,0.012742592959593388
54604,2016-06-06 16:00:23,True,baseline,-0.003187747882653624
54609,2016-06-06 16:10:12,True,baseline,0.004016363199189549
54608,2016-06-06 16:16:10,True,baseline,0.008665060214195063
54606,2016-06-06 16:37:08,True,baseline,0.004426039046337609
54618,2016-06-06 16:43:06,True,baseline,-0.00495994205813962
54620,2016-06-06 16:59:07,True,baseline,5.574224351580934e-06
54619,2016-06-06 17:02:07,True,baseline,-0.002045881440170802
54754,2016-06-07 05:26:22,True,baseline,-0.002343887967269925
54761,2016-06-07 06:20:06,True,baseline,-0.004238136815124615
54762,2016-06-07 06:26:07,True,baseline,-0.002692139925328834
54772,2016-06-07 07:00:08,True,baseline,0.002188783242715893
54778,2016-06-07 07:41:11,True,baseline,0.008012633069565149
54777,2016-06-07 07:53:09,True,baseline,0.0013384215460874975
54774,2016-06-07 07:58:07,True,baseline,0.000738573346085785
54775,2016-06-07 08:03:08,True,baseline,0.00022086451082161881
54785,2016-06-07 09:08:09,True,baseline,-0.0068498698628515695
54792,2016-06-07 09:36:08,True,baseline,-0.0073784034804533945
54793,2016-06-07 09:45:10,True,baseline,0.0023844380725032456
54794,2016-06-07 10:02:12,True,baseline,0.006018281662252524
54790,2016-06-07 10:17:06,True,baseline,0.006171526774102149
54798,2016-06-07 10:18:08,True,baseline,-0.000786105196265739
54924,2016-06-07 21:01:06,True,baseline,-0.003955682512914161
54933,2016-06-07 21:20:12,True,baseline,0.0016853449693843385
54932,2016-06-07 22:06:08,True,baseline,-0.003185155256544445
54939,2016-06-07 22:27:12,True,baseline,0.0036319683435546935
54949,2016-06-07 22:50:14,True,baseline,0.007393466740312275
55212,2016-06-08 21:46:08,True,baseline,-0.00023537296765815258
55225,2016-06-08 22:04:13,True,baseline,-0.004406623299788706
55227,2016-06-08 22:20:07,True,baseline,0.00045193001736431844
55232,2016-06-08 22:45:09,True,baseline,0.0005056740220002031
55231,2016-06-08 23:31:07,True,baseline,0.004483668383223539
55234,2016-06-08 23:40:07,True,baseline,0.0077085253384256616
55236,2016-06-08 23:50:11,True,baseline,0.0011242379949464448
55235,2016-06-08 23:59:10,True,baseline,0.0030005315725255433
55238,2016-06-09 00:20:06,True,baseline,0.00826538518697444
55241,2016-06-09 00:20:07,True,baseline,0.018340436916135756
55242,2016-06-09 00:20:07,True,baseline,0.020206525002587388
55245,2016-06-09 00:40:07,True,baseline,-0.007257465871360093
55239,2016-06-09 00:47:09,True,baseline,-3.3457810184454005e-05
55251,2016-06-09 01:00:09,True,baseline,-0.0015774421101982274
55250,2016-06-09 01:41:07,True,baseline,0.01810011415896467
55255,2016-06-09 02:28:10,True,baseline,0.006648807543146829
55253,2016-06-09 02:35:09,True,baseline,0.007279451179721907
55661,2016-06-10 19:40:07,True,baseline,-0.002472374061499305
55663,2016-06-10 19:49:12,True,baseline,0.009729198517212476
55659,2016-06-10 20:13:07,True,baseline,-0.017504991432792244
57577,2016-06-18 21:15:03,True,baseline,0.00015056964221044902
57588,2016-06-18 21:40:03,True,baseline,-0.01416705228468923
57585,2016-06-18 22:13:10,True,baseline,-0.013446151184676257
57591,2016-06-18 22:40:03,True,baseline,0.0029191098848868613
57592,2016-06-18 22:40:07,True,baseline,-0.00516318536458691
57612,2016-06-19 05:32:04,True,baseline,-2.5233764529679416e-05
57629,2016-06-19 07:05:04,True,baseline,-0.004026240588455771
57624,2016-06-19 07:20:03,True,baseline,0.007449122244938797
57625,2016-06-19 07:24:04,True,baseline,0.002651987293774469
57635,2016-06-19 07:52:03,True,baseline,0.004474943499885498
57641,2016-06-19 08:20:08,True,baseline,2.8765045231202505e-05
57640,2016-06-19 09:04:06,True,baseline,0.008459924930897214
57638,2016-06-19 09:13:03,True,baseline,-0.0001285762570305789
57645,2016-06-19 09:16:03,True,baseline,-0.006501514746890915
57659,2016-06-19 10:40:13,True,baseline,0.005719197589141053
57664,2016-06-19 11:00:04,True,baseline,-0.0011473939227151925
57660,2016-06-19 11:06:13,True,baseline,-0.0113544509443332
57665,2016-06-19 11:31:06,True,baseline,-0.006463410646928926
57668,2016-06-19 11:40:03,True,baseline,0.04794343131198481
57672,2016-06-19 12:00:07,True,baseline,-0.010452508227637474
57708,2016-06-19 20:36:03,True,baseline,0.020791552240797706
57719,2016-06-19 22:02:03,True,baseline,0.017552978929878088
57721,2016-06-19 22:11:07,True,baseline,-0.004929969258753462
57723,2016-06-19 22:36:03,True,baseline,0.00019856617260459073
57725,2016-06-19 22:44:14,True,baseline,0.013524724238908187
57726,2016-06-19 22:55:15,True,baseline,0.0001463534791292866
57727,2016-06-19 22:56:04,True,baseline,-0.009201620821924491
57730,2016-06-19 23:03:03,True,baseline,0.01478317437708513
57737,2016-06-19 23:20:06,True,baseline,-0.008293290851715419
57735,2016-06-20 00:03:03,True,baseline,-0.005779499200336154
57738,2016-06-20 00:05:03,True,baseline,-0.012884077978471194
57744,2016-06-20 00:40:03,True,baseline,-0.005663462457591008
57739,2016-06-20 00:49:05,True,baseline,-0.009628382627327098
57743,2016-06-20 01:17:03,True,baseline,0.04967534557910745
57747,2016-06-20 01:17:03,True,baseline,0.0011089065266675358
57749,2016-06-20 01:20:06,True,baseline,-0.01820014685507531
57751,2016-06-20 01:40:04,True,baseline,-0.009941321715302064
57752,2016-06-20 01:40:05,True,baseline,0.004260355288928139
57755,2016-06-20 02:42:06,True,baseline,0.004370628021144865
57758,2016-06-20 03:40:04,True,baseline,-1.1642793743679367e-06
57761,2016-06-20 03:40:07,True,baseline,-0.00839767186910004
57759,2016-06-20 03:56:04,True,baseline,0.0050200402484203155
57766,2016-06-20 04:42:07,True,baseline,-0.00048460449969916944
57770,2016-06-20 05:34:04,True,baseline,0.00326842089092445
57778,2016-06-20 06:35:04,True,baseline,0.003868311337456687
57791,2016-06-20 07:20:04,True,baseline,0.007105863877103987
57784,2016-06-20 07:35:09,True,baseline,0.001632620444115072
57785,2016-06-20 07:46:04,True,baseline,5.6958310823464046e-05
57794,2016-06-20 08:01:05,True,baseline,0.0011755168035381893
57798,2016-06-20 08:22:04,True,baseline,-0.008149006302505365
57793,2016-06-20 08:25:04,True,baseline,-0.0011589076637633774
57799,2016-06-20 08:29:04,True,baseline,0.02515321243464394
57800,2016-06-20 08:33:06,True,baseline,-0.0016660140117484498
57820,2016-06-20 10:00:09,True,baseline,-0.010058390697413964
57811,2016-06-20 10:06:05,True,baseline,-0.0035267100831936557
57809,2016-06-20 10:09:03,True,baseline,-0.00034489378685506264
57818,2016-06-20 10:19:03,True,baseline,0.0004493758964110098
57829,2016-06-20 10:40:10,True,baseline,0.00358887399509154
57830,2016-06-20 10:40:10,True,baseline,-0.0008517471417950032
57822,2016-06-20 10:58:04,True,baseline,0.01279410084019069
57824,2016-06-20 11:03:07,True,baseline,0.0031990938281633227
57827,2016-06-20 11:04:05,True,baseline,0.005226844775645563
57838,2016-06-20 11:20:04,True,baseline,-0.0038522007906975075
57834,2016-06-20 11:21:06,True,baseline,0.0008784622296162739
57845,2016-06-20 12:07:04,True,baseline,0.00013881613344926503
57848,2016-06-20 12:10:04,True,baseline,0.00033831202083218354
57855,2016-06-20 12:20:10,True,baseline,0.003496400914490879
57858,2016-06-20 13:07:03,True,baseline,0.002026051686890809
57854,2016-06-20 13:08:06,True,baseline,0.00033470853199557213
57859,2016-06-20 13:19:06,True,baseline,0.006784411860261651
57864,2016-06-20 13:33:06,True,baseline,-0.0015180151578373536
57875,2016-06-20 14:00:11,True,baseline,0.014062556782512971
57873,2016-06-20 14:20:04,True,baseline,0.0011447459496684922
57879,2016-06-20 14:20:07,True,baseline,-0.00019090742086914567
57870,2016-06-20 14:30:05,True,baseline,0.0007767779226432884
57869,2016-06-20 14:38:05,True,baseline,-0.007385051301194757
57878,2016-06-20 14:45:06,True,baseline,0.011780116059910417
57874,2016-06-20 14:49:06,True,baseline,0.015751084313375123
57877,2016-06-20 15:17:05,True,baseline,-0.00403817949348334
57883,2016-06-20 15:34:05,True,baseline,-0.0037290472743179703
57894,2016-06-20 15:50:03,True,baseline,-0.005934755020650587
57889,2016-06-20 15:59:03,True,baseline,-0.008520305536530213
57902,2016-06-20 16:02:09,True,baseline,-0.004772311816729442
57923,2016-06-20 17:17:07,True,baseline,0.0014249972324481934
57920,2016-06-20 17:32:04,True,baseline,0.011765125259208767
57930,2016-06-20 17:32:08,True,baseline,-0.005382358739800877
57929,2016-06-20 17:52:04,True,baseline,-0.0013390577151664758
57936,2016-06-20 18:00:05,True,baseline,-0.0005557148000012099
57949,2016-06-20 18:43:04,True,baseline,-0.004670025249062994
57970,2016-06-20 20:00:08,True,baseline,0.014275297603423519
57960,2016-06-20 20:01:06,True,baseline,-0.003778009085162258
46414,2016-05-01 00:40:15,True,ungated,0.0
46420,2016-05-01 01:40:16,True,ungated,0.0
46425,2016-05-01 02:20:20,True,ungated,0.0
46426,2016-05-01 02:20:20,True,ungated,0.0
46428,2016-05-01 02:40:14,True,ungated,0.0
46435,2016-05-01 04:57:15,True,ungated,0.0
46434,2016-05-01 05:06:20,True,ungated,0.0
46437,2016-05-01 05:38:29,True,ungated,0.0
46444,2016-05-01 06:00:16,True,ungated,0.0
46446,2016-05-01 06:00:20,True,ungated,0.0
46440,2016-05-01 06:05:19,True,ungated,0.0
46445,2016-05-01 06:11:19,True,ungated,0.0
46454,2016-05-01 07:00:14,True,ungated,0.0
46455,2016-05-01 07:02:16,True,ungated,0.0
46451,2016-05-01 07:06:17,True,ungated,0.0
46531,2016-05-01 18:40:14,True,ungated,0.0
46534,2016-05-01 18:40:14,True,ungated,0.0
46536,2016-05-01 19:16:18,True,ungated,0.0
46535,2016-05-01 19:24:16,True,ungated,0.0
46544,2016-05-01 20:16:14,True,ungated,0.0
46548,2016-05-01 20:42:16,True,ungated,0.0
46554,2016-05-01 21:00:21,True,ungated,0.0
46553,2016-05-01 21:06:17,True,ungated,0.0
46549,2016-05-01 21:14:22,True,ungated,0.0
46552,2016-05-01 21:40:14,True,ungated,0.0
46559,2016-05-01 21:40:15,True,ungated,0.0
46555,2016-05-01 21:51:16,True,ungated,0.0
46563,2016-05-01 22:00:15,True,ungated,0.0
46560,2016-05-01 22:03:17,True,ungated,0.0
46561,2016-05-01 22:03:18,True,ungated,0.0
46564,2016-05-01 22:58:16,True,ungated,0.0
46574,2016-05-01 23:40:15,True,ungated,0.0
46575,2016-05-02 00:04:18,True,ungated,0.0
46578,2016-05-02 00:17:16,True,ungated,0.0
46581,2016-05-02 00:37:19,True,ungated,0.0
46588,2016-05-02 01:11:14,True,ungated,0.0
46582,2016-05-02 01:11:20,True,ungated,0.0
46592,2016-05-02 01:40:15,True,ungated,0.0
46589,2016-05-02 01:41:15,True,ungated,0.0
46594,2016-05-02 02:41:17,True,ungated,0.0
46596,2016-05-02 02:42:19,True,ungated,0.0
46608,2016-05-02 04:38:20,True,ungated,0.0
46725,2016-05-02 15:24:14,True,ungated,0.0
46726,2016-05-02 15:29:14,True,ungated,0.0
46740,2016-05-02 15:40:16,True,ungated,0.0
46743,2016-05-02 16:00:15,True,ungated,0.0
46745,2016-05-02 16:00:15,True,ungated,0.0
46744,2016-05-02 16:27:15,True,ungated,0.0
46756,2016-05-02 16:40:16,True,ungated,0.0
46755,2016-05-02 16:57:15,True,ungated,0.0
46762,2016-05-02 17:00:18,True,ungated,0.0
46763,2016-05-02 17:11:20,True,ungated,0.0
46770,2016-05-02 17:20:19,True,ungated,0.0
46759,2016-05-02 17:31:15,True,ungated,0.0
46778,2016-05-02 17:40:17,True,ungated,0.0
46760,2016-05-02 17:43:16,True,ungated,0.0
46775,2016-05-02 17:44:15,True,ungated,0.0
46761,2016-05-02 17:46:16,True,ungated,0.0
46767,2016-05-02 17:47:16,True,ungated,0.0
46776,2016-05-02 18:04:15,True,ungated,0.0
46781,2016-05-02 18:26:18,True,ungated,0.0
46777,2016-05-02 18:37:16,True,ungated,0.0
46788,2016-05-02 18:40:14,True,ungated,0.0
46789,2016-05-02 18:40:15,True,ungated,0.0
46787,2016-05-02 19:02:17,True,ungated,0.0
46790,2016-05-02 19:07:15,True,ungated,0.0
46792,2016-05-02 19:51:14,True,ungated,0.0
46805,2016-05-02 20:00:24,True,ungated,0.0
46798,2016-05-02 20:02:15,True,ungated,0.0
46797,2016-05-02 20:03:15,True,ungated,0.0
46793,2016-05-02 20:11:19,True,ungated,0.0
46799,2016-05-02 20:13:17,True,ungated,0.0
46808,2016-05-02 20:20:31,True,ungated,0.0
46806,2016-05-02 20:29:27,True,ungated,0.0
46818,2016-05-02 20:56:21,True,ungated,0.0
46820,2016-05-02 21:00:19,True,ungated,0.0
46816,2016-05-02 21:01:16,True,ungated,0.0
46819,2016-05-02 21:21:19,True,ungated,0.0
46933,2016-05-03 09:00:19,True,ungated,0.0
46930,2016-05-03 09:16:16,True,ungated,0.0
46937,2016-05-03 09:49:21,True,ungated,0.0
46936,2016-05-03 09:52:15,True,ungated,0.0
46940,2016-05-03 10:00:15,True,ungated,0.0
46935,2016-05-03 10:02:15,True,ungated,0.0
46941,2016-05-03 10:28:16,True,ungated,0.0
46944,2016-05-03 10:33:15,True,ungated,0.0
46949,2016-05-03 10:42:21,True,ungated,0.0
46946,2016-05-03 10:48:15,True,ungated,0.0
46948,2016-05-03 11:01:18,True,ungated,0.0
46947,2016-05-03 11:19:15,True,ungated,0.0
46952,2016-05-03 11:20:21,True,ungated,0.0
46953,2016-05-03 11:40:15,True,ungated,0.0
46956,2016-05-03 12:08:15,True,ungated,0.0
46959,2016-05-03 12:20:15,True,ungated,0.0
46965,2016-05-03 12:40:19,True,ungated,0.0
46960,2016-05-03 12:44:20,True,ungated,0.0
46969,2016-05-03 13:00:15,True,ungated,0.0
46971,2016-05-03 13:13:18,True,ungated,0.0
46962,2016-05-03 13:14:18,True,ungated,0.0
46978,2016-05-03 13:26:16,True,ungated,0.0
46982,2016-05-03 13:40:15,True,ungated,0.0
46984,2016-05-03 13:40:21,True,ungated,0.0
46979,2016-05-03 13:52:16,True,ungated,0.0
46983,2016-05-03 13:54:18,True,ungated,0.0
46980,2016-05-03 13:59:21,True,ungated,0.0
47118,2016-05-04 01:47:20,True,ungated,0.0
47122,2016-05-04 02:00:16,True,ungated,0.0
47120,2016-05-04 02:04:18,True,ungated,0.0
47125,2016-05-04 02:20:20,True,ungated,0.0
47124,2016-05-04 02:46:16,True,ungated,0.0
47128,2016-05-04 03:41:19,True,ungated,0.0
47127,2016-05-04 03:46:16,True,ungated,0.0
47129,2016-05-04 04:01:15,True,ungated,0.0
47134,2016-05-04 04:37:16,True,ungated,0.0
47133,2016-05-04 04:42:16,True,ungated,0.0
47143,2016-05-04 05:00:25,True,ungated,0.0
47144,2016-05-04 05:12:27,True,ungated,0.0
47150,2016-05-04 05:55:17,True,ungated,0.0
47284,2016-05-04 18:07:20,True,ungated,0.0
47288,2016-05-04 18:18:17,True,ungated,0.0
47297,2016-05-04 18:20:19,True,ungated,0.0
47296,2016-05-04 18:40:19,True,ungated,0.0
47302,2016-05-04 18:43:15,True,ungated,0.0
47292,2016-05-04 18:48:15,True,ungated,0.0
47295,2016-05-04 18:56:14,True,ungated,0.0
47306,2016-05-04 19:00:15,True,ungated,0.0
47313,2016-05-04 19:40:17,True,ungated,0.0
47314,2016-05-04 19:40:23,True,ungated,0.0
47310,2016-05-04 19:44:31,True,ungated,0.0
47317,2016-05-04 20:00:18,True,ungated,0.0
47311,2016-05-04 20:02:31,True,ungated,0.0
47320,2016-05-04 20:25:18,True,ungated,0.0
47325,2016-05-04 20:40:14,True,ungated,0.0
47326,2016-05-04 20:40:19,True,ungated,0.0
47321,2016-05-04 21:15:19,True,ungated,0.0
47411,2016-05-05 09:10:15,True,ungated,0.0
47419,2016-05-05 09:20:20,True,ungated,0.0
47415,2016-05-05 09:47:25,True,ungated,0.0
47414,2016-05-05 09:52:25,True,ungated,0.0
47422,2016-05-05 10:06:15,True,ungated,0.0
47418,2016-05-05 10:08:16,True,ungated,0.0
47427,2016-05-05 10:38:16,True,ungated,0.0
47428,2016-05-05 11:00:16,True,ungated,0.0
47440,2016-05-05 11:40:18,True,ungated,0.0
47436,2016-05-05 12:05:25,True,ungated,0.0
47437,2016-05-05 12:10:27,True,ungated,0.0
47439,2016-05-05 12:32:14,True,ungated,0.0
47444,2016-05-05 12:38:16,True,ungated,0.0
47454,2016-05-05 13:02:30,True,ungated,0.0
47449,2016-05-05 13:04:18,True,ungated,0.0
47463,2016-05-05 13:20:15,True,ungated,0.0
47464,2016-05-05 13:20:20,True,ungated,0.0
47460,2016-05-05 13:31:19,True,ungated,0.0
47468,2016-05-05 13:40:17,True,ungated,0.0
47469,2016-05-05 13:40:17,True,ungated,0.0
47470,2016-05-05 13:40:19,True,ungated,0.0
47611,2016-05-06 02:38:19,True,ungated,0.0
47618,2016-05-06 03:00:18,True,ungated,0.0
47619,2016-05-06 03:00:20,True,ungated,0.0
47622,2016-05-06 03:30:16,True,ungated,0.0
47630,2016-05-06 04:40:18,True,ungated,0.0
47631,2016-05-06 06:04:16,True,ungated,0.0
47774,2016-05-06 18:29:16,True,ungated,0.0
47772,2016-05-06 18:31:19,True,ungated,0.0
47777,2016-05-06 18:31:23,True,ungated,0.0
47771,2016-05-06 18:39:16,True,ungated,0.0
47781,2016-05-06 19:11:20,True,ungated,0.0
47805,2016-05-06 21:22:19,True,ungated,0.0
47804,2016-05-06 21:27:16,True,ungated,0.0
47809,2016-05-06 21:51:19,True,ungated,0.0
47882,2016-05-07 10:29:16,True,ungated,0.0
47888,2016-05-07 12:00:15,True,ungated,0.0
47893,2016-05-07 12:33:18,True,ungated,0.0
47897,2016-05-07 14:08:14,True,ungated,0.0
47903,2016-05-07 14:20:15,True,ungated,0.0
47901,2016-05-07 14:32:16,True,ungated,0.0
47905,2016-05-07 14:40:16,True,ungated,0.0
47906,2016-05-07 14:40:18,True,ungated,0.0
47955,2016-05-08 02:57:17,True,ungated,0.0
47954,2016-05-08 03:04:16,True,ungated,0.0
47957,2016-05-08 03:05:15,True,ungated,0.0
47958,2016-05-08 03:06:18,True,ungated,0.0
47960,2016-05-08 03:32:16,True,ungated,0.0
47961,2016-05-08 03:48:16,True,ungated,0.0
47967,2016-05-08 04:27:17,True,ungated,0.0
47964,2016-05-08 04:38:16,True,ungated,0.0
47971,2016-05-08 05:40:17,True,ungated,0.0
47972,2016-05-08 05:49:19,True,ungated,0.0
47970,2016-05-08 06:13:15,True,ungated,0.0
47969,2016-05-08 06:15:16,True,ungated,0.0
47973,2016-05-08 06:17:15,True,ungated,0.0
47978,2016-05-08 06:51:15,True,ungated,0.0
47982,2016-05-08 07:24:17,True,ungated,0.0
47990,2016-05-08 08:20:14,True,ungated,0.0
47987,2016-05-08 08:21:17,True,ungated,0.0
47992,2016-05-08 08:40:16,True,ungated,0.0
47996,2016-05-08 09:00:24,True,ungated,0.0
48001,2016-05-08 09:20:18,True,ungated,0.0
48003,2016-05-08 09:40:15,True,ungated,0.0
48005,2016-05-08 10:08:15,True,ungated,0.0
47999,2016-05-08 10:13:15,True,ungated,0.0
48007,2016-05-08 11:04:16,True,ungated,0.0
48009,2016-05-08 11:08:15,True,ungated,0.0
48010,2016-05-08 11:55:25,True,ungated,0.0
48077,2016-05-08 23:17:19,True,ungated,0.0
48078,2016-05-08 23:43:15,True,ungated,0.0
48082,2016-05-09 00:01:15,True,ungated,0.0
48079,2016-05-09 00:06:17,True,ungated,0.0
48088,2016-05-09 00:40:16,True,ungated,0.0
48091,2016-05-09 01:00:15,True,ungated,0.0
48092,2016-05-09 01:00:16,True,ungated,0.0
48094,2016-05-09 01:00:20,True,ungated,0.0
48093,2016-05-09 01:04:18,True,ungated,0.0
48084,2016-05-09 01:14:15,True,ungated,0.0
48098,2016-05-09 01:20:16,True,ungated,0.0
48086,2016-05-09 01:31:16,True,ungated,0.0
48100,2016-05-09 01:40:15,True,ungated,0.0
48104,2016-05-09 02:00:18,True,ungated,0.0
48105,2016-05-09 02:00:20,True,ungated,0.0
48097,2016-05-09 02:10:15,True,ungated,0.0
48111,2016-05-09 03:04:16,True,ungated,0.0
48113,2016-05-09 03:20:15,True,ungated,0.0
48115,2016-05-09 03:39:19,True,ungated,0.0
48119,2016-05-09 04:00:18,True,ungated,0.0
48114,2016-05-09 04:13:15,True,ungated,0.0
48122,2016-05-09 04:57:17,True,ungated,0.0
48126,2016-05-09 05:04:15,True,ungated,0.0
48121,2016-05-09 05:16:15,True,ungated,0.0
48139,2016-05-09 05:20:16,True,ungated,0.0
48135,2016-05-09 05:36:15,True,ungated,0.0
48142,2016-05-09 05:40:15,True,ungated,0.0
48143,2016-05-09 05:47:17,True,ungated,0.0
48147,2016-05-09 06:00:15,True,ungated,0.0
48148,2016-05-09 06:23:20,True,ungated,0.0
48160,2016-05-09 07:05:15,True,ungated,0.0
48153,2016-05-09 07:13:18,True,ungated,0.0
48157,2016-05-09 07:25:16,True,ungated,0.0
48172,2016-05-09 08:25:16,True,ungated,0.0
48175,2016-05-09 08:40:21,True,ungated,0.0
48170,2016-05-09 08:41:16,True,ungated,0.0
48171,2016-05-09 08:44:16,True,ungated,0.0
48174,2016-05-09 08:55:16,True,ungated,0.0
48182,2016-05-09 09:20:20,True,ungated,0.0
48180,2016-05-09 09:28:15,True,ungated,0.0
48192,2016-05-09 10:40:16,True,ungated,0.0
48188,2016-05-09 11:01:16,True,ungated,0.0
48189,2016-05-09 11:01:17,True,ungated,0.0
48190,2016-05-09 11:04:17,True,ungated,0.0
48200,2016-05-09 11:38:19,True,ungated,0.0
48195,2016-05-09 11:42:17,True,ungated,0.0
48199,2016-05-09 11:55:17,True,ungated,0.0
48208,2016-05-09 12:03:17,True,ungated,0.0
48213,2016-05-09 12:19:28,True,ungated,0.0
48207,2016-05-09 12:38:17,True,ungated,0.0
48367,2016-05-09 23:40:19,True,ungated,0.0
48361,2016-05-10 00:01:17,True,ungated,0.0
48366,2016-05-10 00:09:16,True,ungated,0.0
48374,2016-05-10 00:40:17,True,ungated,0.0
48376,2016-05-10 00:40:19,True,ungated,0.0
48382,2016-05-10 01:00:19,True,ungated,0.0
48384,2016-05-10 01:42:18,True,ungated,0.0
48389,2016-05-10 02:20:17,True,ungated,0.0
48391,2016-05-10 02:20:18,True,ungated,0.0
48399,2016-05-10 03:17:20,True,ungated,0.0
48400,2016-05-10 03:17:20,True,ungated,0.0
48398,2016-05-10 03:19:18,True,ungated,0.0
48396,2016-05-10 03:27:16,True,ungated,0.0
48402,2016-05-10 03:27:18,True,ungated,0.0
48403,2016-05-10 03:29:18,True,ungated,0.0
48397,2016-05-10 03:48:18,True,ungated,0.0
48409,2016-05-10 04:20:19,True,ungated,0.0
48413,2016-05-10 05:00:26,True,ungated,0.0
48411,2016-05-10 05:01:15,True,ungated,0.0
48414,2016-05-10 05:02:26,True,ungated,0.0
48408,2016-05-10 05:05:16,True,ungated,0.0
48416,2016-05-10 06:04:16,True,ungated,0.0
48423,2016-05-10 06:40:20,True,ungated,0.0
48417,2016-05-10 06:49:17,True,ungated,0.0
48427,2016-05-10 07:14:30,True,ungated,0.0
48434,2016-05-10 07:20:16,True,ungated,0.0
48433,2016-05-10 07:25:15,True,ungated,0.0
48426,2016-05-10 07:49:26,True,ungated,0.0
48437,2016-05-10 07:59:15,True,ungated,0.0
48449,2016-05-10 08:00:17,True,ungated,0.0
48448,2016-05-10 08:03:17,True,ungated,0.0
48447,2016-05-10 08:36:16,True,ungated,0.0
48438,2016-05-10 08:38:16,True,ungated,0.0
48456,2016-05-10 09:00:20,True,ungated,0.0
48457,2016-05-10 09:31:21,True,ungated,0.0
48462,2016-05-10 10:00:21,True,ungated,0.0
48464,2016-05-10 10:20:18,True,ungated,0.0
48466,2016-05-10 10:40:16,True,ungated,0.0
48471,2016-05-10 11:08:15,True,ungated,0.0
48472,2016-05-10 11:11:16,True,ungated,0.0
48475,2016-05-10 11:20:14,True,ungated,0.0
48481,2016-05-10 11:40:16,True,ungated,0.0
48482,2016-05-10 11:40:21,True,ungated,0.0
48477,2016-05-10 11:47:19,True,ungated,0.0
48474,2016-05-10 12:04:14,True,ungated,0.0
48480,2016-05-10 12:27:16,True,ungated,0.0
48627,2016-05-10 23:44:16,True,ungated,0.0
48640,2016-05-11 00:17:15,True,ungated,0.0
48646,2016-05-11 00:20:15,True,ungated,0.0
48633,2016-05-11 00:30:15,True,ungated,0.0
48649,2016-05-11 00:40:15,True,ungated,0.0
48650,2016-05-11 01:00:15,True,ungated,0.0
48654,2016-05-11 01:49:18,True,ungated,0.0
48656,2016-05-11 02:01:19,True,ungated,0.0
48657,2016-05-11 02:31:16,True,ungated,0.0
48663,2016-05-11 03:20:17,True,ungated,0.0
48662,2016-05-11 03:55:17,True,ungated,0.0
48666,2016-05-11 04:20:19,True,ungated,0.0
48774,2016-05-11 15:53:19,True,ungated,0.0
48788,2016-05-11 16:00:17,True,ungated,0.0
48789,2016-05-11 16:01:19,True,ungated,0.0
48780,2016-05-11 16:03:16,True,ungated,0.0
48790,2016-05-11 16:20:20,True,ungated,0.0
48781,2016-05-11 16:33:18,True,ungated,0.0
48798,2016-05-11 16:40:15,True,ungated,0.0
48802,2016-05-11 17:00:16,True,ungated,0.0
48805,2016-05-11 17:20:15,True,ungated,0.0
48815,2016-05-11 18:00:18,True,ungated,0.0
48818,2016-05-11 18:20:23,True,ungated,0.0
48810,2016-05-11 18:29:17,True,ungated,0.0
48817,2016-05-11 19:07:17,True,ungated,0.0
48827,2016-05-11 19:12:16,True,ungated,0.0
48835,2016-05-11 19:20:22,True,ungated,0.0
48831,2016-05-11 19:41:15,True,ungated,0.0
48832,2016-05-11 19:43:16,True,ungated,0.0
48945,2016-05-12 07:22:16,True,ungated,0.0
48944,2016-05-12 07:46:15,True,ungated,0.0
48949,2016-05-12 07:55:19,True,ungated,0.0
48953,2016-05-12 08:02:19,True,ungated,0.0
48948,2016-05-12 08:25:16,True,ungated,0.0
48958,2016-05-12 08:40:15,True,ungated,0.0
48959,2016-05-12 09:06:16,True,ungated,0.0
48964,2016-05-12 09:14:17,True,ungated,0.0
48960,2016-05-12 09:23:18,True,ungated,0.0
48968,2016-05-12 10:02:20,True,ungated,0.0
48974,2016-05-12 10:20:31,True,ungated,0.0
48975,2016-05-12 10:40:22,True,ungated,0.0
48976,2016-05-12 10:40:22,True,ungated,0.0
48970,2016-05-12 10:49:20,True,ungated,0.0
48981,2016-05-12 11:00:16,True,ungated,0.0
48982,2016-05-12 11:03:18,True,ungated,0.0
48972,2016-05-12 11:15:26,True,ungated,0.0
48986,2016-05-12 12:04:16,True,ungated,0.0
49140,2016-05-12 23:46:15,True,ungated,0.0
49136,2016-05-12 23:52:16,True,ungated,0.0
49145,2016-05-13 00:00:19,True,ungated,0.0
49146,2016-05-13 00:20:16,True,ungated,0.0
49147,2016-05-13 00:20:19,True,ungated,0.0
49150,2016-05-13 00:40:16,True,ungated,0.0
49151,2016-05-13 00:40:20,True,ungated,0.0
49153,2016-05-13 00:40:21,True,ungated,0.0
49152,2016-05-13 01:04:20,True,ungated,0.0
49159,2016-05-13 01:06:20,True,ungated,0.0
49158,2016-05-13 01:34:20,True,ungated,0.0
49160,2016-05-13 01:40:21,True,ungated,0.0
49166,2016-05-13 01:52:19,True,ungated,0.0
49167,2016-05-13 01:57:19,True,ungated,0.0
49171,2016-05-13 02:00:18,True,ungated,0.0
49172,2016-05-13 02:09:21,True,ungated,0.0
49181,2016-05-13 03:40:17,True,ungated,0.0
49189,2016-05-13 04:39:20,True,ungated,0.0
49184,2016-05-13 04:42:16,True,ungated,0.0
49374,2016-05-13 16:00:19,True,ungated,0.0
49375,2016-05-13 16:01:21,True,ungated,0.0
49366,2016-05-13 16:05:17,True,ungated,0.0
49364,2016-05-13 16:20:15,True,ungated,0.0
49381,2016-05-13 16:20:17,True,ungated,0.0
49382,2016-05-13 16:20:22,True,ungated,0.0
49380,2016-05-13 16:44:17,True,ungated,0.0
49386,2016-05-13 17:00:16,True,ungated,0.0
49392,2016-05-13 17:00:17,True,ungated,0.0
49397,2016-05-13 17:20:19,True,ungated,0.0
49387,2016-05-13 17:23:18,True,ungated,0.0
49401,2016-05-13 17:40:17,True,ungated,0.0
49402,2016-05-13 17:40:17,True,ungated,0.0
49398,2016-05-13 18:08:19,True,ungated,0.0
49403,2016-05-13 18:08:20,True,ungated,0.0
49413,2016-05-13 19:03:20,True,ungated,0.0
49416,2016-05-13 19:10:23,True,ungated,0.0
49415,2016-05-13 19:13:22,True,ungated,0.0
49407,2016-05-13 19:25:20,True,ungated,0.0
49541,2016-05-14 09:00:21,True,ungated,0.0
49543,2016-05-14 09:33:16,True,ungated,0.0
49544,2016-05-14 09:53:17,True,ungated,0.0
49546,2016-05-14 11:07:21,True,ungated,0.0
49618,2016-05-14 22:54:15,True,ungated,0.0
49621,2016-05-14 23:20:20,True,ungated,0.0
49625,2016-05-15 01:31:16,True,ungated,0.0
49630,2016-05-15 02:03:17,True,ungated,0.0
49641,2016-05-15 04:40:20,True,ungated,0.0
49638,2016-05-15 05:01:18,True,ungated,0.0
49640,2016-05-15 05:01:19,True,ungated,0.0
49642,2016-05-15 05:01:25,True,ungated,0.0
49643,2016-05-15 05:01:30,True,ungated,0.0
49709,2016-05-15 17:00:16,True,ungated,0.0
49700,2016-05-15 17:11:16,True,ungated,0.0
49713,2016-05-15 17:40:17,True,ungated,0.0
49718,2016-05-15 18:20:22,True,ungated,0.0
49712,2016-05-15 18:25:17,True,ungated,0.0
49717,2016-05-15 18:49:17,True,ungated,0.0
49719,2016-05-15 19:12:22,True,ungated,0.0
49723,2016-05-15 19:40:32,True,ungated,0.0
49722,2016-05-15 19:41:21,True,ungated,0.0
49725,2016-05-15 20:23:16,True,ungated,0.0
49727,2016-05-15 20:23:16,True,ungated,0.0
49728,2016-05-15 21:00:21,True,ungated,0.0
49729,2016-05-15 21:20:22,True,ungated,0.0
49730,2016-05-15 22:05:21,True,ungated,0.0
49825,2016-05-16 09:45:17,True,ungated,0.0
49832,2016-05-16 10:03:18,True,ungated,0.0
49830,2016-05-16 10:07:20,True,ungated,0.0
49841,2016-05-16 11:01:17,True,ungated,0.0
49849,2016-05-16 11:04:18,True,ungated,0.0
49839,2016-05-16 11:06:24,True,ungated,0.0
49840,2016-05-16 11:14:17,True,ungated,0.0
49848,2016-05-16 11:34:17,True,ungated,0.0
49853,2016-05-16 12:07:18,True,ungated,0.0
49854,2016-05-16 12:11:23,True,ungated,0.0
49863,2016-05-16 12:20:22,True,ungated,0.0
49867,2016-05-16 12:40:20,True,ungated,0.0
49862,2016-05-16 12:57:21,True,ungated,0.0
49872,2016-05-16 13:00:16,True,ungated,0.0
49873,2016-05-16 13:00:19,True,ungated,0.0
49874,2016-05-16 13:00:19,True,ungated,0.0
49875,2016-05-16 13:00:22,True,ungated,0.0
49884,2016-05-16 13:20:17,True,ungated,0.0
49876,2016-05-16 13:23:22,True,ungated,0.0
49881,2016-05-16 13:34:16,True,ungated,0.0
49868,2016-05-16 13:35:21,True,ungated,0.0
49883,2016-05-16 13:43:17,True,ungated,0.0
49891,2016-05-16 13:49:18,True,ungated,0.0
49882,2016-05-16 14:09:16,True,ungated,0.0
49900,2016-05-16 14:38:22,True,ungated,0.0
49915,2016-05-16 14:40:18,True,ungated,0.0
49912,2016-05-16 14:45:16,True,ungated,0.0
49898,2016-05-16 14:46:16,True,ungated,0.0
49907,2016-05-16 14:50:21,True,ungated,0.0
49913,2016-05-16 14:55:16,True,ungated,0.0
49914,2016-05-16 15:05:16,True,ungated,0.0
49916,2016-05-16 15:16:18,True,ungated,0.0
49917,2016-05-16 15:16:21,True,ungated,0.0
49928,2016-05-16 15:27:16,True,ungated,0.0
49922,2016-05-16 15:40:18,True,ungated,0.0
49939,2016-05-16 16:31:16,True,ungated,0.0
49947,2016-05-16 17:00:19,True,ungated,0.0
49943,2016-05-16 17:19:16,True,ungated,0.0
49951,2016-05-16 17:20:22,True,ungated,0.0
49950,2016-05-16 17:37:16,True,ungated,0.0
49955,2016-05-16 17:40:17,True,ungated,0.0
50066,2016-05-17 05:20:19,True,ungated,0.0
50065,2016-05-17 05:27:16,True,ungated,0.0
50068,2016-05-17 05:40:17,True,ungated,0.0
50070,2016-05-17 06:00:16,True,ungated,0.0
50071,2016-05-17 06:27:17,True,ungated,0.0
50075,2016-05-17 06:43:20,True,ungated,0.0
50076,2016-05-17 07:00:16,True,ungated,0.0
50079,2016-05-17 07:03:17,True,ungated,0.0
50082,2016-05-17 07:41:16,True,ungated,0.0
50080,2016-05-17 07:56:18,True,ungated,0.0
50087,2016-05-17 08:01:21,True,ungated,0.0
50094,2016-05-17 09:10:20,True,ungated,0.0
50100,2016-05-17 09:20:16,True,ungated,0.0
50093,2016-05-17 09:27:19,True,ungated,0.0
50106,2016-05-17 09:40:23,True,ungated,0.0
50112,2016-05-17 10:00:19,True,ungated,0.0
50111,2016-05-17 10:20:17,True,ungated,0.0
50110,2016-05-17 10:35:17,True,ungated,0.0
50121,2016-05-17 11:00:17,True,ungated,0.0
50124,2016-05-17 11:20:22,True,ungated,0.0
50123,2016-05-17 12:01:18,True,ungated,0.0
50266,2016-05-17 23:18:18,True,ungated,0.0
50270,2016-05-17 23:20:19,True,ungated,0.0
50269,2016-05-17 23:24:16,True,ungated,0.0
50275,2016-05-17 23:40:18,True,ungated,0.0
50272,2016-05-17 23:42:20,True,ungated,0.0
50271,2016-05-17 23:47:18,True,ungated,0.0
50274,2016-05-17 23:48:18,True,ungated,0.0
50282,2016-05-18 00:20:17,True,ungated,0.0
50281,2016-05-18 01:04:17,True,ungated,0.0
50291,2016-05-18 01:13:16,True,ungated,0.0
50299,2016-05-18 01:32:19,True,ungated,0.0
50295,2016-05-18 01:38:20,True,ungated,0.0
50304,2016-05-18 01:41:17,True,ungated,0.0
50310,2016-05-18 02:20:20,True,ungated,0.0
50309,2016-05-18 02:23:19,True,ungated,0.0
50307,2016-05-18 02:24:17,True,ungated,0.0
50312,2016-05-18 02:40:21,True,ungated,0.0
50308,2016-05-18 02:49:20,True,ungated,0.0
50315,2016-05-18 03:53:18,True,ungated,0.0
50318,2016-05-18 04:33:22,True,ungated,0.0
50400,2016-05-20 14:00:04,True,ungated,0.0
50423,2016-05-20 14:00:06,True,ungated,0.0
50437,2016-05-20 14:00:08,True,ungated,0.0
50450,2016-05-20 14:00:09,True,ungated,0.0
50414,2016-05-20 14:03:05,True,ungated,0.0
50605,2016-05-20 14:20:09,True,ungated,0.0
50601,2016-05-20 14:45:04,True,ungated,0.0
50627,2016-05-20 15:00:10,True,ungated,0.0
50636,2016-05-20 15:22:06,True,ungated,0.0
50639,2016-05-20 15:31:09,True,ungated,0.0
50651,2016-05-20 15:40:09,True,ungated,0.0
50663,2016-05-20 16:10:07,True,ungated,0.0
50673,2016-05-20 16:20:10,True,ungated,0.0
50672,2016-05-20 16:25:09,True,ungated,0.0
50671,2016-05-20 16:41:06,True,ungated,0.0
50664,2016-05-20 16:54:09,True,ungated,0.0
50697,2016-05-20 17:40:04,True,ungated,0.0
50690,2016-05-20 18:00:07,True,ungated,0.0
50699,2016-05-20 18:03:08,True,ungated,0.0
50698,2016-05-20 18:11:05,True,ungated,0.0
50691,2016-05-20 18:12:08,True,ungated,0.0
50705,2016-05-20 18:28:05,True,ungated,0.0
50707,2016-05-20 18:36:04,True,ungated,0.0
50710,2016-05-20 18:40:06,True,ungated,0.0
50709,2016-05-20 19:07:04,True,ungated,0.0
50719,2016-05-20 19:40:05,True,ungated,0.0
50721,2016-05-20 19:50:10,True,ungated,0.0
50718,2016-05-20 19:55:06,True,ungated,0.0
50729,2016-05-20 20:20:05,True,ungated,0.0
50731,2016-05-20 20:24:10,True,ungated,0.0
50738,2016-05-20 21:00:04,True,ungated,0.0
50733,2016-05-20 21:15:11,True,ungated,0.0
50737,2016-05-20 21:29:04,True,ungated,0.0
50743,2016-05-20 22:26:05,True,ungated,0.0
50750,2016-05-20 22:40:08,True,ungated,0.0
50749,2016-05-20 22:43:05,True,ungated,0.0
50745,2016-05-20 22:56:11,True,ungated,0.0
50753,2016-05-20 23:00:09,True,ungated,0.0
50752,2016-05-20 23:12:04,True,ungated,0.0
50759,2016-05-21 00:22:06,True,ungated,0.0
50763,2016-05-21 01:36:04,True,ungated,0.0
50765,2016-05-21 01:50:04,True,ungated,0.0
50773,2016-05-21 02:20:03,True,ungated,0.0
50779,2016-05-21 03:20:06,True,ungated,0.0
50790,2016-05-21 07:19:04,True,ungated,0.0
50881,2016-05-21 19:00:04,True,ungated,0.0
50875,2016-05-21 19:09:05,True,ungated,0.0
50884,2016-05-21 19:37:04,True,ungated,0.0
50885,2016-05-21 19:50:05,True,ungated,0.0
50888,2016-05-21 20:32:07,True,ungated,0.0
50889,2016-05-21 20:37:07,True,ungated,0.0
50890,2016-05-21 20:43:06,True,ungated,0.0
50893,2016-05-21 21:40:05,True,ungated,0.0
50895,2016-05-21 22:10:06,True,ungated,0.0
50897,2016-05-21 23:04:06,True,ungated,0.0
50901,2016-05-21 23:20:08,True,ungated,0.0
50912,2016-05-22 01:43:09,True,ungated,0.0
50915,2016-05-22 02:18:08,True,ungated,0.0
50958,2016-05-22 14:54:05,True,ungated,0.0
50964,2016-05-22 15:03:09,True,ungated,0.0
50959,2016-05-22 15:05:10,True,ungated,0.0
50963,2016-05-22 15:06:05,True,ungated,0.0
50969,2016-05-22 15:13:07,True,ungated,0.0
50971,2016-05-22 15:20:04,True,ungated,0.0
50972,2016-05-22 15:20:04,True,ungated,0.0
50977,2016-05-22 17:01:04,True,ungated,0.0
50978,2016-05-22 17:08:04,True,ungated,0.0
50983,2016-05-22 17:10:06,True,ungated,0.0
50979,2016-05-22 17:19:08,True,ungated,0.0
50998,2016-05-22 19:01:06,True,ungated,0.0
50996,2016-05-22 19:26:04,True,ungated,0.0
50999,2016-05-22 20:02:04,True,ungated,0.0
51008,2016-05-22 20:10:09,True,ungated,0.0
51007,2016-05-22 20:59:07,True,ungated,0.0
51017,2016-05-22 21:52:08,True,ungated,0.0
51019,2016-05-22 22:06:04,True,ungated,0.0
51023,2016-05-22 22:16:09,True,ungated,0.0
51124,2016-05-23 09:39:05,True,ungated,0.0
51129,2016-05-23 09:56:06,True,ungated,0.0
51130,2016-05-23 09:56:10,True,ungated,0.0
51133,2016-05-23 10:07:08,True,ungated,0.0
51128,2016-05-23 10:13:05,True,ungated,0.0
51134,2016-05-23 10:20:10,True,ungated,0.0
51136,2016-05-23 10:47:04,True,ungated,0.0
51140,2016-05-23 11:00:04,True,ungated,0.0
51148,2016-05-23 11:00:05,True,ungated,0.0
51144,2016-05-23 11:04:09,True,ungated,0.0
51143,2016-05-23 11:17:08,True,ungated,0.0
51142,2016-05-23 11:19:04,True,ungated,0.0
51141,2016-05-23 11:20:04,True,ungated,0.0
51154,2016-05-23 11:40:08,True,ungated,0.0
51147,2016-05-23 11:56:04,True,ungated,0.0
51151,2016-05-23 12:07:08,True,ungated,0.0
51177,2016-05-23 13:00:05,True,ungated,0.0
51165,2016-05-23 13:05:07,True,ungated,0.0
51171,2016-05-23 13:14:09,True,ungated,0.0
51182,2016-05-23 13:20:08,True,ungated,0.0
51176,2016-05-23 13:32:05,True,ungated,0.0
51175,2016-05-23 13:39:04,True,ungated,0.0
51178,2016-05-23 13:40:05,True,ungated,0.0
51191,2016-05-23 13:40:10,True,ungated,0.0
51190,2016-05-23 13:44:09,True,ungated,0.0
51189,2016-05-23 14:08:05,True,ungated,0.0
51188,2016-05-23 14:23:04,True,ungated,0.0
51204,2016-05-23 14:40:10,True,ungated,0.0
51200,2016-05-23 14:59:05,True,ungated,0.0
51202,2016-05-23 15:06:07,True,ungated,0.0
51201,2016-05-23 15:11:06,True,ungated,0.0
51210,2016-05-23 15:20:11,True,ungated,0.0
51203,2016-05-23 15:30:10,True,ungated,0.0
51214,2016-05-23 15:40:11,True,ungated,0.0
51209,2016-05-23 15:47:09,True,ungated,0.0
51208,2016-05-23 15:58:06,True,ungated,0.0
51220,2016-05-23 16:00:09,True,ungated,0.0
51224,2016-05-23 16:20:04,True,ungated,0.0
51225,2016-05-23 16:20:07,True,ungated,0.0
51226,2016-05-23 16:37:11,True,ungated,0.0
51231,2016-05-23 16:40:05,True,ungated,0.0
51230,2016-05-23 17:03:05,True,ungated,0.0
51253,2016-05-23 17:21:09,True,ungated,0.0
51252,2016-05-23 17:49:08,True,ungated,0.0
51363,2016-05-24 04:43:06,True,ungated,0.0
51369,2016-05-24 06:16:07,True,ungated,0.0
51377,2016-05-24 06:40:07,True,ungated,0.0
51378,2016-05-24 06:59:08,True,ungated,0.0
51382,2016-05-24 07:00:10,True,ungated,0.0
51375,2016-05-24 07:02:04,True,ungated,0.0
51383,2016-05-24 07:18:14,True,ungated,0.0
51376,2016-05-24 07:28:05,True,ungated,0.0
51388,2016-05-24 08:15:05,True,ungated,0.0
51392,2016-05-24 08:16:06,True,ungated,0.0
51387,2016-05-24 08:24:04,True,ungated,0.0
51389,2016-05-24 08:31:05,True,ungated,0.0
51397,2016-05-24 08:42:05,True,ungated,0.0
51401,2016-05-24 08:49:06,True,ungated,0.0
51403,2016-05-24 09:20:06,True,ungated,0.0
51410,2016-05-24 10:02:07,True,ungated,0.0
51404,2016-05-24 10:02:09,True,ungated,0.0
51408,2016-05-24 10:03:09,True,ungated,0.0
51407,2016-05-24 10:05:09,True,ungated,0.0
51402,2016-05-24 10:16:06,True,ungated,0.0
51416,2016-05-24 10:20:07,True,ungated,0.0
51411,2016-05-24 10:34:09,True,ungated,0.0
51420,2016-05-24 10:40:06,True,ungated,0.0
51409,2016-05-24 10:43:05,True,ungated,0.0
51415,2016-05-24 10:59:05,True,ungated,0.0
51580,2016-05-24 22:03:08,True,ungated,0.0
51577,2016-05-24 22:16:06,True,ungated,0.0
51585,2016-05-24 23:03:04,True,ungated,0.0
51594,2016-05-24 23:20:09,True,ungated,0.0
51593,2016-05-24 23:44:04,True,ungated,0.0
51592,2016-05-24 23:59:04,True,ungated,0.0
51596,2016-05-25 00:05:07,True,ungated,0.0
51600,2016-05-25 00:38:09,True,ungated,0.0
51599,2016-05-25 00:45:08,True,ungated,0.0
51608,2016-05-25 01:00:09,True,ungated,0.0
51605,2016-05-25 01:04:07,True,ungated,0.0
51613,2016-05-25 02:00:07,True,ungated,0.0
51621,2016-05-25 02:40:08,True,ungated,0.0
51620,2016-05-25 03:17:07,True,ungated,0.0
51623,2016-05-25 03:40:06,True,ungated,0.0
51789,2016-05-25 14:32:07,True,ungated,0.0
51796,2016-05-25 14:40:06,True,ungated,0.0
51788,2016-05-25 14:54:06,True,ungated,0.0
51801,2016-05-25 15:00:10,True,ungated,0.0
51802,2016-05-25 15:00:10,True,ungated,0.0
51792,2016-05-25 15:04:05,True,ungated,0.0
51807,2016-05-25 15:58:05,True,ungated,0.0
51830,2016-05-25 16:40:06,True,ungated,0.0
51831,2016-05-25 16:42:09,True,ungated,0.0
51824,2016-05-25 17:01:10,True,ungated,0.0
51838,2016-05-25 17:05:05,True,ungated,0.0
51846,2016-05-25 17:20:06,True,ungated,0.0
51848,2016-05-25 17:28:11,True,ungated,0.0
51855,2016-05-25 18:25:05,True,ungated,0.0
51958,2016-05-26 05:42:04,True,ungated,0.0
51961,2016-05-26 05:45:04,True,ungated,0.0
51969,2016-05-26 06:00:05,True,ungated,0.0
51960,2016-05-26 06:05:07,True,ungated,0.0
51972,2016-05-26 06:20:05,True,ungated,0.0
51975,2016-05-26 07:22:06,True,ungated,0.0
51977,2016-05-26 07:38:04,True,ungated,0.0
51979,2016-05-26 07:40:05,True,ungated,0.0
51985,2016-05-26 08:00:05,True,ungated,0.0
51984,2016-05-26 08:16:04,True,ungated,0.0
51990,2016-05-26 09:00:04,True,ungated,0.0
51991,2016-05-26 09:00:05,True,ungated,0.0
51994,2016-05-26 09:00:07,True,ungated,0.0
51989,2016-05-26 09:14:10,True,ungated,0.0
51998,2016-05-26 09:20:06,True,ungated,0.0
52000,2016-05-26 09:29:08,True,ungated,0.0
51992,2016-05-26 09:32:05,True,ungated,0.0
51999,2016-05-26 09:33:06,True,ungated,0.0
51996,2016-05-26 09:35:10,True,ungated,0.0
51993,2016-05-26 09:44:05,True,ungated,0.0
52160,2016-05-26 21:05:06,True,ungated,0.0
52161,2016-05-26 21:21:10,True,ungated,0.0
52159,2016-05-26 21:41:05,True,ungated,0.0
52166,2016-05-26 21:46:09,True,ungated,0.0
52164,2016-05-26 22:06:05,True,ungated,0.0
52175,2016-05-26 22:20:06,True,ungated,0.0
52183,2016-05-26 23:22:09,True,ungated,0.0
52182,2016-05-26 23:26:07,True,ungated,0.0
52187,2016-05-27 00:24:04,True,ungated,0.0
52193,2016-05-27 01:00:05,True,ungated,0.0
52194,2016-05-27 01:00:06,True,ungated,0.0
52195,2016-05-27 01:03:10,True,ungated,0.0
52310,2016-05-27 12:40:21,True,ungated,0.0
52300,2016-05-27 12:46:05,True,ungated,0.0
52302,2016-05-27 12:51:07,True,ungated,0.0
52304,2016-05-27 12:54:10,True,ungated,0.0
52309,2016-05-27 12:56:15,True,ungated,0.0
52303,2016-05-27 13:01:10,True,ungated,0.0
52322,2016-05-27 13:20:11,True,ungated,0.0
52318,2016-05-27 13:26:11,True,ungated,0.0
52308,2016-05-27 13:32:15,True,ungated,0.0
52314,2016-05-27 13:36:05,True,ungated,0.0
52321,2016-05-27 13:36:06,True,ungated,0.0
52330,2016-05-27 13:40:05,True,ungated,0.0
52332,2016-05-27 13:40:12,True,ungated,0.0
52333,2016-05-27 13:40:12,True,ungated,0.0
52317,2016-05-27 13:42:10,True,ungated,0.0
52316,2016-05-27 13:47:08,True,ungated,0.0
52329,2016-05-27 13:51:05,True,ungated,0.0
52341,2016-05-27 14:00:10,True,ungated,0.0
52320,2016-05-27 14:07:05,True,ungated,0.0
52340,2016-05-27 14:20:07,True,ungated,0.0
52344,2016-05-27 14:20:07,True,ungated,0.0
52347,2016-05-27 14:20:10,True,ungated,0.0
52351,2016-05-27 14:40:10,True,ungated,0.0
52354,2016-05-27 15:00:10,True,ungated,0.0
52345,2016-05-27 15:15:08,True,ungated,0.0
52350,2016-05-27 15:36:06,True,ungated,0.0
52357,2016-05-27 15:58:14,True,ungated,0.0
52360,2016-05-27 16:04:08,True,ungated,0.0
52466,2016-05-28 04:43:07,True,ungated,0.0
52472,2016-05-28 06:11:07,True,ungated,0.0
52484,2016-05-28 07:00:05,True,ungated,0.0
52480,2016-05-28 07:07:05,True,ungated,0.0
52483,2016-05-28 07:37:05,True,ungated,0.0
52540,2016-05-28 22:08:06,True,ungated,0.0
52544,2016-05-28 23:00:08,True,ungated,0.0
52541,2016-05-28 23:01:05,True,ungated,0.0
52546,2016-05-28 23:20:05,True,ungated,0.0
52549,2016-05-29 00:13:09,True,ungated,0.0
52550,2016-05-29 00:35:05,True,ungated,0.0
52551,2016-05-29 01:09:12,True,ungated,0.0
52555,2016-05-29 01:21:06,True,ungated,0.0
52558,2016-05-29 01:58:08,True,ungated,0.0
52557,2016-05-29 02:25:05,True,ungated,0.0
52561,2016-05-29 03:11:06,True,ungated,0.0
52565,2016-05-29 03:20:09,True,ungated,0.0
52627,2016-05-29 16:26:05,True,ungated,0.0
52636,2016-05-29 16:40:05,True,ungated,0.0
52641,2016-05-29 17:00:07,True,ungated,0.0
52642,2016-05-29 17:00:09,True,ungated,0.0
52632,2016-05-29 17:04:05,True,ungated,0.0
52645,2016-05-29 17:20:07,True,ungated,0.0
52653,2016-05-29 18:02:07,True,ungated,0.0
52650,2016-05-29 18:08:05,True,ungated,0.0
52659,2016-05-29 18:20:10,True,ungated,0.0
52651,2016-05-29 18:29:05,True,ungated,0.0
52655,2016-05-29 18:31:05,True,ungated,0.0
52661,2016-05-29 19:25:05,True,ungated,0.0
52664,2016-05-29 19:59:06,True,ungated,0.0
52667,2016-05-29 20:00:11,True,ungated,0.0
52663,2016-05-29 20:01:05,True,ungated,0.0
52675,2016-05-29 22:00:09,True,ungated,0.0
52673,2016-05-29 22:16:10,True,ungated,0.0
52674,2016-05-29 22:46:06,True,ungated,0.0
52785,2016-05-30 10:02:08,True,ungated,0.0
52783,2016-05-30 10:11:06,True,ungated,0.0
52784,2016-05-30 10:11:07,True,ungated,0.0
52782,2016-05-30 10:16:06,True,ungated,0.0
52789,2016-05-30 10:20:07,True,ungated,0.0
52787,2016-05-30 10:23:06,True,ungated,0.0
52791,2016-05-30 10:23:08,True,ungated,0.0
52795,2016-05-30 10:40:06,True,ungated,0.0
52794,2016-05-30 10:41:05,True,ungated,0.0
52797,2016-05-30 11:00:05,True,ungated,0.0
52790,2016-05-30 11:08:07,True,ungated,0.0
52800,2016-05-30 11:20:09,True,ungated,0.0
52796,2016-05-30 11:23:07,True,ungated,0.0
52798,2016-05-30 11:42:07,True,ungated,0.0
52804,2016-05-30 12:08:06,True,ungated,0.0
52805,2016-05-30 12:22:08,True,ungated,0.0
52809,2016-05-30 12:41:08,True,ungated,0.0
52815,2016-05-30 12:49:06,True,ungated,0.0
52817,2016-05-30 12:56:07,True,ungated,0.0
52813,2016-05-30 13:00:05,True,ungated,0.0
52820,2016-05-30 13:09:09,True,ungated,0.0
52822,2016-05-30 13:20:08,True,ungated,0.0
52828,2016-05-30 13:45:10,True,ungated,0.0
52832,2016-05-30 14:00:08,True,ungated,0.0
52826,2016-05-30 14:01:08,True,ungated,0.0
52827,2016-05-30 14:03:10,True,ungated,0.0
52825,2016-05-30 14:17:06,True,ungated,0.0
52833,2016-05-30 14:39:08,True,ungated,0.0
52838,2016-05-30 14:45:06,True,ungated,0.0
52846,2016-05-30 15:00:09,True,ungated,0.0
52847,2016-05-30 15:00:11,True,ungated,0.0
52848,2016-05-30 15:00:11,True,ungated,0.0
52839,2016-05-30 15:04:07,True,ungated,0.0
52840,2016-05-30 15:08:09,True,ungated,0.0
52845,2016-05-30 15:13:05,True,ungated,0.0
52843,2016-05-30 15:17:06,True,ungated,0.0
52841,2016-05-30 15:17:10,True,ungated,0.0
52860,2016-05-30 15:42:07,True,ungated,0.0
52854,2016-05-30 15:43:09,True,ungated,0.0
52856,2016-05-30 16:01:05,True,ungated,0.0
52864,2016-05-30 16:20:06,True,ungated,0.0
52865,2016-05-30 16:20:11,True,ungated,0.0
52875,2016-05-30 17:00:06,True,ungated,0.0
52876,2016-05-30 17:14:07,True,ungated,0.0
52885,2016-05-30 17:20:05,True,ungated,0.0
52874,2016-05-30 17:32:05,True,ungated,0.0
52878,2016-05-30 17:32:11,True,ungated,0.0
52883,2016-05-30 17:37:05,True,ungated,0.0
52889,2016-05-30 18:20:06,True,ungated,0.0
52905,2016-05-30 18:40:08,True,ungated,0.0
52906,2016-05-30 18:40:08,True,ungated,0.0
52899,2016-05-30 19:14:09,True,ungated,0.0
53023,2016-05-31 06:32:06,True,ungated,0.0
53019,2016-05-31 06:32:07,True,ungated,0.0
53026,2016-05-31 06:38:07,True,ungated,0.0
53030,2016-05-31 06:40:05,True,ungated,0.0
53031,2016-05-31 06:40:06,True,ungated,0.0
53033,2016-05-31 07:20:07,True,ungated,0.0
53038,2016-05-31 07:40:05,True,ungated,0.0
53034,2016-05-31 07:41:08,True,ungated,0.0
53041,2016-05-31 08:01:08,True,ungated,0.0
53039,2016-05-31 08:05:06,True,ungated,0.0
53049,2016-05-31 08:41:20,True,ungated,0.0
53043,2016-05-31 08:51:06,True,ungated,0.0
53058,2016-05-31 09:40:07,True,ungated,0.0
53052,2016-05-31 09:49:09,True,ungated,0.0
53055,2016-05-31 10:05:10,True,ungated,0.0
53065,2016-05-31 10:23:06,True,ungated,0.0
53071,2016-05-31 10:34:08,True,ungated,0.0
53070,2016-05-31 10:38:07,True,ungated,0.0
53077,2016-05-31 10:40:10,True,ungated,0.0
53080,2016-05-31 11:00:05,True,ungated,0.0
53081,2016-05-31 11:00:05,True,ungated,0.0
53082,2016-05-31 11:00:09,True,ungated,0.0
53279,2016-05-31 23:40:10,True,ungated,0.0
53274,2016-06-01 00:00:08,True,ungated,0.0
53275,2016-06-01 00:00:10,True,ungated,0.0
53285,2016-06-01 00:20:06,True,ungated,0.0
53277,2016-06-01 00:21:07,True,ungated,0.0
53301,2016-06-01 01:00:07,True,ungated,0.0
53304,2016-06-01 01:20:10,True,ungated,0.0
53293,2016-06-01 01:31:09,True,ungated,0.0
53308,2016-06-01 01:40:07,True,ungated,0.0
53313,2016-06-01 02:00:06,True,ungated,0.0
53307,2016-06-01 02:31:07,True,ungated,0.0
53309,2016-06-01 02:38:09,True,ungated,0.0
53314,2016-06-01 02:52:08,True,ungated,0.0
53317,2016-06-01 02:57:07,True,ungated,0.0
53322,2016-06-01 03:02:16,True,ungated,0.0
53316,2016-06-01 03:08:06,True,ungated,0.0
53333,2016-06-01 03:25:06,True,ungated,0.0
53329,2016-06-01 03:26:08,True,ungated,0.0
53328,2016-06-01 03:39:07,True,ungated,0.0
53332,2016-06-01 04:04:05,True,ungated,0.0
53337,2016-06-01 04:12:06,True,ungated,0.0
53688,2016-06-02 05:31:06,True,ungated,0.0
53690,2016-06-02 06:09:09,True,ungated,0.0
53699,2016-06-02 06:53:11,True,ungated,0.0
53710,2016-06-02 08:00:06,True,ungated,0.0
53720,2016-06-02 09:00:07,True,ungated,0.0
53721,2016-06-02 09:10:07,True,ungated,0.0
53875,2016-06-02 22:08:08,True,ungated,0.0
53878,2016-06-02 22:40:08,True,ungated,0.0
53879,2016-06-02 22:40:09,True,ungated,0.0
53876,2016-06-02 22:58:06,True,ungated,0.0
53880,2016-06-02 23:00:07,True,ungated,0.0
53887,2016-06-02 23:40:08,True,ungated,0.0
53886,2016-06-02 23:45:06,True,ungated,0.0
53884,2016-06-02 23:55:06,True,ungated,0.0
54009,2016-06-03 12:00:06,True,ungated,0.0
54013,2016-06-03 12:20:07,True,ungated,0.0
54003,2016-06-03 12:23:07,True,ungated,0.0
54019,2016-06-03 13:00:07,True,ungated,0.0
54016,2016-06-03 13:12:08,True,ungated,0.0
54018,2016-06-03 13:41:06,True,ungated,0.0
54029,2016-06-03 13:44:09,True,ungated,0.0
54026,2016-06-03 13:45:07,True,ungated,0.0
54028,2016-06-03 13:56:09,True,ungated,0.0
54032,2016-06-03 14:06:06,True,ungated,0.0
54040,2016-06-03 14:20:06,True,ungated,0.0
54033,2016-06-03 14:39:08,True,ungated,0.0
54041,2016-06-03 14:47:08,True,ungated,0.0
54051,2016-06-03 15:00:12,True,ungated,0.0
54049,2016-06-03 15:06:06,True,ungated,0.0
54047,2016-06-03 15:10:08,True,ungated,0.0
54046,2016-06-03 15:16:07,True,ungated,0.0
54050,2016-06-03 15:36:06,True,ungated,0.0
54189,2016-06-04 03:05:07,True,ungated,0.0
54190,2016-06-04 03:22:11,True,ungated,0.0
54196,2016-06-04 05:07:24,True,ungated,0.0
54199,2016-06-04 06:14:11,True,ungated,0.0
54201,2016-06-04 06:54:09,True,ungated,0.0
54204,2016-06-04 08:15:10,True,ungated,0.0
54266,2016-06-04 19:44:09,True,ungated,0.0
54276,2016-06-04 22:00:09,True,ungated,0.0
54273,2016-06-04 22:09:06,True,ungated,0.0
54274,2016-06-04 22:17:06,True,ungated,0.0
54279,2016-06-04 23:03:11,True,ungated,0.0
54278,2016-06-04 23:06:11,True,ungated,0.0
54285,2016-06-04 23:40:07,True,ungated,0.0
54282,2016-06-04 23:45:06,True,ungated,0.0
54283,2016-06-05 00:01:09,True,ungated,0.0
54286,2016-06-05 00:35:06,True,ungated,0.0
54289,2016-06-05 01:00:08,True,ungated,0.0
54345,2016-06-05 13:01:10,True,ungated,0.0
54344,2016-06-05 13:01:11,True,ungated,0.0
54350,2016-06-05 14:16:06,True,ungated,0.0
54349,2016-06-05 14:34:06,True,ungated,0.0
54352,2016-06-05 14:34:10,True,ungated,0.0
54354,2016-06-05 15:20:06,True,ungated,0.0
54364,2016-06-05 15:40:07,True,ungated,0.0
54365,2016-06-05 16:18:13,True,ungated,0.0
54373,2016-06-05 16:52:12,True,ungated,0.0
54369,2016-06-05 17:03:06,True,ungated,0.0
54371,2016-06-05 17:06:10,True,ungated,0.0
54376,2016-06-05 17:38:09,True,ungated,0.0
54381,2016-06-05 17:40:07,True,ungated,0.0
54380,2016-06-05 17:55:06,True,ungated,0.0
54383,2016-06-05 18:00:07,True,ungated,0.0
54379,2016-06-05 18:02:06,True,ungated,0.0
54378,2016-06-05 18:05:06,True,ungated,0.0
54386,2016-06-05 18:20:12,True,ungated,0.0
54382,2016-06-05 18:35:07,True,ungated,0.0
54391,2016-06-05 19:10:11,True,ungated,0.0
54390,2016-06-05 19:19:07,True,ungated,0.0
54394,2016-06-05 19:34:08,True,ungated,0.0
54396,2016-06-05 20:02:06,True,ungated,0.0
54485,2016-06-06 07:01:06,True,ungated,0.0
54493,2016-06-06 08:40:07,True,ungated,0.0
54497,2016-06-06 09:00:07,True,ungated,0.0
54500,2016-06-06 09:20:06,True,ungated,0.0
54507,2016-06-06 10:03:12,True,ungated,0.0
54504,2016-06-06 10:16:06,True,ungated,0.0
54519,2016-06-06 10:40:09,True,ungated,0.0
54512,2016-06-06 10:55:07,True,ungated,0.0
54523,2016-06-06 11:00:06,True,ungated,0.0
54524,2016-06-06 11:00:07,True,ungated,0.0
54525,2016-06-06 11:01:07,True,ungated,0.0
54513,2016-06-06 11:02:09,True,ungated,0.0
54518,2016-06-06 11:26:07,True,ungated,0.0
54522,2016-06-06 11:28:06,True,ungated,0.0
54529,2016-06-06 11:32:07,True,ungated,0.0
54531,2016-06-06 11:32:08,True,ungated,0.0
54530,2016-06-06 11:42:07,True,ungated,0.0
54537,2016-06-06 11:45:08,True,ungated,0.0
54539,2016-06-06 12:00:07,True,ungated,0.0
54536,2016-06-06 12:10:07,True,ungated,0.0
54532,2016-06-06 12:17:09,True,ungated,0.0
54549,2016-06-06 12:20:12,True,ungated,0.0
54543,2016-06-06 12:31:09,True,ungated,0.0
54545,2016-06-06 12:32:11,True,ungated,0.0
54542,2016-06-06 12:42:08,True,ungated,0.0
54552,2016-06-06 12:53:08,True,ungated,0.0
54558,2016-06-06 13:00:08,True,ungated,0.0
54548,2016-06-06 13:05:08,True,ungated,0.0
54547,2016-06-06 13:08:08,True,ungated,0.0
54565,2016-06-06 13:20:07,True,ungated,0.0
54553,2016-06-06 13:36:08,True,ungated,0.0
54572,2016-06-06 13:40:11,True,ungated,0.0
54564,2016-06-06 13:54:06,True,ungated,0.0
54577,2016-06-06 14:32:11,True,ungated,0.0
54581,2016-06-06 14:59:07,True,ungated,0.0
54582,2016-06-06 15:04:11,True,ungated,0.0
54590,2016-06-06 15:15:08,True,ungated,0.0
54596,2016-06-06 15:23:07,True,ungated,0.0
54597,2016-06-06 15:38:07,True,ungated,0.0
54598,2016-06-06 15:38:08,True,ungated,0.0
54599,2016-06-06 15:40:09,True,ungated,0.0
54612,2016-06-06 16:00:10,True,ungated,0.0
54604,2016-06-06 16:00:23,True,ungated,0.0
54609,2016-06-06 16:10:12,True,ungated,0.0
54608,2016-06-06 16:16:10,True,ungated,0.0
54606,2016-06-06 16:37:08,True,ungated,0.0
54618,2016-06-06 16:43:06,True,ungated,0.0
54620,2016-06-06 16:59:07,True,ungated,0.0
54619,2016-06-06 17:02:07,True,ungated,0.0
54754,2016-06-07 05:26:22,True,ungated,0.0
54761,2016-06-07 06:20:06,True,ungated,0.0
54762,2016-06-07 06:26:07,True,ungated,0.0
54772,2016-06-07 07:00:08,True,ungated,0.0
54778,2016-06-07 07:41:11,True,ungated,0.0
54777,2016-06-07 07:53:09,True,ungated,0.0
54774,2016-06-07 07:58:07,True,ungated,0.0
54775,2016-06-07 08:03:08,True,ungated,0.0
54785,2016-06-07 09:08:09,True,ungated,0.0
54792,2016-06-07 09:36:08,True,ungated,0.0
54793,2016-06-07 09:45:10,True,ungated,0.0
54794,2016-06-07 10:02:12,True,ungated,0.0
54790,2016-06-07 10:17:06,True,ungated,0.0
54798,2016-06-07 10:18:08,True,ungated,0.0
54924,2016-06-07 21:01:06,True,ungated,0.0
54933,2016-06-07 21:20:12,True,ungated,0.0
54932,2016-06-07 22:06:08,True,ungated,0.0
54939,2016-06-07 22:27:12,True,ungated,0.0
54949,2016-06-07 22:50:14,True,ungated,0.0
55212,2016-06-08 21:46:08,True,ungated,0.0
55225,2016-06-08 22:04:13,True,ungated,0.0
55227,2016-06-08 22:20:07,True,ungated,0.0
55232,2016-06-08 22:45:09,True,ungated,0.0
55231,2016-06-08 23:31:07,True,ungated,0.0
55234,2016-06-08 23:40:07,True,ungated,0.0
55236,2016-06-08 23:50:11,True,ungated,0.0
55235,2016-06-08 23:59:10,True,ungated,0.0
55238,2016-06-09 00:20:06,True,ungated,0.0
55241,2016-06-09 00:20:07,True,ungated,0.0
55242,2016-06-09 00:20:07,True,ungated,0.0
55245,2016-06-09 00:40:07,True,ungated,0.0
55239,2016-06-09 00:47:09,True,ungated,0.0
55251,2016-06-09 01:00:09,True,ungated,0.0
55250,2016-06-09 01:41:07,True,ungated,0.0
55255,2016-06-09 02:28:10,True,ungated,0.0
55253,2016-06-09 02:35:09,True,ungated,0.0
55661,2016-06-10 19:40:07,True,ungated,0.0
55663,2016-06-10 19:49:12,True,ungated,0.0
55659,2016-06-10 20:13:07,True,ungated,0.0
57577,2016-06-18 21:15:03,True,ungated,0.0
57588,2016-06-18 21:40:03,True,ungated,0.0
57585,2016-06-18 22:13:10,True,ungated,0.0
57591,2016-06-18 22:40:03,True,ungated,0.0
57592,2016-06-18 22:40:07,True,ungated,0.0
57612,2016-06-19 05:32:04,True,ungated,0.0
57629,2016-06-19 07:05:04,True,ungated,0.0
57624,2016-06-19 07:20:03,True,ungated,0.0
57625,2016-06-19 07:24:04,True,ungated,0.0
57635,2016-06-19 07:52:03,True,ungated,0.0
57641,2016-06-19 08:20:08,True,ungated,0.0
57640,2016-06-19 09:04:06,True,ungated,0.0
57638,2016-06-19 09:13:03,True,ungated,0.0
57645,2016-06-19 09:16:03,True,ungated,0.0
57659,2016-06-19 10:40:13,True,ungated,0.0
57664,2016-06-19 11:00:04,True,ungated,0.0
57660,2016-06-19 11:06:13,True,ungated,0.0
57665,2016-06-19 11:31:06,True,ungated,0.0
57668,2016-06-19 11:40:03,True,ungated,0.0
57672,2016-06-19 12:00:07,True,ungated,0.0
57708,2016-06-19 20:36:03,True,ungated,0.0
57719,2016-06-19 22:02:03,True,ungated,0.0
57721,2016-06-19 22:11:07,True,ungated,0.0
57723,2016-06-19 22:36:03,True,ungated,0.0
57725,2016-06-19 22:44:14,True,ungated,0.0
57726,2016-06-19 22:55:15,True,ungated,0.0
57727,2016-06-19 22:56:04,True,ungated,0.0
57730,2016-06-19 23:03:03,True,ungated,0.0
57737,2016-06-19 23:20:06,True,ungated,0.0
57735,2016-06-20 00:03:03,True,ungated,0.0
57738,2016-06-20 00:05:03,True,ungated,0.0
57744,2016-06-20 00:40:03,True,ungated,0.0
57739,2016-06-20 00:49:05,True,ungated,0.0
57743,2016-06-20 01:17:03,True,ungated,0.0
57747,2016-06-20 01:17:03,True,ungated,0.0
57749,2016-06-20 01:20:06,True,ungated,0.0
57751,2016-06-20 01:40:04,True,ungated,0.0
57752,2016-06-20 01:40:05,True,ungated,0.0
57755,2016-06-20 02:42:06,True,ungated,0.0
57758,2016-06-20 03:40:04,True,ungated,0.0
57761,2016-06-20 03:40:07,True,ungated,0.0
57759,2016-06-20 03:56:04,True,ungated,0.0
57766,2016-06-20 04:42:07,True,ungated,0.0
57770,2016-06-20 05:34:04,True,ungated,0.0
57778,2016-06-20 06:35:04,True,ungated,0.0
57791,2016-06-20 07:20:04,True,ungated,0.0
57784,2016-06-20 07:35:09,True,ungated,0.0
57785,2016-06-20 07:46:04,True,ungated,0.0
57794,2016-06-20 08:01:05,True,ungated,0.0
57798,2016-06-20 08:22:04,True,ungated,0.0
57793,2016-06-20 08:25:04,True,ungated,0.0
57799,2016-06-20 08:29:04,True,ungated,0.0
57800,2016-06-20 08:33:06,True,ungated,0.0
57820,2016-06-20 10:00:09,True,ungated,0.0
57811,2016-06-20 10:06:05,True,ungated,0.0
57809,2016-06-20 10:09:03,True,ungated,0.0
57818,2016-06-20 10:19:03,True,ungated,0.0
57829,2016-06-20 10:40:10,True,ungated,0.0
57830,2016-06-20 10:40:10,True,ungated,0.0
57822,2016-06-20 10:58:04,True,ungated,0.0
57824,2016-06-20 11:03:07,True,ungated,0.0
57827,2016-06-20 11:04:05,True,ungated,0.0
57838,2016-06-20 11:20:04,True,ungated,0.0
57834,2016-06-20 11:21:06,True,ungated,0.0
57845,2016-06-20 12:07:04,True,ungated,0.0
57848,2016-06-20 12:10:04,True,ungated,0.0
57855,2016-06-20 12:20:10,True,ungated,0.0
57858,2016-06-20 13:07:03,True,ungated,0.0
57854,2016-06-20 13:08:06,True,ungated,0.0
57859,2016-06-20 13:19:06,True,ungated,0.0
57864,2016-06-20 13:33:06,True,ungated,0.0
57875,2016-06-20 14:00:11,True,ungated,0.0
57873,2016-06-20 14:20:04,True,ungated,0.0
57879,2016-06-20 14:20:07,True,ungated,0.0
57870,2016-06-20 14:30:05,True,ungated,0.0
57869,2016-06-20 14:38:05,True,ungated,0.0
57878,2016-06-20 14:45:06,True,ungated,0.0
57874,2016-06-20 14:49:06,True,ungated,0.0
57877,2016-06-20 15:17:05,True,ungated,0.0
57883,2016-06-20 15:34:05,True,ungated,0.0
57894,2016-06-20 15:50:03,True,ungated,0.0
57889,2016-06-20 15:59:03,True,ungated,0.0
57902,2016-06-20 16:02:09,True,ungated,0.0
57923,2016-06-20 17:17:07,True,ungated,0.0
57920,2016-06-20 17:32:04,True,ungated,0.0
57930,2016-06-20 17:32:08,True,ungated,0.0
57929,2016-06-20 17:52:04,True,ungated,0.0
57936,2016-06-20 18:00:05,True,ungated,0.0
57949,2016-06-20 18:43:04,True,ungated,0.0
57970,2016-06-20 20:00:08,True,ungated,0.0
57960,2016-06-20 20:01:06,True,ungated,0.0
46414,2016-05-01 00:40:15,True,calibration_only,0.0005655727127494414
46420,2016-05-01 01:40:16,True,calibration_only,0.0020786324558939194
46425,2016-05-01 02:20:20,True,calibration_only,0.0015370443392947672
46426,2016-05-01 02:20:20,True,calibration_only,-0.002656337933964939
46428,2016-05-01 02:40:14,True,calibration_only,0.012104148480966238
46435,2016-05-01 04:57:15,True,calibration_only,-0.007707506402012397
46434,2016-05-01 05:06:20,True,calibration_only,0.0007196238158545136
46437,2016-05-01 05:38:29,True,calibration_only,0.007059392878738913
46444,2016-05-01 06:00:16,True,calibration_only,0.006606404548647294
46446,2016-05-01 06:00:20,True,calibration_only,-0.0005853619747369886
46440,2016-05-01 06:05:19,True,calibration_only,-0.007123557432095221
46445,2016-05-01 06:11:19,True,calibration_only,0.0053211946526263544
46454,2016-05-01 07:00:14,True,calibration_only,-0.003390771093937205
46455,2016-05-01 07:02:16,True,calibration_only,-0.0003447523208297607
46451,2016-05-01 07:06:17,True,calibration_only,-0.0038278150065468274
46531,2016-05-01 18:40:14,True,calibration_only,0.005714453831729409
46534,2016-05-01 18:40:14,True,calibration_only,-0.00036706723741296364
46536,2016-05-01 19:16:18,True,calibration_only,0.0011725215926191336
46535,2016-05-01 19:24:16,True,calibration_only,-0.017259975053924934
46544,2016-05-01 20:16:14,True,calibration_only,-0.002873795645771676
46548,2016-05-01 20:42:16,True,calibration_only,-0.002460279612298435
46554,2016-05-01 21:00:21,True,calibration_only,-0.003302168318790129
46553,2016-05-01 21:06:17,True,calibration_only,0.01083597785854521
46549,2016-05-01 21:14:22,True,calibration_only,0.03410602166405105
46552,2016-05-01 21:40:14,True,calibration_only,-0.0003781924212669733
46559,2016-05-01 21:40:15,True,calibration_only,0.005116287278310497
46555,2016-05-01 21:51:16,True,calibration_only,0.00754254013107903
46563,2016-05-01 22:00:15,True,calibration_only,-0.027262764620014396
46560,2016-05-01 22:03:17,True,calibration_only,-0.0001231583885388035
46561,2016-05-01 22:03:18,True,calibration_only,-0.00712380481150509
46564,2016-05-01 22:58:16,True,calibration_only,-0.0002851938786914392
46574,2016-05-01 23:40:15,True,calibration_only,-0.007244800807880964
46575,2016-05-02 00:04:18,True,calibration_only,0.0075498396849687874
46578,2016-05-02 00:17:16,True,calibration_only,-0.010877854768088
46581,2016-05-02 00:37:19,True,calibration_only,0.0195875397540793
46588,2016-05-02 01:11:14,True,calibration_only,-0.005080831939906255
46582,2016-05-02 01:11:20,True,calibration_only,-0.0027590153591466916
46592,2016-05-02 01:40:15,True,calibration_only,0.003538031236010348
46589,2016-05-02 01:41:15,True,calibration_only,-0.0036295327818011446
46594,2016-05-02 02:41:17,True,calibration_only,-0.005874693759005744
46596,2016-05-02 02:42:19,True,calibration_only,0.005708855983619976
46608,2016-05-02 04:38:20,True,calibration_only,-5.054024010963092e-05
46725,2016-05-02 15:24:14,True,calibration_only,-0.0012777155560090747
46726,2016-05-02 15:29:14,True,calibration_only,-0.0018166036919251057
46740,2016-05-02 15:40:16,True,calibration_only,-0.012114375406295633
46743,2016-05-02 16:00:15,True,calibration_only,-0.003149520550386686
46745,2016-05-02 16:00:15,True,calibration_only,2.912345855558366e-05
46744,2016-05-02 16:27:15,True,calibration_only,-0.0069618925783894395
46756,2016-05-02 16:40:16,True,calibration_only,-0.002924048936517644
46755,2016-05-02 16:57:15,True,calibration_only,0.0005020718713640064
46762,2016-05-02 17:00:18,True,calibration_only,-0.0048486346568366
46763,2016-05-02 17:11:20,True,calibration_only,0.002899671841591813
46770,2016-05-02 17:20:19,True,calibration_only,0.0022497015816703384
46759,2016-05-02 17:31:15,True,calibration_only,0.014907623335921364
46778,2016-05-02 17:40:17,True,calibration_only,0.002067214886030521
46760,2016-05-02 17:43:16,True,calibration_only,0.017317875726207327
46775,2016-05-02 17:44:15,True,calibration_only,-0.0035928850325793096
46761,2016-05-02 17:46:16,True,calibration_only,-0.006517106667488899
46767,2016-05-02 17:47:16,True,calibration_only,-7.050603273503573e-05
46776,2016-05-02 18:04:15,True,calibration_only,-0.007580341004276361
46781,2016-05-02 18:26:18,True,calibration_only,0.01023797268055271
46777,2016-05-02 18:37:16,True,calibration_only,-0.01715698167748049
46788,2016-05-02 18:40:14,True,calibration_only,0.006053455099512835
46789,2016-05-02 18:40:15,True,calibration_only,-0.0014664017469016937
46787,2016-05-02 19:02:17,True,calibration_only,0.00609844495091617
46790,2016-05-02 19:07:15,True,calibration_only,-0.006540731684926901
46792,2016-05-02 19:51:14,True,calibration_only,-0.0011378472175591291
46805,2016-05-02 20:00:24,True,calibration_only,-0.0005347911292198464
46798,2016-05-02 20:02:15,True,calibration_only,0.009673411294219492
46797,2016-05-02 20:03:15,True,calibration_only,-0.008903445660245653
46793,2016-05-02 20:11:19,True,calibration_only,-0.009758281333530024
46799,2016-05-02 20:13:17,True,calibration_only,-0.006128464711510602
46808,2016-05-02 20:20:31,True,calibration_only,0.0007440047460686196
46806,2016-05-02 20:29:27,True,calibration_only,0.006552047450325678
46818,2016-05-02 20:56:21,True,calibration_only,0.011615284191608809
46820,2016-05-02 21:00:19,True,calibration_only,-0.0004093987077896168
46816,2016-05-02 21:01:16,True,calibration_only,-0.0022570365309281058
46819,2016-05-02 21:21:19,True,calibration_only,-0.010928586550520945
46933,2016-05-03 09:00:19,True,calibration_only,0.004069110463033871
46930,2016-05-03 09:16:16,True,calibration_only,-0.0027529993904506778
46937,2016-05-03 09:49:21,True,calibration_only,-0.0014539118106857846
46936,2016-05-03 09:52:15,True,calibration_only,-0.005407783667252253
46940,2016-05-03 10:00:15,True,calibration_only,-0.0019451450638318783
46935,2016-05-03 10:02:15,True,calibration_only,-0.002823525080631728
46941,2016-05-03 10:28:16,True,calibration_only,0.014210103153894718
46944,2016-05-03 10:33:15,True,calibration_only,0.004343947278102801
46949,2016-05-03 10:42:21,True,calibration_only,0.0013835051656462191
46946,2016-05-03 10:48:15,True,calibration_only,0.0033487606878966018
46948,2016-05-03 11:01:18,True,calibration_only,0.003018471808984416
46947,2016-05-03 11:19:15,True,calibration_only,0.0002600540787542349
46952,2016-05-03 11:20:21,True,calibration_only,-0.001846509199580518
46953,2016-05-03 11:40:15,True,calibration_only,0.016564332136280974
46956,2016-05-03 12:08:15,True,calibration_only,0.0230284413873078
46959,2016-05-03 12:20:15,True,calibration_only,0.00017245722120210927
46965,2016-05-03 12:40:19,True,calibration_only,-0.007940592302653798
46960,2016-05-03 12:44:20,True,calibration_only,0.0006024182500718733
46969,2016-05-03 13:00:15,True,calibration_only,-0.0037895180523390003
46971,2016-05-03 13:13:18,True,calibration_only,0.0010369233511345155
46962,2016-05-03 13:14:18,True,calibration_only,-0.004568156180413568
46978,2016-05-03 13:26:16,True,calibration_only,0.017624241806629234
46982,2016-05-03 13:40:15,True,calibration_only,-0.0029950594151915656
46984,2016-05-03 13:40:21,True,calibration_only,0.004130829699897882
46979,2016-05-03 13:52:16,True,calibration_only,-0.010651827398940071
46983,2016-05-03 13:54:18,True,calibration_only,0.001991261313046925
46980,2016-05-03 13:59:21,True,calibration_only,-0.007090817070371444
47118,2016-05-04 01:47:20,True,calibration_only,-0.015072709783069169
47122,2016-05-04 02:00:16,True,calibration_only,-0.028735476391607038
47120,2016-05-04 02:04:18,True,calibration_only,-0.0033552426609354917
47125,2016-05-04 02:20:20,True,calibration_only,-0.0067552916441586345
47124,2016-05-04 02:46:16,True,calibration_only,-0.005701503170451374
47128,2016-05-04 03:41:19,True,calibration_only,0.0040910200617334
47127,2016-05-04 03:46:16,True,calibration_only,-0.0001690273739465458
47129,2016-05-04 04:01:15,True,calibration_only,0.004876771382068752
47134,2016-05-04 04:37:16,True,calibration_only,-0.008404458595853797
47133,2016-05-04 04:42:16,True,calibration_only,0.00024453811141966937
47143,2016-05-04 05:00:25,True,calibration_only,0.011137136002182663
47144,2016-05-04 05:12:27,True,calibration_only,0.006940933253891168
47150,2016-05-04 05:55:17,True,calibration_only,-0.002646945498043098
47284,2016-05-04 18:07:20,True,calibration_only,-0.02167910877965501
47288,2016-05-04 18:18:17,True,calibration_only,-0.004238045888614497
47297,2016-05-04 18:20:19,True,calibration_only,0.01060483106413759
47296,2016-05-04 18:40:19,True,calibration_only,0.01236563854940357
47302,2016-05-04 18:43:15,True,calibration_only,0.016093478704823583
47292,2016-05-04 18:48:15,True,calibration_only,-0.015173445033760242
47295,2016-05-04 18:56:14,True,calibration_only,0.007071374640713881
47306,2016-05-04 19:00:15,True,calibration_only,0.0012878016151396218
47313,2016-05-04 19:40:17,True,calibration_only,-0.004721420723147379
47314,2016-05-04 19:40:23,True,calibration_only,-0.0018387374627483204
47310,2016-05-04 19:44:31,True,calibration_only,-0.0016083331526718448
47317,2016-05-04 20:00:18,True,calibration_only,0.00013836620023252293
47311,2016-05-04 20:02:31,True,calibration_only,0.015439292836085972
47320,2016-05-04 20:25:18,True,calibration_only,0.001783686008276064
47325,2016-05-04 20:40:14,True,calibration_only,0.0023209119324256837
47326,2016-05-04 20:40:19,True,calibration_only,0.0007392511623907326
47321,2016-05-04 21:15:19,True,calibration_only,0.009049240836722799
47411,2016-05-05 09:10:15,True,calibration_only,0.00840280198048127
47419,2016-05-05 09:20:20,True,calibration_only,0.0002351478545399568
47415,2016-05-05 09:47:25,True,calibration_only,0.004477677274402535
47414,2016-05-05 09:52:25,True,calibration_only,-0.0027594830879602667
47422,2016-05-05 10:06:15,True,calibration_only,0.0032325946268890616
47418,2016-05-05 10:08:16,True,calibration_only,-0.0015560429719104442
47427,2016-05-05 10:38:16,True,calibration_only,0.010299150947285268
47428,2016-05-05 11:00:16,True,calibration_only,-0.03212268912670668
47440,2016-05-05 11:40:18,True,calibration_only,0.010442780045947283
47436,2016-05-05 12:05:25,True,calibration_only,-0.009966762088955937
47437,2016-05-05 12:10:27,True,calibration_only,-0.0017281970057890063
47439,2016-05-05 12:32:14,True,calibration_only,-0.0005958474290510202
47444,2016-05-05 12:38:16,True,calibration_only,0.0018044180864026337
47454,2016-05-05 13:02:30,True,calibration_only,-0.0011362315615149042
47449,2016-05-05 13:04:18,True,calibration_only,0.007444245078886073
47463,2016-05-05 13:20:15,True,calibration_only,0.0013371907589624157
47464,2016-05-05 13:20:20,True,calibration_only,-0.0006033698221350565
47460,2016-05-05 13:31:19,True,calibration_only,-0.0024532991997415566
47468,2016-05-05 13:40:17,True,calibration_only,0.00025248902918869085
47469,2016-05-05 13:40:17,True,calibration_only,0.009780720039942598
47470,2016-05-05 13:40:19,True,calibration_only,0.009438197873651084
47611,2016-05-06 02:38:19,True,calibration_only,-0.0015910234939581858
47618,2016-05-06 03:00:18,True,calibration_only,0.014693325512262038
47619,2016-05-06 03:00:20,True,calibration_only,0.017340840610371156
47622,2016-05-06 03:30:16,True,calibration_only,-0.0037765959613815948
47630,2016-05-06 04:40:18,True,calibration_only,0.0016179386490790641
47631,2016-05-06 06:04:16,True,calibration_only,0.0011108226843833933
47774,2016-05-06 18:29:16,True,calibration_only,-0.01349920712242213
47772,2016-05-06 18:31:19,True,calibration_only,0.014124555654197637
47777,2016-05-06 18:31:23,True,calibration_only,-0.013414735911289024
47771,2016-05-06 18:39:16,True,calibration_only,-0.015115214338035594
47781,2016-05-06 19:11:20,True,calibration_only,-0.020270032630480023
47805,2016-05-06 21:22:19,True,calibration_only,0.002714496919439433
47804,2016-05-06 21:27:16,True,calibration_only,-0.003651246653453327
47809,2016-05-06 21:51:19,True,calibration_only,0.007605648412682351
47882,2016-05-07 10:29:16,True,calibration_only,0.00456171832770241
47888,2016-05-07 12:00:15,True,calibration_only,0.03845079711087539
47893,2016-05-07 12:33:18,True,calibration_only,-0.0040075821581503175
47897,2016-05-07 14:08:14,True,calibration_only,0.00016832391278403234
47903,2016-05-07 14:20:15,True,calibration_only,-0.005320238013045216
47901,2016-05-07 14:32:16,True,calibration_only,-0.002117813747599792
47905,2016-05-07 14:40:16,True,calibration_only,0.00853747722496953
47906,2016-05-07 14:40:18,True,calibration_only,-0.00021194592951791934
47955,2016-05-08 02:57:17,True,calibration_only,-0.002876962362529256
47954,2016-05-08 03:04:16,True,calibration_only,-0.0038543888091138157
47957,2016-05-08 03:05:15,True,calibration_only,0.0003563839216966296
47958,2016-05-08 03:06:18,True,calibration_only,0.0028685565638014478
47960,2016-05-08 03:32:16,True,calibration_only,0.006285126604205615
47961,2016-05-08 03:48:16,True,calibration_only,0.011530693098312183
47967,2016-05-08 04:27:17,True,calibration_only,-0.0008825960589024825
47964,2016-05-08 04:38:16,True,calibration_only,0.015757540961811083
47971,2016-05-08 05:40:17,True,calibration_only,0.0017135597879442792
47972,2016-05-08 05:49:19,True,calibration_only,-0.00456436627630488
47970,2016-05-08 06:13:15,True,calibration_only,-0.00971812381393534
47969,2016-05-08 06:15:16,True,calibration_only,-0.0002821407138745135
47973,2016-05-08 06:17:15,True,calibration_only,0.00559339479635503
47978,2016-05-08 06:51:15,True,calibration_only,-0.0033948005364112846
47982,2016-05-08 07:24:17,True,calibration_only,-0.006921472248462687
47990,2016-05-08 08:20:14,True,calibration_only,-0.0005538735589222521
47987,2016-05-08 08:21:17,True,calibration_only,0.009261100906977932
47992,2016-05-08 08:40:16,True,calibration_only,0.00397904721967491
47996,2016-05-08 09:00:24,True,calibration_only,0.021542311440980955
48001,2016-05-08 09:20:18,True,calibration_only,0.01123831231935702
48003,2016-05-08 09:40:15,True,calibration_only,-0.0036100385846792246
48005,2016-05-08 10:08:15,True,calibration_only,-0.010704505169299062
47999,2016-05-08 10:13:15,True,calibration_only,-0.006448245608041619
48007,2016-05-08 11:04:16,True,calibration_only,-0.047972802662297864
48009,2016-05-08 11:08:15,True,calibration_only,3.3266817309093345e-05
48010,2016-05-08 11:55:25,True,calibration_only,-0.0014605155759239365
48077,2016-05-08 23:17:19,True,calibration_only,-0.0011122602473091832
48078,2016-05-08 23:43:15,True,calibration_only,-0.00575793004223453
48082,2016-05-09 00:01:15,True,calibration_only,0.0003431372986029829
48079,2016-05-09 00:06:17,True,calibration_only,0.007560801745057771
48088,2016-05-09 00:40:16,True,calibration_only,-0.0014294784880819443
48091,2016-05-09 01:00:15,True,calibration_only,-0.007991246707767425
48092,2016-05-09 01:00:16,True,calibration_only,-0.015527936880759284
48094,2016-05-09 01:00:20,True,calibration_only,0.0003271220930349851
48093,2016-05-09 01:04:18,True,calibration_only,0.005742226888457245
48084,2016-05-09 01:14:15,True,calibration_only,0.007616200218853664
48098,2016-05-09 01:20:16,True,calibration_only,-0.001313977591154744
48086,2016-05-09 01:31:16,True,calibration_only,-0.015311529839051114
48100,2016-05-09 01:40:15,True,calibration_only,0.015021683601825257
48104,2016-05-09 02:00:18,True,calibration_only,-0.013608238131872147
48105,2016-05-09 02:00:20,True,calibration_only,0.02172357921839647
48097,2016-05-09 02:10:15,True,calibration_only,-0.0039510454794764015
48111,2016-05-09 03:04:16,True,calibration_only,0.008046713724757439
48113,2016-05-09 03:20:15,True,calibration_only,0.015178107566358845
48115,2016-05-09 03:39:19,True,calibration_only,-0.0006807730772819534
48119,2016-05-09 04:00:18,True,calibration_only,0.0007684440151182453
48114,2016-05-09 04:13:15,True,calibration_only,-0.01031439695856509
48122,2016-05-09 04:57:17,True,calibration_only,0.01919974619128792
48126,2016-05-09 05:04:15,True,calibration_only,0.0031608616050001342
48121,2016-05-09 05:16:15,True,calibration_only,0.0012557795437537107
48139,2016-05-09 05:20:16,True,calibration_only,0.00351953872355038
48135,2016-05-09 05:36:15,True,calibration_only,0.01677421501981166
48142,2016-05-09 05:40:15,True,calibration_only,-0.01459687550753203
48143,2016-05-09 05:47:17,True,calibration_only,-0.0030892931003676655
48147,2016-05-09 06:00:15,True,calibration_only,0.00043008170494771806
48148,2016-05-09 06:23:20,True,calibration_only,-0.02901961895244723
48160,2016-05-09 07:05:15,True,calibration_only,0.006609785933635227
48153,2016-05-09 07:13:18,True,calibration_only,-0.0028766021256659245
48157,2016-05-09 07:25:16,True,calibration_only,-0.008626341250125232
48172,2016-05-09 08:25:16,True,calibration_only,-0.002218685670804136
48175,2016-05-09 08:40:21,True,calibration_only,0.0030082134945644753
48170,2016-05-09 08:41:16,True,calibration_only,0.0011087169590894008
48171,2016-05-09 08:44:16,True,calibration_only,-0.004868061140041624
48174,2016-05-09 08:55:16,True,calibration_only,0.006221357209653106
48182,2016-05-09 09:20:20,True,calibration_only,-0.0027639641989825694
48180,2016-05-09 09:28:15,True,calibration_only,0.001936944939353688
48192,2016-05-09 10:40:16,True,calibration_only,-0.01773707772995547
48188,2016-05-09 11:01:16,True,calibration_only,-0.0008459084920305268
48189,2016-05-09 11:01:17,True,calibration_only,-0.0008841158617461957
48190,2016-05-09 11:04:17,True,calibration_only,-0.0014899655440946836
48200,2016-05-09 11:38:19,True,calibration_only,-0.0006456999890586844
48195,2016-05-09 11:42:17,True,calibration_only,0.002984045144154939
48199,2016-05-09 11:55:17,True,calibration_only,-0.0018161145563123354
48208,2016-05-09 12:03:17,True,calibration_only,-0.00010420544607163378
48213,2016-05-09 12:19:28,True,calibration_only,-0.006213441310973428
48207,2016-05-09 12:38:17,True,calibration_only,0.0016127909473482617
48367,2016-05-09 23:40:19,True,calibration_only,-0.0014447000936120002
48361,2016-05-10 00:01:17,True,calibration_only,0.004161410301671803
48366,2016-05-10 00:09:16,True,calibration_only,0.005304353785124083
48374,2016-05-10 00:40:17,True,calibration_only,0.011095145067142983
48376,2016-05-10 00:40:19,True,calibration_only,-0.009321471327617669
48382,2016-05-10 01:00:19,True,calibration_only,0.0148042768245212
48384,2016-05-10 01:42:18,True,calibration_only,0.015736492345785516
48389,2016-05-10 02:20:17,True,calibration_only,-0.0012463015868030608
48391,2016-05-10 02:20:18,True,calibration_only,-0.003952361623500123
48399,2016-05-10 03:17:20,True,calibration_only,-0.046230230222653323
48400,2016-05-10 03:17:20,True,calibration_only,0.005724852232556078
48398,2016-05-10 03:19:18,True,calibration_only,0.0011914192828855717
48396,2016-05-10 03:27:16,True,calibration_only,-0.011366615380273552
48402,2016-05-10 03:27:18,True,calibration_only,-0.00042229628926227316
48403,2016-05-10 03:29:18,True,calibration_only,-0.003937301262740063
48397,2016-05-10 03:48:18,True,calibration_only,0.012163812585591322
48409,2016-05-10 04:20:19,True,calibration_only,-0.001571319925238724
48413,2016-05-10 05:00:26,True,calibration_only,0.0030591053187394787
48411,2016-05-10 05:01:15,True,calibration_only,-0.006474460733236353
48414,2016-05-10 05:02:26,True,calibration_only,-0.006179643129215441
48408,2016-05-10 05:05:16,True,calibration_only,-0.007427571490804398
48416,2016-05-10 06:04:16,True,calibration_only,0.00703817589176996
48423,2016-05-10 06:40:20,True,calibration_only,6.299138134624943e-05
48417,2016-05-10 06:49:17,True,calibration_only,0.006066066334216302
48427,2016-05-10 07:14:30,True,calibration_only,-0.004655591319109359
48434,2016-05-10 07:20:16,True,calibration_only,-0.000716808450510763
48433,2016-05-10 07:25:15,True,calibration_only,-0.0062033045000640386
48426,2016-05-10 07:49:26,True,calibration_only,-0.0010293337812278692
48437,2016-05-10 07:59:15,True,calibration_only,0.005594017699348187
48449,2016-05-10 08:00:17,True,calibration_only,0.010668427689306113
48448,2016-05-10 08:03:17,True,calibration_only,0.001930027705778329
48447,2016-05-10 08:36:16,True,calibration_only,0.004376544541473976
48438,2016-05-10 08:38:16,True,calibration_only,-0.004993949676375877
48456,2016-05-10 09:00:20,True,calibration_only,0.0005979188959346761
48457,2016-05-10 09:31:21,True,calibration_only,0.002159517948572438
48462,2016-05-10 10:00:21,True,calibration_only,-0.0013574177856088242
48464,2016-05-10 10:20:18,True,calibration_only,0.004760966731360897
48466,2016-05-10 10:40:16,True,calibration_only,0.0032233514506996644
48471,2016-05-10 11:08:15,True,calibration_only,0.008895075203871327
48472,2016-05-10 11:11:16,True,calibration_only,0.0009298196391240594
48475,2016-05-10 11:20:14,True,calibration_only,-0.0015921541958473888
48481,2016-05-10 11:40:16,True,calibration_only,0.05576453786476682
48482,2016-05-10 11:40:21,True,calibration_only,-0.0059798599784074945
48477,2016-05-10 11:47:19,True,calibration_only,-0.003980299724601115
48474,2016-05-10 12:04:14,True,calibration_only,-0.018938879008225856
48480,2016-05-10 12:27:16,True,calibration_only,0.0006497785716500244
48627,2016-05-10 23:44:16,True,calibration_only,0.00035812614924443924
48640,2016-05-11 00:17:15,True,calibration_only,0.0009452712068203049
48646,2016-05-11 00:20:15,True,calibration_only,0.0018414273912179153
48633,2016-05-11 00:30:15,True,calibration_only,0.004075756508216044
48649,2016-05-11 00:40:15,True,calibration_only,0.008934562971757884
48650,2016-05-11 01:00:15,True,calibration_only,-0.0004966813756978497
48654,2016-05-11 01:49:18,True,calibration_only,0.0002295261009792153
48656,2016-05-11 02:01:19,True,calibration_only,0.010094090803797244
48657,2016-05-11 02:31:16,True,calibration_only,0.0038780050204781143
48663,2016-05-11 03:20:17,True,calibration_only,0.00042666385804032963
48662,2016-05-11 03:55:17,True,calibration_only,0.004023420166922694
48666,2016-05-11 04:20:19,True,calibration_only,0.008455865220056022
48774,2016-05-11 15:53:19,True,calibration_only,-0.00634436774523911
48788,2016-05-11 16:00:17,True,calibration_only,0.004733342650987994
48789,2016-05-11 16:01:19,True,calibration_only,-0.0028880958360019554
48780,2016-05-11 16:03:16,True,calibration_only,-0.004486369129496249
48790,2016-05-11 16:20:20,True,calibration_only,-6.575889680618201e-05
48781,2016-05-11 16:33:18,True,calibration_only,-0.019621820803841047
48798,2016-05-11 16:40:15,True,calibration_only,0.0005011662415674977
48802,2016-05-11 17:00:16,True,calibration_only,0.007011223202452763
48805,2016-05-11 17:20:15,True,calibration_only,-0.0007700666543520821
48815,2016-05-11 18:00:18,True,calibration_only,0.004779497677068724
48818,2016-05-11 18:20:23,True,calibration_only,-0.0009910759808887271
48810,2016-05-11 18:29:17,True,calibration_only,-8.602570861911439e-05
48817,2016-05-11 19:07:17,True,calibration_only,0.01165463223764867
48827,2016-05-11 19:12:16,True,calibration_only,-0.00422293414505278
48835,2016-05-11 19:20:22,True,calibration_only,0.0006292231924736163
48831,2016-05-11 19:41:15,True,calibration_only,0.006710331299476246
48832,2016-05-11 19:43:16,True,calibration_only,0.0054630464454251595
48945,2016-05-12 07:22:16,True,calibration_only,0.0019046972667167428
48944,2016-05-12 07:46:15,True,calibration_only,0.0007009756035825645
48949,2016-05-12 07:55:19,True,calibration_only,0.006923960367746763
48953,2016-05-12 08:02:19,True,calibration_only,0.008565783327641609
48948,2016-05-12 08:25:16,True,calibration_only,0.004033891289073183
48958,2016-05-12 08:40:15,True,calibration_only,-0.0037262939803518486
48959,2016-05-12 09:06:16,True,calibration_only,0.002171203729868211
48964,2016-05-12 09:14:17,True,calibration_only,0.002494438445253006
48960,2016-05-12 09:23:18,True,calibration_only,0.00670058850773457
48968,2016-05-12 10:02:20,True,calibration_only,-0.008040633250602119
48974,2016-05-12 10:20:31,True,calibration_only,0.020719431477097604
48975,2016-05-12 10:40:22,True,calibration_only,0.010554510939115008
48976,2016-05-12 10:40:22,True,calibration_only,-0.009173726925511699
48970,2016-05-12 10:49:20,True,calibration_only,0.007115974727382344
48981,2016-05-12 11:00:16,True,calibration_only,-0.0016309508463717703
48982,2016-05-12 11:03:18,True,calibration_only,-0.0025508450438058335
48972,2016-05-12 11:15:26,True,calibration_only,0.005264185330471294
48986,2016-05-12 12:04:16,True,calibration_only,-0.017821780038613934
49140,2016-05-12 23:46:15,True,calibration_only,0.0035624674907664307
49136,2016-05-12 23:52:16,True,calibration_only,-0.0026315547513260096
49145,2016-05-13 00:00:19,True,calibration_only,0.0012780960132084893
49146,2016-05-13 00:20:16,True,calibration_only,0.006190486777943802
49147,2016-05-13 00:20:19,True,calibration_only,0.0004416153417187022
49150,2016-05-13 00:40:16,True,calibration_only,-0.013703333008580704
49151,2016-05-13 00:40:20,True,calibration_only,0.00538689522650369
49153,2016-05-13 00:40:21,True,calibration_only,0.0005018426251771416
49152,2016-05-13 01:04:20,True,calibration_only,-0.000401499448991283
49159,2016-05-13 01:06:20,True,calibration_only,-0.015501603442383702
49158,2016-05-13 01:34:20,True,calibration_only,0.00031921716678695084
49160,2016-05-13 01:40:21,True,calibration_only,-0.00897374614610788
49166,2016-05-13 01:52:19,True,calibration_only,0.0017612498834379056
49167,2016-05-13 01:57:19,True,calibration_only,-0.0013520015992072873
49171,2016-05-13 02:00:18,True,calibration_only,-0.005155293746306227
49172,2016-05-13 02:09:21,True,calibration_only,0.0009289346376645247
49181,2016-05-13 03:40:17,True,calibration_only,0.004495042772363896
49189,2016-05-13 04:39:20,True,calibration_only,-6.826260187499031e-05
49184,2016-05-13 04:42:16,True,calibration_only,-0.0003434833455223524
49374,2016-05-13 16:00:19,True,calibration_only,-0.005613130239183084
49375,2016-05-13 16:01:21,True,calibration_only,-0.0056655302113094
49366,2016-05-13 16:05:17,True,calibration_only,-0.009982807075653063
49364,2016-05-13 16:20:15,True,calibration_only,0.0008521411010286415
49381,2016-05-13 16:20:17,True,calibration_only,0.0145938865290767
49382,2016-05-13 16:20:22,True,calibration_only,0.02989917482602053
49380,2016-05-13 16:44:17,True,calibration_only,0.0004365877581573418
49386,2016-05-13 17:00:16,True,calibration_only,0.0003182164663521189
49392,2016-05-13 17:00:17,True,calibration_only,-0.0006494640178024936
49397,2016-05-13 17:20:19,True,calibration_only,0.00043022406275708067
49387,2016-05-13 17:23:18,True,calibration_only,0.020980779622257233
49401,2016-05-13 17:40:17,True,calibration_only,0.007618544372266254
49402,2016-05-13 17:40:17,True,calibration_only,-0.00031124440762186147
49398,2016-05-13 18:08:19,True,calibration_only,0.011230189559140128
49403,2016-05-13 18:08:20,True,calibration_only,0.0037261192197530608
49413,2016-05-13 19:03:20,True,calibration_only,0.006417100302819979
49416,2016-05-13 19:10:23,True,calibration_only,-0.002607567071509033
49415,2016-05-13 19:13:22,True,calibration_only,0.0002649123588002676
49407,2016-05-13 19:25:20,True,calibration_only,-0.002778869697111703
49541,2016-05-14 09:00:21,True,calibration_only,0.010071557059128263
49543,2016-05-14 09:33:16,True,calibration_only,0.009800349105839753
49544,2016-05-14 09:53:17,True,calibration_only,-0.001595922390534625
49546,2016-05-14 11:07:21,True,calibration_only,0.0028028527131254907
49618,2016-05-14 22:54:15,True,calibration_only,-0.010716934577389085
49621,2016-05-14 23:20:20,True,calibration_only,0.0022309098993325083
49625,2016-05-15 01:31:16,True,calibration_only,-0.014122237124331546
49630,2016-05-15 02:03:17,True,calibration_only,0.00019696064167212595
49641,2016-05-15 04:40:20,True,calibration_only,-8.502603823334077e-06
49638,2016-05-15 05:01:18,True,calibration_only,0.00040316691546180526
49640,2016-05-15 05:01:19,True,calibration_only,0.002658014278249146
49642,2016-05-15 05:01:25,True,calibration_only,-0.0015151450764810063
49643,2016-05-15 05:01:30,True,calibration_only,-0.00858081313272166
49709,2016-05-15 17:00:16,True,calibration_only,0.006424036353215782
49700,2016-05-15 17:11:16,True,calibration_only,0.0016393640049201911
49713,2016-05-15 17:40:17,True,calibration_only,-0.002240805141682671
49718,2016-05-15 18:20:22,True,calibration_only,0.0010120580374279632
49712,2016-05-15 18:25:17,True,calibration_only,0.00020034207964930023
49717,2016-05-15 18:49:17,True,calibration_only,0.017519741743333435
49719,2016-05-15 19:12:22,True,calibration_only,0.02236383985604257
49723,2016-05-15 19:40:32,True,calibration_only,0.013644209059775307
49722,2016-05-15 19:41:21,True,calibration_only,-0.005203635760373224
49725,2016-05-15 20:23:16,True,calibration_only,-0.01008957904052632
49727,2016-05-15 20:23:16,True,calibration_only,-0.00028455840027334645
49728,2016-05-15 21:00:21,True,calibration_only,-0.0010979473635114702
49729,2016-05-15 21:20:22,True,calibration_only,-0.0010161917934841114
49730,2016-05-15 22:05:21,True,calibration_only,0.005156432469102699
49825,2016-05-16 09:45:17,True,calibration_only,0.0026463961940244854
49832,2016-05-16 10:03:18,True,calibration_only,0.000154228732555918
49830,2016-05-16 10:07:20,True,calibration_only,0.04065903281326
49841,2016-05-16 11:01:17,True,calibration_only,0.0070221078409565575
49849,2016-05-16 11:04:18,True,calibration_only,0.0017621197634858296
49839,2016-05-16 11:06:24,True,calibration_only,0.019450412803308392
49840,2016-05-16 11:14:17,True,calibration_only,-0.04394065170814868
49848,2016-05-16 11:34:17,True,calibration_only,0.017769018907399833
49853,2016-05-16 12:07:18,True,calibration_only,-0.00016502835632861354
49854,2016-05-16 12:11:23,True,calibration_only,-0.007886740897999619
49863,2016-05-16 12:20:22,True,calibration_only,0.01231101992231958
49867,2016-05-16 12:40:20,True,calibration_only,0.040680000715439105
49862,2016-05-16 12:57:21,True,calibration_only,-0.0012791405463063114
49872,2016-05-16 13:00:16,True,calibration_only,-0.0023971458304456596
49873,2016-05-16 13:00:19,True,calibration_only,-0.01100876438097037
49874,2016-05-16 13:00:19,True,calibration_only,-0.005481998825420723
49875,2016-05-16 13:00:22,True,calibration_only,-0.0006231130696527573
49884,2016-05-16 13:20:17,True,calibration_only,0.006915682029197216
49876,2016-05-16 13:23:22,True,calibration_only,-0.000579712701947603
49881,2016-05-16 13:34:16,True,calibration_only,0.0030739541432195615
49868,2016-05-16 13:35:21,True,calibration_only,-0.004402818914189876
49883,2016-05-16 13:43:17,True,calibration_only,0.010068792593074308
49891,2016-05-16 13:49:18,True,calibration_only,-0.0036490438458430655
49882,2016-05-16 14:09:16,True,calibration_only,0.008131904864413533
49900,2016-05-16 14:38:22,True,calibration_only,0.00520420922614815
49915,2016-05-16 14:40:18,True,calibration_only,-0.00028813108732142316
49912,2016-05-16 14:45:16,True,calibration_only,0.001492872475280253
49898,2016-05-16 14:46:16,True,calibration_only,0.00022334302685834162
49907,2016-05-16 14:50:21,True,calibration_only,-0.0007584966170958753
49913,2016-05-16 14:55:16,True,calibration_only,-0.0021671524920007495
49914,2016-05-16 15:05:16,True,calibration_only,-0.00012684920900476614
49916,2016-05-16 15:16:18,True,calibration_only,0.0023698871696166174
49917,2016-05-16 15:16:21,True,calibration_only,0.003614924306745884
49928,2016-05-16 15:27:16,True,calibration_only,-0.0030462986634426214
49922,2016-05-16 15:40:18,True,calibration_only,0.012348498852517962
49939,2016-05-16 16:31:16,True,calibration_only,-0.0034083657448697666
49947,2016-05-16 17:00:19,True,calibration_only,-0.016513934277640696
49943,2016-05-16 17:19:16,True,calibration_only,-0.0073053873078017285
49951,2016-05-16 17:20:22,True,calibration_only,0.00771660922949198
49950,2016-05-16 17:37:16,True,calibration_only,-0.04635726547714782
49955,2016-05-16 17:40:17,True,calibration_only,0.026441127638867013
50066,2016-05-17 05:20:19,True,calibration_only,0.011435468029825306
50065,2016-05-17 05:27:16,True,calibration_only,-0.006938318283182948
50068,2016-05-17 05:40:17,True,calibration_only,-0.001027507384262064
50070,2016-05-17 06:00:16,True,calibration_only,-0.0006012385717546892
50071,2016-05-17 06:27:17,True,calibration_only,-1.2191590085981752e-06
50075,2016-05-17 06:43:20,True,calibration_only,0.004125322217922438
50076,2016-05-17 07:00:16,True,calibration_only,0.004865323997801577
50079,2016-05-17 07:03:17,True,calibration_only,0.0022687610062160114
50082,2016-05-17 07:41:16,True,calibration_only,0.0121409050778005
50080,2016-05-17 07:56:18,True,calibration_only,0.0007258975968082448
50087,2016-05-17 08:01:21,True,calibration_only,0.006657360456194007
50094,2016-05-17 09:10:20,True,calibration_only,-0.00039094637144050675
50100,2016-05-17 09:20:16,True,calibration_only,0.001803533918473375
50093,2016-05-17 09:27:19,True,calibration_only,-0.00040192097584443927
50106,2016-05-17 09:40:23,True,calibration_only,0.006334537473228624
50112,2016-05-17 10:00:19,True,calibration_only,0.0012246934709414866
50111,2016-05-17 10:20:17,True,calibration_only,0.002572246764073006
50110,2016-05-17 10:35:17,True,calibration_only,0.006448363527443419
50121,2016-05-17 11:00:17,True,calibration_only,-0.004677867977543493
50124,2016-05-17 11:20:22,True,calibration_only,-0.00014255951670686152
50123,2016-05-17 12:01:18,True,calibration_only,0.009485240245266043
50266,2016-05-17 23:18:18,True,calibration_only,-0.0071681519157862335
50270,2016-05-17 23:20:19,True,calibration_only,-0.010069755731938954
50269,2016-05-17 23:24:16,True,calibration_only,-0.00601138463114554
50275,2016-05-17 23:40:18,True,calibration_only,0.0033529203771210173
50272,2016-05-17 23:42:20,True,calibration_only,0.013104394447324686
50271,2016-05-17 23:47:18,True,calibration_only,0.0018165992864363012
50274,2016-05-17 23:48:18,True,calibration_only,0.03470975351210656
50282,2016-05-18 00:20:17,True,calibration_only,8.521050570870539e-06
50281,2016-05-18 01:04:17,True,calibration_only,0.0003068243973554756
50291,2016-05-18 01:13:16,True,calibration_only,0.04534796848307621
50299,2016-05-18 01:32:19,True,calibration_only,-0.018126670790010607
50295,2016-05-18 01:38:20,True,calibration_only,-0.004275573690972673
50304,2016-05-18 01:41:17,True,calibration_only,0.0014968744216191446
50310,2016-05-18 02:20:20,True,calibration_only,-0.0038099233520819758
50309,2016-05-18 02:23:19,True,calibration_only,0.004591553696313127
50307,2016-05-18 02:24:17,True,calibration_only,0.015943370966957485
50312,2016-05-18 02:40:21,True,calibration_only,0.003216100271563698
50308,2016-05-18 02:49:20,True,calibration_only,0.010924053694248387
50315,2016-05-18 03:53:18,True,calibration_only,-0.012972739713335232
50318,2016-05-18 04:33:22,True,calibration_only,-0.01626773275635084
50400,2016-05-20 14:00:04,True,calibration_only,0.009182530754309925
50423,2016-05-20 14:00:06,True,calibration_only,-0.0006098852162204061
50437,2016-05-20 14:00:08,True,calibration_only,0.00559554694090772
50450,2016-05-20 14:00:09,True,calibration_only,0.0002114742321227673
50414,2016-05-20 14:03:05,True,calibration_only,0.01108639615444524
50605,2016-05-20 14:20:09,True,calibration_only,-0.0016339214324677179
50601,2016-05-20 14:45:04,True,calibration_only,0.02283183496913107
50627,2016-05-20 15:00:10,True,calibration_only,-0.005903606779815641
50636,2016-05-20 15:22:06,True,calibration_only,-0.0026426862996302676
50639,2016-05-20 15:31:09,True,calibration_only,-0.007586056626956338
50651,2016-05-20 15:40:09,True,calibration_only,-0.0005045577331888396
50663,2016-05-20 16:10:07,True,calibration_only,-0.0005583972121805307
50673,2016-05-20 16:20:10,True,calibration_only,-0.021266777217921265
50672,2016-05-20 16:25:09,True,calibration_only,0.010185302480752754
50671,2016-05-20 16:41:06,True,calibration_only,0.002056970891532209
50664,2016-05-20 16:54:09,True,calibration_only,-0.0009189305398166463
50697,2016-05-20 17:40:04,True,calibration_only,0.0008286923835529476
50690,2016-05-20 18:00:07,True,calibration_only,0.00035287550731462146
50699,2016-05-20 18:03:08,True,calibration_only,0.008703317761481304
50698,2016-05-20 18:11:05,True,calibration_only,0.00043715297484599744
50691,2016-05-20 18:12:08,True,calibration_only,-0.001109675519190452
50705,2016-05-20 18:28:05,True,calibration_only,0.01605642891972342
50707,2016-05-20 18:36:04,True,calibration_only,0.043186807057753004
50710,2016-05-20 18:40:06,True,calibration_only,-0.00017837721183662646
50709,2016-05-20 19:07:04,True,calibration_only,0.0005184308086236614
50719,2016-05-20 19:40:05,True,calibration_only,-0.004151907389335616
50721,2016-05-20 19:50:10,True,calibration_only,-0.014592415774336488
50718,2016-05-20 19:55:06,True,calibration_only,-0.015804120313952397
50729,2016-05-20 20:20:05,True,calibration_only,0.009610046798326433
50731,2016-05-20 20:24:10,True,calibration_only,0.008064050456510399
50738,2016-05-20 21:00:04,True,calibration_only,-0.005506098342171157
50733,2016-05-20 21:15:11,True,calibration_only,-0.004728679301998777
50737,2016-05-20 21:29:04,True,calibration_only,0.0027038578851637796
50743,2016-05-20 22:26:05,True,calibration_only,0.006190508112767795
50750,2016-05-20 22:40:08,True,calibration_only,0.0019745549637490076
50749,2016-05-20 22:43:05,True,calibration_only,-0.013393211348298066
50745,2016-05-20 22:56:11,True,calibration_only,-0.005813410496129056
50753,2016-05-20 23:00:09,True,calibration_only,-0.0042476787774170036
50752,2016-05-20 23:12:04,True,calibration_only,0.007863262326222111
50759,2016-05-21 00:22:06,True,calibration_only,-0.0006826352333012191
50763,2016-05-21 01:36:04,True,calibration_only,-0.015413311207088477
50765,2016-05-21 01:50:04,True,calibration_only,-0.007180100940280007
50773,2016-05-21 02:20:03,True,calibration_only,0.0035616836834821523
50779,2016-05-21 03:20:06,True,calibration_only,0.0012688863139872966
50790,2016-05-21 07:19:04,True,calibration_only,-0.0075324075967505115
50881,2016-05-21 19:00:04,True,calibration_only,0.0006020480856628262
50875,2016-05-21 19:09:05,True,calibration_only,-0.0027147634151441138
50884,2016-05-21 19:37:04,True,calibration_only,-1.4246050833286755e-05
50885,2016-05-21 19:50:05,True,calibration_only,-0.0068006217537263935
50888,2016-05-21 20:32:07,True,calibration_only,-0.004629950414567683
50889,2016-05-21 20:37:07,True,calibration_only,-0.0003532960846239728
50890,2016-05-21 20:43:06,True,calibration_only,0.022447394704361218
50893,2016-05-21 21:40:05,True,calibration_only,0.0024340951882479145
50895,2016-05-21 22:10:06,True,calibration_only,-0.00016944589922898018
50897,2016-05-21 23:04:06,True,calibration_only,0.0010650095549789116
50901,2016-05-21 23:20:08,True,calibration_only,-0.007454887585922134
50912,2016-05-22 01:43:09,True,calibration_only,-0.007257576460053098
50915,2016-05-22 02:18:08,True,calibration_only,-0.00279943964543463
50958,2016-05-22 14:54:05,True,calibration_only,-0.008247461201258407
50964,2016-05-22 15:03:09,True,calibration_only,-0.002949150927371399
50959,2016-05-22 15:05:10,True,calibration_only,-0.0018010156650984516
50963,2016-05-22 15:06:05,True,calibration_only,-0.00416054643886446
50969,2016-05-22 15:13:07,True,calibration_only,-0.0036075817603850764
50971,2016-05-22 15:20:04,True,calibration_only,0.0014541604909382672
50972,2016-05-22 15:20:04,True,calibration_only,0.0003174725634638373
50977,2016-05-22 17:01:04,True,calibration_only,0.0005092441192648226
50978,2016-05-22 17:08:04,True,calibration_only,-0.0044712211497392185
50983,2016-05-22 17:10:06,True,calibration_only,-0.0010699012930339945
50979,2016-05-22 17:19:08,True,calibration_only,0.005175959402957803
50998,2016-05-22 19:01:06,True,calibration_only,0.0004273316447039174
50996,2016-05-22 19:26:04,True,calibration_only,0.0067525250129052295
50999,2016-05-22 20:02:04,True,calibration_only,0.0327349508749761
51008,2016-05-22 20:10:09,True,calibration_only,-0.002696330207960544
51007,2016-05-22 20:59:07,True,calibration_only,0.004812638810012974
51017,2016-05-22 21:52:08,True,calibration_only,-0.003655463659526125
51019,2016-05-22 22:06:04,True,calibration_only,-0.007074086945213359
51023,2016-05-22 22:16:09,True,calibration_only,0.0002188271876156821
51124,2016-05-23 09:39:05,True,calibration_only,-0.0007155155682649903
51129,2016-05-23 09:56:06,True,calibration_only,-0.002392548070249214
51130,2016-05-23 09:56:10,True,calibration_only,1.3928688761020228e-05
51133,2016-05-23 10:07:08,True,calibration_only,0.009129333316762668
51128,2016-05-23 10:13:05,True,calibration_only,-0.0009423983932826951
51134,2016-05-23 10:20:10,True,calibration_only,0.0021012694534893357
51136,2016-05-23 10:47:04,True,calibration_only,-0.013643271145595702
51140,2016-05-23 11:00:04,True,calibration_only,-0.005572744125445832
51148,2016-05-23 11:00:05,True,calibration_only,-0.006882921353723721
51144,2016-05-23 11:04:09,True,calibration_only,0.0021645757346434036
51143,2016-05-23 11:17:08,True,calibration_only,0.0018718324965451441
51142,2016-05-23 11:19:04,True,calibration_only,5.436092820518962e-05
51141,2016-05-23 11:20:04,True,calibration_only,-0.0012809778994088278
51154,2016-05-23 11:40:08,True,calibration_only,-0.001436972171489009
51147,2016-05-23 11:56:04,True,calibration_only,0.019123379403629858
51151,2016-05-23 12:07:08,True,calibration_only,0.0011548781629763397
51177,2016-05-23 13:00:05,True,calibration_only,-0.00046185892265284973
51165,2016-05-23 13:05:07,True,calibration_only,-0.001177537680441611
51171,2016-05-23 13:14:09,True,calibration_only,-0.012698741755273833
51182,2016-05-23 13:20:08,True,calibration_only,-0.0014013069569025899
51176,2016-05-23 13:32:05,True,calibration_only,-0.005033481023575244
51175,2016-05-23 13:39:04,True,calibration_only,-0.0029155007576986067
51178,2016-05-23 13:40:05,True,calibration_only,-0.003959381129896682
51191,2016-05-23 13:40:10,True,calibration_only,0.013027089016095051
51190,2016-05-23 13:44:09,True,calibration_only,-0.005897922746065591
51189,2016-05-23 14:08:05,True,calibration_only,-0.007155425636170064
51188,2016-05-23 14:23:04,True,calibration_only,-0.00170959909040308
51204,2016-05-23 14:40:10,True,calibration_only,-0.0021732330007893106
51200,2016-05-23 14:59:05,True,calibration_only,-0.0021067344498700083
51202,2016-05-23 15:06:07,True,calibration_only,-0.0021886243779009103
51201,2016-05-23 15:11:06,True,calibration_only,-0.0020971518370835962
51210,2016-05-23 15:20:11,True,calibration_only,-0.004211389203098666
51203,2016-05-23 15:30:10,True,calibration_only,-0.008278031869859244
51214,2016-05-23 15:40:11,True,calibration_only,0.00103591117567935
51209,2016-05-23 15:47:09,True,calibration_only,-0.001903392087088466
51208,2016-05-23 15:58:06,True,calibration_only,-0.0013235184689467322
51220,2016-05-23 16:00:09,True,calibration_only,-0.00646429629133349
51224,2016-05-23 16:20:04,True,calibration_only,0.0009102158168565899
51225,2016-05-23 16:20:07,True,calibration_only,-0.007177573632714936
51226,2016-05-23 16:37:11,True,calibration_only,-0.0014714235526799842
51231,2016-05-23 16:40:05,True,calibration_only,-0.0008479615445525861
51230,2016-05-23 17:03:05,True,calibration_only,0.0073037762334687804
51253,2016-05-23 17:21:09,True,calibration_only,-0.000336707009847715
51252,2016-05-23 17:49:08,True,calibration_only,-0.003309696105260527
51363,2016-05-24 04:43:06,True,calibration_only,0.0013007384493627198
51369,2016-05-24 06:16:07,True,calibration_only,0.0077023963788523594
51377,2016-05-24 06:40:07,True,calibration_only,-0.0019067688839454165
51378,2016-05-24 06:59:08,True,calibration_only,0.0015891976103529987
51382,2016-05-24 07:00:10,True,calibration_only,-0.02540263344400387
51375,2016-05-24 07:02:04,True,calibration_only,-0.009054433820153585
51383,2016-05-24 07:18:14,True,calibration_only,0.012473875820995139
51376,2016-05-24 07:28:05,True,calibration_only,-0.004368343325291617
51388,2016-05-24 08:15:05,True,calibration_only,-0.0021595239218289083
51392,2016-05-24 08:16:06,True,calibration_only,0.0016395229548631651
51387,2016-05-24 08:24:04,True,calibration_only,-0.006100459903215883
51389,2016-05-24 08:31:05,True,calibration_only,-0.01492949087282102
51397,2016-05-24 08:42:05,True,calibration_only,0.002686684355153044
51401,2016-05-24 08:49:06,True,calibration_only,4.556396783307747e-05
51403,2016-05-24 09:20:06,True,calibration_only,0.0015985257727413283
51410,2016-05-24 10:02:07,True,calibration_only,-0.008827604738333118
51404,2016-05-24 10:02:09,True,calibration_only,-0.012343010950920226
51408,2016-05-24 10:03:09,True,calibration_only,-0.001252897917795849
51407,2016-05-24 10:05:09,True,calibration_only,-0.0014481018950474635
51402,2016-05-24 10:16:06,True,calibration_only,-0.0048351530391126
51416,2016-05-24 10:20:07,True,calibration_only,0.008448872832713112
51411,2016-05-24 10:34:09,True,calibration_only,-0.0016904014138935995
51420,2016-05-24 10:40:06,True,calibration_only,-0.007071226414561933
51409,2016-05-24 10:43:05,True,calibration_only,0.014809260760987965
51415,2016-05-24 10:59:05,True,calibration_only,0.006617407009652028
51580,2016-05-24 22:03:08,True,calibration_only,0.021049177484005165
51577,2016-05-24 22:16:06,True,calibration_only,-0.0005721918670097293
51585,2016-05-24 23:03:04,True,calibration_only,-0.011659286380757746
51594,2016-05-24 23:20:09,True,calibration_only,0.0054002445284698705
51593,2016-05-24 23:44:04,True,calibration_only,-0.009168655729752655
51592,2016-05-24 23:59:04,True,calibration_only,-0.0003485226966540571
51596,2016-05-25 00:05:07,True,calibration_only,0.0025793733715261252
51600,2016-05-25 00:38:09,True,calibration_only,0.00851856332229768
51599,2016-05-25 00:45:08,True,calibration_only,0.003419452613014594
51608,2016-05-25 01:00:09,True,calibration_only,0.0006067337830849111
51605,2016-05-25 01:04:07,True,calibration_only,-0.0027882220249991277
51613,2016-05-25 02:00:07,True,calibration_only,-0.00955515182110904
51621,2016-05-25 02:40:08,True,calibration_only,0.00199950309634926
51620,2016-05-25 03:17:07,True,calibration_only,-0.0005229905233469856
51623,2016-05-25 03:40:06,True,calibration_only,-0.00119930651287754
51789,2016-05-25 14:32:07,True,calibration_only,-0.00532859034402805
51796,2016-05-25 14:40:06,True,calibration_only,-0.016466364888072564
51788,2016-05-25 14:54:06,True,calibration_only,-0.0005824959288037914
51801,2016-05-25 15:00:10,True,calibration_only,-1.2044535111697908e-07
51802,2016-05-25 15:00:10,True,calibration_only,-0.011723428025963278
51792,2016-05-25 15:04:05,True,calibration_only,-0.000966188972885593
51807,2016-05-25 15:58:05,True,calibration_only,-0.0005471226578673173
51830,2016-05-25 16:40:06,True,calibration_only,-0.0013009486486222
51831,2016-05-25 16:42:09,True,calibration_only,0.0029909349964505807
51824,2016-05-25 17:01:10,True,calibration_only,0.0008670073270262975
51838,2016-05-25 17:05:05,True,calibration_only,2.283963641041938e-05
51846,2016-05-25 17:20:06,True,calibration_only,-0.0015472811530556382
51848,2016-05-25 17:28:11,True,calibration_only,0.004742657793375037
51855,2016-05-25 18:25:05,True,calibration_only,-0.025072975306087382
51958,2016-05-26 05:42:04,True,calibration_only,0.0026373090455347947
51961,2016-05-26 05:45:04,True,calibration_only,-0.010880782869147409
51969,2016-05-26 06:00:05,True,calibration_only,-0.007805646470059869
51960,2016-05-26 06:05:07,True,calibration_only,0.00892677858336964
51972,2016-05-26 06:20:05,True,calibration_only,-0.00746459855617853
51975,2016-05-26 07:22:06,True,calibration_only,-0.005411138523092338
51977,2016-05-26 07:38:04,True,calibration_only,-0.0004293587135165644
51979,2016-05-26 07:40:05,True,calibration_only,-0.0005201315308226541
51985,2016-05-26 08:00:05,True,calibration_only,0.0008811397314589771
51984,2016-05-26 08:16:04,True,calibration_only,0.010608873475658124
51990,2016-05-26 09:00:04,True,calibration_only,-0.0074960818446008735
51991,2016-05-26 09:00:05,True,calibration_only,0.010782528917627841
51994,2016-05-26 09:00:07,True,calibration_only,0.013380409716193213
51989,2016-05-26 09:14:10,True,calibration_only,-0.00039939792226627644
51998,2016-05-26 09:20:06,True,calibration_only,-0.0002153536657847141
52000,2016-05-26 09:29:08,True,calibration_only,0.004235114797338029
51992,2016-05-26 09:32:05,True,calibration_only,0.0006458429434889498
51999,2016-05-26 09:33:06,True,calibration_only,0.006275710998346777
51996,2016-05-26 09:35:10,True,calibration_only,-0.011102629160964224
51993,2016-05-26 09:44:05,True,calibration_only,0.0036418248034183077
52160,2016-05-26 21:05:06,True,calibration_only,-0.003294145400231576
52161,2016-05-26 21:21:10,True,calibration_only,0.0008789847755258707
52159,2016-05-26 21:41:05,True,calibration_only,-0.01678130553358217
52166,2016-05-26 21:46:09,True,calibration_only,3.1921867900377944e-05
52164,2016-05-26 22:06:05,True,calibration_only,-0.0050050936937508905
52175,2016-05-26 22:20:06,True,calibration_only,0.0034070268036440095
52183,2016-05-26 23:22:09,True,calibration_only,0.00512919248473135
52182,2016-05-26 23:26:07,True,calibration_only,0.0036044510148968284
52187,2016-05-27 00:24:04,True,calibration_only,0.006267331420618824
52193,2016-05-27 01:00:05,True,calibration_only,-0.0031864864546781863
52194,2016-05-27 01:00:06,True,calibration_only,-0.001699093669689615
52195,2016-05-27 01:03:10,True,calibration_only,-0.008883581312994902
52310,2016-05-27 12:40:21,True,calibration_only,-0.0033748010350374124
52300,2016-05-27 12:46:05,True,calibration_only,0.005386653126104014
52302,2016-05-27 12:51:07,True,calibration_only,-0.0035715812794186695
52304,2016-05-27 12:54:10,True,calibration_only,-0.01269536340029571
52309,2016-05-27 12:56:15,True,calibration_only,-4.475541943927547e-06
52303,2016-05-27 13:01:10,True,calibration_only,-0.0021747330940462464
52322,2016-05-27 13:20:11,True,calibration_only,0.01053080468671222
52318,2016-05-27 13:26:11,True,calibration_only,-0.0015153168489400789
52308,2016-05-27 13:32:15,True,calibration_only,0.006999259876342862
52314,2016-05-27 13:36:05,True,calibration_only,0.014471777024738173
52321,2016-05-27 13:36:06,True,calibration_only,0.015522460826809501
52330,2016-05-27 13:40:05,True,calibration_only,0.010066389953997078
52332,2016-05-27 13:40:12,True,calibration_only,-0.005300013833187651
52333,2016-05-27 13:40:12,True,calibration_only,0.008394756369457898
52317,2016-05-27 13:42:10,True,calibration_only,8.700738720251157e-05
52316,2016-05-27 13:47:08,True,calibration_only,-0.005189357246329388
52329,2016-05-27 13:51:05,True,calibration_only,-0.0026232629814010528
52341,2016-05-27 14:00:10,True,calibration_only,0.000474952509292555
52320,2016-05-27 14:07:05,True,calibration_only,0.0069166498841515996
52340,2016-05-27 14:20:07,True,calibration_only,-0.0035270058167421008
52344,2016-05-27 14:20:07,True,calibration_only,0.0006844831406654993
52347,2016-05-27 14:20:10,True,calibration_only,0.006803809527133841
52351,2016-05-27 14:40:10,True,calibration_only,0.000756389198146318
52354,2016-05-27 15:00:10,True,calibration_only,-3.4370844326355066e-05
52345,2016-05-27 15:15:08,True,calibration_only,0.0002968329857838993
52350,2016-05-27 15:36:06,True,calibration_only,-0.017237206215794415
52357,2016-05-27 15:58:14,True,calibration_only,0.00034630725251182895
52360,2016-05-27 16:04:08,True,calibration_only,-0.011525511775277164
52466,2016-05-28 04:43:07,True,calibration_only,0.004845961380073514
52472,2016-05-28 06:11:07,True,calibration_only,-0.0043534870594361084
52484,2016-05-28 07:00:05,True,calibration_only,0.007027371606505104
52480,2016-05-28 07:07:05,True,calibration_only,-0.008803060120973327
52483,2016-05-28 07:37:05,True,calibration_only,-0.039249295825567104
52540,2016-05-28 22:08:06,True,calibration_only,0.001688464350163444
52544,2016-05-28 23:00:08,True,calibration_only,0.0004942300658953135
52541,2016-05-28 23:01:05,True,calibration_only,0.0026618138245588915
52546,2016-05-28 23:20:05,True,calibration_only,-0.0001654175843402698
52549,2016-05-29 00:13:09,True,calibration_only,-0.004929003074263888
52550,2016-05-29 00:35:05,True,calibration_only,-0.0017707268554332247
52551,2016-05-29 01:09:12,True,calibration_only,-0.014102833569134623
52555,2016-05-29 01:21:06,True,calibration_only,0.0013475634578046323
52558,2016-05-29 01:58:08,True,calibration_only,-4.6288476335472884e-05
52557,2016-05-29 02:25:05,True,calibration_only,-5.432535521516439e-05
52561,2016-05-29 03:11:06,True,calibration_only,0.001142616360410626
52565,2016-05-29 03:20:09,True,calibration_only,0.009271762296550738
52627,2016-05-29 16:26:05,True,calibration_only,0.002241221497685939
52636,2016-05-29 16:40:05,True,calibration_only,-0.004611099172577113
52641,2016-05-29 17:00:07,True,calibration_only,-7.982888949209564e-06
52642,2016-05-29 17:00:09,True,calibration_only,-0.0007474567633183937
52632,2016-05-29 17:04:05,True,calibration_only,0.0007823884676421266
52645,2016-05-29 17:20:07,True,calibration_only,-0.01034217269117461
52653,2016-05-29 18:02:07,True,calibration_only,7.053030812068488e-05
52650,2016-05-29 18:08:05,True,calibration_only,0.0008941353637156442
52659,2016-05-29 18:20:10,True,calibration_only,0.011722357655500205
52651,2016-05-29 18:29:05,True,calibration_only,-0.004004159494787291
52655,2016-05-29 18:31:05,True,calibration_only,0.0007874692127219749
52661,2016-05-29 19:25:05,True,calibration_only,0.016168695534705874
52664,2016-05-29 19:59:06,True,calibration_only,0.0003387116166431745
52667,2016-05-29 20:00:11,True,calibration_only,-0.006796390220103945
52663,2016-05-29 20:01:05,True,calibration_only,0.061510810963042034
52675,2016-05-29 22:00:09,True,calibration_only,-8.097317979411777e-06
52673,2016-05-29 22:16:10,True,calibration_only,-0.00034221730661345914
52674,2016-05-29 22:46:06,True,calibration_only,-0.001675871504998927
52785,2016-05-30 10:02:08,True,calibration_only,0.02010360803367774
52783,2016-05-30 10:11:06,True,calibration_only,-0.008139133346216236
52784,2016-05-30 10:11:07,True,calibration_only,-0.005632852949029548
52782,2016-05-30 10:16:06,True,calibration_only,-0.002165538878957606
52789,2016-05-30 10:20:07,True,calibration_only,-0.008752902209344802
52787,2016-05-30 10:23:06,True,calibration_only,0.0028601109394553806
52791,2016-05-30 10:23:08,True,calibration_only,-0.0006909288993815089
52795,2016-05-30 10:40:06,True,calibration_only,-0.0020810448714716524
52794,2016-05-30 10:41:05,True,calibration_only,-0.0015546911106874717
52797,2016-05-30 11:00:05,True,calibration_only,0.00871361505677734
52790,2016-05-30 11:08:07,True,calibration_only,-0.003623971960428192
52800,2016-05-30 11:20:09,True,calibration_only,0.004628716163398702
52796,2016-05-30 11:23:07,True,calibration_only,0.0070675750924983835
52798,2016-05-30 11:42:07,True,calibration_only,0.004245373486223492
52804,2016-05-30 12:08:06,True,calibration_only,0.0014598589342934975
52805,2016-05-30 12:22:08,True,calibration_only,-0.0004849866639206127
52809,2016-05-30 12:41:08,True,calibration_only,-0.005876458842633624
52815,2016-05-30 12:49:06,True,calibration_only,-0.015286989123771882
52817,2016-05-30 12:56:07,True,calibration_only,-0.004089368491279832
52813,2016-05-30 13:00:05,True,calibration_only,0.00021295167093852985
52820,2016-05-30 13:09:09,True,calibration_only,-0.002243906106930923
52822,2016-05-30 13:20:08,True,calibration_only,-0.00833358414936576
52828,2016-05-30 13:45:10,True,calibration_only,-0.004515518164729027
52832,2016-05-30 14:00:08,True,calibration_only,-0.0002235548427936755
52826,2016-05-30 14:01:08,True,calibration_only,-0.0004199743891613837
52827,2016-05-30 14:03:10,True,calibration_only,0.0015942935032198001
52825,2016-05-30 14:17:06,True,calibration_only,-0.01500971756697955
52833,2016-05-30 14:39:08,True,calibration_only,0.0015452907727174078
52838,2016-05-30 14:45:06,True,calibration_only,0.0012705089965317734
52846,2016-05-30 15:00:09,True,calibration_only,-0.005723693159873713
52847,2016-05-30 15:00:11,True,calibration_only,-0.004129386933749033
52848,2016-05-30 15:00:11,True,calibration_only,-0.009277386331042022
52839,2016-05-30 15:04:07,True,calibration_only,0.002243800115545088
52840,2016-05-30 15:08:09,True,calibration_only,-0.005882006530101076
52845,2016-05-30 15:13:05,True,calibration_only,-0.007701802282269091
52843,2016-05-30 15:17:06,True,calibration_only,0.0009309243971403307
52841,2016-05-30 15:17:10,True,calibration_only,0.005082293197231327
52860,2016-05-30 15:42:07,True,calibration_only,-0.003401789269198291
52854,2016-05-30 15:43:09,True,calibration_only,-0.000536287335663666
52856,2016-05-30 16:01:05,True,calibration_only,-0.021733883796898154
52864,2016-05-30 16:20:06,True,calibration_only,-0.0009667441850252706
52865,2016-05-30 16:20:11,True,calibration_only,-0.01582301661397813
52875,2016-05-30 17:00:06,True,calibration_only,0.00012042914952523943
52876,2016-05-30 17:14:07,True,calibration_only,-0.002097927540125101
52885,2016-05-30 17:20:05,True,calibration_only,-0.00017216702077366142
52874,2016-05-30 17:32:05,True,calibration_only,0.002769896789198445
52878,2016-05-30 17:32:11,True,calibration_only,-0.0023024372253252837
52883,2016-05-30 17:37:05,True,calibration_only,-0.008973701039084523
52889,2016-05-30 18:20:06,True,calibration_only,0.0006909915312145951
52905,2016-05-30 18:40:08,True,calibration_only,0.004842203255321466
52906,2016-05-30 18:40:08,True,calibration_only,-0.014332518995242866
52899,2016-05-30 19:14:09,True,calibration_only,-0.0003994641991704618
53023,2016-05-31 06:32:06,True,calibration_only,-0.018206136550742456
53019,2016-05-31 06:32:07,True,calibration_only,0.007184649643485974
53026,2016-05-31 06:38:07,True,calibration_only,0.002703363173136039
53030,2016-05-31 06:40:05,True,calibration_only,0.0014450230510926407
53031,2016-05-31 06:40:06,True,calibration_only,-0.017869100726137125
53033,2016-05-31 07:20:07,True,calibration_only,0.00948691886077715
53038,2016-05-31 07:40:05,True,calibration_only,0.023689968243375523
53034,2016-05-31 07:41:08,True,calibration_only,0.0022264597816281516
53041,2016-05-31 08:01:08,True,calibration_only,-0.0035748618589823804
53039,2016-05-31 08:05:06,True,calibration_only,-0.002351084305966797
53049,2016-05-31 08:41:20,True,calibration_only,-0.004406095194222328
53043,2016-05-31 08:51:06,True,calibration_only,-0.009767365066231675
53058,2016-05-31 09:40:07,True,calibration_only,0.003114263543146086
53052,2016-05-31 09:49:09,True,calibration_only,-0.0028378827855422787
53055,2016-05-31 10:05:10,True,calibration_only,-0.002800714114145555
53065,2016-05-31 10:23:06,True,calibration_only,0.007533557576193041
53071,2016-05-31 10:34:08,True,calibration_only,0.005025185519337366
53070,2016-05-31 10:38:07,True,calibration_only,0.013693966139930203
53077,2016-05-31 10:40:10,True,calibration_only,0.00381881127313626
53080,2016-05-31 11:00:05,True,calibration_only,-0.00997835227662566
53081,2016-05-31 11:00:05,True,calibration_only,-0.0008944738767715649
53082,2016-05-31 11:00:09,True,calibration_only,0.0006382314741481277
53279,2016-05-31 23:40:10,True,calibration_only,-0.001127302953395879
53274,2016-06-01 00:00:08,True,calibration_only,0.00030719752189968964
53275,2016-06-01 00:00:10,True,calibration_only,0.026552915671784055
53285,2016-06-01 00:20:06,True,calibration_only,0.0048089677355533066
53277,2016-06-01 00:21:07,True,calibration_only,0.000742640818470159
53301,2016-06-01 01:00:07,True,calibration_only,3.7732862090444127e-07
53304,2016-06-01 01:20:10,True,calibration_only,0.012522850430561887
53293,2016-06-01 01:31:09,True,calibration_only,0.004865222618225122
53308,2016-06-01 01:40:07,True,calibration_only,-0.00018032433415109686
53313,2016-06-01 02:00:06,True,calibration_only,-0.007167137223310874
53307,2016-06-01 02:31:07,True,calibration_only,0.0002740477748209083
53309,2016-06-01 02:38:09,True,calibration_only,-0.004411863115779773
53314,2016-06-01 02:52:08,True,calibration_only,0.004624777152649069
53317,2016-06-01 02:57:07,True,calibration_only,0.012510493443356089
53322,2016-06-01 03:02:16,True,calibration_only,0.0026021958217649225
53316,2016-06-01 03:08:06,True,calibration_only,0.016308116068023522
53333,2016-06-01 03:25:06,True,calibration_only,0.0010043016804057892
53329,2016-06-01 03:26:08,True,calibration_only,0.0009478896188953943
53328,2016-06-01 03:39:07,True,calibration_only,0.0021875873119775995
53332,2016-06-01 04:04:05,True,calibration_only,0.0035930910560814117
53337,2016-06-01 04:12:06,True,calibration_only,-0.0036791433168012946
53688,2016-06-02 05:31:06,True,calibration_only,0.013621901467618054
53690,2016-06-02 06:09:09,True,calibration_only,-0.0010529617652562592
53699,2016-06-02 06:53:11,True,calibration_only,-0.0018901115312357167
53710,2016-06-02 08:00:06,True,calibration_only,0.016279548906537482
53720,2016-06-02 09:00:07,True,calibration_only,0.008419592228937598
53721,2016-06-02 09:10:07,True,calibration_only,0.005852602482065726
53875,2016-06-02 22:08:08,True,calibration_only,0.0037992974404302705
53878,2016-06-02 22:40:08,True,calibration_only,0.0025676097156210834
53879,2016-06-02 22:40:09,True,calibration_only,0.00036334165385664536
53876,2016-06-02 22:58:06,True,calibration_only,0.0032724660742386447
53880,2016-06-02 23:00:07,True,calibration_only,0.009280282754679677
53887,2016-06-02 23:40:08,True,calibration_only,0.02166831829526769
53886,2016-06-02 23:45:06,True,calibration_only,-0.03297957098924964
53884,2016-06-02 23:55:06,True,calibration_only,-0.0002732709557202117
54009,2016-06-03 12:00:06,True,calibration_only,-0.006279693369243663
54013,2016-06-03 12:20:07,True,calibration_only,0.0025059726921154574
54003,2016-06-03 12:23:07,True,calibration_only,0.012558413707308931
54019,2016-06-03 13:00:07,True,calibration_only,0.0013772998960626948
54016,2016-06-03 13:12:08,True,calibration_only,0.0026927869559786677
54018,2016-06-03 13:41:06,True,calibration_only,-0.017785401828832013
54029,2016-06-03 13:44:09,True,calibration_only,-0.0013606925550122225
54026,2016-06-03 13:45:07,True,calibration_only,0.0032430549532175535
54028,2016-06-03 13:56:09,True,calibration_only,0.00697419671391426
54032,2016-06-03 14:06:06,True,calibration_only,0.02650901786935514
54040,2016-06-03 14:20:06,True,calibration_only,0.00013097812522968043
54033,2016-06-03 14:39:08,True,calibration_only,-0.0010681641744349998
54041,2016-06-03 14:47:08,True,calibration_only,0.0039414444423761606
54051,2016-06-03 15:00:12,True,calibration_only,-0.0022907274480151295
54049,2016-06-03 15:06:06,True,calibration_only,-0.0005118668006015518
54047,2016-06-03 15:10:08,True,calibration_only,-0.00250104240600574
54046,2016-06-03 15:16:07,True,calibration_only,0.0015982616316566173
54050,2016-06-03 15:36:06,True,calibration_only,-0.018908077354998602
54189,2016-06-04 03:05:07,True,calibration_only,0.0013484218004022157
54190,2016-06-04 03:22:11,True,calibration_only,0.0038466042027661233
54196,2016-06-04 05:07:24,True,calibration_only,0.0007114646953239132
54199,2016-06-04 06:14:11,True,calibration_only,1.5993751814619204e-05
54201,2016-06-04 06:54:09,True,calibration_only,-0.005214592021168314
54204,2016-06-04 08:15:10,True,calibration_only,-8.104977973886426e-05
54266,2016-06-04 19:44:09,True,calibration_only,0.0013394429780358083
54276,2016-06-04 22:00:09,True,calibration_only,0.0007037588816924992
54273,2016-06-04 22:09:06,True,calibration_only,-0.017325109940174957
54274,2016-06-04 22:17:06,True,calibration_only,0.0019092754490797822
54279,2016-06-04 23:03:11,True,calibration_only,-0.020013563643908015
54278,2016-06-04 23:06:11,True,calibration_only,-0.0015854632537032915
54285,2016-06-04 23:40:07,True,calibration_only,-0.007097117320419842
54282,2016-06-04 23:45:06,True,calibration_only,-0.0016957348822461684
54283,2016-06-05 00:01:09,True,calibration_only,-0.00015920362560318987
54286,2016-06-05 00:35:06,True,calibration_only,-0.00260136396282771
54289,2016-06-05 01:00:08,True,calibration_only,-0.0010500656806696246
54345,2016-06-05 13:01:10,True,calibration_only,-0.0001361647418750304
54344,2016-06-05 13:01:11,True,calibration_only,0.0042870033278957585
54350,2016-06-05 14:16:06,True,calibration_only,-9.163138512197772e-06
54349,2016-06-05 14:34:06,True,calibration_only,-0.0035567209886613223
54352,2016-06-05 14:34:10,True,calibration_only,-0.0004968375276409507
54354,2016-06-05 15:20:06,True,calibration_only,0.0010640539210071964
54364,2016-06-05 15:40:07,True,calibration_only,0.005623571494591351
54365,2016-06-05 16:18:13,True,calibration_only,0.02629926165391544
54373,2016-06-05 16:52:12,True,calibration_only,-0.0010844132382267881
54369,2016-06-05 17:03:06,True,calibration_only,0.00033688292301085085
54371,2016-06-05 17:06:10,True,calibration_only,0.021213497531639813
54376,2016-06-05 17:38:09,True,calibration_only,0.009397953209955227
54381,2016-06-05 17:40:07,True,calibration_only,0.009864912040954545
54380,2016-06-05 17:55:06,True,calibration_only,-0.0035886719527735214
54383,2016-06-05 18:00:07,True,calibration_only,-7.856848091301709e-05
54379,2016-06-05 18:02:06,True,calibration_only,-0.014108715117995633
54378,2016-06-05 18:05:06,True,calibration_only,0.0009318253978518091
54386,2016-06-05 18:20:12,True,calibration_only,-0.004477524668303735
54382,2016-06-05 18:35:07,True,calibration_only,-0.009182683570803027
54391,2016-06-05 19:10:11,True,calibration_only,0.0015464001887864273
54390,2016-06-05 19:19:07,True,calibration_only,0.00016997920866317954
54394,2016-06-05 19:34:08,True,calibration_only,2.0876645302627165e-05
54396,2016-06-05 20:02:06,True,calibration_only,0.021564703480318987
54485,2016-06-06 07:01:06,True,calibration_only,-0.009357346143375966
54493,2016-06-06 08:40:07,True,calibration_only,-0.0003657854369378665
54497,2016-06-06 09:00:07,True,calibration_only,0.003727895857673855
54500,2016-06-06 09:20:06,True,calibration_only,-0.003607773679781848
54507,2016-06-06 10:03:12,True,calibration_only,6.0705674391405115e-05
54504,2016-06-06 10:16:06,True,calibration_only,0.019009860547415935
54519,2016-06-06 10:40:09,True,calibration_only,0.0022414968510380924
54512,2016-06-06 10:55:07,True,calibration_only,-0.0021108766096391528
54523,2016-06-06 11:00:06,True,calibration_only,0.023637848345730177
54524,2016-06-06 11:00:07,True,calibration_only,-0.004099906797910643
54525,2016-06-06 11:01:07,True,calibration_only,0.013112195626532852
54513,2016-06-06 11:02:09,True,calibration_only,-0.013987739981762816
54518,2016-06-06 11:26:07,True,calibration_only,-0.0029428096869068936
54522,2016-06-06 11:28:06,True,calibration_only,-0.008657488522625366
54529,2016-06-06 11:32:07,True,calibration_only,0.006010842689599344
54531,2016-06-06 11:32:08,True,calibration_only,0.0021477336405365055
54530,2016-06-06 11:42:07,True,calibration_only,0.0002059204445203841
54537,2016-06-06 11:45:08,True,calibration_only,-0.0010308962967368173
54539,2016-06-06 12:00:07,True,calibration_only,-0.004538264948207488
54536,2016-06-06 12:10:07,True,calibration_only,0.000999714610137442
54532,2016-06-06 12:17:09,True,calibration_only,-0.0027697166838103783
54549,2016-06-06 12:20:12,True,calibration_only,-0.021644524841406197
54543,2016-06-06 12:31:09,True,calibration_only,-0.0017620594048195514
54545,2016-06-06 12:32:11,True,calibration_only,-0.004857721103274675
54542,2016-06-06 12:42:08,True,calibration_only,0.01917694214041031
54552,2016-06-06 12:53:08,True,calibration_only,0.005490202210442158
54558,2016-06-06 13:00:08,True,calibration_only,-0.001036011969152934
54548,2016-06-06 13:05:08,True,calibration_only,-0.006066891512908921
54547,2016-06-06 13:08:08,True,calibration_only,0.0033245485794544775
54565,2016-06-06 13:20:07,True,calibration_only,-0.00465750098616231
54553,2016-06-06 13:36:08,True,calibration_only,0.010243759434861912
54572,2016-06-06 13:40:11,True,calibration_only,0.010177402110540386
54564,2016-06-06 13:54:06,True,calibration_only,-0.007806029469051904
54577,2016-06-06 14:32:11,True,calibration_only,-0.010845363258836171
54581,2016-06-06 14:59:07,True,calibration_only,-0.015320745015165742
54582,2016-06-06 15:04:11,True,calibration_only,-0.004104814517686385
54590,2016-06-06 15:15:08,True,calibration_only,-0.00551901346226436
54596,2016-06-06 15:23:07,True,calibration_only,-0.006947539432263516
54597,2016-06-06 15:38:07,True,calibration_only,-0.004947372669016121
54598,2016-06-06 15:38:08,True,calibration_only,-0.001929581186101678
54599,2016-06-06 15:40:09,True,calibration_only,-0.0055462863282675825
54612,2016-06-06 16:00:10,True,calibration_only,0.009066176348319091
54604,2016-06-06 16:00:23,True,calibration_only,0.005171297669864666
54609,2016-06-06 16:10:12,True,calibration_only,0.0038207783900429844
54608,2016-06-06 16:16:10,True,calibration_only,-0.011871265142083328
54606,2016-06-06 16:37:08,True,calibration_only,0.0004644052846912196
54618,2016-06-06 16:43:06,True,calibration_only,-0.014674675739668543
54620,2016-06-06 16:59:07,True,calibration_only,0.0006115601097361758
54619,2016-06-06 17:02:07,True,calibration_only,-0.0040960350038627275
54754,2016-06-07 05:26:22,True,calibration_only,-0.0009201550295303892
54761,2016-06-07 06:20:06,True,calibration_only,0.0019179052607952276
54762,2016-06-07 06:26:07,True,calibration_only,-0.001057210486042035
54772,2016-06-07 07:00:08,True,calibration_only,-0.0006601914457872277
54778,2016-06-07 07:41:11,True,calibration_only,0.010964747956534083
54777,2016-06-07 07:53:09,True,calibration_only,0.009072328146741512
54774,2016-06-07 07:58:07,True,calibration_only,4.953345487485511e-06
54775,2016-06-07 08:03:08,True,calibration_only,0.00012986442903857587
54785,2016-06-07 09:08:09,True,calibration_only,-0.0015961903481475012
54792,2016-06-07 09:36:08,True,calibration_only,-0.013180557429549914
54793,2016-06-07 09:45:10,True,calibration_only,0.005170656330292005
54794,2016-06-07 10:02:12,True,calibration_only,-0.011084234469230885
54790,2016-06-07 10:17:06,True,calibration_only,-0.0016583378967189072
54798,2016-06-07 10:18:08,True,calibration_only,0.0003139259019810307
54924,2016-06-07 21:01:06,True,calibration_only,0.014920689705600522
54933,2016-06-07 21:20:12,True,calibration_only,0.0016039671487991826
54932,2016-06-07 22:06:08,True,calibration_only,-0.0021882607730388374
54939,2016-06-07 22:27:12,True,calibration_only,0.00573710510958158
54949,2016-06-07 22:50:14,True,calibration_only,0.008333149012399038
55212,2016-06-08 21:46:08,True,calibration_only,0.0019807327788350093
55225,2016-06-08 22:04:13,True,calibration_only,-0.0005289078277831705
55227,2016-06-08 22:20:07,True,calibration_only,-6.762589019806707e-05
55232,2016-06-08 22:45:09,True,calibration_only,0.0037589767165727636
55231,2016-06-08 23:31:07,True,calibration_only,0.01344432371270686
55234,2016-06-08 23:40:07,True,calibration_only,0.010217642929737621
55236,2016-06-08 23:50:11,True,calibration_only,0.002259579373414651
55235,2016-06-08 23:59:10,True,calibration_only,0.004091241570256641
55238,2016-06-09 00:20:06,True,calibration_only,0.01763637292057307
55241,2016-06-09 00:20:07,True,calibration_only,0.024465111752899973
55242,2016-06-09 00:20:07,True,calibration_only,0.011291093172294975
55245,2016-06-09 00:40:07,True,calibration_only,0.01202307397288404
55239,2016-06-09 00:47:09,True,calibration_only,0.0005989947131796536
55251,2016-06-09 01:00:09,True,calibration_only,-0.004690679110680163
55250,2016-06-09 01:41:07,True,calibration_only,0.009982771368856207
55255,2016-06-09 02:28:10,True,calibration_only,-0.005957442087301042
55253,2016-06-09 02:35:09,True,calibration_only,0.0036978262170983198
55661,2016-06-10 19:40:07,True,calibration_only,0.005609405187187513
55663,2016-06-10 19:49:12,True,calibration_only,-0.019352226465845484
55659,2016-06-10 20:13:07,True,calibration_only,-0.014215622499318417
57577,2016-06-18 21:15:03,True,calibration_only,-0.0010017076983657208
57588,2016-06-18 21:40:03,True,calibration_only,-0.00372773520700824
57585,2016-06-18 22:13:10,True,calibration_only,-0.015101585560488788
57591,2016-06-18 22:40:03,True,calibration_only,-0.015318004504935735
57592,2016-06-18 22:40:07,True,calibration_only,-0.006564490572567409
57612,2016-06-19 05:32:04,True,calibration_only,2.6807433992584196e-08
57629,2016-06-19 07:05:04,True,calibration_only,-0.00670583260141765
57624,2016-06-19 07:20:03,True,calibration_only,0.007628837904517183
57625,2016-06-19 07:24:04,True,calibration_only,0.0018498418542320521
57635,2016-06-19 07:52:03,True,calibration_only,0.009748005740084035
57641,2016-06-19 08:20:08,True,calibration_only,-0.0032649620949431685
57640,2016-06-19 09:04:06,True,calibration_only,0.00931607875587865
57638,2016-06-19 09:13:03,True,calibration_only,7.672350959161091e-05
57645,2016-06-19 09:16:03,True,calibration_only,-0.005552895811147999
57659,2016-06-19 10:40:13,True,calibration_only,0.0015642549784280254
57664,2016-06-19 11:00:04,True,calibration_only,-0.0004398962199581389
57660,2016-06-19 11:06:13,True,calibration_only,-0.004923343063352542
57665,2016-06-19 11:31:06,True,calibration_only,-0.006672571850033387
57668,2016-06-19 11:40:03,True,calibration_only,0.04724349129488917
57672,2016-06-19 12:00:07,True,calibration_only,-0.008780026074009392
57708,2016-06-19 20:36:03,True,calibration_only,-0.025853927674517142
57719,2016-06-19 22:02:03,True,calibration_only,0.00645025056957696
57721,2016-06-19 22:11:07,True,calibration_only,-0.005514390989810519
57723,2016-06-19 22:36:03,True,calibration_only,0.0016294649727923056
57725,2016-06-19 22:44:14,True,calibration_only,0.007307333098263545
57726,2016-06-19 22:55:15,True,calibration_only,0.0003353392017185312
57727,2016-06-19 22:56:04,True,calibration_only,-0.008993311272148218
57730,2016-06-19 23:03:03,True,calibration_only,0.0057686207098262806
57737,2016-06-19 23:20:06,True,calibration_only,-0.01425029996551846
57735,2016-06-20 00:03:03,True,calibration_only,0.02660820218363644
57738,2016-06-20 00:05:03,True,calibration_only,0.007741192379713945
57744,2016-06-20 00:40:03,True,calibration_only,0.004279143939542238
57739,2016-06-20 00:49:05,True,calibration_only,-0.012979658616760495
57743,2016-06-20 01:17:03,True,calibration_only,-0.008820899401910276
57747,2016-06-20 01:17:03,True,calibration_only,0.0011049852454800835
57749,2016-06-20 01:20:06,True,calibration_only,-0.019454635519095057
57751,2016-06-20 01:40:04,True,calibration_only,-0.005389821491249593
57752,2016-06-20 01:40:05,True,calibration_only,0.004068888215552008
57755,2016-06-20 02:42:06,True,calibration_only,0.006305448580273985
57758,2016-06-20 03:40:04,True,calibration_only,0.0016690611593784353
57761,2016-06-20 03:40:07,True,calibration_only,-0.0009857359406376283
57759,2016-06-20 03:56:04,True,calibration_only,-0.0036967297767181787
57766,2016-06-20 04:42:07,True,calibration_only,0.0022106224206129297
57770,2016-06-20 05:34:04,True,calibration_only,-0.001250630189396548
57778,2016-06-20 06:35:04,True,calibration_only,0.017456604252648004
57791,2016-06-20 07:20:04,True,calibration_only,0.005868952009037091
57784,2016-06-20 07:35:09,True,calibration_only,0.0033275860744894133
57785,2016-06-20 07:46:04,True,calibration_only,0.0018568016966674888
57794,2016-06-20 08:01:05,True,calibration_only,0.004614347931519681
57798,2016-06-20 08:22:04,True,calibration_only,-0.0016121437555349834
57793,2016-06-20 08:25:04,True,calibration_only,-0.001335387857575659
57799,2016-06-20 08:29:04,True,calibration_only,0.02093134190314771
57800,2016-06-20 08:33:06,True,calibration_only,0.00588336211783971
57820,2016-06-20 10:00:09,True,calibration_only,-0.0026707210528580036
57811,2016-06-20 10:06:05,True,calibration_only,-0.006742612878487819
57809,2016-06-20 10:09:03,True,calibration_only,0.0034999333413485885
57818,2016-06-20 10:19:03,True,calibration_only,0.000716954958499107
57829,2016-06-20 10:40:10,True,calibration_only,0.008357696520907041
57830,2016-06-20 10:40:10,True,calibration_only,0.002538351935624023
57822,2016-06-20 10:58:04,True,calibration_only,0.00982439600428554
57824,2016-06-20 11:03:07,True,calibration_only,0.0030857433935590865
57827,2016-06-20 11:04:05,True,calibration_only,-0.0028219596785366684
57838,2016-06-20 11:20:04,True,calibration_only,-0.0013185809285240144
57834,2016-06-20 11:21:06,True,calibration_only,-0.013760466068879769
57845,2016-06-20 12:07:04,True,calibration_only,-4.553476789046526e-05
57848,2016-06-20 12:10:04,True,calibration_only,0.0034556391750313817
57855,2016-06-20 12:20:10,True,calibration_only,0.006229531257978985
57858,2016-06-20 13:07:03,True,calibration_only,0.00202608574971908
57854,2016-06-20 13:08:06,True,calibration_only,0.0015278925848701726
57859,2016-06-20 13:19:06,True,calibration_only,0.008449709823564466
57864,2016-06-20 13:33:06,True,calibration_only,-0.003912155960776122
57875,2016-06-20 14:00:11,True,calibration_only,-0.012037994855031492
57873,2016-06-20 14:20:04,True,calibration_only,0.002864322032198656
57879,2016-06-20 14:20:07,True,calibration_only,0.0016817784712868447
57870,2016-06-20 14:30:05,True,calibration_only,0.0018473164554153373
57869,2016-06-20 14:38:05,True,calibration_only,0.005810557889443759
57878,2016-06-20 14:45:06,True,calibration_only,0.04711963253832366
57874,2016-06-20 14:49:06,True,calibration_only,-0.00939295457676475
57877,2016-06-20 15:17:05,True,calibration_only,-0.003918322977207952
57883,2016-06-20 15:34:05,True,calibration_only,-0.003520235439848002
57894,2016-06-20 15:50:03,True,calibration_only,-0.0057126384706717975
57889,2016-06-20 15:59:03,True,calibration_only,-0.005898494860037393
57902,2016-06-20 16:02:09,True,calibration_only,-0.0022746544539404695
57923,2016-06-20 17:17:07,True,calibration_only,0.0019947633699662188
57920,2016-06-20 17:32:04,True,calibration_only,-0.004619667263250189
57930,2016-06-20 17:32:08,True,calibration_only,0.0073056685571837796
57929,2016-06-20 17:52:04,True,calibration_only,0.0036539088867761534
57936,2016-06-20 18:00:05,True,calibration_only,0.004241400350267863
57949,2016-06-20 18:43:04,True,calibration_only,-0.004574882394890255
57970,2016-06-20 20:00:08,True,calibration_only,0.018664066124577043
57960,2016-06-20 20:01:06,True,calibration_only,0.0016382373539719636
46414,2016-05-01 00:40:15,True,persistence,0.010460169960830379
46420,2016-05-01 01:40:16,True,persistence,0.05766986496707008
46425,2016-05-01 02:20:20,True,persistence,-0.036582286796617576
46426,2016-05-01 02:20:20,True,persistence,0.03497921471591703
46428,2016-05-01 02:40:14,True,persistence,0.004248996420848221
46435,2016-05-01 04:57:15,True,persistence,-0.011313662049686436
46434,2016-05-01 05:06:20,True,persistence,0.04243309119921359
46437,2016-05-01 05:38:29,True,persistence,-0.022426563025516082
46444,2016-05-01 06:00:16,True,persistence,-0.030112158472268346
46446,2016-05-01 06:00:20,True,persistence,-0.013953768098220971
46440,2016-05-01 06:05:19,True,persistence,-0.0008309192445916103
46445,2016-05-01 06:11:19,True,persistence,-0.00037669582742626186
46454,2016-05-01 07:00:14,True,persistence,-0.005214406394506567
46455,2016-05-01 07:02:16,True,persistence,0.02658426803390593
46451,2016-05-01 07:06:17,True,persistence,-0.018824233127395704
46531,2016-05-01 18:40:14,True,persistence,-0.03476545706801415
46534,2016-05-01 18:40:14,True,persistence,0.037176962816121775
46536,2016-05-01 19:16:18,True,persistence,-0.013589734260081211
46535,2016-05-01 19:24:16,True,persistence,0.009156597282123903
46544,2016-05-01 20:16:14,True,persistence,0.09764196919785392
46548,2016-05-01 20:42:16,True,persistence,0.0021222842329316656
46554,2016-05-01 21:00:21,True,persistence,0.07235539912105149
46553,2016-05-01 21:06:17,True,persistence,0.0028941543704392985
46549,2016-05-01 21:14:22,True,persistence,0.004321457177064491
46552,2016-05-01 21:40:14,True,persistence,0.05716664518894422
46559,2016-05-01 21:40:15,True,persistence,-0.03354249321018813
46555,2016-05-01 21:51:16,True,persistence,-0.037477387328389254
46563,2016-05-01 22:00:15,True,persistence,0.11045134225023391
46560,2016-05-01 22:03:17,True,persistence,0.06567794182730086
46561,2016-05-01 22:03:18,True,persistence,-0.04880480759097513
46564,2016-05-01 22:58:16,True,persistence,0.05093261402480752
46574,2016-05-01 23:40:15,True,persistence,-0.000935057000427876
46575,2016-05-02 00:04:18,True,persistence,0.08393035419491729
46578,2016-05-02 00:17:16,True,persistence,-0.01910672081525623
46581,2016-05-02 00:37:19,True,persistence,-0.012083625744188713
46588,2016-05-02 01:11:14,True,persistence,0.030927849974815364
46582,2016-05-02 01:11:20,True,persistence,-0.016496304099584146
46592,2016-05-02 01:40:15,True,persistence,0.005122978059361539
46589,2016-05-02 01:41:15,True,persistence,0.06071402759502118
46594,2016-05-02 02:41:17,True,persistence,-0.032639732990480924
46596,2016-05-02 02:42:19,True,persistence,-0.022130314140383262
46608,2016-05-02 04:38:20,True,persistence,0.005536292564454856
46725,2016-05-02 15:24:14,True,persistence,0.015172271219491985
46726,2016-05-02 15:29:14,True,persistence,-0.007974659116824013
46740,2016-05-02 15:40:16,True,persistence,-0.04790726712471162
46743,2016-05-02 16:00:15,True,persistence,0.11392519965253747
46745,2016-05-02 16:00:15,True,persistence,0.0269475562450233
46744,2016-05-02 16:27:15,True,persistence,0.0008045112762045496
46756,2016-05-02 16:40:16,True,persistence,0.0012997576803039246
46755,2016-05-02 16:57:15,True,persistence,0.016639807577811357
46762,2016-05-02 17:00:18,True,persistence,0.06600950561738168
46763,2016-05-02 17:11:20,True,persistence,0.008675442211347938
46770,2016-05-02 17:20:19,True,persistence,-0.009357657580344882
46759,2016-05-02 17:31:15,True,persistence,0.022372279230165514
46778,2016-05-02 17:40:17,True,persistence,0.0024761271380600944
46760,2016-05-02 17:43:16,True,persistence,0.07949277246574231
46775,2016-05-02 17:44:15,True,persistence,-0.010433544940026863
46761,2016-05-02 17:46:16,True,persistence,0.057443490010824945
46767,2016-05-02 17:47:16,True,persistence,0.008984552027642834
46776,2016-05-02 18:04:15,True,persistence,-0.041701637821706494
46781,2016-05-02 18:26:18,True,persistence,-0.03208029566662483
46777,2016-05-02 18:37:16,True,persistence,-0.047115548101814855
46788,2016-05-02 18:40:14,True,persistence,-0.022956912257916986
46789,2016-05-02 18:40:15,True,persistence,0.05050843714500926
46787,2016-05-02 19:02:17,True,persistence,0.11723151701758969
46790,2016-05-02 19:07:15,True,persistence,-0.045895554252614955
46792,2016-05-02 19:51:14,True,persistence,0.06028375150784596
46805,2016-05-02 20:00:24,True,persistence,0.08047357300405801
46798,2016-05-02 20:02:15,True,persistence,0.11619589982464616
46797,2016-05-02 20:03:15,True,persistence,-0.03913523708754717
46793,2016-05-02 20:11:19,True,persistence,-0.04506016195760622
46799,2016-05-02 20:13:17,True,persistence,-0.016354904526427468
46808,2016-05-02 20:20:31,True,persistence,0.0696390613188994
46806,2016-05-02 20:29:27,True,persistence,-0.03461626299824187
46818,2016-05-02 20:56:21,True,persistence,-0.027757880116036242
46820,2016-05-02 21:00:19,True,persistence,0.051838184587972465
46816,2016-05-02 21:01:16,True,persistence,0.04803141698020909
46819,2016-05-02 21:21:19,True,persistence,0.07906049717062251
46933,2016-05-03 09:00:19,True,persistence,0.009098559422183563
46930,2016-05-03 09:16:16,True,persistence,0.15213680254269948
46937,2016-05-03 09:49:21,True,persistence,-0.022141293990085676
46936,2016-05-03 09:52:15,True,persistence,0.08546882366228935
46940,2016-05-03 10:00:15,True,persistence,0.005605273158475636
46935,2016-05-03 10:02:15,True,persistence,-0.002823525080631728
46941,2016-05-03 10:28:16,True,persistence,-0.015869682614253002
46944,2016-05-03 10:33:15,True,persistence,0.006786161782204421
46949,2016-05-03 10:42:21,True,persistence,0.07391526204626325
46946,2016-05-03 10:48:15,True,persistence,-0.011571363230647287
46948,2016-05-03 11:01:18,True,persistence,-0.026831987885177835
46947,2016-05-03 11:19:15,True,persistence,0.08654955526869976
46952,2016-05-03 11:20:21,True,persistence,0.00615155234539053
46953,2016-05-03 11:40:15,True,persistence,0.1359967824948919
46956,2016-05-03 12:08:15,True,persistence,-0.020095511407600346
46959,2016-05-03 12:20:15,True,persistence,0.026821589239686278
46965,2016-05-03 12:40:19,True,persistence,-0.011238622607274618
46960,2016-05-03 12:44:20,True,persistence,0.0070714521394387156
46969,2016-05-03 13:00:15,True,persistence,-0.00016153832300026772
46971,2016-05-03 13:13:18,True,persistence,0.008585302708145733
46962,2016-05-03 13:14:18,True,persistence,-0.0022922419631896587
46978,2016-05-03 13:26:16,True,persistence,-0.0038244654346446007
46982,2016-05-03 13:40:15,True,persistence,0.04727479148102714
46984,2016-05-03 13:40:21,True,persistence,-0.022977156319770146
46979,2016-05-03 13:52:16,True,persistence,-0.039990702223840886
46983,2016-05-03 13:54:18,True,persistence,0.010623259395413196
46980,2016-05-03 13:59:21,True,persistence,0.08715397163612895
47118,2016-05-04 01:47:20,True,persistence,-0.04385994852534001
47122,2016-05-04 02:00:16,True,persistence,-0.0544641829831506
47120,2016-05-04 02:04:18,True,persistence,-0.009846669369068207
47125,2016-05-04 02:20:20,True,persistence,-0.004863307246809076
47124,2016-05-04 02:46:16,True,persistence,-0.009387917402024968
47128,2016-05-04 03:41:19,True,persistence,0.026679623790716214
47127,2016-05-04 03:46:16,True,persistence,0.041793815361565324
47129,2016-05-04 04:01:15,True,persistence,0.012667512170372847
47134,2016-05-04 04:37:16,True,persistence,-0.020363016393344216
47133,2016-05-04 04:42:16,True,persistence,0.05275115423892412
47143,2016-05-04 05:00:25,True,persistence,-0.03920394014520064
47144,2016-05-04 05:12:27,True,persistence,0.19705547801722365
47150,2016-05-04 05:55:17,True,persistence,0.04001402731442426
47284,2016-05-04 18:07:20,True,persistence,-0.05541868686868231
47288,2016-05-04 18:18:17,True,persistence,-0.02796189092924315
47297,2016-05-04 18:20:19,True,persistence,-0.01847114132238825
47296,2016-05-04 18:40:19,True,persistence,-0.03190532414567157
47302,2016-05-04 18:43:15,True,persistence,0.21529918511365345
47292,2016-05-04 18:48:15,True,persistence,-0.019492461436725804
47295,2016-05-04 18:56:14,True,persistence,0.04522771055868756
47306,2016-05-04 19:00:15,True,persistence,0.007435339965178119
47313,2016-05-04 19:40:17,True,persistence,0.16234505208950634
47314,2016-05-04 19:40:23,True,persistence,0.023735529027189256
47310,2016-05-04 19:44:31,True,persistence,0.022645160244869567
47317,2016-05-04 20:00:18,True,persistence,0.07162200250813866
47311,2016-05-04 20:02:31,True,persistence,-0.018333069545805374
47320,2016-05-04 20:25:18,True,persistence,0.026614895986800856
47325,2016-05-04 20:40:14,True,persistence,0.004795452612955907
47326,2016-05-04 20:40:19,True,persistence,0.04263317275255428
47321,2016-05-04 21:15:19,True,persistence,-0.009202542603004722
47411,2016-05-05 09:10:15,True,persistence,-0.02619576826931364
47419,2016-05-05 09:20:20,True,persistence,0.007451316985837477
47415,2016-05-05 09:47:25,True,persistence,-0.019873069385851788
47414,2016-05-05 09:52:25,True,persistence,0.04056043503065044
47422,2016-05-05 10:06:15,True,persistence,0.007948651639099137
47418,2016-05-05 10:08:16,True,persistence,0.007020178038942912
47427,2016-05-05 10:38:16,True,persistence,0.009526653374594282
47428,2016-05-05 11:00:16,True,persistence,0.1890281045346308
47440,2016-05-05 11:40:18,True,persistence,-0.019437153972864402
47436,2016-05-05 12:05:25,True,persistence,0.03993730404528166
47437,2016-05-05 12:10:27,True,persistence,0.031231544264058095
47439,2016-05-05 12:32:14,True,persistence,0.04232793942788455
47444,2016-05-05 12:38:16,True,persistence,-0.025049835003201876
47454,2016-05-05 13:02:30,True,persistence,0.03813840587437975
47449,2016-05-05 13:04:18,True,persistence,0.09364833119786664
47463,2016-05-05 13:20:15,True,persistence,-0.02981974923832205
47464,2016-05-05 13:20:20,True,persistence,0.03909590457849972
47460,2016-05-05 13:31:19,True,persistence,0.003700354204247586
47468,2016-05-05 13:40:17,True,persistence,0.010487140180587334
47469,2016-05-05 13:40:17,True,persistence,-0.003478806755459034
47470,2016-05-05 13:40:19,True,persistence,-0.017612735954021297
47611,2016-05-06 02:38:19,True,persistence,0.033349334829255485
47618,2016-05-06 03:00:18,True,persistence,-0.02058416047688994
47619,2016-05-06 03:00:20,True,persistence,-0.014105356920362144
47622,2016-05-06 03:30:16,True,persistence,-0.004795669829528153
47630,2016-05-06 04:40:18,True,persistence,-0.026837059497143493
47631,2016-05-06 06:04:16,True,persistence,0.01863525802624341
47774,2016-05-06 18:29:16,True,persistence,0.21614659913476042
47772,2016-05-06 18:31:19,True,persistence,-0.030319236646679737
47777,2016-05-06 18:31:23,True,persistence,-0.03414961495516428
47771,2016-05-06 18:39:16,True,persistence,-0.05169047370499687
47781,2016-05-06 19:11:20,True,persistence,-0.03377563036921977
47805,2016-05-06 21:22:19,True,persistence,0.005824818731533925
47804,2016-05-06 21:27:16,True,persistence,0.05384848157558988
47809,2016-05-06 21:51:19,True,persistence,0.024091814921657996
47882,2016-05-07 10:29:16,True,persistence,-0.015688995379415364
47888,2016-05-07 12:00:15,True,persistence,0.20258592645117207
47893,2016-05-07 12:33:18,True,persistence,-0.0038231923778326397
47897,2016-05-07 14:08:14,True,persistence,0.04269894892375757
47903,2016-05-07 14:20:15,True,persistence,-0.038118197512977396
47901,2016-05-07 14:32:16,True,persistence,0.008552117136786977
47905,2016-05-07 14:40:16,True,persistence,-0.039868869159571614
47906,2016-05-07 14:40:18,True,persistence,0.03484549067483054
47955,2016-05-08 02:57:17,True,persistence,0.052036601564995844
47954,2016-05-08 03:04:16,True,persistence,0.038208545143416706
47957,2016-05-08 03:05:15,True,persistence,0.056207321909937616
47958,2016-05-08 03:06:18,True,persistence,-0.024253010632722782
47960,2016-05-08 03:32:16,True,persistence,-0.02941707266830081
47961,2016-05-08 03:48:16,True,persistence,-0.02358126783560945
47967,2016-05-08 04:27:17,True,persistence,0.041093139465614575
47964,2016-05-08 04:38:16,True,persistence,0.10090414499424476
47971,2016-05-08 05:40:17,True,persistence,0.00694065550031766
47972,2016-05-08 05:49:19,True,persistence,0.051231349499898216
47970,2016-05-08 06:13:15,True,persistence,-0.007335878870469047
47969,2016-05-08 06:15:16,True,persistence,0.004995154301650148
47973,2016-05-08 06:17:15,True,persistence,0.0031636696031839815
47978,2016-05-08 06:51:15,True,persistence,0.0849485771089196
47982,2016-05-08 07:24:17,True,persistence,-0.006921472248462687
47990,2016-05-08 08:20:14,True,persistence,-0.03354161376692179
47987,2016-05-08 08:21:17,True,persistence,-0.015880057356550882
47992,2016-05-08 08:40:16,True,persistence,-0.0042320474553392655
47996,2016-05-08 09:00:24,True,persistence,-0.014099443066692629
48001,2016-05-08 09:20:18,True,persistence,-0.020106304482392624
48003,2016-05-08 09:40:15,True,persistence,-0.0010986984783371441
48005,2016-05-08 10:08:15,True,persistence,0.016184854131259845
47999,2016-05-08 10:13:15,True,persistence,-0.00885288223146348
48007,2016-05-08 11:04:16,True,persistence,0.15530554149686598
48009,2016-05-08 11:08:15,True,persistence,0.022741020847472097
48010,2016-05-08 11:55:25,True,persistence,0.03617734724066516
48077,2016-05-08 23:17:19,True,persistence,0.0661587163211652
48078,2016-05-08 23:43:15,True,persistence,-0.05085142329966436
48082,2016-05-09 00:01:15,True,persistence,0.0021306994469540153
48079,2016-05-09 00:06:17,True,persistence,-0.042617260186617455
48088,2016-05-09 00:40:16,True,persistence,-0.032572902014953733
48091,2016-05-09 01:00:15,True,persistence,-0.014871646244715228
48092,2016-05-09 01:00:16,True,persistence,-0.03654595721394896
48094,2016-05-09 01:00:20,True,persistence,0.05533078858976615
48093,2016-05-09 01:04:18,True,persistence,-0.026396629784882646
48084,2016-05-09 01:14:15,True,persistence,-0.015431764087413832
48098,2016-05-09 01:20:16,True,persistence,-0.04472118391188386
48086,2016-05-09 01:31:16,True,persistence,-0.024621631527600288
48100,2016-05-09 01:40:15,True,persistence,-0.009097038831066764
48104,2016-05-09 02:00:18,True,persistence,-0.050993181930264565
48105,2016-05-09 02:00:20,True,persistence,-0.016434703050239786
48097,2016-05-09 02:10:15,True,persistence,-0.004961977890092826
48111,2016-05-09 03:04:16,True,persistence,-0.03261718127121088
48113,2016-05-09 03:20:15,True,persistence,0.2087410998304494
48115,2016-05-09 03:39:19,True,persistence,0.003227081358496079
48119,2016-05-09 04:00:18,True,persistence,-0.005460484117036708
48114,2016-05-09 04:13:15,True,persistence,0.07341156164117668
48122,2016-05-09 04:57:17,True,persistence,0.025922720610175594
48126,2016-05-09 05:04:15,True,persistence,-0.0082479721132835
48121,2016-05-09 05:16:15,True,persistence,-0.028273923149558004
48139,2016-05-09 05:20:16,True,persistence,0.00919637528249867
48135,2016-05-09 05:36:15,True,persistence,-0.016105603081686876
48142,2016-05-09 05:40:15,True,persistence,-0.022927128887772645
48143,2016-05-09 05:47:17,True,persistence,-0.034508855770879594
48147,2016-05-09 06:00:15,True,persistence,0.0361050924520295
48148,2016-05-09 06:23:20,True,persistence,0.13640717475680147
48160,2016-05-09 07:05:15,True,persistence,0.053127494640614094
48153,2016-05-09 07:13:18,True,persistence,-0.004833405636134899
48157,2016-05-09 07:25:16,True,persistence,0.0794791106964116
48172,2016-05-09 08:25:16,True,persistence,-0.01865954939555809
48175,2016-05-09 08:40:21,True,persistence,-0.017498206420846225
48170,2016-05-09 08:41:16,True,persistence,0.0037934912714807038
48171,2016-05-09 08:44:16,True,persistence,-0.012714265835504359
48174,2016-05-09 08:55:16,True,persistence,0.04231485031597265
48182,2016-05-09 09:20:20,True,persistence,0.036709860602059434
48180,2016-05-09 09:28:15,True,persistence,-0.008219283204997594
48192,2016-05-09 10:40:16,True,persistence,-0.03793557344902526
48188,2016-05-09 11:01:16,True,persistence,-0.02753744338620075
48189,2016-05-09 11:01:17,True,persistence,0.006041414754920803
48190,2016-05-09 11:04:17,True,persistence,0.06264294448757043
48200,2016-05-09 11:38:19,True,persistence,0.05126366869732421
48195,2016-05-09 11:42:17,True,persistence,-0.022015176291455166
48199,2016-05-09 11:55:17,True,persistence,-0.008490828754632584
48208,2016-05-09 12:03:17,True,persistence,0.0289704878358502
48213,2016-05-09 12:19:28,True,persistence,0.07760749571232343
48207,2016-05-09 12:38:17,True,persistence,-0.019774982841331806
48367,2016-05-09 23:40:19,True,persistence,0.003394983733501435
48361,2016-05-10 00:01:17,True,persistence,-0.017363795385056648
48366,2016-05-10 00:09:16,True,persistence,0.03919786498069765
48374,2016-05-10 00:40:17,True,persistence,-0.016370007954030194
48376,2016-05-10 00:40:19,True,persistence,0.05937787581770012
48382,2016-05-10 01:00:19,True,persistence,-0.015201345547823788
48384,2016-05-10 01:42:18,True,persistence,-0.01701241031070304
48389,2016-05-10 02:20:17,True,persistence,0.008215392881456493
48391,2016-05-10 02:20:18,True,persistence,0.0446717402402983
48399,2016-05-10 03:17:20,True,persistence,0.1293302888763805
48400,2016-05-10 03:17:20,True,persistence,-0.013310075229759452
48398,2016-05-10 03:19:18,True,persistence,-0.024616856530691428
48396,2016-05-10 03:27:16,True,persistence,-0.039063245119571946
48402,2016-05-10 03:27:18,True,persistence,0.04177039430936608
48403,2016-05-10 03:29:18,True,persistence,0.07678047519965542
48397,2016-05-10 03:48:18,True,persistence,-0.02059955423446238
48409,2016-05-10 04:20:19,True,persistence,-0.025714472236602507
48413,2016-05-10 05:00:26,True,persistence,-0.029619821676238105
48411,2016-05-10 05:01:15,True,persistence,-0.017900793395693615
48414,2016-05-10 05:02:26,True,persistence,0.03327927241844592
48408,2016-05-10 05:05:16,True,persistence,0.0662124535444984
48416,2016-05-10 06:04:16,True,persistence,-0.001755033873054027
48423,2016-05-10 06:40:20,True,persistence,0.02697606362692499
48417,2016-05-10 06:49:17,True,persistence,0.20836108376572687
48427,2016-05-10 07:14:30,True,persistence,0.05915883023949589
48434,2016-05-10 07:20:16,True,persistence,0.024173014744384068
48433,2016-05-10 07:25:15,True,persistence,0.03504978052827391
48426,2016-05-10 07:49:26,True,persistence,-0.014909269691365632
48437,2016-05-10 07:59:15,True,persistence,-0.015627146947128488
48449,2016-05-10 08:00:17,True,persistence,-0.021866680286402887
48448,2016-05-10 08:03:17,True,persistence,-0.02797077890516938
48447,2016-05-10 08:36:16,True,persistence,-0.019451596602538895
48438,2016-05-10 08:38:16,True,persistence,0.021480040745355776
48456,2016-05-10 09:00:20,True,persistence,0.008059717951685875
48457,2016-05-10 09:31:21,True,persistence,0.025888152344328112
48462,2016-05-10 10:00:21,True,persistence,0.025300930848579727
48464,2016-05-10 10:20:18,True,persistence,-0.018790477058495753
48466,2016-05-10 10:40:16,True,persistence,-0.011801834588005532
48471,2016-05-10 11:08:15,True,persistence,-0.014075301155014168
48472,2016-05-10 11:11:16,True,persistence,-0.0038924708524197323
48475,2016-05-10 11:20:14,True,persistence,-0.026318891495979956
48481,2016-05-10 11:40:16,True,persistence,-0.06039713095663392
48482,2016-05-10 11:40:21,True,persistence,-0.03488458066695553
48477,2016-05-10 11:47:19,True,persistence,-0.00044260583412242694
48474,2016-05-10 12:04:14,True,persistence,0.09039471351952184
48480,2016-05-10 12:27:16,True,persistence,0.02698473048008229
48627,2016-05-10 23:44:16,True,persistence,0.06194211148611674
48640,2016-05-11 00:17:15,True,persistence,-0.0035597006375430573
48646,2016-05-11 00:20:15,True,persistence,0.0825388910292534
48633,2016-05-11 00:30:15,True,persistence,-0.009244598959172769
48649,2016-05-11 00:40:15,True,persistence,0.0016931602148700822
48650,2016-05-11 01:00:15,True,persistence,0.07970546808438028
48654,2016-05-11 01:49:18,True,persistence,0.11205116988169744
48656,2016-05-11 02:01:19,True,persistence,0.04243900220326649
48657,2016-05-11 02:31:16,True,persistence,0.06872848800534627
48663,2016-05-11 03:20:17,True,persistence,0.00725769843182602
48662,2016-05-11 03:55:17,True,persistence,-0.01767656441189734
48666,2016-05-11 04:20:19,True,persistence,-0.018475722420798778
48774,2016-05-11 15:53:19,True,persistence,-0.047410999886589436
48788,2016-05-11 16:00:17,True,persistence,0.14438864573504628
48789,2016-05-11 16:01:19,True,persistence,-0.034962085259910215
48780,2016-05-11 16:03:16,True,persistence,-0.010634170899191305
48790,2016-05-11 16:20:20,True,persistence,0.03747777569779421
48781,2016-05-11 16:33:18,True,persistence,0.07562192644108034
48798,2016-05-11 16:40:15,True,persistence,0.07872818612830994
48802,2016-05-11 17:00:16,True,persistence,-0.002560319197347463
48805,2016-05-11 17:20:15,True,persistence,0.01707420849769746
48815,2016-05-11 18:00:18,True,persistence,0.024741681443269586
48818,2016-05-11 18:20:23,True,persistence,0.02816334465157414
48810,2016-05-11 18:29:17,True,persistence,0.03162661181869758
48817,2016-05-11 19:07:17,True,persistence,0.057065989882353854
48827,2016-05-11 19:12:16,True,persistence,-0.039379675159815955
48835,2016-05-11 19:20:22,True,persistence,0.0428974153876685
48831,2016-05-11 19:41:15,True,persistence,0.08708514439142703
48832,2016-05-11 19:43:16,True,persistence,0.0769889306346711
48945,2016-05-12 07:22:16,True,persistence,-0.03738025355551463
48944,2016-05-12 07:46:15,True,persistence,0.005190862344722939
48949,2016-05-12 07:55:19,True,persistence,-0.03204843917417182
48953,2016-05-12 08:02:19,True,persistence,-0.01592480559551574
48948,2016-05-12 08:25:16,True,persistence,-0.01621227751739535
48958,2016-05-12 08:40:15,True,persistence,-0.015725205061555433
48959,2016-05-12 09:06:16,True,persistence,-0.02113286883606869
48964,2016-05-12 09:14:17,True,persistence,-0.0017506002459703619
48960,2016-05-12 09:23:18,True,persistence,-0.009492536729908935
48968,2016-05-12 10:02:20,True,persistence,-0.015000918810241922
48974,2016-05-12 10:20:31,True,persistence,-0.016769642510327757
48975,2016-05-12 10:40:22,True,persistence,-0.021988535858938677
48976,2016-05-12 10:40:22,True,persistence,-0.014849661316487744
48970,2016-05-12 10:49:20,True,persistence,-0.013800990807253938
48981,2016-05-12 11:00:16,True,persistence,0.1332713007200827
48982,2016-05-12 11:03:18,True,persistence,0.04629324708727288
48972,2016-05-12 11:15:26,True,persistence,0.1158384872105478
48986,2016-05-12 12:04:16,True,persistence,0.05294415632625217
49140,2016-05-12 23:46:15,True,persistence,-0.02955233207931277
49136,2016-05-12 23:52:16,True,persistence,-0.03643461016708755
49145,2016-05-13 00:00:19,True,persistence,0.0005133035474126444
49146,2016-05-13 00:20:16,True,persistence,-0.028271237324118896
49147,2016-05-13 00:20:19,True,persistence,0.00882920659786739
49150,2016-05-13 00:40:16,True,persistence,0.10872503727217078
49151,2016-05-13 00:40:20,True,persistence,-0.028472410077877697
49153,2016-05-13 00:40:21,True,persistence,-0.030522731787059103
49152,2016-05-13 01:04:20,True,persistence,0.08008543698127235
49159,2016-05-13 01:06:20,True,persistence,0.09109183750058877
49158,2016-05-13 01:34:20,True,persistence,0.04297255209783552
49160,2016-05-13 01:40:21,True,persistence,0.13971553812730367
49166,2016-05-13 01:52:19,True,persistence,0.14095685407857528
49167,2016-05-13 01:57:19,True,persistence,0.004275786995756639
49171,2016-05-13 02:00:18,True,persistence,-0.02976801221549278
49172,2016-05-13 02:09:21,True,persistence,-0.027469045301393023
49181,2016-05-13 03:40:17,True,persistence,-0.025751822337693887
49189,2016-05-13 04:39:20,True,persistence,0.04810104751008773
49184,2016-05-13 04:42:16,True,persistence,-0.026016592173901145
49374,2016-05-13 16:00:19,True,persistence,-0.003078237748535915
49375,2016-05-13 16:01:21,True,persistence,0.005798947596278476
49366,2016-05-13 16:05:17,True,persistence,-0.04570869555370292
49364,2016-05-13 16:20:15,True,persistence,0.01845529828466218
49381,2016-05-13 16:20:17,True,persistence,0.15728579498000722
49382,2016-05-13 16:20:22,True,persistence,-0.06378689479136612
49380,2016-05-13 16:44:17,True,persistence,0.05169865068272557
49386,2016-05-13 17:00:16,True,persistence,0.01779959309735665
49392,2016-05-13 17:00:17,True,persistence,0.06322831691605918
49397,2016-05-13 17:20:19,True,persistence,-0.011656171485210687
49387,2016-05-13 17:23:18,True,persistence,-0.02644529408877019
49401,2016-05-13 17:40:17,True,persistence,-0.02910714885038528
49402,2016-05-13 17:40:17,True,persistence,0.05007571724958771
49398,2016-05-13 18:08:19,True,persistence,-0.031039742073277723
49403,2016-05-13 18:08:20,True,persistence,0.017367896316852448
49413,2016-05-13 19:03:20,True,persistence,-0.03139067837368921
49416,2016-05-13 19:10:23,True,persistence,-0.04128187654854401
49415,2016-05-13 19:13:22,True,persistence,0.0579073443562667
49407,2016-05-13 19:25:20,True,persistence,0.08395903756899825
49541,2016-05-14 09:00:21,True,persistence,-0.013920812388452712
49543,2016-05-14 09:33:16,True,persistence,0.021131502857762496
49544,2016-05-14 09:53:17,True,persistence,0.04164185557177456
49546,2016-05-14 11:07:21,True,persistence,0.09164632329263829
49618,2016-05-14 22:54:15,True,persistence,-0.025501049809228942
49621,2016-05-14 23:20:20,True,persistence,0.024319264043374325
49625,2016-05-15 01:31:16,True,persistence,0.06226244983556064
49630,2016-05-15 02:03:17,True,persistence,0.04213499033030953
49641,2016-05-15 04:40:20,True,persistence,0.026980643972427883
49638,2016-05-15 05:01:18,True,persistence,0.05515083809909227
49640,2016-05-15 05:01:19,True,persistence,-0.029788415730041325
49642,2016-05-15 05:01:25,True,persistence,0.008268923997551102
49643,2016-05-15 05:01:30,True,persistence,0.1114991799618424
49709,2016-05-15 17:00:16,True,persistence,0.08338983784957202
49700,2016-05-15 17:11:16,True,persistence,0.045211757614820776
49713,2016-05-15 17:40:17,True,persistence,-0.03722612871081558
49718,2016-05-15 18:20:22,True,persistence,-0.03006790097930798
49712,2016-05-15 18:25:17,True,persistence,0.10829255722243772
49717,2016-05-15 18:49:17,True,persistence,0.1847623460588142
49719,2016-05-15 19:12:22,True,persistence,0.001976178412048866
49723,2016-05-15 19:40:32,True,persistence,0.05910769202863822
49722,2016-05-15 19:41:21,True,persistence,-0.03556944743869415
49725,2016-05-15 20:23:16,True,persistence,-0.04071114969488281
49727,2016-05-15 20:23:16,True,persistence,-0.0027852011012262576
49728,2016-05-15 21:00:21,True,persistence,0.08214878460858566
49729,2016-05-15 21:20:22,True,persistence,-0.03377580116220596
49730,2016-05-15 22:05:21,True,persistence,0.06449296447326938
49825,2016-05-16 09:45:17,True,persistence,0.053177393558311144
49832,2016-05-16 10:03:18,True,persistence,-0.027476213425048527
49830,2016-05-16 10:07:20,True,persistence,0.24940618834210704
49841,2016-05-16 11:01:17,True,persistence,-0.02163524624816915
49849,2016-05-16 11:04:18,True,persistence,-0.021050346619048973
49839,2016-05-16 11:06:24,True,persistence,0.17479649618143006
49840,2016-05-16 11:14:17,True,persistence,-0.03855637954724613
49848,2016-05-16 11:34:17,True,persistence,0.11747315041323883
49853,2016-05-16 12:07:18,True,persistence,0.07819610882291791
49854,2016-05-16 12:11:23,True,persistence,0.046105528500376004
49863,2016-05-16 12:20:22,True,persistence,0.10952134450298069
49867,2016-05-16 12:40:20,True,persistence,0.11327967373627872
49862,2016-05-16 12:57:21,True,persistence,0.040497715134151395
49872,2016-05-16 13:00:16,True,persistence,0.03374996298088015
49873,2016-05-16 13:00:19,True,persistence,0.29065003903029335
49874,2016-05-16 13:00:19,True,persistence,-0.03316800168397287
49875,2016-05-16 13:00:22,True,persistence,-0.03432199526516798
49884,2016-05-16 13:20:17,True,persistence,0.016997373197682523
49876,2016-05-16 13:23:22,True,persistence,0.01015697488331982
49881,2016-05-16 13:34:16,True,persistence,-0.030138658360703997
49868,2016-05-16 13:35:21,True,persistence,-0.010821562158043018
49883,2016-05-16 13:43:17,True,persistence,-0.019708639243358455
49891,2016-05-16 13:49:18,True,persistence,0.010188336951854383
49882,2016-05-16 14:09:16,True,persistence,0.002495052941741633
49900,2016-05-16 14:38:22,True,persistence,-0.02418047731541357
49915,2016-05-16 14:40:18,True,persistence,-0.005695198843803667
49912,2016-05-16 14:45:16,True,persistence,0.05168551104332638
49898,2016-05-16 14:46:16,True,persistence,0.03106431661680266
49907,2016-05-16 14:50:21,True,persistence,0.00442610097804032
49913,2016-05-16 14:55:16,True,persistence,0.010375792726840784
49914,2016-05-16 15:05:16,True,persistence,0.055870570882499436
49916,2016-05-16 15:16:18,True,persistence,0.007155080638849934
49917,2016-05-16 15:16:21,True,persistence,0.11595713114974596
49928,2016-05-16 15:27:16,True,persistence,0.04419947256426484
49922,2016-05-16 15:40:18,True,persistence,0.021585735108081552
49939,2016-05-16 16:31:16,True,persistence,-0.0308756301623667
49947,2016-05-16 17:00:19,True,persistence,-0.016817260343580807
49943,2016-05-16 17:19:16,True,persistence,-0.027579006392961236
49951,2016-05-16 17:20:22,True,persistence,0.17913261516760304
49950,2016-05-16 17:37:16,True,persistence,0.14166415146404077
49955,2016-05-16 17:40:17,True,persistence,-0.010833787585728411
50066,2016-05-17 05:20:19,True,persistence,-0.02296669926813702
50065,2016-05-17 05:27:16,True,persistence,-0.03902548547805223
50068,2016-05-17 05:40:17,True,persistence,0.054889662825051456
50070,2016-05-17 06:00:16,True,persistence,0.0137940157459996
50071,2016-05-17 06:27:17,True,persistence,-0.0035573493968269537
50075,2016-05-17 06:43:20,True,persistence,0.02399515977899439
50076,2016-05-17 07:00:16,True,persistence,-0.010936439299826881
50079,2016-05-17 07:03:17,True,persistence,0.025972169513317007
50082,2016-05-17 07:41:16,True,persistence,0.010440112118150548
50080,2016-05-17 07:56:18,True,persistence,0.19282917535716892
50087,2016-05-17 08:01:21,True,persistence,-0.01575473276299727
50094,2016-05-17 09:10:20,True,persistence,0.026585072258911567
50100,2016-05-17 09:20:16,True,persistence,-0.007829307406530575
50093,2016-05-17 09:27:19,True,persistence,0.0306632206056908
50106,2016-05-17 09:40:23,True,persistence,-0.008236714974190021
50112,2016-05-17 10:00:19,True,persistence,0.009584062896168283
50111,2016-05-17 10:20:17,True,persistence,0.010084887610678763
50110,2016-05-17 10:35:17,True,persistence,-0.0009983613109931927
50121,2016-05-17 11:00:17,True,persistence,-0.019500428764675073
50124,2016-05-17 11:20:22,True,persistence,0.02680057635349899
50123,2016-05-17 12:01:18,True,persistence,-0.018731217310791182
50266,2016-05-17 23:18:18,True,persistence,0.09069235542226733
50270,2016-05-17 23:20:19,True,persistence,-0.026367853439755472
50269,2016-05-17 23:24:16,True,persistence,-0.04630311204707292
50275,2016-05-17 23:40:18,True,persistence,-0.03666547946758518
50272,2016-05-17 23:42:20,True,persistence,0.0006047471051396029
50271,2016-05-17 23:47:18,True,persistence,0.0041208366767711445
50274,2016-05-17 23:48:18,True,persistence,-0.004241873970479265
50282,2016-05-18 00:20:17,True,persistence,0.026862675255603808
50281,2016-05-18 01:04:17,True,persistence,-0.0176476158889881
50291,2016-05-18 01:13:16,True,persistence,-0.03351023339570572
50299,2016-05-18 01:32:19,True,persistence,-0.04809799072328922
50295,2016-05-18 01:38:20,True,persistence,-0.04384296944510777
50304,2016-05-18 01:41:17,True,persistence,-0.03184121792042461
50310,2016-05-18 02:20:20,True,persistence,0.006192074648716771
50309,2016-05-18 02:23:19,True,persistence,-0.02105246414624018
50307,2016-05-18 02:24:17,True,persistence,-0.04100454047835293
50312,2016-05-18 02:40:21,True,persistence,-0.028836290097676052
50308,2016-05-18 02:49:20,True,persistence,-0.01801625405112568
50315,2016-05-18 03:53:18,True,persistence,-0.038294818894947645
50318,2016-05-18 04:33:22,True,persistence,-0.0208262770477644
50400,2016-05-20 14:00:04,True,persistence,-0.013324330550027902
50423,2016-05-20 14:00:06,True,persistence,0.025777533981103627
50437,2016-05-20 14:00:08,True,persistence,-0.01876354678835229
50450,2016-05-20 14:00:09,True,persistence,0.007117240989555358
50414,2016-05-20 14:03:05,True,persistence,-0.0008514663115700661
50605,2016-05-20 14:20:09,True,persistence,0.004051304684544578
50601,2016-05-20 14:45:04,True,persistence,-0.0019238724996371286
50627,2016-05-20 15:00:10,True,persistence,-0.033740091710455986
50636,2016-05-20 15:22:06,True,persistence,0.007922625470472545
50639,2016-05-20 15:31:09,True,persistence,-0.03509155310275943
50651,2016-05-20 15:40:09,True,persistence,0.09477801318842193
50663,2016-05-20 16:10:07,True,persistence,0.006295655769264294
50673,2016-05-20 16:20:10,True,persistence,-0.056787667590551746
50672,2016-05-20 16:25:09,True,persistence,-0.012585294358873093
50671,2016-05-20 16:41:06,True,persistence,0.002554269937527059
50664,2016-05-20 16:54:09,True,persistence,0.0005479052699017689
50697,2016-05-20 17:40:04,True,persistence,0.028043111799721597
50690,2016-05-20 18:00:07,True,persistence,0.02679803626325784
50699,2016-05-20 18:03:08,True,persistence,-0.0010043209194949484
50698,2016-05-20 18:11:05,True,persistence,0.015502008719058989
50691,2016-05-20 18:12:08,True,persistence,-0.04141976890473673
50705,2016-05-20 18:28:05,True,persistence,-0.03457388231451883
50707,2016-05-20 18:36:04,True,persistence,-0.03591974663701705
50710,2016-05-20 18:40:06,True,persistence,0.016802727918349376
50709,2016-05-20 19:07:04,True,persistence,0.06303473209906475
50719,2016-05-20 19:40:05,True,persistence,-0.03513873271769222
50721,2016-05-20 19:50:10,True,persistence,-0.03181209895553105
50718,2016-05-20 19:55:06,True,persistence,-0.05142689821116089
50729,2016-05-20 20:20:05,True,persistence,-0.012818663819644104
50731,2016-05-20 20:24:10,True,persistence,0.11417731913031552
50738,2016-05-20 21:00:04,True,persistence,0.0835239254389608
50733,2016-05-20 21:15:11,True,persistence,0.10200399363604869
50737,2016-05-20 21:29:04,True,persistence,-0.029598431214675598
50743,2016-05-20 22:26:05,True,persistence,0.0018027879781612093
50750,2016-05-20 22:40:08,True,persistence,-0.03950995497677721
50749,2016-05-20 22:43:05,True,persistence,-0.04953335806122097
50745,2016-05-20 22:56:11,True,persistence,-0.012322993733375464
50753,2016-05-20 23:00:09,True,persistence,-0.004310552765172136
50752,2016-05-20 23:12:04,True,persistence,0.011412877666091127
50759,2016-05-21 00:22:06,True,persistence,0.053349549887456604
50763,2016-05-21 01:36:04,True,persistence,-0.051458369715039386
50765,2016-05-21 01:50:04,True,persistence,0.09509817998561916
50773,2016-05-21 02:20:03,True,persistence,0.06359368362488631
50779,2016-05-21 03:20:06,True,persistence,-0.002773057184896079
50790,2016-05-21 07:19:04,True,persistence,0.07270894386006041
50881,2016-05-21 19:00:04,True,persistence,0.029141094311246795
50875,2016-05-21 19:09:05,True,persistence,0.02842954391654777
50884,2016-05-21 19:37:04,True,persistence,0.03239511485331064
50885,2016-05-21 19:50:05,True,persistence,-0.047121083311621174
50888,2016-05-21 20:32:07,True,persistence,-0.01666258553262415
50889,2016-05-21 20:37:07,True,persistence,0.042602437097334064
50890,2016-05-21 20:43:06,True,persistence,0.03837795600507106
50893,2016-05-21 21:40:05,True,persistence,-0.035574501280940043
50895,2016-05-21 22:10:06,True,persistence,-0.03837053649907406
50897,2016-05-21 23:04:06,True,persistence,0.03623230018138918
50901,2016-05-21 23:20:08,True,persistence,-0.03744855104850509
50912,2016-05-22 01:43:09,True,persistence,-0.03734258955767976
50915,2016-05-22 02:18:08,True,persistence,0.11356982937151186
50958,2016-05-22 14:54:05,True,persistence,-0.002966704712960651
50964,2016-05-22 15:03:09,True,persistence,0.039061367771665814
50959,2016-05-22 15:05:10,True,persistence,0.0035959862539714487
50963,2016-05-22 15:06:05,True,persistence,-0.0354335148896604
50969,2016-05-22 15:13:07,True,persistence,-0.03221315734197741
50971,2016-05-22 15:20:04,True,persistence,0.042060153262555716
50972,2016-05-22 15:20:04,True,persistence,-0.031074603719618503
50977,2016-05-22 17:01:04,True,persistence,0.03938508741431055
50978,2016-05-22 17:08:04,True,persistence,-0.03995118608898858
50983,2016-05-22 17:10:06,True,persistence,-0.03109554602657027
50979,2016-05-22 17:19:08,True,persistence,-0.02846897993987776
50998,2016-05-22 19:01:06,True,persistence,0.055312598397693806
50996,2016-05-22 19:26:04,True,persistence,0.029881622730533144
50999,2016-05-22 20:02:04,True,persistence,0.013411138980548389
51008,2016-05-22 20:10:09,True,persistence,0.009959135423886262
51007,2016-05-22 20:59:07,True,persistence,-0.03209399940073291
51017,2016-05-22 21:52:08,True,persistence,0.06382376858260194
51019,2016-05-22 22:06:04,True,persistence,0.11147068909140985
51023,2016-05-22 22:16:09,True,persistence,0.02496739522789388
51124,2016-05-23 09:39:05,True,persistence,0.035870338887554615
51129,2016-05-23 09:56:06,True,persistence,-0.018608732642421768
51130,2016-05-23 09:56:10,True,persistence,0.04468214531504474
51133,2016-05-23 10:07:08,True,persistence,-0.01995182174589781
51128,2016-05-23 10:13:05,True,persistence,-0.03276175968305197
51134,2016-05-23 10:20:10,True,persistence,-0.02116640778246693
51136,2016-05-23 10:47:04,True,persistence,-0.013246006865661542
51140,2016-05-23 11:00:04,True,persistence,-0.02583783245928478
51148,2016-05-23 11:00:05,True,persistence,-0.021568817562443846
51144,2016-05-23 11:04:09,True,persistence,-0.02311642930789095
51143,2016-05-23 11:17:08,True,persistence,0.009566593285985086
51142,2016-05-23 11:19:04,True,persistence,0.004379666276931764
51141,2016-05-23 11:20:04,True,persistence,0.041315698448115536
51154,2016-05-23 11:40:08,True,persistence,0.03696010937184824
51147,2016-05-23 11:56:04,True,persistence,0.021457979189045122
51151,2016-05-23 12:07:08,True,persistence,0.020657757806512717
51177,2016-05-23 13:00:05,True,persistence,0.02651539853306241
51165,2016-05-23 13:05:07,True,persistence,0.025712268966496216
51171,2016-05-23 13:14:09,True,persistence,-0.025126181000459744
51182,2016-05-23 13:20:08,True,persistence,-0.0094588264879908
51176,2016-05-23 13:32:05,True,persistence,0.07479870250408308
51175,2016-05-23 13:39:04,True,persistence,0.05999323578622094
51178,2016-05-23 13:40:05,True,persistence,-0.03064064785413206
51191,2016-05-23 13:40:10,True,persistence,-0.0191219048190566
51190,2016-05-23 13:44:09,True,persistence,-0.012630808357654772
51189,2016-05-23 14:08:05,True,persistence,-0.00703095439132693
51188,2016-05-23 14:23:04,True,persistence,-0.012099025875897737
51204,2016-05-23 14:40:10,True,persistence,0.04586892758217957
51200,2016-05-23 14:59:05,True,persistence,-0.027056765705200297
51202,2016-05-23 15:06:07,True,persistence,0.024784944592369622
51201,2016-05-23 15:11:06,True,persistence,0.021646478128744696
51210,2016-05-23 15:20:11,True,persistence,-0.028179240484307814
51203,2016-05-23 15:30:10,True,persistence,-0.005207808356065342
51214,2016-05-23 15:40:11,True,persistence,-0.025770747716338097
51209,2016-05-23 15:47:09,True,persistence,0.016313171446204554
51208,2016-05-23 15:58:06,True,persistence,0.04279011360220043
51220,2016-05-23 16:00:09,True,persistence,-0.036812858996281284
51224,2016-05-23 16:20:04,True,persistence,0.02698686671542797
51225,2016-05-23 16:20:07,True,persistence,-0.03534201681649594
51226,2016-05-23 16:37:11,True,persistence,0.011288271615587653
51231,2016-05-23 16:40:05,True,persistence,0.009889073440466821
51230,2016-05-23 17:03:05,True,persistence,-0.024379984373430846
51253,2016-05-23 17:21:09,True,persistence,0.08852784151745627
51252,2016-05-23 17:49:08,True,persistence,0.06973569713742744
51363,2016-05-24 04:43:06,True,persistence,0.007101834706583811
51369,2016-05-24 06:16:07,True,persistence,-0.020904349151439513
51377,2016-05-24 06:40:07,True,persistence,-0.020691051158511234
51378,2016-05-24 06:59:08,True,persistence,0.0071965514244839565
51382,2016-05-24 07:00:10,True,persistence,-0.038685198080840796
51375,2016-05-24 07:02:04,True,persistence,-0.009827765803750823
51383,2016-05-24 07:18:14,True,persistence,-0.007703417466963476
51376,2016-05-24 07:28:05,True,persistence,0.022318768341184778
51388,2016-05-24 08:15:05,True,persistence,0.0022491190136967893
51392,2016-05-24 08:16:06,True,persistence,0.006662399104699534
51387,2016-05-24 08:24:04,True,persistence,-0.02243196518809022
51389,2016-05-24 08:31:05,True,persistence,0.12367107212269313
51397,2016-05-24 08:42:05,True,persistence,-0.0301730426201872
51401,2016-05-24 08:49:06,True,persistence,0.026886947332676263
51403,2016-05-24 09:20:06,True,persistence,0.01011860212731202
51410,2016-05-24 10:02:07,True,persistence,0.11994617696197163
51404,2016-05-24 10:02:09,True,persistence,0.18031214019762415
51408,2016-05-24 10:03:09,True,persistence,-0.020887855492998878
51407,2016-05-24 10:05:09,True,persistence,-0.024237347888949958
51402,2016-05-24 10:16:06,True,persistence,0.061982877878694075
51416,2016-05-24 10:20:07,True,persistence,-0.010200107674400735
51411,2016-05-24 10:34:09,True,persistence,0.0017694768217537398
51420,2016-05-24 10:40:06,True,persistence,0.09705411384598636
51409,2016-05-24 10:43:05,True,persistence,0.03310844910412883
51415,2016-05-24 10:59:05,True,persistence,-0.016915120329965512
51580,2016-05-24 22:03:08,True,persistence,-0.010741479072200768
51577,2016-05-24 22:16:06,True,persistence,0.04045828134422259
51585,2016-05-24 23:03:04,True,persistence,0.11262402872142405
51594,2016-05-24 23:20:09,True,persistence,0.1045337064391432
51593,2016-05-24 23:44:04,True,persistence,0.09534589305977298
51592,2016-05-24 23:59:04,True,persistence,0.05082771179884455
51596,2016-05-25 00:05:07,True,persistence,-0.02455499756770292
51600,2016-05-25 00:38:09,True,persistence,0.024062427740057016
51599,2016-05-25 00:45:08,True,persistence,-0.04919275711390662
51608,2016-05-25 01:00:09,True,persistence,0.04800652694161759
51605,2016-05-25 01:04:07,True,persistence,-0.03580239724870501
51613,2016-05-25 02:00:07,True,persistence,-0.04272380127802043
51621,2016-05-25 02:40:08,True,persistence,0.0027762632405637835
51620,2016-05-25 03:17:07,True,persistence,0.022081142927891085
51623,2016-05-25 03:40:06,True,persistence,0.019573770266453815
51789,2016-05-25 14:32:07,True,persistence,-0.003951968390046354
51796,2016-05-25 14:40:06,True,persistence,-0.012987500357316417
51788,2016-05-25 14:54:06,True,persistence,0.048888305937532184
51801,2016-05-25 15:00:10,True,persistence,0.049283031228710916
51802,2016-05-25 15:00:10,True,persistence,-0.029594274915072532
51792,2016-05-25 15:04:05,True,persistence,-0.0020166860973838442
51807,2016-05-25 15:58:05,True,persistence,0.04414129044551702
51830,2016-05-25 16:40:06,True,persistence,0.06607602169687582
51831,2016-05-25 16:42:09,True,persistence,-0.0064600025880831085
51824,2016-05-25 17:01:10,True,persistence,0.049410783647340986
51838,2016-05-25 17:05:05,True,persistence,0.026986678880964437
51846,2016-05-25 17:20:06,True,persistence,0.04685067657090237
51848,2016-05-25 17:28:11,True,persistence,-0.030894578484467757
51855,2016-05-25 18:25:05,True,persistence,0.14178655301746454
51958,2016-05-26 05:42:04,True,persistence,0.014655253297211948
51961,2016-05-26 05:45:04,True,persistence,0.08529661323882211
51969,2016-05-26 06:00:05,True,persistence,-0.026822034236614972
51960,2016-05-26 06:05:07,True,persistence,-0.019927001193530365
51972,2016-05-26 06:20:05,True,persistence,-0.015681079392334006
51975,2016-05-26 07:22:06,True,persistence,-0.0048052758866120706
51977,2016-05-26 07:38:04,True,persistence,0.026557187532772634
51979,2016-05-26 07:40:05,True,persistence,0.0030948503594764405
51985,2016-05-26 08:00:05,True,persistence,0.05803956219304847
51984,2016-05-26 08:16:04,True,persistence,-0.01104406823805551
51990,2016-05-26 09:00:04,True,persistence,0.05284092186899736
51991,2016-05-26 09:00:05,True,persistence,-0.020565497650894785
51994,2016-05-26 09:00:07,True,persistence,-0.015188129516401189
51989,2016-05-26 09:14:10,True,persistence,0.026529787608473316
51998,2016-05-26 09:20:06,True,persistence,0.02677349937843405
52000,2016-05-26 09:29:08,True,persistence,0.028106009798232842
51992,2016-05-26 09:32:05,True,persistence,0.032412486985602
51999,2016-05-26 09:33:06,True,persistence,-0.016834082802683756
51996,2016-05-26 09:35:10,True,persistence,-0.011451344433302028
51993,2016-05-26 09:44:05,True,persistence,0.03223818517760573
52160,2016-05-26 21:05:06,True,persistence,0.033966814505777265
52161,2016-05-26 21:21:10,True,persistence,0.02683168694504555
52159,2016-05-26 21:41:05,True,persistence,-0.034285327625183964
52166,2016-05-26 21:46:09,True,persistence,0.029700643640309905
52164,2016-05-26 22:06:05,True,persistence,0.004405410751651842
52175,2016-05-26 22:20:06,True,persistence,0.004727469201850668
52183,2016-05-26 23:22:09,True,persistence,0.0966716730968425
52182,2016-05-26 23:26:07,True,persistence,-0.03128534569293818
52187,2016-05-27 00:24:04,True,persistence,0.010720442462321397
52193,2016-05-27 01:00:05,True,persistence,-0.01395800282158926
52194,2016-05-27 01:00:06,True,persistence,0.10902169578892339
52195,2016-05-27 01:03:10,True,persistence,-0.04873171075508744
52310,2016-05-27 12:40:21,True,persistence,-0.012180749324333232
52300,2016-05-27 12:46:05,True,persistence,-0.03162959495966997
52302,2016-05-27 12:51:07,True,persistence,0.09282867807518963
52304,2016-05-27 12:54:10,True,persistence,-0.021522048458051977
52309,2016-05-27 12:56:15,True,persistence,-0.02426325032151021
52303,2016-05-27 13:01:10,True,persistence,0.023479049470678796
52322,2016-05-27 13:20:11,True,persistence,-0.02693326457730256
52318,2016-05-27 13:26:11,True,persistence,0.0007704184035684418
52308,2016-05-27 13:32:15,True,persistence,-0.00274992187805213
52314,2016-05-27 13:36:05,True,persistence,0.007021015521857176
52321,2016-05-27 13:36:06,True,persistence,-0.019640427704030964
52330,2016-05-27 13:40:05,True,persistence,-0.03732440889892264
52332,2016-05-27 13:40:12,True,persistence,0.040082154452847935
52333,2016-05-27 13:40:12,True,persistence,-0.018331594447461293
52317,2016-05-27 13:42:10,True,persistence,0.0269696927071447
52316,2016-05-27 13:47:08,True,persistence,-0.014646200676660542
52329,2016-05-27 13:51:05,True,persistence,0.0005817314391117333
52341,2016-05-27 14:00:10,True,persistence,-0.012977195390993543
52320,2016-05-27 14:07:05,True,persistence,-0.019725215224914956
52340,2016-05-27 14:20:07,True,persistence,0.06959409877188556
52344,2016-05-27 14:20:07,True,persistence,0.00867132494676129
52347,2016-05-27 14:20:10,True,persistence,-0.024459244811749357
52351,2016-05-27 14:40:10,True,persistence,0.0316827590759328
52354,2016-05-27 15:00:10,True,persistence,0.02695437450096077
52345,2016-05-27 15:15:08,True,persistence,-0.008634096193853068
52350,2016-05-27 15:36:06,True,persistence,-0.02480642205344337
52357,2016-05-27 15:58:14,True,persistence,0.046625751048984414
52360,2016-05-27 16:04:08,True,persistence,-0.0539452218856412
52466,2016-05-28 04:43:07,True,persistence,-0.027740943074110163
52472,2016-05-28 06:11:07,True,persistence,0.04444145087260172
52484,2016-05-28 07:00:05,True,persistence,0.0866283449787708
52480,2016-05-28 07:07:05,True,persistence,0.06625894895290228
52483,2016-05-28 07:37:05,True,persistence,-0.05420231158184369
52540,2016-05-28 22:08:06,True,persistence,-0.02332923722665339
52544,2016-05-28 23:00:08,True,persistence,0.06488877562784064
52541,2016-05-28 23:01:05,True,persistence,0.03445274738257398
52546,2016-05-28 23:20:05,True,persistence,0.040573984970868435
52549,2016-05-29 00:13:09,True,persistence,0.2155038962408122
52550,2016-05-29 00:35:05,True,persistence,0.06535138853257165
52551,2016-05-29 01:09:12,True,persistence,-0.058704712497015275
52555,2016-05-29 01:21:06,True,persistence,0.0023149143628652166
52558,2016-05-29 01:58:08,True,persistence,0.030963955538018766
52557,2016-05-29 02:25:05,True,persistence,0.026226224185460497
52561,2016-05-29 03:11:06,True,persistence,0.026923222834665774
52565,2016-05-29 03:20:09,True,persistence,-0.02504290205858202
52627,2016-05-29 16:26:05,True,persistence,-0.0010667621014091803
52636,2016-05-29 16:40:05,True,persistence,-0.03310457475613925
52641,2016-05-29 17:00:07,True,persistence,0.054215132526654726
52642,2016-05-29 17:00:09,True,persistence,0.030986364879562335
52632,2016-05-29 17:04:05,True,persistence,0.021112569776862128
52645,2016-05-29 17:20:07,True,persistence,0.09011983141166671
52653,2016-05-29 18:02:07,True,persistence,0.035077466420488514
52650,2016-05-29 18:08:05,True,persistence,0.026426101763756298
52659,2016-05-29 18:20:10,True,persistence,-0.030147911978805342
52651,2016-05-29 18:29:05,True,persistence,-0.005035015072465567
52655,2016-05-29 18:31:05,True,persistence,0.03496228692027226
52661,2016-05-29 19:25:05,True,persistence,-0.006526628074952011
52664,2016-05-29 19:59:06,True,persistence,0.05746552039409865
52667,2016-05-29 20:00:11,True,persistence,-0.020643253684868905
52663,2016-05-29 20:01:05,True,persistence,-0.01498930536556906
52675,2016-05-29 22:00:09,True,persistence,0.04782471338804026
52673,2016-05-29 22:16:10,True,persistence,0.09025555657539681
52674,2016-05-29 22:46:06,True,persistence,-0.00029725043791108303
52785,2016-05-30 10:02:08,True,persistence,-0.013911214326448009
52783,2016-05-30 10:11:06,True,persistence,-0.04268973890211565
52784,2016-05-30 10:11:07,True,persistence,-0.012753475967699964
52782,2016-05-30 10:16:06,True,persistence,0.056327292568799626
52789,2016-05-30 10:20:07,True,persistence,-0.009001912064179734
52787,2016-05-30 10:23:06,True,persistence,-0.02221770043909086
52791,2016-05-30 10:23:08,True,persistence,-0.013271995079650777
52795,2016-05-30 10:40:06,True,persistence,0.027388884206344975
52794,2016-05-30 10:41:05,True,persistence,-7.227580910202334e-05
52797,2016-05-30 11:00:05,True,persistence,-0.0051201439699280465
52790,2016-05-30 11:08:07,True,persistence,0.059300084096992084
52800,2016-05-30 11:20:09,True,persistence,-0.01506489936529775
52796,2016-05-30 11:23:07,True,persistence,-0.026442306996984535
52798,2016-05-30 11:42:07,True,persistence,-0.021237297211261646
52804,2016-05-30 12:08:06,True,persistence,0.015686059824208256
52805,2016-05-30 12:22:08,True,persistence,-0.021490779050837804
52809,2016-05-30 12:41:08,True,persistence,-0.03174126806050772
52815,2016-05-30 12:49:06,True,persistence,-0.02054255149848469
52817,2016-05-30 12:56:07,True,persistence,-0.017268337734001157
52813,2016-05-30 13:00:05,True,persistence,0.009118858354257662
52820,2016-05-30 13:09:09,True,persistence,-0.0004942770527542849
52822,2016-05-30 13:20:08,True,persistence,-0.002996512571341583
52828,2016-05-30 13:45:10,True,persistence,-0.014183521442210715
52832,2016-05-30 14:00:08,True,persistence,0.026119520935387185
52826,2016-05-30 14:01:08,True,persistence,-0.003038151242930309
52827,2016-05-30 14:03:10,True,persistence,0.013564961494626215
52825,2016-05-30 14:17:06,True,persistence,-0.02716105952395666
52833,2016-05-30 14:39:08,True,persistence,0.012335311398989761
52838,2016-05-30 14:45:06,True,persistence,0.04227792113454051
52846,2016-05-30 15:00:09,True,persistence,-0.012272317577128844
52847,2016-05-30 15:00:11,True,persistence,-0.007817526253740825
52848,2016-05-30 15:00:11,True,persistence,-0.005841130817203121
52839,2016-05-30 15:04:07,True,persistence,-0.009105559975935842
52840,2016-05-30 15:08:09,True,persistence,-0.04012673869532924
52845,2016-05-30 15:13:05,True,persistence,-0.04316253772170125
52843,2016-05-30 15:17:06,True,persistence,-0.007731769963398343
52841,2016-05-30 15:17:10,True,persistence,-0.021530733116624255
52860,2016-05-30 15:42:07,True,persistence,-0.047085263242942293
52854,2016-05-30 15:43:09,True,persistence,0.0046311678586219455
52856,2016-05-30 16:01:05,True,persistence,-0.0030767570401627545
52864,2016-05-30 16:20:06,True,persistence,0.013351467400990212
52865,2016-05-30 16:20:11,True,persistence,-0.0431804018694465
52875,2016-05-30 17:00:06,True,persistence,0.007330969880783984
52876,2016-05-30 17:14:07,True,persistence,0.0030624698985855115
52885,2016-05-30 17:20:05,True,persistence,-0.0531484090168234
52874,2016-05-30 17:32:05,True,persistence,0.05342809976565541
52878,2016-05-30 17:32:11,True,persistence,-0.03639943470767322
52883,2016-05-30 17:37:05,True,persistence,0.12886036618066835
52889,2016-05-30 18:20:06,True,persistence,0.10442040138852211
52905,2016-05-30 18:40:08,True,persistence,0.005706636078933509
52906,2016-05-30 18:40:08,True,persistence,-0.02522276234026591
52899,2016-05-30 19:14:09,True,persistence,0.003147102232450923
53023,2016-05-31 06:32:06,True,persistence,-0.05329726092067028
53019,2016-05-31 06:32:07,True,persistence,-0.04086361447276287
53026,2016-05-31 06:38:07,True,persistence,0.04931809699761211
53030,2016-05-31 06:40:05,True,persistence,-0.040501492169541166
53031,2016-05-31 06:40:06,True,persistence,-0.04651704168813477
53033,2016-05-31 07:20:07,True,persistence,-0.013573017395471386
53038,2016-05-31 07:40:05,True,persistence,-0.012555489361647795
53034,2016-05-31 07:41:08,True,persistence,0.01818646165903282
53041,2016-05-31 08:01:08,True,persistence,-0.02750031563309665
53039,2016-05-31 08:05:06,True,persistence,0.06864489914100275
53049,2016-05-31 08:41:20,True,persistence,-0.020863392772559376
53043,2016-05-31 08:51:06,True,persistence,-0.0020162177723804277
53058,2016-05-31 09:40:07,True,persistence,-0.023837410286586227
53052,2016-05-31 09:49:09,True,persistence,-0.0016800342332466143
53055,2016-05-31 10:05:10,True,persistence,0.005997472955464521
53065,2016-05-31 10:23:06,True,persistence,-0.015976840706464056
53071,2016-05-31 10:34:08,True,persistence,0.018656831520164754
53070,2016-05-31 10:38:07,True,persistence,-0.01519912325752031
53077,2016-05-31 10:40:10,True,persistence,0.03255508595047845
53080,2016-05-31 11:00:05,True,persistence,0.10396747654774137
53081,2016-05-31 11:00:05,True,persistence,0.024961594699847798
53082,2016-05-31 11:00:09,True,persistence,0.010735742566322969
53279,2016-05-31 23:40:10,True,persistence,0.0603889640389497
53274,2016-06-01 00:00:08,True,persistence,0.006643622721688086
53275,2016-06-01 00:00:10,True,persistence,0.20977058142436436
53285,2016-06-01 00:20:06,True,persistence,0.0073731311475772505
53277,2016-06-01 00:21:07,True,persistence,-0.029523210692459424
53301,2016-06-01 01:00:07,True,persistence,0.03238154981538336
53304,2016-06-01 01:20:10,True,persistence,-0.03293690819530248
53293,2016-06-01 01:31:09,True,persistence,-0.002124947708852679
53308,2016-06-01 01:40:07,True,persistence,0.026367763530564144
53313,2016-06-01 02:00:06,True,persistence,-0.0427688993597236
53307,2016-06-01 02:31:07,True,persistence,0.015691360914512165
53309,2016-06-01 02:38:09,True,persistence,-0.02792079407752913
53314,2016-06-01 02:52:08,True,persistence,0.017684564086376017
53317,2016-06-01 02:57:07,True,persistence,-0.02060526815239693
53322,2016-06-01 03:02:16,True,persistence,0.021679457624216133
53316,2016-06-01 03:08:06,True,persistence,-0.005465845929706375
53333,2016-06-01 03:25:06,True,persistence,0.05414899964914296
53329,2016-06-01 03:26:08,True,persistence,0.010491862200215455
53328,2016-06-01 03:39:07,True,persistence,0.004088174621831149
53332,2016-06-01 04:04:05,True,persistence,0.017860469590998324
53337,2016-06-01 04:12:06,True,persistence,-0.016063793988055176
53688,2016-06-02 05:31:06,True,persistence,-0.03890585178835327
53690,2016-06-02 06:09:09,True,persistence,0.0256916122587876
53699,2016-06-02 06:53:11,True,persistence,0.055762880830609825
53710,2016-06-02 08:00:06,True,persistence,-0.016476838719738224
53720,2016-06-02 09:00:07,True,persistence,-0.019302629186843855
53721,2016-06-02 09:10:07,True,persistence,-0.02076905513577358
53875,2016-06-02 22:08:08,True,persistence,0.026901871976024696
53878,2016-06-02 22:40:08,True,persistence,0.0005581834664585041
53879,2016-06-02 22:40:09,True,persistence,0.06499331874189382
53876,2016-06-02 22:58:06,True,persistence,-0.03246916049555522
53880,2016-06-02 23:00:07,True,persistence,-0.018855219579519286
53887,2016-06-02 23:40:08,True,persistence,-0.009197034759976994
53886,2016-06-02 23:45:06,True,persistence,0.28755320986207217
53884,2016-06-02 23:55:06,True,persistence,0.034756854111129304
54009,2016-06-03 12:00:06,True,persistence,-0.01292082688858467
54013,2016-06-03 12:20:07,True,persistence,0.06140611782474527
54003,2016-06-03 12:23:07,True,persistence,-0.019026207351377306
54019,2016-06-03 13:00:07,True,persistence,-0.023776945808014607
54016,2016-06-03 13:12:08,True,persistence,0.04959181651070908
54018,2016-06-03 13:41:06,True,persistence,-0.02927322620631709
54029,2016-06-03 13:44:09,True,persistence,0.03890285537063872
54026,2016-06-03 13:45:07,True,persistence,0.02265079878219753
54028,2016-06-03 13:56:09,True,persistence,-0.0039106631124789315
54032,2016-06-03 14:06:06,True,persistence,0.008456539004377508
54040,2016-06-03 14:20:06,True,persistence,0.041353234973643585
54033,2016-06-03 14:39:08,True,persistence,0.017144494220105576
54041,2016-06-03 14:47:08,True,persistence,-0.015543913048583624
54051,2016-06-03 15:00:12,True,persistence,-0.012310897697824097
54049,2016-06-03 15:06:06,True,persistence,0.014887500571679767
54047,2016-06-03 15:10:08,True,persistence,0.02695603518056978
54046,2016-06-03 15:16:07,True,persistence,0.05573209120787788
54050,2016-06-03 15:36:06,True,persistence,-0.022464450274350733
54189,2016-06-04 03:05:07,True,persistence,0.00611556536799732
54190,2016-06-04 03:22:11,True,persistence,0.008980544578290919
54196,2016-06-04 05:07:24,True,persistence,-0.005950735994593799
54199,2016-06-04 06:14:11,True,persistence,0.04296287751191016
54201,2016-06-04 06:54:09,True,persistence,0.09179798099966573
54204,2016-06-04 08:15:10,True,persistence,0.02690084955316479
54266,2016-06-04 19:44:09,True,persistence,0.10879873474411625
54276,2016-06-04 22:00:09,True,persistence,0.05760916498624865
54273,2016-06-04 22:09:06,True,persistence,0.1427599440088394
54274,2016-06-04 22:17:06,True,persistence,0.1226243611630419
54279,2016-06-04 23:03:11,True,persistence,0.08725955771504859
54278,2016-06-04 23:06:11,True,persistence,0.04878920240288574
54285,2016-06-04 23:40:07,True,persistence,0.04986705925804233
54282,2016-06-04 23:45:06,True,persistence,0.06588311755734164
54283,2016-06-05 00:01:09,True,persistence,0.04281473788810772
54286,2016-06-05 00:35:06,True,persistence,0.05890085501174418
54289,2016-06-05 01:00:08,True,persistence,0.08445035344816103
54345,2016-06-05 13:01:10,True,persistence,0.07468781128945205
54344,2016-06-05 13:01:11,True,persistence,0.03779342591759191
54350,2016-06-05 14:16:06,True,persistence,-0.00378710532235714
54349,2016-06-05 14:34:06,True,persistence,0.07076986420624078
54352,2016-06-05 14:34:10,True,persistence,0.01681241380001665
54354,2016-06-05 15:20:06,True,persistence,-0.009126880520086002
54364,2016-06-05 15:40:07,True,persistence,-0.02057583798534652
54365,2016-06-05 16:18:13,True,persistence,0.1511474112214656
54373,2016-06-05 16:52:12,True,persistence,0.025192931356634893
54369,2016-06-05 17:03:06,True,persistence,0.022583029606449916
54371,2016-06-05 17:06:10,True,persistence,0.027462634387280478
54376,2016-06-05 17:38:09,True,persistence,0.017139404369373855
54381,2016-06-05 17:40:07,True,persistence,-0.00989320262345105
54380,2016-06-05 17:55:06,True,persistence,-0.045980478165557365
54383,2016-06-05 18:00:07,True,persistence,-0.011052202996395269
54379,2016-06-05 18:02:06,True,persistence,-0.027170864323774226
54378,2016-06-05 18:05:06,True,persistence,0.03384227232496892
54386,2016-06-05 18:20:12,True,persistence,-0.03165603889909871
54382,2016-06-05 18:35:07,True,persistence,-0.041442096188986755
54391,2016-06-05 19:10:11,True,persistence,-0.004356536721231383
54390,2016-06-05 19:19:07,True,persistence,0.06063967199842946
54394,2016-06-05 19:34:08,True,persistence,0.042969039760893044
54396,2016-06-05 20:02:06,True,persistence,0.033638340799404746
54485,2016-06-06 07:01:06,True,persistence,-0.015269515105665233
54493,2016-06-06 08:40:07,True,persistence,0.005456035762279286
54497,2016-06-06 09:00:07,True,persistence,-0.0010035297066088604
54500,2016-06-06 09:20:06,True,persistence,-0.002900095976118012
54507,2016-06-06 10:03:12,True,persistence,0.026924423324986884
54504,2016-06-06 10:16:06,True,persistence,0.16907762522401418
54519,2016-06-06 10:40:09,True,persistence,0.01974708865434576
54512,2016-06-06 10:55:07,True,persistence,0.05078140147795663
54523,2016-06-06 11:00:06,True,persistence,0.0092297685130101
54524,2016-06-06 11:00:07,True,persistence,-0.003472660590582481
54525,2016-06-06 11:01:07,True,persistence,0.1059272702270412
54513,2016-06-06 11:02:09,True,persistence,-0.030652284178151808
54518,2016-06-06 11:26:07,True,persistence,0.004673793013518204
54522,2016-06-06 11:28:06,True,persistence,-0.007078353972002161
54529,2016-06-06 11:32:07,True,persistence,0.03355853002293866
54531,2016-06-06 11:32:08,True,persistence,0.010064711310863667
54530,2016-06-06 11:42:07,True,persistence,0.047874493940260096
54537,2016-06-06 11:45:08,True,persistence,0.0068374775475325954
54539,2016-06-06 12:00:07,True,persistence,0.066021236613295
54536,2016-06-06 12:10:07,True,persistence,0.06585531210393598
54532,2016-06-06 12:17:09,True,persistence,0.10605255823454027
54549,2016-06-06 12:20:12,True,persistence,-0.04541155822236575
54543,2016-06-06 12:31:09,True,persistence,0.0535568599880392
54545,2016-06-06 12:32:11,True,persistence,0.011139434007860802
54542,2016-06-06 12:42:08,True,persistence,-0.01246581966234958
54552,2016-06-06 12:53:08,True,persistence,0.0868271701498289
54558,2016-06-06 13:00:08,True,persistence,0.05102305385779906
54548,2016-06-06 13:05:08,True,persistence,0.00040915724877059814
54547,2016-06-06 13:08:08,True,persistence,-0.01261644844389863
54565,2016-06-06 13:20:07,True,persistence,0.09540455262445635
54553,2016-06-06 13:36:08,True,persistence,0.013820673425561515
54572,2016-06-06 13:40:11,True,persistence,-0.014810978946481772
54564,2016-06-06 13:54:06,True,persistence,-0.030868488940254808
54577,2016-06-06 14:32:11,True,persistence,-0.020624419604788433
54581,2016-06-06 14:59:07,True,persistence,-0.010474227407883233
54582,2016-06-06 15:04:11,True,persistence,-0.018794661361595112
54590,2016-06-06 15:15:08,True,persistence,-0.005027982380341484
54596,2016-06-06 15:23:07,True,persistence,-0.03388228670294859
54597,2016-06-06 15:38:07,True,persistence,0.005729962224505984
54598,2016-06-06 15:38:08,True,persistence,0.015841275461417652
54599,2016-06-06 15:40:09,True,persistence,0.0044751374111787305
54612,2016-06-06 16:00:10,True,persistence,0.1449991944719496
54604,2016-06-06 16:00:23,True,persistence,0.03883455361524366
54609,2016-06-06 16:10:12,True,persistence,0.09640021971255376
54608,2016-06-06 16:16:10,True,persistence,-0.022375995062963693
54606,2016-06-06 16:37:08,True,persistence,0.0048781026037107034
54618,2016-06-06 16:43:06,True,persistence,-0.03731836799836034
54620,2016-06-06 16:59:07,True,persistence,0.035093936132025425
54619,2016-06-06 17:02:07,True,persistence,0.0992427702351863
54754,2016-06-07 05:26:22,True,persistence,0.006090868179014093
54761,2016-06-07 06:20:06,True,persistence,0.01906256254081886
54762,2016-06-07 06:26:07,True,persistence,0.006092669541688937
54772,2016-06-07 07:00:08,True,persistence,0.05005850973710369
54778,2016-06-07 07:41:11,True,persistence,-0.012886459528217901
54777,2016-06-07 07:53:09,True,persistence,-0.0194556091798034
54774,2016-06-07 07:58:07,True,persistence,0.03308484014143003
54775,2016-06-07 08:03:08,True,persistence,0.048785815099163875
54785,2016-06-07 09:08:09,True,persistence,0.07227314618844274
54792,2016-06-07 09:36:08,True,persistence,-0.027882883942947845
54793,2016-06-07 09:45:10,True,persistence,-0.018147875452358648
54794,2016-06-07 10:02:12,True,persistence,-0.01535954649005157
54790,2016-06-07 10:17:06,True,persistence,0.05997693195853265
54798,2016-06-07 10:18:08,True,persistence,0.007981228606190775
54924,2016-06-07 21:01:06,True,persistence,0.01709801731530424
54933,2016-06-07 21:20:12,True,persistence,-0.024974566901018153
54932,2016-06-07 22:06:08,True,persistence,0.03911358627975088
54939,2016-06-07 22:27:12,True,persistence,0.01679476558848169
54949,2016-06-07 22:50:14,True,persistence,-0.003840343667984107
55212,2016-06-08 21:46:08,True,persistence,-0.033561004645665034
55225,2016-06-08 22:04:13,True,persistence,-0.03590435820325947
55227,2016-06-08 22:20:07,True,persistence,0.042757706302141534
55232,2016-06-08 22:45:09,True,persistence,0.04269832800064477
55231,2016-06-08 23:31:07,True,persistence,-0.02539379752047116
55234,2016-06-08 23:40:07,True,persistence,-0.003964077721436427
55236,2016-06-08 23:50:11,True,persistence,-0.031521574303004465
55235,2016-06-08 23:59:10,True,persistence,-0.0074711220644904765
55238,2016-06-09 00:20:06,True,persistence,-0.003676044959902659
55241,2016-06-09 00:20:07,True,persistence,-0.012456217227170009
55242,2016-06-09 00:20:07,True,persistence,-0.011921679937777086
55245,2016-06-09 00:40:07,True,persistence,-0.04044136310741481
55239,2016-06-09 00:47:09,True,persistence,0.011351161116819358
55251,2016-06-09 01:00:09,True,persistence,-0.03275503700407487
55250,2016-06-09 01:41:07,True,persistence,-0.012004733626188438
55255,2016-06-09 02:28:10,True,persistence,-0.02214990833834123
55253,2016-06-09 02:35:09,True,persistence,-0.0249403040638867
55661,2016-06-10 19:40:07,True,persistence,-0.05844342809899744
55663,2016-06-10 19:49:12,True,persistence,-0.038599346268901734
55659,2016-06-10 20:13:07,True,persistence,-0.057241366675871826
57577,2016-06-18 21:15:03,True,persistence,0.07211820354992875
57588,2016-06-18 21:40:03,True,persistence,0.15833348640537573
57585,2016-06-18 22:13:10,True,persistence,0.13190678477306667
57591,2016-06-18 22:40:03,True,persistence,-0.014816657229005359
57592,2016-06-18 22:40:07,True,persistence,0.12168126334203848
57612,2016-06-19 05:32:04,True,persistence,0.02696250795344777
57629,2016-06-19 07:05:04,True,persistence,-0.021761780844402903
57624,2016-06-19 07:20:03,True,persistence,-0.017236655302158198
57625,2016-06-19 07:24:04,True,persistence,0.01055372021059902
57635,2016-06-19 07:52:03,True,persistence,-0.0014621688187826977
57641,2016-06-19 08:20:08,True,persistence,0.007341805524571532
57640,2016-06-19 09:04:06,True,persistence,-0.01552855380987107
57638,2016-06-19 09:13:03,True,persistence,0.034957686335666635
57645,2016-06-19 09:16:03,True,persistence,0.003773356428094371
57659,2016-06-19 10:40:13,True,persistence,0.0922441482093032
57664,2016-06-19 11:00:04,True,persistence,-0.00727886772617382
57660,2016-06-19 11:06:13,True,persistence,-0.03742504320494785
57665,2016-06-19 11:31:06,True,persistence,-0.0020449047627546027
57668,2016-06-19 11:40:03,True,persistence,0.26020323675897983
57672,2016-06-19 12:00:07,True,persistence,-0.04159887566108374
57708,2016-06-19 20:36:03,True,persistence,0.1534467059157802
57719,2016-06-19 22:02:03,True,persistence,0.19217719738427438
57721,2016-06-19 22:11:07,True,persistence,-0.04288840603276499
57723,2016-06-19 22:36:03,True,persistence,0.0264005219905447
57725,2016-06-19 22:44:14,True,persistence,-0.0007828219896903856
57726,2016-06-19 22:55:15,True,persistence,0.04287719048721804
57727,2016-06-19 22:56:04,True,persistence,-0.021224014546355186
57730,2016-06-19 23:03:03,True,persistence,-0.0018773995690230189
57737,2016-06-19 23:20:06,True,persistence,0.06762603711629273
57735,2016-06-20 00:03:03,True,persistence,0.09246611737360716
57738,2016-06-20 00:05:03,True,persistence,0.07770327953890052
57744,2016-06-20 00:40:03,True,persistence,0.05890582020521865
57739,2016-06-20 00:49:05,True,persistence,0.1476234637157052
57743,2016-06-20 01:17:03,True,persistence,0.20371762431369986
57747,2016-06-20 01:17:03,True,persistence,-0.030850244249774762
57749,2016-06-20 01:20:06,True,persistence,-0.05007806014068766
57751,2016-06-20 01:40:04,True,persistence,-0.040794370795153
57752,2016-06-20 01:40:05,True,persistence,-0.005910382537531622
57755,2016-06-20 02:42:06,True,persistence,-0.0056032214228414964
57758,2016-06-20 03:40:04,True,persistence,0.05556595901144171
57761,2016-06-20 03:40:07,True,persistence,-0.02623145003593749
57759,2016-06-20 03:56:04,True,persistence,0.10773701153964535
57766,2016-06-20 04:42:07,True,persistence,0.014112865651811518
57770,2016-06-20 05:34:04,True,persistence,0.06271166433027336
57778,2016-06-20 06:35:04,True,persistence,-0.020384613487324277
57791,2016-06-20 07:20:04,True,persistence,-0.016104226661441227
57784,2016-06-20 07:35:09,True,persistence,0.009933148918817102
57785,2016-06-20 07:46:04,True,persistence,0.02151142276371315
57794,2016-06-20 08:01:05,True,persistence,0.014559406044607448
57798,2016-06-20 08:22:04,True,persistence,-0.008244146798538722
57793,2016-06-20 08:25:04,True,persistence,0.019676498588035853
57799,2016-06-20 08:29:04,True,persistence,0.10611881994575253
57800,2016-06-20 08:33:06,True,persistence,-0.02386925344766999
57820,2016-06-20 10:00:09,True,persistence,-0.03606335300342993
57811,2016-06-20 10:06:05,True,persistence,0.08513221462835249
57809,2016-06-20 10:09:03,True,persistence,0.03837401211651381
57818,2016-06-20 10:19:03,True,persistence,-0.004264724162220393
57829,2016-06-20 10:40:10,True,persistence,-0.01937534679796504
57830,2016-06-20 10:40:10,True,persistence,0.026133307812311123
57822,2016-06-20 10:58:04,True,persistence,0.09805539327144602
57824,2016-06-20 11:03:07,True,persistence,-0.019600049856384756
57827,2016-06-20 11:04:05,True,persistence,-0.017583909941457296
57838,2016-06-20 11:20:04,True,persistence,0.0964302866858867
57834,2016-06-20 11:21:06,True,persistence,-0.028060995813812623
57845,2016-06-20 12:07:04,True,persistence,0.015014490992239855
57848,2016-06-20 12:10:04,True,persistence,-0.023480692523170168
57855,2016-06-20 12:20:10,True,persistence,-0.021084653673951646
57858,2016-06-20 13:07:03,True,persistence,0.03221608753221395
57854,2016-06-20 13:08:06,True,persistence,-0.024688647565621086
57859,2016-06-20 13:19:06,True,persistence,-0.018495914105018475
57864,2016-06-20 13:33:06,True,persistence,-0.013064928334346708
57875,2016-06-20 14:00:11,True,persistence,-0.020162777156388704
57873,2016-06-20 14:20:04,True,persistence,-0.016698795701414866
57879,2016-06-20 14:20:07,True,persistence,-0.027027828178371426
57870,2016-06-20 14:30:05,True,persistence,0.005204968775944987
57869,2016-06-20 14:38:05,True,persistence,-0.027440473957328043
57878,2016-06-20 14:45:06,True,persistence,-0.03824523453481642
57874,2016-06-20 14:49:06,True,persistence,-0.011884124845209152
57877,2016-06-20 15:17:05,True,persistence,0.05335220313508067
57883,2016-06-20 15:34:05,True,persistence,0.1330454375402467
57894,2016-06-20 15:50:03,True,persistence,-0.010474199782105915
57889,2016-06-20 15:59:03,True,persistence,-0.015246497095305072
57902,2016-06-20 16:02:09,True,persistence,-0.0351234387049179
57923,2016-06-20 17:17:07,True,persistence,0.022729814956524253
57920,2016-06-20 17:32:04,True,persistence,-0.0039665361792996685
57930,2016-06-20 17:32:08,True,persistence,-0.03905600538843841
57929,2016-06-20 17:52:04,True,persistence,-0.00785489469767168
57936,2016-06-20 18:00:05,True,persistence,-0.034909859331870366
57949,2016-06-20 18:43:04,True,persistence,-0.03993885571109651
57970,2016-06-20 20:00:08,True,persistence,-0.04162874914491085
57960,2016-06-20 20:01:06,True,persistence,-0.04120991072960975
46414,2016-05-01 00:40:15,True,full_u_joint,0.0014428584246185556
46420,2016-05-01 01:40:16,True,full_u_joint,0.00291064606363634
46425,2016-05-01 02:20:20,True,full_u_joint,-0.004703377692473504
46426,2016-05-01 02:20:20,True,full_u_joint,-0.0026641406238748218
46428,2016-05-01 02:40:14,True,full_u_joint,0.004554407157733412
46435,2016-05-01 04:57:15,True,full_u_joint,-0.005949544642067935
46434,2016-05-01 05:06:20,True,full_u_joint,0.0012530157261638137
46437,2016-05-01 05:38:29,True,full_u_joint,0.004030480440058593
46444,2016-05-01 06:00:16,True,full_u_joint,0.004745631892674389
46446,2016-05-01 06:00:20,True,full_u_joint,0.014302938807495311
46440,2016-05-01 06:05:19,True,full_u_joint,-0.007794734662281741
46445,2016-05-01 06:11:19,True,full_u_joint,0.006470065076367747
46454,2016-05-01 07:00:14,True,full_u_joint,-0.0036902323352887827
46455,2016-05-01 07:02:16,True,full_u_joint,-0.00036375725287904456
46451,2016-05-01 07:06:17,True,full_u_joint,-0.006541767236937713
46531,2016-05-01 18:40:14,True,full_u_joint,0.001874133258120067
46534,2016-05-01 18:40:14,True,full_u_joint,-0.0001514988236529647
46536,2016-05-01 19:16:18,True,full_u_joint,0.0012117106063875213
46535,2016-05-01 19:24:16,True,full_u_joint,-0.01708822581846979
46544,2016-05-01 20:16:14,True,full_u_joint,0.00562886396804091
46548,2016-05-01 20:42:16,True,full_u_joint,0.0019468850970958806
46554,2016-05-01 21:00:21,True,full_u_joint,-0.002838450753136308
46553,2016-05-01 21:06:17,True,full_u_joint,0.0017467610072882823
46549,2016-05-01 21:14:22,True,full_u_joint,-0.008602814308147563
46552,2016-05-01 21:40:14,True,full_u_joint,0.001226011369008421
46559,2016-05-01 21:40:15,True,full_u_joint,0.0038975357142233893
46555,2016-05-01 21:51:16,True,full_u_joint,0.0009432004307092026
46563,2016-05-01 22:00:15,True,full_u_joint,-0.025324381587732245
46560,2016-05-01 22:03:17,True,full_u_joint,-0.0005190164565029923
46561,2016-05-01 22:03:18,True,full_u_joint,-0.010463476864646888
46564,2016-05-01 22:58:16,True,full_u_joint,-0.0004618276651853172
46574,2016-05-01 23:40:15,True,full_u_joint,0.0044566027730506205
46575,2016-05-02 00:04:18,True,full_u_joint,0.0038015926365538213
46578,2016-05-02 00:17:16,True,full_u_joint,0.01537427636838868
46581,2016-05-02 00:37:19,True,full_u_joint,0.020388834576192456
46588,2016-05-02 01:11:14,True,full_u_joint,-0.002946884811610493
46582,2016-05-02 01:11:20,True,full_u_joint,0.0009786749100545097
46592,2016-05-02 01:40:15,True,full_u_joint,-0.0004388818875088966
46589,2016-05-02 01:41:15,True,full_u_joint,0.00010646968839032357
46594,2016-05-02 02:41:17,True,full_u_joint,0.015572403530919349
46596,2016-05-02 02:42:19,True,full_u_joint,0.006967513507257321
46608,2016-05-02 04:38:20,True,full_u_joint,-0.00192445118859554
46725,2016-05-02 15:24:14,True,full_u_joint,0.0023071725644762827
46726,2016-05-02 15:29:14,True,full_u_joint,-0.0008980850609168999
46740,2016-05-02 15:40:16,True,full_u_joint,-0.010517505816847884
46743,2016-05-02 16:00:15,True,full_u_joint,0.024985279102568283
46745,2016-05-02 16:00:15,True,full_u_joint,2.1436442511569755e-05
46744,2016-05-02 16:27:15,True,full_u_joint,-0.009332481579006825
46756,2016-05-02 16:40:16,True,full_u_joint,-0.004288467564337536
46755,2016-05-02 16:57:15,True,full_u_joint,0.002975593397989788
46762,2016-05-02 17:00:18,True,full_u_joint,-0.005668852261419699
46763,2016-05-02 17:11:20,True,full_u_joint,0.0034314540019539444
46770,2016-05-02 17:20:19,True,full_u_joint,0.003916428542914055
46759,2016-05-02 17:31:15,True,full_u_joint,-0.004393418418901014
46778,2016-05-02 17:40:17,True,full_u_joint,-0.0018019564159350429
46760,2016-05-02 17:43:16,True,full_u_joint,-0.04065326648174827
46775,2016-05-02 17:44:15,True,full_u_joint,0.022971944369003308
46761,2016-05-02 17:46:16,True,full_u_joint,-0.006656899345973107
46767,2016-05-02 17:47:16,True,full_u_joint,0.004118157496149989
46776,2016-05-02 18:04:15,True,full_u_joint,-0.008796631634048556
46781,2016-05-02 18:26:18,True,full_u_joint,0.0022743370574832833
46777,2016-05-02 18:37:16,True,full_u_joint,-0.013520797111291748
46788,2016-05-02 18:40:14,True,full_u_joint,0.003319520977097836
46789,2016-05-02 18:40:15,True,full_u_joint,-0.001198305036066155
46787,2016-05-02 19:02:17,True,full_u_joint,0.0041806297202379265
46790,2016-05-02 19:07:15,True,full_u_joint,-0.010195173921458307
46792,2016-05-02 19:51:14,True,full_u_joint,-0.000653359928292649
46805,2016-05-02 20:00:24,True,full_u_joint,-0.0007522010913797554
46798,2016-05-02 20:02:15,True,full_u_joint,0.009039526174350974
46797,2016-05-02 20:03:15,True,full_u_joint,-0.0032943320366304457
46793,2016-05-02 20:11:19,True,full_u_joint,-0.009147846184091084
46799,2016-05-02 20:13:17,True,full_u_joint,-0.0034119283969977487
46808,2016-05-02 20:20:31,True,full_u_joint,0.0008011115898380649
46806,2016-05-02 20:29:27,True,full_u_joint,0.0004229819502788376
46818,2016-05-02 20:56:21,True,full_u_joint,0.007387167585800811
46820,2016-05-02 21:00:19,True,full_u_joint,0.00026924340505280614
46816,2016-05-02 21:01:16,True,full_u_joint,-0.0016882841942007694
46819,2016-05-02 21:21:19,True,full_u_joint,-0.006790011825321355
46933,2016-05-03 09:00:19,True,full_u_joint,5.9646652834184286e-05
46930,2016-05-03 09:16:16,True,full_u_joint,0.005667973447547339
46937,2016-05-03 09:49:21,True,full_u_joint,-0.007939459815936247
46936,2016-05-03 09:52:15,True,full_u_joint,-0.007113975809781133
46940,2016-05-03 10:00:15,True,full_u_joint,-0.0033300281874632264
46935,2016-05-03 10:02:15,True,full_u_joint,-0.002823525080631728
46941,2016-05-03 10:28:16,True,full_u_joint,0.0061443249533793785
46944,2016-05-03 10:33:15,True,full_u_joint,-0.002304869294711717
46949,2016-05-03 10:42:21,True,full_u_joint,0.006865910849019333
46946,2016-05-03 10:48:15,True,full_u_joint,-0.0034024412576487244
46948,2016-05-03 11:01:18,True,full_u_joint,-0.00448854035922068
46947,2016-05-03 11:19:15,True,full_u_joint,-0.0042606124268361675
46952,2016-05-03 11:20:21,True,full_u_joint,-0.0023139198320798015
46953,2016-05-03 11:40:15,True,full_u_joint,0.015208160628774711
46956,2016-05-03 12:08:15,True,full_u_joint,0.0032466144612465046
46959,2016-05-03 12:20:15,True,full_u_joint,5.702807183674045e-05
46965,2016-05-03 12:40:19,True,full_u_joint,-0.0026199018935372936
46960,2016-05-03 12:44:20,True,full_u_joint,-0.0014433340066285958
46969,2016-05-03 13:00:15,True,full_u_joint,0.004996702412689003
46971,2016-05-03 13:13:18,True,full_u_joint,0.0010586608796760116
46962,2016-05-03 13:14:18,True,full_u_joint,-0.003839752876519822
46978,2016-05-03 13:26:16,True,full_u_joint,0.006593020026337097
46982,2016-05-03 13:40:15,True,full_u_joint,-0.0033010237666313176
46984,2016-05-03 13:40:21,True,full_u_joint,0.0010370486811007683
46979,2016-05-03 13:52:16,True,full_u_joint,-0.017603868178891577
46983,2016-05-03 13:54:18,True,full_u_joint,0.0026269560394980023
46980,2016-05-03 13:59:21,True,full_u_joint,-0.004648081867797957
47118,2016-05-04 01:47:20,True,full_u_joint,-0.01484321560466409
47122,2016-05-04 02:00:16,True,full_u_joint,-0.025797897962137436
47120,2016-05-04 02:04:18,True,full_u_joint,0.000544133946130395
47125,2016-05-04 02:20:20,True,full_u_joint,-0.009119462840266265
47124,2016-05-04 02:46:16,True,full_u_joint,0.017401988195936104
47128,2016-05-04 03:41:19,True,full_u_joint,-0.00028193560342852484
47127,2016-05-04 03:46:16,True,full_u_joint,0.000938064840355773
47129,2016-05-04 04:01:15,True,full_u_joint,0.004006599553945948
47134,2016-05-04 04:37:16,True,full_u_joint,0.005438113133237884
47133,2016-05-04 04:42:16,True,full_u_joint,-0.0013542433848251923
47143,2016-05-04 05:00:25,True,full_u_joint,-0.01589405258428543
47144,2016-05-04 05:12:27,True,full_u_joint,0.022719650862616264
47150,2016-05-04 05:55:17,True,full_u_joint,-0.0015794748284444309
47284,2016-05-04 18:07:20,True,full_u_joint,-0.02414307720477482
47288,2016-05-04 18:18:17,True,full_u_joint,-0.020472841089282934
47297,2016-05-04 18:20:19,True,full_u_joint,0.01307682967146645
47296,2016-05-04 18:40:19,True,full_u_joint,-0.00013486406248481436
47302,2016-05-04 18:43:15,True,full_u_joint,0.01686681535995327
47292,2016-05-04 18:48:15,True,full_u_joint,0.009628010318093957
47295,2016-05-04 18:56:14,True,full_u_joint,-0.0017220879117103727
47306,2016-05-04 19:00:15,True,full_u_joint,0.0021969838680372437
47313,2016-05-04 19:40:17,True,full_u_joint,0.004870739832483789
47314,2016-05-04 19:40:23,True,full_u_joint,-0.0030242355700945893
47310,2016-05-04 19:44:31,True,full_u_joint,-0.0023404910738669712
47317,2016-05-04 20:00:18,True,full_u_joint,0.0012969515604314315
47311,2016-05-04 20:02:31,True,full_u_joint,0.014091898025617847
47320,2016-05-04 20:25:18,True,full_u_joint,-0.00010973765083500698
47325,2016-05-04 20:40:14,True,full_u_joint,0.000986805299773321
47326,2016-05-04 20:40:19,True,full_u_joint,0.00036311578089664624
47321,2016-05-04 21:15:19,True,full_u_joint,0.008458934213148087
47411,2016-05-05 09:10:15,True,full_u_joint,0.005497335845284657
47419,2016-05-05 09:20:20,True,full_u_joint,0.0002636109159804621
47415,2016-05-05 09:47:25,True,full_u_joint,0.001710812424318555
47414,2016-05-05 09:52:25,True,full_u_joint,-0.0028855132856664507
47422,2016-05-05 10:06:15,True,full_u_joint,-0.007579928783197233
47418,2016-05-05 10:08:16,True,full_u_joint,-0.005047239181046202
47427,2016-05-05 10:38:16,True,full_u_joint,0.005253671920417457
47428,2016-05-05 11:00:16,True,full_u_joint,0.029764038872218956
47440,2016-05-05 11:40:18,True,full_u_joint,0.0032505365953564083
47436,2016-05-05 12:05:25,True,full_u_joint,-0.007043976101707291
47437,2016-05-05 12:10:27,True,full_u_joint,-0.001735232381596471
47439,2016-05-05 12:32:14,True,full_u_joint,0.001953679148323129
47444,2016-05-05 12:38:16,True,full_u_joint,-0.0004929302303530413
47454,2016-05-05 13:02:30,True,full_u_joint,-0.0021756409580110186
47449,2016-05-05 13:04:18,True,full_u_joint,0.003031316945207127
47463,2016-05-05 13:20:15,True,full_u_joint,-0.0038235621080004237
47464,2016-05-05 13:20:20,True,full_u_joint,-0.0016112217085199492
47460,2016-05-05 13:31:19,True,full_u_joint,-0.0036303625963561947
47468,2016-05-05 13:40:17,True,full_u_joint,0.002757860338957976
47469,2016-05-05 13:40:17,True,full_u_joint,0.007078676422950189
47470,2016-05-05 13:40:19,True,full_u_joint,0.007527669674390128
47611,2016-05-06 02:38:19,True,full_u_joint,-0.0016589759256011379
47618,2016-05-06 03:00:18,True,full_u_joint,0.009534859635893945
47619,2016-05-06 03:00:20,True,full_u_joint,0.01694178771403201
47622,2016-05-06 03:30:16,True,full_u_joint,-0.005724882092796979
47630,2016-05-06 04:40:18,True,full_u_joint,0.0004791823432123317
47631,2016-05-06 06:04:16,True,full_u_joint,0.0004843118799206542
47774,2016-05-06 18:29:16,True,full_u_joint,0.016495266148752984
47772,2016-05-06 18:31:19,True,full_u_joint,0.005333728521588893
47777,2016-05-06 18:31:23,True,full_u_joint,0.012737244124827164
47771,2016-05-06 18:39:16,True,full_u_joint,-0.008895340198512638
47781,2016-05-06 19:11:20,True,full_u_joint,0.0031073777675392697
47805,2016-05-06 21:22:19,True,full_u_joint,0.002881820047906095
47804,2016-05-06 21:27:16,True,full_u_joint,-0.0027388223392493275
47809,2016-05-06 21:51:19,True,full_u_joint,-0.0021455932483234307
47882,2016-05-07 10:29:16,True,full_u_joint,0.009266953786060479
47888,2016-05-07 12:00:15,True,full_u_joint,0.02742878134454245
47893,2016-05-07 12:33:18,True,full_u_joint,0.003447281952535155
47897,2016-05-07 14:08:14,True,full_u_joint,0.0008581108043856673
47903,2016-05-07 14:20:15,True,full_u_joint,-0.007081845105244337
47901,2016-05-07 14:32:16,True,full_u_joint,0.002611825135418624
47905,2016-05-07 14:40:16,True,full_u_joint,-0.00879319605141651
47906,2016-05-07 14:40:18,True,full_u_joint,-0.00012684978100312448
47955,2016-05-08 02:57:17,True,full_u_joint,-0.0016330404889576917
47954,2016-05-08 03:04:16,True,full_u_joint,-0.0037138235869443557
47957,2016-05-08 03:05:15,True,full_u_joint,0.0016319795596722504
47958,2016-05-08 03:06:18,True,full_u_joint,0.0062649249924143224
47960,2016-05-08 03:32:16,True,full_u_joint,0.0018093909408128245
47961,2016-05-08 03:48:16,True,full_u_joint,0.005713496529249275
47967,2016-05-08 04:27:17,True,full_u_joint,-0.000333503626734858
47964,2016-05-08 04:38:16,True,full_u_joint,0.013757919174827188
47971,2016-05-08 05:40:17,True,full_u_joint,-0.0003357639682383001
47972,2016-05-08 05:49:19,True,full_u_joint,-0.0035825423263367183
47970,2016-05-08 06:13:15,True,full_u_joint,-0.0011348662443910976
47969,2016-05-08 06:15:16,True,full_u_joint,-0.002536798244056828
47973,2016-05-08 06:17:15,True,full_u_joint,0.0028579517383406036
47978,2016-05-08 06:51:15,True,full_u_joint,0.00779136146020348
47982,2016-05-08 07:24:17,True,full_u_joint,-0.006921472248462687
47990,2016-05-08 08:20:14,True,full_u_joint,-0.003644361511994862
47987,2016-05-08 08:21:17,True,full_u_joint,0.00824875074462817
47992,2016-05-08 08:40:16,True,full_u_joint,0.0015153250597569803
47996,2016-05-08 09:00:24,True,full_u_joint,0.01072292945479337
48001,2016-05-08 09:20:18,True,full_u_joint,0.003883597550353054
48003,2016-05-08 09:40:15,True,full_u_joint,0.010020573931037793
48005,2016-05-08 10:08:15,True,full_u_joint,-0.010797273824733992
47999,2016-05-08 10:13:15,True,full_u_joint,-0.009895566992107578
48007,2016-05-08 11:04:16,True,full_u_joint,-0.012412600153817233
48009,2016-05-08 11:08:15,True,full_u_joint,-0.005883106857675571
48010,2016-05-08 11:55:25,True,full_u_joint,-0.0006444082606690703
48077,2016-05-08 23:17:19,True,full_u_joint,0.0007573808229821366
48078,2016-05-08 23:43:15,True,full_u_joint,-0.014923423950524595
48082,2016-05-09 00:01:15,True,full_u_joint,-0.002407059157600682
48079,2016-05-09 00:06:17,True,full_u_joint,0.011111555040689967
48088,2016-05-09 00:40:16,True,full_u_joint,-0.00017112107195362686
48091,2016-05-09 01:00:15,True,full_u_joint,0.0195358389885237
48092,2016-05-09 01:00:16,True,full_u_joint,0.011410673819208288
48094,2016-05-09 01:00:20,True,full_u_joint,0.0012584965970312656
48093,2016-05-09 01:04:18,True,full_u_joint,0.0054070946448024106
48084,2016-05-09 01:14:15,True,full_u_joint,0.0011830296629457906
48098,2016-05-09 01:20:16,True,full_u_joint,-0.013334103416642963
48086,2016-05-09 01:31:16,True,full_u_joint,0.006470883646803996
48100,2016-05-09 01:40:15,True,full_u_joint,0.009316985157006654
48104,2016-05-09 02:00:18,True,full_u_joint,-0.020701277981232766
48105,2016-05-09 02:00:20,True,full_u_joint,-0.008290220343797993
48097,2016-05-09 02:10:15,True,full_u_joint,0.015002832581920521
48111,2016-05-09 03:04:16,True,full_u_joint,-0.004655871373598401
48113,2016-05-09 03:20:15,True,full_u_joint,0.004265294882225795
48115,2016-05-09 03:39:19,True,full_u_joint,-0.0036576713035390467
48119,2016-05-09 04:00:18,True,full_u_joint,0.0021090090328674226
48114,2016-05-09 04:13:15,True,full_u_joint,-0.001378253973920343
48122,2016-05-09 04:57:17,True,full_u_joint,-0.0006655868020593915
48126,2016-05-09 05:04:15,True,full_u_joint,-0.003680852572675636
48121,2016-05-09 05:16:15,True,full_u_joint,-0.0032846641441042594
48139,2016-05-09 05:20:16,True,full_u_joint,0.001383806686566457
48135,2016-05-09 05:36:15,True,full_u_joint,0.0092802420483232
48142,2016-05-09 05:40:15,True,full_u_joint,0.0015343266875037266
48143,2016-05-09 05:47:17,True,full_u_joint,-0.010193665101203706
48147,2016-05-09 06:00:15,True,full_u_joint,0.00022343575305438157
48148,2016-05-09 06:23:20,True,full_u_joint,-0.0372140490788474
48160,2016-05-09 07:05:15,True,full_u_joint,0.0026617151976818126
48153,2016-05-09 07:13:18,True,full_u_joint,-0.002722182214186625
48157,2016-05-09 07:25:16,True,full_u_joint,0.0021761810169602692
48172,2016-05-09 08:25:16,True,full_u_joint,-0.010169964203874438
48175,2016-05-09 08:40:21,True,full_u_joint,0.004677469795799857
48170,2016-05-09 08:41:16,True,full_u_joint,-0.004654810215878984
48171,2016-05-09 08:44:16,True,full_u_joint,0.010720277017052436
48174,2016-05-09 08:55:16,True,full_u_joint,0.002289600210850525
48182,2016-05-09 09:20:20,True,full_u_joint,-0.003140439923951732
48180,2016-05-09 09:28:15,True,full_u_joint,0.00035219581779902427
48192,2016-05-09 10:40:16,True,full_u_joint,-0.015382954989174781
48188,2016-05-09 11:01:16,True,full_u_joint,-0.003471638394701545
48189,2016-05-09 11:01:17,True,full_u_joint,-0.0022095395275628996
48190,2016-05-09 11:04:17,True,full_u_joint,0.0039040672846294283
48200,2016-05-09 11:38:19,True,full_u_joint,-0.002124819106135529
48195,2016-05-09 11:42:17,True,full_u_joint,0.0013287913388560085
48199,2016-05-09 11:55:17,True,full_u_joint,-0.003045207594533866
48208,2016-05-09 12:03:17,True,full_u_joint,-0.00018296163798187624
48213,2016-05-09 12:19:28,True,full_u_joint,-0.005071397941326411
48207,2016-05-09 12:38:17,True,full_u_joint,0.0045959668500655144
48367,2016-05-09 23:40:19,True,full_u_joint,-0.0006660662446474888
48361,2016-05-10 00:01:17,True,full_u_joint,-0.0045980826685116626
48366,2016-05-10 00:09:16,True,full_u_joint,-0.007605288039380964
48374,2016-05-10 00:40:17,True,full_u_joint,0.01196097491516578
48376,2016-05-10 00:40:19,True,full_u_joint,-0.010795243047900575
48382,2016-05-10 01:00:19,True,full_u_joint,0.01564164904152651
48384,2016-05-10 01:42:18,True,full_u_joint,0.01182651296265173
48389,2016-05-10 02:20:17,True,full_u_joint,0.0014544268964473334
48391,2016-05-10 02:20:18,True,full_u_joint,-0.00283511125312492
48399,2016-05-10 03:17:20,True,full_u_joint,-0.018025106572094884
48400,2016-05-10 03:17:20,True,full_u_joint,-0.0001750997059421673
48398,2016-05-10 03:19:18,True,full_u_joint,0.0015634848723849702
48396,2016-05-10 03:27:16,True,full_u_joint,-0.01310023774079509
48402,2016-05-10 03:27:18,True,full_u_joint,0.0006897487347462686
48403,2016-05-10 03:29:18,True,full_u_joint,-0.003435380287759547
48397,2016-05-10 03:48:18,True,full_u_joint,0.006156873069884602
48409,2016-05-10 04:20:19,True,full_u_joint,-0.0011505039823138871
48413,2016-05-10 05:00:26,True,full_u_joint,-0.006029408529652745
48411,2016-05-10 05:01:15,True,full_u_joint,-0.005343639341096794
48414,2016-05-10 05:02:26,True,full_u_joint,-0.007073330227757331
48408,2016-05-10 05:05:16,True,full_u_joint,-0.0015102933623717795
48416,2016-05-10 06:04:16,True,full_u_joint,0.0084396787880348
48423,2016-05-10 06:40:20,True,full_u_joint,0.0001540656117039253
48417,2016-05-10 06:49:17,True,full_u_joint,0.024873144339141284
48427,2016-05-10 07:14:30,True,full_u_joint,0.00234755054945447
48434,2016-05-10 07:20:16,True,full_u_joint,-0.0024564257019445714
48433,2016-05-10 07:25:15,True,full_u_joint,-0.005400932934180037
48426,2016-05-10 07:49:26,True,full_u_joint,0.0059158373484343284
48437,2016-05-10 07:59:15,True,full_u_joint,0.005118933046221789
48449,2016-05-10 08:00:17,True,full_u_joint,-0.0011283459880037858
48448,2016-05-10 08:03:17,True,full_u_joint,-0.00725431125489465
48447,2016-05-10 08:36:16,True,full_u_joint,0.0010859071650311317
48438,2016-05-10 08:38:16,True,full_u_joint,-0.005227231380883639
48456,2016-05-10 09:00:20,True,full_u_joint,-0.0011274128385257483
48457,2016-05-10 09:31:21,True,full_u_joint,-0.000654556802696477
48462,2016-05-10 10:00:21,True,full_u_joint,-0.001257144004503232
48464,2016-05-10 10:20:18,True,full_u_joint,0.0019311574668682448
48466,2016-05-10 10:40:16,True,full_u_joint,0.0029435611113829835
48471,2016-05-10 11:08:15,True,full_u_joint,0.00710829278715897
48472,2016-05-10 11:11:16,True,full_u_joint,0.0001218609575452138
48475,2016-05-10 11:20:14,True,full_u_joint,-0.004201291868801988
48481,2016-05-10 11:40:16,True,full_u_joint,-0.02459976619845388
48482,2016-05-10 11:40:21,True,full_u_joint,-0.012477874039846817
48477,2016-05-10 11:47:19,True,full_u_joint,0.0038770763155207113
48474,2016-05-10 12:04:14,True,full_u_joint,0.009697143452913802
48480,2016-05-10 12:27:16,True,full_u_joint,0.00020712668344494096
48627,2016-05-10 23:44:16,True,full_u_joint,0.0007353447218630053
48640,2016-05-11 00:17:15,True,full_u_joint,0.003989812404206471
48646,2016-05-11 00:20:15,True,full_u_joint,0.0010234679272165276
48633,2016-05-11 00:30:15,True,full_u_joint,0.0005616912242634026
48649,2016-05-11 00:40:15,True,full_u_joint,0.01134732008721494
48650,2016-05-11 01:00:15,True,full_u_joint,0.0061641606728955545
48654,2016-05-11 01:49:18,True,full_u_joint,0.024458755183097078
48656,2016-05-11 02:01:19,True,full_u_joint,0.0007390677341844457
48657,2016-05-11 02:31:16,True,full_u_joint,0.007548843443626763
48663,2016-05-11 03:20:17,True,full_u_joint,-0.00021963664908336176
48662,2016-05-11 03:55:17,True,full_u_joint,-0.005246498625879083
48666,2016-05-11 04:20:19,True,full_u_joint,0.00663646544825941
48774,2016-05-11 15:53:19,True,full_u_joint,0.0009069820183366384
48788,2016-05-11 16:00:17,True,full_u_joint,0.01569937201704793
48789,2016-05-11 16:01:19,True,full_u_joint,-0.007037715469685561
48780,2016-05-11 16:03:16,True,full_u_joint,0.018392894706915075
48790,2016-05-11 16:20:20,True,full_u_joint,-0.0001967713274463929
48781,2016-05-11 16:33:18,True,full_u_joint,-0.021141877729373634
48798,2016-05-11 16:40:15,True,full_u_joint,0.005546650009311194
48802,2016-05-11 17:00:16,True,full_u_joint,-0.0010908289354119288
48805,2016-05-11 17:20:15,True,full_u_joint,-0.00029241551397321867
48815,2016-05-11 18:00:18,True,full_u_joint,0.00167147354040277
48818,2016-05-11 18:20:23,True,full_u_joint,-0.001103536846333839
48810,2016-05-11 18:29:17,True,full_u_joint,0.00010569662588706685
48817,2016-05-11 19:07:17,True,full_u_joint,0.003050504399094121
48827,2016-05-11 19:12:16,True,full_u_joint,-0.007561308967235052
48835,2016-05-11 19:20:22,True,full_u_joint,0.0003950295396089939
48831,2016-05-11 19:41:15,True,full_u_joint,0.007811164222659917
48832,2016-05-11 19:43:16,True,full_u_joint,0.0047400250826461834
48945,2016-05-12 07:22:16,True,full_u_joint,0.002385257686950387
48944,2016-05-12 07:46:15,True,full_u_joint,0.00011432390665956291
48949,2016-05-12 07:55:19,True,full_u_joint,-0.002049047547445809
48953,2016-05-12 08:02:19,True,full_u_joint,0.005846485101531389
48948,2016-05-12 08:25:16,True,full_u_joint,0.006205157496818187
48958,2016-05-12 08:40:15,True,full_u_joint,-0.0037046498354826613
48959,2016-05-12 09:06:16,True,full_u_joint,0.0003824365154557127
48964,2016-05-12 09:14:17,True,full_u_joint,0.002441137712292733
48960,2016-05-12 09:23:18,True,full_u_joint,0.012028949730510885
48968,2016-05-12 10:02:20,True,full_u_joint,0.007441745072320325
48974,2016-05-12 10:20:31,True,full_u_joint,0.005792418616958887
48975,2016-05-12 10:40:22,True,full_u_joint,-4.972576509825605e-05
48976,2016-05-12 10:40:22,True,full_u_joint,0.007089148777352677
48970,2016-05-12 10:49:20,True,full_u_joint,0.008226980852181915
48981,2016-05-12 11:00:16,True,full_u_joint,0.005567228413236633
48982,2016-05-12 11:03:18,True,full_u_joint,-0.0032148469445605257
48972,2016-05-12 11:15:26,True,full_u_joint,0.01769059438244258
48986,2016-05-12 12:04:16,True,full_u_joint,-0.010357242746613409
49140,2016-05-12 23:46:15,True,full_u_joint,0.0032786622732938787
49136,2016-05-12 23:52:16,True,full_u_joint,-0.0027527060999369968
49145,2016-05-13 00:00:19,True,full_u_joint,-0.0028395662408870455
49146,2016-05-13 00:20:16,True,full_u_joint,0.0062420629277588
49147,2016-05-13 00:20:19,True,full_u_joint,-0.0020492163026569355
49150,2016-05-13 00:40:16,True,full_u_joint,-0.013156421428781769
49151,2016-05-13 00:40:20,True,full_u_joint,0.005561565047838304
49153,2016-05-13 00:40:21,True,full_u_joint,0.0023571152017011765
49152,2016-05-13 01:04:20,True,full_u_joint,0.0011314333201098183
49159,2016-05-13 01:06:20,True,full_u_joint,-0.007090810716417588
49158,2016-05-13 01:34:20,True,full_u_joint,0.0007122655176805872
49160,2016-05-13 01:40:21,True,full_u_joint,-0.020876684251296657
49166,2016-05-13 01:52:19,True,full_u_joint,0.0011239834125867584
49167,2016-05-13 01:57:19,True,full_u_joint,-0.0008253612685306319
49171,2016-05-13 02:00:18,True,full_u_joint,-0.0014758123007002424
49172,2016-05-13 02:09:21,True,full_u_joint,0.004141936508114032
49181,2016-05-13 03:40:17,True,full_u_joint,0.004118134672187301
49189,2016-05-13 04:39:20,True,full_u_joint,0.0007522993467397204
49184,2016-05-13 04:42:16,True,full_u_joint,0.002133203326016884
49374,2016-05-13 16:00:19,True,full_u_joint,0.018574609638539952
49375,2016-05-13 16:01:21,True,full_u_joint,-0.0056655302113094
49366,2016-05-13 16:05:17,True,full_u_joint,-0.013850660424680243
49364,2016-05-13 16:20:15,True,full_u_joint,0.0018479325465781916
49381,2016-05-13 16:20:17,True,full_u_joint,0.012439813480301126
49382,2016-05-13 16:20:22,True,full_u_joint,-0.02752019182976606
49380,2016-05-13 16:44:17,True,full_u_joint,0.0010141404518125773
49386,2016-05-13 17:00:16,True,full_u_joint,-0.0020565966735025727
49392,2016-05-13 17:00:17,True,full_u_joint,0.0013785722411698235
49397,2016-05-13 17:20:19,True,full_u_joint,-0.00048174191222080665
49387,2016-05-13 17:23:18,True,full_u_joint,0.007101166360084701
49401,2016-05-13 17:40:17,True,full_u_joint,0.005857634429229621
49402,2016-05-13 17:40:17,True,full_u_joint,-0.000429174760754234
49398,2016-05-13 18:08:19,True,full_u_joint,0.0036040878565996547
49403,2016-05-13 18:08:20,True,full_u_joint,0.0011177031161061896
49413,2016-05-13 19:03:20,True,full_u_joint,0.004347037145286552
49416,2016-05-13 19:10:23,True,full_u_joint,-0.00542745276632748
49415,2016-05-13 19:13:22,True,full_u_joint,0.00260536045434219
49407,2016-05-13 19:25:20,True,full_u_joint,0.004989385011553052
49541,2016-05-14 09:00:21,True,full_u_joint,0.010693592716637286
49543,2016-05-14 09:33:16,True,full_u_joint,-0.007150581038676857
49544,2016-05-14 09:53:17,True,full_u_joint,-0.003992985046296553
49546,2016-05-14 11:07:21,True,full_u_joint,0.0017311482017525748
49618,2016-05-14 22:54:15,True,full_u_joint,-0.012833458954732913
49621,2016-05-14 23:20:20,True,full_u_joint,0.00022883478639615156
49625,2016-05-15 01:31:16,True,full_u_joint,-0.01745359690900868
49630,2016-05-15 02:03:17,True,full_u_joint,-0.00034253901015307054
49641,2016-05-15 04:40:20,True,full_u_joint,-1.526055422668397e-06
49638,2016-05-15 05:01:18,True,full_u_joint,0.002906344541754432
49640,2016-05-15 05:01:19,True,full_u_joint,-0.0024589640410893517
49642,2016-05-15 05:01:25,True,full_u_joint,0.0013268985370071145
49643,2016-05-15 05:01:30,True,full_u_joint,-0.0054807221048715216
49709,2016-05-15 17:00:16,True,full_u_joint,0.001701838859245429
49700,2016-05-15 17:11:16,True,full_u_joint,-0.0008684673778517519
49713,2016-05-15 17:40:17,True,full_u_joint,-0.002635718148812305
49718,2016-05-15 18:20:22,True,full_u_joint,0.005461626017779556
49712,2016-05-15 18:25:17,True,full_u_joint,-0.005065775546383523
49717,2016-05-15 18:49:17,True,full_u_joint,0.01632075258692478
49719,2016-05-15 19:12:22,True,full_u_joint,-0.01358042507175804
49723,2016-05-15 19:40:32,True,full_u_joint,4.504763209496105e-05
49722,2016-05-15 19:41:21,True,full_u_joint,0.0021940885008699534
49725,2016-05-15 20:23:16,True,full_u_joint,-0.011827441122632544
49727,2016-05-15 20:23:16,True,full_u_joint,0.0009159959240855348
49728,2016-05-15 21:00:21,True,full_u_joint,-0.001769448520819233
49729,2016-05-15 21:20:22,True,full_u_joint,0.0037177831659843605
49730,2016-05-15 22:05:21,True,full_u_joint,6.083134279991076e-05
49825,2016-05-16 09:45:17,True,full_u_joint,0.0015966004281160549
49832,2016-05-16 10:03:18,True,full_u_joint,-0.004406286611991678
49830,2016-05-16 10:07:20,True,full_u_joint,0.03746052735680738
49841,2016-05-16 11:01:17,True,full_u_joint,0.0011421374726688603
49849,2016-05-16 11:04:18,True,full_u_joint,0.0017630235853708896
49839,2016-05-16 11:06:24,True,full_u_joint,0.011880817972494045
49840,2016-05-16 11:14:17,True,full_u_joint,-0.04161857374904463
49848,2016-05-16 11:34:17,True,full_u_joint,0.009633922931295155
49853,2016-05-16 12:07:18,True,full_u_joint,0.00017256187726990418
49854,2016-05-16 12:11:23,True,full_u_joint,-0.004376597679865592
49863,2016-05-16 12:20:22,True,full_u_joint,0.014330217531276777
49867,2016-05-16 12:40:20,True,full_u_joint,-0.013485770278952147
49862,2016-05-16 12:57:21,True,full_u_joint,1.1679224006980182e-05
49872,2016-05-16 13:00:16,True,full_u_joint,-0.002077426091235144
49873,2016-05-16 13:00:19,True,full_u_joint,0.01294444338899714
49874,2016-05-16 13:00:19,True,full_u_joint,-0.008321353548108226
49875,2016-05-16 13:00:22,True,full_u_joint,-0.008129099014849147
49884,2016-05-16 13:20:17,True,full_u_joint,0.003367149586408699
49876,2016-05-16 13:23:22,True,full_u_joint,0.005891369185832112
49881,2016-05-16 13:34:16,True,full_u_joint,-0.0036330323498413725
49868,2016-05-16 13:35:21,True,full_u_joint,-0.005057059303792157
49883,2016-05-16 13:43:17,True,full_u_joint,-0.00666519536556801
49891,2016-05-16 13:49:18,True,full_u_joint,-0.004357338223292382
49882,2016-05-16 14:09:16,True,full_u_joint,0.008107891051935018
49900,2016-05-16 14:38:22,True,full_u_joint,0.0031558920720478577
49915,2016-05-16 14:40:18,True,full_u_joint,-0.002821281213526327
49912,2016-05-16 14:45:16,True,full_u_joint,0.001191907292587329
49898,2016-05-16 14:46:16,True,full_u_joint,0.00013941984915445208
49907,2016-05-16 14:50:21,True,full_u_joint,-0.0023872270284193576
49913,2016-05-16 14:55:16,True,full_u_joint,-0.002814607419623005
49914,2016-05-16 15:05:16,True,full_u_joint,0.002190797397496666
49916,2016-05-16 15:16:18,True,full_u_joint,0.0006214873865106585
49917,2016-05-16 15:16:21,True,full_u_joint,0.006611306529331437
49928,2016-05-16 15:27:16,True,full_u_joint,-0.0025517827800296605
49922,2016-05-16 15:40:18,True,full_u_joint,-0.005293443879383091
49939,2016-05-16 16:31:16,True,full_u_joint,-0.01711451068051123
49947,2016-05-16 17:00:19,True,full_u_joint,-0.008499402895248219
49943,2016-05-16 17:19:16,True,full_u_joint,-0.0006963337426229774
49951,2016-05-16 17:20:22,True,full_u_joint,0.02614141479053933
49950,2016-05-16 17:37:16,True,full_u_joint,0.0063684327169518246
49955,2016-05-16 17:40:17,True,full_u_joint,0.02247473299572723
50066,2016-05-17 05:20:19,True,full_u_joint,0.005501123895778143
50065,2016-05-17 05:27:16,True,full_u_joint,-0.01420053894432903
50068,2016-05-17 05:40:17,True,full_u_joint,-0.0006522661845291921
50070,2016-05-17 06:00:16,True,full_u_joint,-0.0011264288555560124
50071,2016-05-17 06:27:17,True,full_u_joint,-0.0011682519713345114
50075,2016-05-17 06:43:20,True,full_u_joint,-0.0027797534003987266
50076,2016-05-17 07:00:16,True,full_u_joint,-0.00683434920819055
50079,2016-05-17 07:03:17,True,full_u_joint,-0.005086519285685943
50082,2016-05-17 07:41:16,True,full_u_joint,-0.0076758633835246545
50080,2016-05-17 07:56:18,True,full_u_joint,0.02659475593865447
50087,2016-05-17 08:01:21,True,full_u_joint,0.004975720851918122
50094,2016-05-17 09:10:20,True,full_u_joint,4.5451344529715476e-05
50100,2016-05-17 09:20:16,True,full_u_joint,-0.00332745091966658
50093,2016-05-17 09:27:19,True,full_u_joint,-7.194690486243957e-05
50106,2016-05-17 09:40:23,True,full_u_joint,0.005579802873693258
50112,2016-05-17 10:00:19,True,full_u_joint,0.000429981401812966
50111,2016-05-17 10:20:17,True,full_u_joint,0.0009651952259637663
50110,2016-05-17 10:35:17,True,full_u_joint,-0.0026763444617147088
50121,2016-05-17 11:00:17,True,full_u_joint,-0.015093241555551067
50124,2016-05-17 11:20:22,True,full_u_joint,5.347033302185517e-05
50123,2016-05-17 12:01:18,True,full_u_joint,0.0032223588367974974
50266,2016-05-17 23:18:18,True,full_u_joint,0.0005112730656127735
50270,2016-05-17 23:20:19,True,full_u_joint,-0.011864752158012134
50269,2016-05-17 23:24:16,True,full_u_joint,-0.005938111664114447
50275,2016-05-17 23:40:18,True,full_u_joint,-0.004525748600834337
50272,2016-05-17 23:42:20,True,full_u_joint,0.009155482550878096
50271,2016-05-17 23:47:18,True,full_u_joint,-0.0009589189340526195
50274,2016-05-17 23:48:18,True,full_u_joint,0.0035659391392708403
50282,2016-05-18 00:20:17,True,full_u_joint,-1.7538365971879463e-05
50281,2016-05-18 01:04:17,True,full_u_joint,0.011855378364514117
50291,2016-05-18 01:13:16,True,full_u_joint,-0.0031360785886749808
50299,2016-05-18 01:32:19,True,full_u_joint,-0.019307601684612465
50295,2016-05-18 01:38:20,True,full_u_joint,-0.01521011742466354
50304,2016-05-18 01:41:17,True,full_u_joint,-0.0014622752750266914
50310,2016-05-18 02:20:20,True,full_u_joint,-0.0006843295620116937
50309,2016-05-18 02:23:19,True,full_u_joint,0.00636827930189221
50307,2016-05-18 02:24:17,True,full_u_joint,-0.013904431311711239
50312,2016-05-18 02:40:21,True,full_u_joint,-0.0018835293297578826
50308,2016-05-18 02:49:20,True,full_u_joint,0.008689247351918037
50315,2016-05-18 03:53:18,True,full_u_joint,-0.011973007970036285
50318,2016-05-18 04:33:22,True,full_u_joint,0.006055663742395589
50400,2016-05-20 14:00:04,True,full_u_joint,0.0037925973428039224
50423,2016-05-20 14:00:06,True,full_u_joint,-0.0016932658229336728
50437,2016-05-20 14:00:08,True,full_u_joint,0.009016159072527914
50450,2016-05-20 14:00:09,True,full_u_joint,0.0006873066278031202
50414,2016-05-20 14:03:05,True,full_u_joint,0.007469609041017328
50605,2016-05-20 14:20:09,True,full_u_joint,-0.002161692761758054
50601,2016-05-20 14:45:04,True,full_u_joint,-0.007634942768691614
50627,2016-05-20 15:00:10,True,full_u_joint,-0.0033557739701724626
50636,2016-05-20 15:22:06,True,full_u_joint,0.002059087397918516
50639,2016-05-20 15:31:09,True,full_u_joint,-0.007926268976008639
50651,2016-05-20 15:40:09,True,full_u_joint,0.016560740654222972
50663,2016-05-20 16:10:07,True,full_u_joint,0.009122809800293272
50673,2016-05-20 16:20:10,True,full_u_joint,-0.024029798213332697
50672,2016-05-20 16:25:09,True,full_u_joint,0.0037194584483919366
50671,2016-05-20 16:41:06,True,full_u_joint,-0.0019475122118750672
50664,2016-05-20 16:54:09,True,full_u_joint,-0.004211639774997996
50697,2016-05-20 17:40:04,True,full_u_joint,0.0006421432834244142
50690,2016-05-20 18:00:07,True,full_u_joint,0.00038467137962389016
50699,2016-05-20 18:03:08,True,full_u_joint,0.012102895038910419
50698,2016-05-20 18:11:05,True,full_u_joint,-0.0005755052389055664
50691,2016-05-20 18:12:08,True,full_u_joint,-0.006690454075167732
50705,2016-05-20 18:28:05,True,full_u_joint,0.01068569639652469
50707,2016-05-20 18:36:04,True,full_u_joint,-0.0046289722191898
50710,2016-05-20 18:40:06,True,full_u_joint,0.007367524963380544
50709,2016-05-20 19:07:04,True,full_u_joint,-0.0002790569342121683
50719,2016-05-20 19:40:05,True,full_u_joint,0.0011419356798573962
50721,2016-05-20 19:50:10,True,full_u_joint,0.005608869678457584
50718,2016-05-20 19:55:06,True,full_u_joint,-0.013951484261367185
50729,2016-05-20 20:20:05,True,full_u_joint,-0.0005871847994012164
50731,2016-05-20 20:24:10,True,full_u_joint,0.01002476397537706
50738,2016-05-20 21:00:04,True,full_u_joint,-0.002823505864856102
50733,2016-05-20 21:15:11,True,full_u_joint,-0.002305236542763758
50737,2016-05-20 21:29:04,True,full_u_joint,-0.017628219689773877
50743,2016-05-20 22:26:05,True,full_u_joint,0.009701457914179486
50750,2016-05-20 22:40:08,True,full_u_joint,-0.0031966365190516308
50749,2016-05-20 22:43:05,True,full_u_joint,-0.013256494960886968
50745,2016-05-20 22:56:11,True,full_u_joint,0.0014323211240849683
50753,2016-05-20 23:00:09,True,full_u_joint,-0.0306458796492975
50752,2016-05-20 23:12:04,True,full_u_joint,0.007926666239152783
50759,2016-05-21 00:22:06,True,full_u_joint,-0.0019352629615758663
50763,2016-05-21 01:36:04,True,full_u_joint,-0.017568803397353124
50765,2016-05-21 01:50:04,True,full_u_joint,-0.0018312583704739975
50773,2016-05-21 02:20:03,True,full_u_joint,0.0023643939299697993
50779,2016-05-21 03:20:06,True,full_u_joint,0.0020719412637666707
50790,2016-05-21 07:19:04,True,full_u_joint,-0.0009394646616521646
50881,2016-05-21 19:00:04,True,full_u_joint,0.0013513347281339971
50875,2016-05-21 19:09:05,True,full_u_joint,-0.001994548016452151
50884,2016-05-21 19:37:04,True,full_u_joint,0.0003120278576940547
50885,2016-05-21 19:50:05,True,full_u_joint,-0.009316618100732005
50888,2016-05-21 20:32:07,True,full_u_joint,-0.0008808261828317579
50889,2016-05-21 20:37:07,True,full_u_joint,-0.00023102673637688913
50890,2016-05-21 20:43:06,True,full_u_joint,-0.005868841936198362
50893,2016-05-21 21:40:05,True,full_u_joint,0.0036878986972575314
50895,2016-05-21 22:10:06,True,full_u_joint,-0.0003414583106449709
50897,2016-05-21 23:04:06,True,full_u_joint,0.00043366680473571093
50901,2016-05-21 23:20:08,True,full_u_joint,-0.0003288570501194035
50912,2016-05-22 01:43:09,True,full_u_joint,-0.004384164087102932
50915,2016-05-22 02:18:08,True,full_u_joint,-0.0026898720659896333
50958,2016-05-22 14:54:05,True,full_u_joint,-0.008555299607629983
50964,2016-05-22 15:03:09,True,full_u_joint,-0.0027745416214482984
50959,2016-05-22 15:05:10,True,full_u_joint,-0.0022366716191417222
50963,2016-05-22 15:06:05,True,full_u_joint,-0.005224501945804573
50969,2016-05-22 15:13:07,True,full_u_joint,-0.0017969816760825784
50971,2016-05-22 15:20:04,True,full_u_joint,0.00012973500287601233
50972,2016-05-22 15:20:04,True,full_u_joint,0.0014345984298523226
50977,2016-05-22 17:01:04,True,full_u_joint,-0.00036246976838615145
50978,2016-05-22 17:08:04,True,full_u_joint,-0.004638590791629468
50983,2016-05-22 17:10:06,True,full_u_joint,0.004273385116058938
50979,2016-05-22 17:19:08,True,full_u_joint,0.005575780549456694
50998,2016-05-22 19:01:06,True,full_u_joint,-0.0001025618623555569
50996,2016-05-22 19:26:04,True,full_u_joint,-0.009111873200421622
50999,2016-05-22 20:02:04,True,full_u_joint,-0.0005154920395967818
51008,2016-05-22 20:10:09,True,full_u_joint,-0.0021742081433706907
51007,2016-05-22 20:59:07,True,full_u_joint,0.005394454179396213
51017,2016-05-22 21:52:08,True,full_u_joint,-0.0031658377193694532
51019,2016-05-22 22:06:04,True,full_u_joint,0.001133844369324153
51023,2016-05-22 22:16:09,True,full_u_joint,-0.0012040449542040474
51124,2016-05-23 09:39:05,True,full_u_joint,-0.000777009260683914
51129,2016-05-23 09:56:06,True,full_u_joint,-0.005503664282599657
51130,2016-05-23 09:56:10,True,full_u_joint,0.0004054284963677671
51133,2016-05-23 10:07:08,True,full_u_joint,0.002340694781199918
51128,2016-05-23 10:13:05,True,full_u_joint,-0.009155068920551228
51134,2016-05-23 10:20:10,True,full_u_joint,0.00121447085947839
51136,2016-05-23 10:47:04,True,full_u_joint,0.001973884785973934
51140,2016-05-23 11:00:04,True,full_u_joint,-0.008852939874955664
51148,2016-05-23 11:00:05,True,full_u_joint,-0.005673172541747561
51144,2016-05-23 11:04:09,True,full_u_joint,-0.0003048703328069509
51143,2016-05-23 11:17:08,True,full_u_joint,0.0011201704927965418
51142,2016-05-23 11:19:04,True,full_u_joint,-0.003636461094533387
51141,2016-05-23 11:20:04,True,full_u_joint,6.690302962613281e-06
51154,2016-05-23 11:40:08,True,full_u_joint,-0.0015391543613053433
51147,2016-05-23 11:56:04,True,full_u_joint,-0.0015878132178758653
51151,2016-05-23 12:07:08,True,full_u_joint,0.0006803842808164305
51177,2016-05-23 13:00:05,True,full_u_joint,-0.00042923736908739445
51165,2016-05-23 13:05:07,True,full_u_joint,-0.0012370446030293655
51171,2016-05-23 13:14:09,True,full_u_joint,-0.009243769733740012
51182,2016-05-23 13:20:08,True,full_u_joint,0.0014907131611074115
51176,2016-05-23 13:32:05,True,full_u_joint,0.007287971529434622
51175,2016-05-23 13:39:04,True,full_u_joint,-0.006135762807501747
51178,2016-05-23 13:40:05,True,full_u_joint,-0.005214981466523171
51191,2016-05-23 13:40:10,True,full_u_joint,0.00667254358866096
51190,2016-05-23 13:44:09,True,full_u_joint,-0.005709926005579926
51189,2016-05-23 14:08:05,True,full_u_joint,-0.0032241502344421934
51188,2016-05-23 14:23:04,True,full_u_joint,-0.001526864423381239
51204,2016-05-23 14:40:10,True,full_u_joint,-0.0011349501260213967
51200,2016-05-23 14:59:05,True,full_u_joint,-0.012453809501355051
51202,2016-05-23 15:06:07,True,full_u_joint,-0.0021464237426571165
51201,2016-05-23 15:11:06,True,full_u_joint,-0.0026539790672060366
51210,2016-05-23 15:20:11,True,full_u_joint,-0.009465408787186661
51203,2016-05-23 15:30:10,True,full_u_joint,0.003599940752470915
51214,2016-05-23 15:40:11,True,full_u_joint,0.0033166910677222793
51209,2016-05-23 15:47:09,True,full_u_joint,-0.002459312675777916
51208,2016-05-23 15:58:06,True,full_u_joint,-0.0013126781308173908
51220,2016-05-23 16:00:09,True,full_u_joint,-0.006232865394378697
51224,2016-05-23 16:20:04,True,full_u_joint,0.000146968411399974
51225,2016-05-23 16:20:07,True,full_u_joint,-0.005118781091617137
51226,2016-05-23 16:37:11,True,full_u_joint,-0.001986126725333098
51231,2016-05-23 16:40:05,True,full_u_joint,0.004921022720526109
51230,2016-05-23 17:03:05,True,full_u_joint,0.007020006701353405
51253,2016-05-23 17:21:09,True,full_u_joint,-0.002065989639598878
51252,2016-05-23 17:49:08,True,full_u_joint,-0.007074549852308766
51363,2016-05-24 04:43:06,True,full_u_joint,-0.0008713266742938763
51369,2016-05-24 06:16:07,True,full_u_joint,0.0024107745107651117
51377,2016-05-24 06:40:07,True,full_u_joint,-0.0055432585348646965
51378,2016-05-24 06:59:08,True,full_u_joint,-0.0017347626972308888
51382,2016-05-24 07:00:10,True,full_u_joint,-0.01731796656078697
51375,2016-05-24 07:02:04,True,full_u_joint,-0.01756822286054061
51383,2016-05-24 07:18:14,True,full_u_joint,0.01343731459696157
51376,2016-05-24 07:28:05,True,full_u_joint,-0.004299269056806024
51388,2016-05-24 08:15:05,True,full_u_joint,-0.006893486321186516
51392,2016-05-24 08:16:06,True,full_u_joint,0.000554905220001933
51387,2016-05-24 08:24:04,True,full_u_joint,0.0061161162970774785
51389,2016-05-24 08:31:05,True,full_u_joint,0.015115770624845336
51397,2016-05-24 08:42:05,True,full_u_joint,-0.008887227878290656
51401,2016-05-24 08:49:06,True,full_u_joint,0.0003434445967140644
51403,2016-05-24 09:20:06,True,full_u_joint,0.0009307722870150829
51410,2016-05-24 10:02:07,True,full_u_joint,0.03121510313269688
51404,2016-05-24 10:02:09,True,full_u_joint,0.05690237002360517
51408,2016-05-24 10:03:09,True,full_u_joint,-0.00027467427467059435
51407,2016-05-24 10:05:09,True,full_u_joint,-0.003613088348392038
51402,2016-05-24 10:16:06,True,full_u_joint,-0.0010405686724235252
51416,2016-05-24 10:20:07,True,full_u_joint,0.010520206958504254
51411,2016-05-24 10:34:09,True,full_u_joint,0.005550349688475945
51420,2016-05-24 10:40:06,True,full_u_joint,0.014299956960774012
51409,2016-05-24 10:43:05,True,full_u_joint,-0.00026015796133015503
51415,2016-05-24 10:59:05,True,full_u_joint,0.004162437261158246
51580,2016-05-24 22:03:08,True,full_u_joint,-0.012773314057636494
51577,2016-05-24 22:16:06,True,full_u_joint,-0.002515284783467697
51585,2016-05-24 23:03:04,True,full_u_joint,0.0028800187354358422
51594,2016-05-24 23:20:09,True,full_u_joint,0.003593569986891511
51593,2016-05-24 23:44:04,True,full_u_joint,-0.005958128875285653
51592,2016-05-24 23:59:04,True,full_u_joint,0.0001796038315113463
51596,2016-05-25 00:05:07,True,full_u_joint,0.0077887582072754535
51600,2016-05-25 00:38:09,True,full_u_joint,0.0014804436996295237
51599,2016-05-25 00:45:08,True,full_u_joint,-0.018300962011127856
51608,2016-05-25 01:00:09,True,full_u_joint,-0.0003203341529597601
51605,2016-05-25 01:04:07,True,full_u_joint,-0.006295286814085345
51613,2016-05-25 02:00:07,True,full_u_joint,-0.014671694453835534
51621,2016-05-25 02:40:08,True,full_u_joint,0.010953075586909916
51620,2016-05-25 03:17:07,True,full_u_joint,-0.00048646187158631087
51623,2016-05-25 03:40:06,True,full_u_joint,-0.0007340565967831123
51789,2016-05-25 14:32:07,True,full_u_joint,0.005413951948659444
51796,2016-05-25 14:40:06,True,full_u_joint,-0.009543776827271538
51788,2016-05-25 14:54:06,True,full_u_joint,0.0010828015516742028
51801,2016-05-25 15:00:10,True,full_u_joint,0.00022883656565073724
51802,2016-05-25 15:00:10,True,full_u_joint,-0.0029587918544081403
51792,2016-05-25 15:04:05,True,full_u_joint,-0.002407864986478712
51807,2016-05-25 15:58:05,True,full_u_joint,-0.00028951400211100174
51830,2016-05-25 16:40:06,True,full_u_joint,0.0012006706147220207
51831,2016-05-25 16:42:09,True,full_u_joint,0.002879635911868614
51824,2016-05-25 17:01:10,True,full_u_joint,0.0012362510294139277
51838,2016-05-25 17:05:05,True,full_u_joint,3.9684335084618915e-05
51846,2016-05-25 17:20:06,True,full_u_joint,-0.0025932187988486595
51848,2016-05-25 17:28:11,True,full_u_joint,-0.0011570386918801356
51855,2016-05-25 18:25:05,True,full_u_joint,0.017675437339443836
51958,2016-05-26 05:42:04,True,full_u_joint,0.0007060369541972702
51961,2016-05-26 05:45:04,True,full_u_joint,-0.008721432435974074
51969,2016-05-26 06:00:05,True,full_u_joint,-0.0029773419027308637
51960,2016-05-26 06:05:07,True,full_u_joint,-0.0002500031946948665
51972,2016-05-26 06:20:05,True,full_u_joint,0.015759438405902985
51975,2016-05-26 07:22:06,True,full_u_joint,-0.004348690797959739
51977,2016-05-26 07:38:04,True,full_u_joint,-0.00017529118827505185
51979,2016-05-26 07:40:05,True,full_u_joint,0.008044629532695696
51985,2016-05-26 08:00:05,True,full_u_joint,0.003453920206687274
51984,2016-05-26 08:16:04,True,full_u_joint,0.0019341765674636899
51990,2016-05-26 09:00:04,True,full_u_joint,-0.003575483991235454
51991,2016-05-26 09:00:05,True,full_u_joint,0.0009553348103138667
51994,2016-05-26 09:00:07,True,full_u_joint,0.007119132538577487
51989,2016-05-26 09:14:10,True,full_u_joint,-0.00014938283181110463
51998,2016-05-26 09:20:06,True,full_u_joint,-3.6538553776575806e-05
52000,2016-05-26 09:29:08,True,full_u_joint,-0.011815287088206975
51992,2016-05-26 09:32:05,True,full_u_joint,0.0008437014259020395
51999,2016-05-26 09:33:06,True,full_u_joint,0.005491992074294523
51996,2016-05-26 09:35:10,True,full_u_joint,-0.011720836912244605
51993,2016-05-26 09:44:05,True,full_u_joint,-0.0007718696354318391
52160,2016-05-26 21:05:06,True,full_u_joint,-0.0033731507915369585
52161,2016-05-26 21:21:10,True,full_u_joint,0.0004092779178116872
52159,2016-05-26 21:41:05,True,full_u_joint,4.672614054278268e-05
52166,2016-05-26 21:46:09,True,full_u_joint,-0.0002476897622916504
52164,2016-05-26 22:06:05,True,full_u_joint,0.00026350134502072745
52175,2016-05-26 22:20:06,True,full_u_joint,0.0008349606922692047
52183,2016-05-26 23:22:09,True,full_u_joint,0.0002447284805732683
52182,2016-05-26 23:26:07,True,full_u_joint,0.0019109611745575725
52187,2016-05-27 00:24:04,True,full_u_joint,0.006682508091526792
52193,2016-05-27 01:00:05,True,full_u_joint,-0.0019731988791337196
52194,2016-05-27 01:00:06,True,full_u_joint,-0.006924079441745792
52195,2016-05-27 01:03:10,True,full_u_joint,-0.01527935056588775
52310,2016-05-27 12:40:21,True,full_u_joint,-0.006010396079142728
52300,2016-05-27 12:46:05,True,full_u_joint,-0.005227680370338664
52302,2016-05-27 12:51:07,True,full_u_joint,0.001330707270475285
52304,2016-05-27 12:54:10,True,full_u_joint,0.005061468483494532
52309,2016-05-27 12:56:15,True,full_u_joint,0.0023679006187315027
52303,2016-05-27 13:01:10,True,full_u_joint,-0.0015694949945304904
52322,2016-05-27 13:20:11,True,full_u_joint,-0.00018095242505336215
52318,2016-05-27 13:26:11,True,full_u_joint,0.0011300948510241755
52308,2016-05-27 13:32:15,True,full_u_joint,-0.0010831696803275496
52314,2016-05-27 13:36:05,True,full_u_joint,-0.00029203500159845873
52321,2016-05-27 13:36:06,True,full_u_joint,0.0075097494267329055
52330,2016-05-27 13:40:05,True,full_u_joint,-0.001014966730538136
52332,2016-05-27 13:40:12,True,full_u_joint,-0.004685755858121686
52333,2016-05-27 13:40:12,True,full_u_joint,0.00892364370867911
52317,2016-05-27 13:42:10,True,full_u_joint,-1.853638115895431e-05
52316,2016-05-27 13:47:08,True,full_u_joint,-0.0019083989454456076
52329,2016-05-27 13:51:05,True,full_u_joint,-0.00267012338887069
52341,2016-05-27 14:00:10,True,full_u_joint,0.014803405345868496
52320,2016-05-27 14:07:05,True,full_u_joint,-0.005082639860392937
52340,2016-05-27 14:20:07,True,full_u_joint,-2.7655419558533442e-05
52344,2016-05-27 14:20:07,True,full_u_joint,0.0021074116442072613
52347,2016-05-27 14:20:10,True,full_u_joint,0.0038678028046988493
52351,2016-05-27 14:40:10,True,full_u_joint,0.0003138837915657475
52354,2016-05-27 15:00:10,True,full_u_joint,1.954858172832475e-05
52345,2016-05-27 15:15:08,True,full_u_joint,0.0009018558687611117
52350,2016-05-27 15:36:06,True,full_u_joint,-0.008838757575511447
52357,2016-05-27 15:58:14,True,full_u_joint,0.001001765464770958
52360,2016-05-27 16:04:08,True,full_u_joint,-0.022606974356563274
52466,2016-05-28 04:43:07,True,full_u_joint,0.0007200559855530531
52472,2016-05-28 06:11:07,True,full_u_joint,-0.007380562786992049
52484,2016-05-28 07:00:05,True,full_u_joint,-0.000840721511922108
52480,2016-05-28 07:07:05,True,full_u_joint,-0.007541162669608123
52483,2016-05-28 07:37:05,True,full_u_joint,-0.031241538692886248
52540,2016-05-28 22:08:06,True,full_u_joint,0.009879164088145764
52544,2016-05-28 23:00:08,True,full_u_joint,-0.0005354177152332006
52541,2016-05-28 23:01:05,True,full_u_joint,-0.003715709693942885
52546,2016-05-28 23:20:05,True,full_u_joint,-0.00017234291484663063
52549,2016-05-29 00:13:09,True,full_u_joint,0.0072553137761317
52550,2016-05-29 00:35:05,True,full_u_joint,-0.0017547782999148066
52551,2016-05-29 01:09:12,True,full_u_joint,-0.023820534281846863
52555,2016-05-29 01:21:06,True,full_u_joint,-0.002094900674459727
52558,2016-05-29 01:58:08,True,full_u_joint,-1.2573329359754154e-05
52557,2016-05-29 02:25:05,True,full_u_joint,-0.0005705488440082104
52561,2016-05-29 03:11:06,True,full_u_joint,3.4150497738828604e-05
52565,2016-05-29 03:20:09,True,full_u_joint,0.005067127816991385
52627,2016-05-29 16:26:05,True,full_u_joint,-0.005495108677601176
52636,2016-05-29 16:40:05,True,full_u_joint,-0.00013560744720790552
52641,2016-05-29 17:00:07,True,full_u_joint,-6.278879581680632e-05
52642,2016-05-29 17:00:09,True,full_u_joint,0.0009168070047740138
52632,2016-05-29 17:04:05,True,full_u_joint,0.0031715886778206706
52645,2016-05-29 17:20:07,True,full_u_joint,-0.002921494653245326
52653,2016-05-29 18:02:07,True,full_u_joint,-9.553107234657262e-06
52650,2016-05-29 18:08:05,True,full_u_joint,0.0015957344187985095
52659,2016-05-29 18:20:10,True,full_u_joint,0.006385738000931847
52651,2016-05-29 18:29:05,True,full_u_joint,0.011775302108254497
52655,2016-05-29 18:31:05,True,full_u_joint,0.00042170944354190273
52661,2016-05-29 19:25:05,True,full_u_joint,0.00904604799762161
52664,2016-05-29 19:59:06,True,full_u_joint,0.0004686428270825631
52667,2016-05-29 20:00:11,True,full_u_joint,-0.006164051354393709
52663,2016-05-29 20:01:05,True,full_u_joint,0.00427516206375125
52675,2016-05-29 22:00:09,True,full_u_joint,-0.0019186769965956441
52673,2016-05-29 22:16:10,True,full_u_joint,0.008160095256814808
52674,2016-05-29 22:46:06,True,full_u_joint,-0.0032324789925766463
52785,2016-05-30 10:02:08,True,full_u_joint,-0.01141764913322005
52783,2016-05-30 10:11:06,True,full_u_joint,-0.015139442202471005
52784,2016-05-30 10:11:07,True,full_u_joint,-0.005330925688151527
52782,2016-05-30 10:16:06,True,full_u_joint,-0.0018674067213888205
52789,2016-05-30 10:20:07,True,full_u_joint,0.01166511588322169
52787,2016-05-30 10:23:06,True,full_u_joint,0.0005967808939159845
52791,2016-05-30 10:23:08,True,full_u_joint,0.00954274837200925
52795,2016-05-30 10:40:06,True,full_u_joint,-0.0018916765554841473
52794,2016-05-30 10:41:05,True,full_u_joint,-0.008649008471559057
52797,2016-05-30 11:00:05,True,full_u_joint,0.0003345244849664482
52790,2016-05-30 11:08:07,True,full_u_joint,-0.005831692505590749
52800,2016-05-30 11:20:09,True,full_u_joint,0.007952616608403094
52796,2016-05-30 11:23:07,True,full_u_joint,-0.0025699656893400195
52798,2016-05-30 11:42:07,True,full_u_joint,0.0021040363158941477
52804,2016-05-30 12:08:06,True,full_u_joint,-0.0005842842284441173
52805,2016-05-30 12:22:08,True,full_u_joint,0.0025560277281585497
52809,2016-05-30 12:41:08,True,full_u_joint,-0.006473420716688577
52815,2016-05-30 12:49:06,True,full_u_joint,0.0023416977735710685
52817,2016-05-30 12:56:07,True,full_u_joint,-0.005071427702754186
52813,2016-05-30 13:00:05,True,full_u_joint,-0.0002819716367140376
52820,2016-05-30 13:09:09,True,full_u_joint,-0.004825035356160706
52822,2016-05-30 13:20:08,True,full_u_joint,-0.010366853036860699
52828,2016-05-30 13:45:10,True,full_u_joint,0.012599316043641872
52832,2016-05-30 14:00:08,True,full_u_joint,-0.0008652485472035576
52826,2016-05-30 14:01:08,True,full_u_joint,0.010353986783028138
52827,2016-05-30 14:03:10,True,full_u_joint,0.0009520534644756199
52825,2016-05-30 14:17:06,True,full_u_joint,0.0009896669360568607
52833,2016-05-30 14:39:08,True,full_u_joint,-0.0036560847953664094
52838,2016-05-30 14:45:06,True,full_u_joint,0.0010174270485883304
52846,2016-05-30 15:00:09,True,full_u_joint,-0.004025078309248824
52847,2016-05-30 15:00:11,True,full_u_joint,0.013146713174794404
52848,2016-05-30 15:00:11,True,full_u_joint,0.002406723531180795
52839,2016-05-30 15:04:07,True,full_u_joint,-0.0007849873741103911
52840,2016-05-30 15:08:09,True,full_u_joint,-0.0030062471499633925
52845,2016-05-30 15:13:05,True,full_u_joint,-0.012735854869272655
52843,2016-05-30 15:17:06,True,full_u_joint,-0.006592634174803271
52841,2016-05-30 15:17:10,True,full_u_joint,-0.01296714390853762
52860,2016-05-30 15:42:07,True,full_u_joint,-0.006336064145808486
52854,2016-05-30 15:43:09,True,full_u_joint,-0.0012398470011506391
52856,2016-05-30 16:01:05,True,full_u_joint,-0.018639729173194217
52864,2016-05-30 16:20:06,True,full_u_joint,-0.001542306381003865
52865,2016-05-30 16:20:11,True,full_u_joint,-0.012955292729398448
52875,2016-05-30 17:00:06,True,full_u_joint,0.001963910226215605
52876,2016-05-30 17:14:07,True,full_u_joint,-0.0021513326111385215
52885,2016-05-30 17:20:05,True,full_u_joint,-0.0011179773858981668
52874,2016-05-30 17:32:05,True,full_u_joint,0.0012308971568191981
52878,2016-05-30 17:32:11,True,full_u_joint,-0.004252085254493561
52883,2016-05-30 17:37:05,True,full_u_joint,0.0036091375071864006
52889,2016-05-30 18:20:06,True,full_u_joint,-0.003623029875046941
52905,2016-05-30 18:40:08,True,full_u_joint,0.0013289824458584893
52906,2016-05-30 18:40:08,True,full_u_joint,-0.012769990148637105
52899,2016-05-30 19:14:09,True,full_u_joint,-0.0009743275333232958
53023,2016-05-31 06:32:06,True,full_u_joint,-0.020403549287993886
53019,2016-05-31 06:32:07,True,full_u_joint,-0.011002174735359926
53026,2016-05-31 06:38:07,True,full_u_joint,0.002459639232088962
53030,2016-05-31 06:40:05,True,full_u_joint,-0.006918247135327585
53031,2016-05-31 06:40:06,True,full_u_joint,-0.01597446009134348
53033,2016-05-31 07:20:07,True,full_u_joint,0.007545924206581163
53038,2016-05-31 07:40:05,True,full_u_joint,0.009589384177434851
53034,2016-05-31 07:41:08,True,full_u_joint,0.0005020019855402618
53041,2016-05-31 08:01:08,True,full_u_joint,-0.006768270703883635
53039,2016-05-31 08:05:06,True,full_u_joint,0.0038331633869948395
53049,2016-05-31 08:41:20,True,full_u_joint,0.0008806883565154362
53043,2016-05-31 08:51:06,True,full_u_joint,-0.005893341227105937
53058,2016-05-31 09:40:07,True,full_u_joint,-0.003321713856289144
53052,2016-05-31 09:49:09,True,full_u_joint,0.008763974247927644
53055,2016-05-31 10:05:10,True,full_u_joint,-0.0019554271879389383
53065,2016-05-31 10:23:06,True,full_u_joint,0.00476538105797894
53071,2016-05-31 10:34:08,True,full_u_joint,0.001137997907576905
53070,2016-05-31 10:38:07,True,full_u_joint,0.006441700568191629
53077,2016-05-31 10:40:10,True,full_u_joint,-0.0003431810472475755
53080,2016-05-31 11:00:05,True,full_u_joint,0.02505136024384058
53081,2016-05-31 11:00:05,True,full_u_joint,-0.001664115708473046
53082,2016-05-31 11:00:09,True,full_u_joint,0.002088014124296387
53279,2016-05-31 23:40:10,True,full_u_joint,-4.6080436416108105e-05
53274,2016-06-01 00:00:08,True,full_u_joint,0.0013221826328558995
53275,2016-06-01 00:00:10,True,full_u_joint,0.032729037605292305
53285,2016-06-01 00:20:06,True,full_u_joint,0.0020667211600572696
53277,2016-06-01 00:21:07,True,full_u_joint,0.0009861765415885224
53301,2016-06-01 01:00:07,True,full_u_joint,-1.8345364805423013e-05
53304,2016-06-01 01:20:10,True,full_u_joint,-0.0029195644116969503
53293,2016-06-01 01:31:09,True,full_u_joint,0.006696023084813618
53308,2016-06-01 01:40:07,True,full_u_joint,-0.0005984471133168779
53313,2016-06-01 02:00:06,True,full_u_joint,-0.014716342937269637
53307,2016-06-01 02:31:07,True,full_u_joint,-0.004886377551804437
53309,2016-06-01 02:38:09,True,full_u_joint,-0.000907493504205728
53314,2016-06-01 02:52:08,True,full_u_joint,0.0027515674219067182
53317,2016-06-01 02:57:07,True,full_u_joint,-0.003572868103052053
53322,2016-06-01 03:02:16,True,full_u_joint,-0.00019736900035418562
53316,2016-06-01 03:08:06,True,full_u_joint,-0.010840980151123818
53333,2016-06-01 03:25:06,True,full_u_joint,0.003751710741149086
53329,2016-06-01 03:26:08,True,full_u_joint,0.0032663584780720915
53328,2016-06-01 03:39:07,True,full_u_joint,-0.0029494687813601543
53332,2016-06-01 04:04:05,True,full_u_joint,-0.0002672896314809517
53337,2016-06-01 04:12:06,True,full_u_joint,0.009757376407753694
53688,2016-06-02 05:31:06,True,full_u_joint,-0.004192347796597447
53690,2016-06-02 06:09:09,True,full_u_joint,-0.0011584879397579743
53699,2016-06-02 06:53:11,True,full_u_joint,-0.0021407359965365403
53710,2016-06-02 08:00:06,True,full_u_joint,0.0028424381989196855
53720,2016-06-02 09:00:07,True,full_u_joint,0.0022181623855801087
53721,2016-06-02 09:10:07,True,full_u_joint,0.0023317069230861763
53875,2016-06-02 22:08:08,True,full_u_joint,0.0004150476579546611
53878,2016-06-02 22:40:08,True,full_u_joint,-0.00043914054640525543
53879,2016-06-02 22:40:09,True,full_u_joint,0.000867588897470161
53876,2016-06-02 22:58:06,True,full_u_joint,0.00116231919488851
53880,2016-06-02 23:00:07,True,full_u_joint,0.0031991470370921933
53887,2016-06-02 23:40:08,True,full_u_joint,0.0023877466826827
53886,2016-06-02 23:45:06,True,full_u_joint,0.06659479862075662
53884,2016-06-02 23:55:06,True,full_u_joint,-0.00032185601468410737
54009,2016-06-03 12:00:06,True,full_u_joint,-0.006544742534209247
54013,2016-06-03 12:20:07,True,full_u_joint,-0.005959204380586787
54003,2016-06-03 12:23:07,True,full_u_joint,0.006450566733651717
54019,2016-06-03 13:00:07,True,full_u_joint,-0.0017996196760193157
54016,2016-06-03 13:12:08,True,full_u_joint,0.002520478187160946
54018,2016-06-03 13:41:06,True,full_u_joint,-0.011973289091869222
54029,2016-06-03 13:44:09,True,full_u_joint,-0.0013931637561333684
54026,2016-06-03 13:45:07,True,full_u_joint,0.0014620330854711787
54028,2016-06-03 13:56:09,True,full_u_joint,0.004158602107228101
54032,2016-06-03 14:06:06,True,full_u_joint,0.0020866926160509197
54040,2016-06-03 14:20:06,True,full_u_joint,3.848986036921316e-05
54033,2016-06-03 14:39:08,True,full_u_joint,-0.00036823870287231385
54041,2016-06-03 14:47:08,True,full_u_joint,0.013545233827459513
54051,2016-06-03 15:00:12,True,full_u_joint,-0.0030636725737893736
54049,2016-06-03 15:06:06,True,full_u_joint,-0.0005155408085256723
54047,2016-06-03 15:10:08,True,full_u_joint,-0.002706046388624833
54046,2016-06-03 15:16:07,True,full_u_joint,0.002035885702871784
54050,2016-06-03 15:36:06,True,full_u_joint,-0.011891387729609623
54189,2016-06-04 03:05:07,True,full_u_joint,0.0009228800983770965
54190,2016-06-04 03:22:11,True,full_u_joint,0.003764898236779301
54196,2016-06-04 05:07:24,True,full_u_joint,-0.0009392688184137292
54199,2016-06-04 06:14:11,True,full_u_joint,1.0760615346260341e-05
54201,2016-06-04 06:54:09,True,full_u_joint,-0.008999968307040342
54204,2016-06-04 08:15:10,True,full_u_joint,-8.141407142972042e-05
54266,2016-06-04 19:44:09,True,full_u_joint,0.006776717483179106
54276,2016-06-04 22:00:09,True,full_u_joint,0.001753576060484989
54273,2016-06-04 22:09:06,True,full_u_joint,-0.01142833449255272
54274,2016-06-04 22:17:06,True,full_u_joint,-0.0009818819226019085
54279,2016-06-04 23:03:11,True,full_u_joint,-0.011157002086528495
54278,2016-06-04 23:06:11,True,full_u_joint,-0.0009571724965966649
54285,2016-06-04 23:40:07,True,full_u_joint,-0.006052400432709477
54282,2016-06-04 23:45:06,True,full_u_joint,-0.0025469086867664047
54283,2016-06-05 00:01:09,True,full_u_joint,0.00019112584738332445
54286,2016-06-05 00:35:06,True,full_u_joint,-0.0017576553412729677
54289,2016-06-05 01:00:08,True,full_u_joint,0.0011367092349038885
54345,2016-06-05 13:01:10,True,full_u_joint,-0.002362866695313529
54344,2016-06-05 13:01:11,True,full_u_joint,-0.004458292860033159
54350,2016-06-05 14:16:06,True,full_u_joint,-0.01549592156276305
54349,2016-06-05 14:34:06,True,full_u_joint,0.0004657008010946987
54352,2016-06-05 14:34:10,True,full_u_joint,-0.0006108797144003064
54354,2016-06-05 15:20:06,True,full_u_joint,-0.0030113259441818425
54364,2016-06-05 15:40:07,True,full_u_joint,0.010640002573931606
54365,2016-06-05 16:18:13,True,full_u_joint,-0.01830606857528315
54373,2016-06-05 16:52:12,True,full_u_joint,-0.0014639464154583958
54369,2016-06-05 17:03:06,True,full_u_joint,0.0012994159166316085
54371,2016-06-05 17:06:10,True,full_u_joint,-0.006696011632855927
54376,2016-06-05 17:38:09,True,full_u_joint,-0.0005905835732790167
54381,2016-06-05 17:40:07,True,full_u_joint,0.00946455490717675
54380,2016-06-05 17:55:06,True,full_u_joint,-0.0110271897126328
54383,2016-06-05 18:00:07,True,full_u_joint,0.008409349298456813
54379,2016-06-05 18:02:06,True,full_u_joint,0.011607761924828167
54378,2016-06-05 18:05:06,True,full_u_joint,0.00031983163276354563
54386,2016-06-05 18:20:12,True,full_u_joint,-0.00635800102606986
54382,2016-06-05 18:35:07,True,full_u_joint,-0.005603832453171441
54391,2016-06-05 19:10:11,True,full_u_joint,0.0013252051720083011
54390,2016-06-05 19:19:07,True,full_u_joint,0.0014661440562671103
54394,2016-06-05 19:34:08,True,full_u_joint,0.00023094161447589115
54396,2016-06-05 20:02:06,True,full_u_joint,-0.0012528381297265286
54485,2016-06-06 07:01:06,True,full_u_joint,0.01286418303933783
54493,2016-06-06 08:40:07,True,full_u_joint,-0.0014488351013442965
54497,2016-06-06 09:00:07,True,full_u_joint,0.003562089412427176
54500,2016-06-06 09:20:06,True,full_u_joint,-0.0028716310514487094
54507,2016-06-06 10:03:12,True,full_u_joint,0.00016190094762072205
54504,2016-06-06 10:16:06,True,full_u_joint,0.029172907987466537
54519,2016-06-06 10:40:09,True,full_u_joint,0.0006186670050129307
54512,2016-06-06 10:55:07,True,full_u_joint,-0.003090068579385321
54523,2016-06-06 11:00:06,True,full_u_joint,-0.0003583918597441123
54524,2016-06-06 11:00:07,True,full_u_joint,0.01049892674627216
54525,2016-06-06 11:01:07,True,full_u_joint,0.015368739993930234
54513,2016-06-06 11:02:09,True,full_u_joint,-0.007864656558979062
54518,2016-06-06 11:26:07,True,full_u_joint,-0.0034693963035955875
54522,2016-06-06 11:28:06,True,full_u_joint,0.0071031542480466045
54529,2016-06-06 11:32:07,True,full_u_joint,-0.006387529679574882
54531,2016-06-06 11:32:08,True,full_u_joint,0.0016855435781046998
54530,2016-06-06 11:42:07,True,full_u_joint,0.00019382481898701665
54537,2016-06-06 11:45:08,True,full_u_joint,-0.0014771986806283717
54539,2016-06-06 12:00:07,True,full_u_joint,-0.0026735481126296517
54536,2016-06-06 12:10:07,True,full_u_joint,0.00038059011784034175
54532,2016-06-06 12:17:09,True,full_u_joint,0.0029013209947022223
54549,2016-06-06 12:20:12,True,full_u_joint,-0.020079551075376297
54543,2016-06-06 12:31:09,True,full_u_joint,0.0028637712383071797
54545,2016-06-06 12:32:11,True,full_u_joint,-0.004531940439909614
54542,2016-06-06 12:42:08,True,full_u_joint,-0.0064607994153601175
54552,2016-06-06 12:53:08,True,full_u_joint,0.005505715148422024
54558,2016-06-06 13:00:08,True,full_u_joint,-1.316365129658617e-06
54548,2016-06-06 13:05:08,True,full_u_joint,-0.00738364697695572
54547,2016-06-06 13:08:08,True,full_u_joint,-0.001157381259461441
54565,2016-06-06 13:20:07,True,full_u_joint,-9.952485717656598e-05
54553,2016-06-06 13:36:08,True,full_u_joint,0.004202669533284086
54572,2016-06-06 13:40:11,True,full_u_joint,0.00601229499975057
54564,2016-06-06 13:54:06,True,full_u_joint,-0.0038534025559724613
54577,2016-06-06 14:32:11,True,full_u_joint,0.006541402734041139
54581,2016-06-06 14:59:07,True,full_u_joint,-0.007302120768198445
54582,2016-06-06 15:04:11,True,full_u_joint,-0.010472853937213403
54590,2016-06-06 15:15:08,True,full_u_joint,-0.006740188493896586
54596,2016-06-06 15:23:07,True,full_u_joint,-0.005283213218844941
54597,2016-06-06 15:38:07,True,full_u_joint,-0.0005614029765135696
54598,2016-06-06 15:38:08,True,full_u_joint,-0.002027289542862809
54599,2016-06-06 15:40:09,True,full_u_joint,-0.00504966292345159
54612,2016-06-06 16:00:10,True,full_u_joint,0.012742592959593388
54604,2016-06-06 16:00:23,True,full_u_joint,-0.003187747882653624
54609,2016-06-06 16:10:12,True,full_u_joint,0.004016363199189549
54608,2016-06-06 16:16:10,True,full_u_joint,0.008665060214195063
54606,2016-06-06 16:37:08,True,full_u_joint,0.004426039046337609
54618,2016-06-06 16:43:06,True,full_u_joint,-0.00495994205813962
54620,2016-06-06 16:59:07,True,full_u_joint,5.574224351580934e-06
54619,2016-06-06 17:02:07,True,full_u_joint,-0.002045881440170802
54754,2016-06-07 05:26:22,True,full_u_joint,-0.002343887967269925
54761,2016-06-07 06:20:06,True,full_u_joint,-0.004238136815124615
54762,2016-06-07 06:26:07,True,full_u_joint,-0.002692139925328834
54772,2016-06-07 07:00:08,True,full_u_joint,0.002188783242715893
54778,2016-06-07 07:41:11,True,full_u_joint,0.008012633069565149
54777,2016-06-07 07:53:09,True,full_u_joint,0.0013384215460874975
54774,2016-06-07 07:58:07,True,full_u_joint,0.000738573346085785
54775,2016-06-07 08:03:08,True,full_u_joint,0.00022086451082161881
54785,2016-06-07 09:08:09,True,full_u_joint,-0.0068498698628515695
54792,2016-06-07 09:36:08,True,full_u_joint,-0.0073784034804533945
54793,2016-06-07 09:45:10,True,full_u_joint,0.0023844380725032456
54794,2016-06-07 10:02:12,True,full_u_joint,0.006018281662252524
54790,2016-06-07 10:17:06,True,full_u_joint,0.006171526774102149
54798,2016-06-07 10:18:08,True,full_u_joint,-0.000786105196265739
54924,2016-06-07 21:01:06,True,full_u_joint,-0.003955682512914161
54933,2016-06-07 21:20:12,True,full_u_joint,0.0016853449693843385
54932,2016-06-07 22:06:08,True,full_u_joint,-0.003185155256544445
54939,2016-06-07 22:27:12,True,full_u_joint,0.0036319683435546935
54949,2016-06-07 22:50:14,True,full_u_joint,0.007393466740312275
55212,2016-06-08 21:46:08,True,full_u_joint,-0.00023537296765815258
55225,2016-06-08 22:04:13,True,full_u_joint,-0.004406623299788706
55227,2016-06-08 22:20:07,True,full_u_joint,0.00045193001736431844
55232,2016-06-08 22:45:09,True,full_u_joint,0.0005056740220002031
55231,2016-06-08 23:31:07,True,full_u_joint,0.004483668383223539
55234,2016-06-08 23:40:07,True,full_u_joint,0.0077085253384256616
55236,2016-06-08 23:50:11,True,full_u_joint,0.0011242379949464448
55235,2016-06-08 23:59:10,True,full_u_joint,0.0030005315725255433
55238,2016-06-09 00:20:06,True,full_u_joint,0.00826538518697444
55241,2016-06-09 00:20:07,True,full_u_joint,0.018340436916135756
55242,2016-06-09 00:20:07,True,full_u_joint,0.020206525002587388
55245,2016-06-09 00:40:07,True,full_u_joint,-0.007257465871360093
55239,2016-06-09 00:47:09,True,full_u_joint,-3.3457810184454005e-05
55251,2016-06-09 01:00:09,True,full_u_joint,-0.0015774421101982274
55250,2016-06-09 01:41:07,True,full_u_joint,0.01810011415896467
55255,2016-06-09 02:28:10,True,full_u_joint,0.006648807543146829
55253,2016-06-09 02:35:09,True,full_u_joint,0.007279451179721907
55661,2016-06-10 19:40:07,True,full_u_joint,-0.002472374061499305
55663,2016-06-10 19:49:12,True,full_u_joint,0.009729198517212476
55659,2016-06-10 20:13:07,True,full_u_joint,-0.017504991432792244
57577,2016-06-18 21:15:03,True,full_u_joint,0.00015056964221044902
57588,2016-06-18 21:40:03,True,full_u_joint,-0.01416705228468923
57585,2016-06-18 22:13:10,True,full_u_joint,-0.013446151184676257
57591,2016-06-18 22:40:03,True,full_u_joint,0.0029191098848868613
57592,2016-06-18 22:40:07,True,full_u_joint,-0.00516318536458691
57612,2016-06-19 05:32:04,True,full_u_joint,-2.5233764529679416e-05
57629,2016-06-19 07:05:04,True,full_u_joint,-0.004026240588455771
57624,2016-06-19 07:20:03,True,full_u_joint,0.007449122244938797
57625,2016-06-19 07:24:04,True,full_u_joint,0.002651987293774469
57635,2016-06-19 07:52:03,True,full_u_joint,0.004474943499885498
57641,2016-06-19 08:20:08,True,full_u_joint,2.8765045231202505e-05
57640,2016-06-19 09:04:06,True,full_u_joint,0.008459924930897214
57638,2016-06-19 09:13:03,True,full_u_joint,-0.0001285762570305789
57645,2016-06-19 09:16:03,True,full_u_joint,-0.006501514746890915
57659,2016-06-19 10:40:13,True,full_u_joint,0.005719197589141053
57664,2016-06-19 11:00:04,True,full_u_joint,-0.0011473939227151925
57660,2016-06-19 11:06:13,True,full_u_joint,-0.0113544509443332
57665,2016-06-19 11:31:06,True,full_u_joint,-0.006463410646928926
57668,2016-06-19 11:40:03,True,full_u_joint,0.04794343131198481
57672,2016-06-19 12:00:07,True,full_u_joint,-0.010452508227637474
57708,2016-06-19 20:36:03,True,full_u_joint,0.020791552240797706
57719,2016-06-19 22:02:03,True,full_u_joint,0.017552978929878088
57721,2016-06-19 22:11:07,True,full_u_joint,-0.004929969258753462
57723,2016-06-19 22:36:03,True,full_u_joint,0.00019856617260459073
57725,2016-06-19 22:44:14,True,full_u_joint,0.013524724238908187
57726,2016-06-19 22:55:15,True,full_u_joint,0.0001463534791292866
57727,2016-06-19 22:56:04,True,full_u_joint,-0.009201620821924491
57730,2016-06-19 23:03:03,True,full_u_joint,0.01478317437708513
57737,2016-06-19 23:20:06,True,full_u_joint,-0.008293290851715419
57735,2016-06-20 00:03:03,True,full_u_joint,-0.005779499200336154
57738,2016-06-20 00:05:03,True,full_u_joint,-0.012884077978471194
57744,2016-06-20 00:40:03,True,full_u_joint,-0.005663462457591008
57739,2016-06-20 00:49:05,True,full_u_joint,-0.009628382627327098
57743,2016-06-20 01:17:03,True,full_u_joint,0.04967534557910745
57747,2016-06-20 01:17:03,True,full_u_joint,0.0011089065266675358
57749,2016-06-20 01:20:06,True,full_u_joint,-0.01820014685507531
57751,2016-06-20 01:40:04,True,full_u_joint,-0.009941321715302064
57752,2016-06-20 01:40:05,True,full_u_joint,0.004260355288928139
57755,2016-06-20 02:42:06,True,full_u_joint,0.004370628021144865
57758,2016-06-20 03:40:04,True,full_u_joint,-1.1642793743679367e-06
57761,2016-06-20 03:40:07,True,full_u_joint,-0.00839767186910004
57759,2016-06-20 03:56:04,True,full_u_joint,0.0050200402484203155
57766,2016-06-20 04:42:07,True,full_u_joint,-0.00048460449969916944
57770,2016-06-20 05:34:04,True,full_u_joint,0.00326842089092445
57778,2016-06-20 06:35:04,True,full_u_joint,0.003868311337456687
57791,2016-06-20 07:20:04,True,full_u_joint,0.007105863877103987
57784,2016-06-20 07:35:09,True,full_u_joint,0.001632620444115072
57785,2016-06-20 07:46:04,True,full_u_joint,5.6958310823464046e-05
57794,2016-06-20 08:01:05,True,full_u_joint,0.0011755168035381893
57798,2016-06-20 08:22:04,True,full_u_joint,-0.008149006302505365
57793,2016-06-20 08:25:04,True,full_u_joint,-0.0011589076637633774
57799,2016-06-20 08:29:04,True,full_u_joint,0.02515321243464394
57800,2016-06-20 08:33:06,True,full_u_joint,-0.0016660140117484498
57820,2016-06-20 10:00:09,True,full_u_joint,-0.010058390697413964
57811,2016-06-20 10:06:05,True,full_u_joint,-0.0035267100831936557
57809,2016-06-20 10:09:03,True,full_u_joint,-0.00034489378685506264
57818,2016-06-20 10:19:03,True,full_u_joint,0.0004493758964110098
57829,2016-06-20 10:40:10,True,full_u_joint,0.00358887399509154
57830,2016-06-20 10:40:10,True,full_u_joint,-0.0008517471417950032
57822,2016-06-20 10:58:04,True,full_u_joint,0.01279410084019069
57824,2016-06-20 11:03:07,True,full_u_joint,0.0031990938281633227
57827,2016-06-20 11:04:05,True,full_u_joint,0.005226844775645563
57838,2016-06-20 11:20:04,True,full_u_joint,-0.0038522007906975075
57834,2016-06-20 11:21:06,True,full_u_joint,0.0008784622296162739
57845,2016-06-20 12:07:04,True,full_u_joint,0.00013881613344926503
57848,2016-06-20 12:10:04,True,full_u_joint,0.00033831202083218354
57855,2016-06-20 12:20:10,True,full_u_joint,0.003496400914490879
57858,2016-06-20 13:07:03,True,full_u_joint,0.002026051686890809
57854,2016-06-20 13:08:06,True,full_u_joint,0.00033470853199557213
57859,2016-06-20 13:19:06,True,full_u_joint,0.006784411860261651
57864,2016-06-20 13:33:06,True,full_u_joint,-0.0015180151578373536
57875,2016-06-20 14:00:11,True,full_u_joint,0.014062556782512971
57873,2016-06-20 14:20:04,True,full_u_joint,0.0011447459496684922
57879,2016-06-20 14:20:07,True,full_u_joint,-0.00019090742086914567
57870,2016-06-20 14:30:05,True,full_u_joint,0.0007767779226432884
57869,2016-06-20 14:38:05,True,full_u_joint,-0.007385051301194757
57878,2016-06-20 14:45:06,True,full_u_joint,0.011780116059910417
57874,2016-06-20 14:49:06,True,full_u_joint,0.015751084313375123
57877,2016-06-20 15:17:05,True,full_u_joint,-0.00403817949348334
57883,2016-06-20 15:34:05,True,full_u_joint,-0.0037290472743179703
57894,2016-06-20 15:50:03,True,full_u_joint,-0.005934755020650587
57889,2016-06-20 15:59:03,True,full_u_joint,-0.008520305536530213
57902,2016-06-20 16:02:09,True,full_u_joint,-0.004772311816729442
57923,2016-06-20 17:17:07,True,full_u_joint,0.0014249972324481934
57920,2016-06-20 17:32:04,True,full_u_joint,0.011765125259208767
57930,2016-06-20 17:32:08,True,full_u_joint,-0.005382358739800877
57929,2016-06-20 17:52:04,True,full_u_joint,-0.0013390577151664758
57936,2016-06-20 18:00:05,True,full_u_joint,-0.0005557148000012099
57949,2016-06-20 18:43:04,True,full_u_joint,-0.004670025249062994
57970,2016-06-20 20:00:08,True,full_u_joint,0.014275297603423519
57960,2016-06-20 20:01:06,True,full_u_joint,-0.003778009085162258
46414,2016-05-01 00:40:15,True,stratified_hoeffding,0.0014428584246185556
46420,2016-05-01 01:40:16,True,stratified_hoeffding,0.00291064606363634
46425,2016-05-01 02:20:20,True,stratified_hoeffding,-0.004703377692473504
46426,2016-05-01 02:20:20,True,stratified_hoeffding,-0.0026641406238748218
46428,2016-05-01 02:40:14,True,stratified_hoeffding,0.004554407157733412
46435,2016-05-01 04:57:15,True,stratified_hoeffding,-0.005949544642067935
46434,2016-05-01 05:06:20,True,stratified_hoeffding,0.0012530157261638137
46437,2016-05-01 05:38:29,True,stratified_hoeffding,0.004030480440058593
46444,2016-05-01 06:00:16,True,stratified_hoeffding,0.004745631892674389
46446,2016-05-01 06:00:20,True,stratified_hoeffding,0.014302938807495311
46440,2016-05-01 06:05:19,True,stratified_hoeffding,-0.007794734662281741
46445,2016-05-01 06:11:19,True,stratified_hoeffding,0.006470065076367747
46454,2016-05-01 07:00:14,True,stratified_hoeffding,-0.0036902323352887827
46455,2016-05-01 07:02:16,True,stratified_hoeffding,-0.00036375725287904456
46451,2016-05-01 07:06:17,True,stratified_hoeffding,-0.006541767236937713
46531,2016-05-01 18:40:14,True,stratified_hoeffding,0.001874133258120067
46534,2016-05-01 18:40:14,True,stratified_hoeffding,-0.0001514988236529647
46536,2016-05-01 19:16:18,True,stratified_hoeffding,0.0012117106063875213
46535,2016-05-01 19:24:16,True,stratified_hoeffding,-0.01708822581846979
46544,2016-05-01 20:16:14,True,stratified_hoeffding,0.00562886396804091
46548,2016-05-01 20:42:16,True,stratified_hoeffding,0.0019468850970958806
46554,2016-05-01 21:00:21,True,stratified_hoeffding,-0.002838450753136308
46553,2016-05-01 21:06:17,True,stratified_hoeffding,0.0017467610072882823
46549,2016-05-01 21:14:22,True,stratified_hoeffding,-0.008602814308147563
46552,2016-05-01 21:40:14,True,stratified_hoeffding,0.001226011369008421
46559,2016-05-01 21:40:15,True,stratified_hoeffding,0.0038975357142233893
46555,2016-05-01 21:51:16,True,stratified_hoeffding,0.0009432004307092026
46563,2016-05-01 22:00:15,True,stratified_hoeffding,-0.025324381587732245
46560,2016-05-01 22:03:17,True,stratified_hoeffding,-0.0005190164565029923
46561,2016-05-01 22:03:18,True,stratified_hoeffding,-0.010463476864646888
46564,2016-05-01 22:58:16,True,stratified_hoeffding,-0.0004618276651853172
46574,2016-05-01 23:40:15,True,stratified_hoeffding,0.0044566027730506205
46575,2016-05-02 00:04:18,True,stratified_hoeffding,0.0038015926365538213
46578,2016-05-02 00:17:16,True,stratified_hoeffding,0.01537427636838868
46581,2016-05-02 00:37:19,True,stratified_hoeffding,0.020388834576192456
46588,2016-05-02 01:11:14,True,stratified_hoeffding,-0.002946884811610493
46582,2016-05-02 01:11:20,True,stratified_hoeffding,0.0009786749100545097
46592,2016-05-02 01:40:15,True,stratified_hoeffding,-0.0004388818875088966
46589,2016-05-02 01:41:15,True,stratified_hoeffding,0.00010646968839032357
46594,2016-05-02 02:41:17,True,stratified_hoeffding,0.015572403530919349
46596,2016-05-02 02:42:19,True,stratified_hoeffding,0.006967513507257321
46608,2016-05-02 04:38:20,True,stratified_hoeffding,-0.00192445118859554
46725,2016-05-02 15:24:14,True,stratified_hoeffding,0.0023071725644762827
46726,2016-05-02 15:29:14,True,stratified_hoeffding,-0.0008980850609168999
46740,2016-05-02 15:40:16,True,stratified_hoeffding,-0.010517505816847884
46743,2016-05-02 16:00:15,True,stratified_hoeffding,0.024985279102568283
46745,2016-05-02 16:00:15,True,stratified_hoeffding,2.1436442511569755e-05
46744,2016-05-02 16:27:15,True,stratified_hoeffding,-0.009332481579006825
46756,2016-05-02 16:40:16,True,stratified_hoeffding,-0.004288467564337536
46755,2016-05-02 16:57:15,True,stratified_hoeffding,0.002975593397989788
46762,2016-05-02 17:00:18,True,stratified_hoeffding,-0.005668852261419699
46763,2016-05-02 17:11:20,True,stratified_hoeffding,0.0034314540019539444
46770,2016-05-02 17:20:19,True,stratified_hoeffding,0.003916428542914055
46759,2016-05-02 17:31:15,True,stratified_hoeffding,-0.004393418418901014
46778,2016-05-02 17:40:17,True,stratified_hoeffding,-0.0018019564159350429
46760,2016-05-02 17:43:16,True,stratified_hoeffding,-0.04065326648174827
46775,2016-05-02 17:44:15,True,stratified_hoeffding,0.022971944369003308
46761,2016-05-02 17:46:16,True,stratified_hoeffding,-0.006656899345973107
46767,2016-05-02 17:47:16,True,stratified_hoeffding,0.004118157496149989
46776,2016-05-02 18:04:15,True,stratified_hoeffding,-0.008796631634048556
46781,2016-05-02 18:26:18,True,stratified_hoeffding,0.0022743370574832833
46777,2016-05-02 18:37:16,True,stratified_hoeffding,-0.013520797111291748
46788,2016-05-02 18:40:14,True,stratified_hoeffding,0.003319520977097836
46789,2016-05-02 18:40:15,True,stratified_hoeffding,-0.001198305036066155
46787,2016-05-02 19:02:17,True,stratified_hoeffding,0.0041806297202379265
46790,2016-05-02 19:07:15,True,stratified_hoeffding,-0.010195173921458307
46792,2016-05-02 19:51:14,True,stratified_hoeffding,-0.000653359928292649
46805,2016-05-02 20:00:24,True,stratified_hoeffding,-0.0007522010913797554
46798,2016-05-02 20:02:15,True,stratified_hoeffding,0.009039526174350974
46797,2016-05-02 20:03:15,True,stratified_hoeffding,-0.0032943320366304457
46793,2016-05-02 20:11:19,True,stratified_hoeffding,-0.009147846184091084
46799,2016-05-02 20:13:17,True,stratified_hoeffding,-0.0034119283969977487
46808,2016-05-02 20:20:31,True,stratified_hoeffding,0.0008011115898380649
46806,2016-05-02 20:29:27,True,stratified_hoeffding,0.0004229819502788376
46818,2016-05-02 20:56:21,True,stratified_hoeffding,0.007387167585800811
46820,2016-05-02 21:00:19,True,stratified_hoeffding,0.00026924340505280614
46816,2016-05-02 21:01:16,True,stratified_hoeffding,-0.0016882841942007694
46819,2016-05-02 21:21:19,True,stratified_hoeffding,-0.006790011825321355
46933,2016-05-03 09:00:19,True,stratified_hoeffding,5.9646652834184286e-05
46930,2016-05-03 09:16:16,True,stratified_hoeffding,0.005667973447547339
46937,2016-05-03 09:49:21,True,stratified_hoeffding,-0.007939459815936247
46936,2016-05-03 09:52:15,True,stratified_hoeffding,-0.007113975809781133
46940,2016-05-03 10:00:15,True,stratified_hoeffding,-0.0033300281874632264
46935,2016-05-03 10:02:15,True,stratified_hoeffding,-0.002823525080631728
46941,2016-05-03 10:28:16,True,stratified_hoeffding,0.0061443249533793785
46944,2016-05-03 10:33:15,True,stratified_hoeffding,-0.002304869294711717
46949,2016-05-03 10:42:21,True,stratified_hoeffding,0.006865910849019333
46946,2016-05-03 10:48:15,True,stratified_hoeffding,-0.0034024412576487244
46948,2016-05-03 11:01:18,True,stratified_hoeffding,-0.00448854035922068
46947,2016-05-03 11:19:15,True,stratified_hoeffding,-0.0042606124268361675
46952,2016-05-03 11:20:21,True,stratified_hoeffding,-0.0023139198320798015
46953,2016-05-03 11:40:15,True,stratified_hoeffding,0.015208160628774711
46956,2016-05-03 12:08:15,True,stratified_hoeffding,0.0032466144612465046
46959,2016-05-03 12:20:15,True,stratified_hoeffding,5.702807183674045e-05
46965,2016-05-03 12:40:19,True,stratified_hoeffding,-0.0026199018935372936
46960,2016-05-03 12:44:20,True,stratified_hoeffding,-0.0014433340066285958
46969,2016-05-03 13:00:15,True,stratified_hoeffding,0.004996702412689003
46971,2016-05-03 13:13:18,True,stratified_hoeffding,0.0010586608796760116
46962,2016-05-03 13:14:18,True,stratified_hoeffding,-0.003839752876519822
46978,2016-05-03 13:26:16,True,stratified_hoeffding,0.006593020026337097
46982,2016-05-03 13:40:15,True,stratified_hoeffding,-0.0033010237666313176
46984,2016-05-03 13:40:21,True,stratified_hoeffding,0.0010370486811007683
46979,2016-05-03 13:52:16,True,stratified_hoeffding,-0.017603868178891577
46983,2016-05-03 13:54:18,True,stratified_hoeffding,0.0026269560394980023
46980,2016-05-03 13:59:21,True,stratified_hoeffding,-0.004648081867797957
47118,2016-05-04 01:47:20,True,stratified_hoeffding,-0.01484321560466409
47122,2016-05-04 02:00:16,True,stratified_hoeffding,-0.025797897962137436
47120,2016-05-04 02:04:18,True,stratified_hoeffding,0.000544133946130395
47125,2016-05-04 02:20:20,True,stratified_hoeffding,-0.009119462840266265
47124,2016-05-04 02:46:16,True,stratified_hoeffding,0.017401988195936104
47128,2016-05-04 03:41:19,True,stratified_hoeffding,-0.00028193560342852484
47127,2016-05-04 03:46:16,True,stratified_hoeffding,0.000938064840355773
47129,2016-05-04 04:01:15,True,stratified_hoeffding,0.004006599553945948
47134,2016-05-04 04:37:16,True,stratified_hoeffding,0.005438113133237884
47133,2016-05-04 04:42:16,True,stratified_hoeffding,-0.0013542433848251923
47143,2016-05-04 05:00:25,True,stratified_hoeffding,-0.01589405258428543
47144,2016-05-04 05:12:27,True,stratified_hoeffding,0.022719650862616264
47150,2016-05-04 05:55:17,True,stratified_hoeffding,-0.0015794748284444309
47284,2016-05-04 18:07:20,True,stratified_hoeffding,-0.02414307720477482
47288,2016-05-04 18:18:17,True,stratified_hoeffding,-0.020472841089282934
47297,2016-05-04 18:20:19,True,stratified_hoeffding,0.01307682967146645
47296,2016-05-04 18:40:19,True,stratified_hoeffding,-0.00013486406248481436
47302,2016-05-04 18:43:15,True,stratified_hoeffding,0.01686681535995327
47292,2016-05-04 18:48:15,True,stratified_hoeffding,0.009628010318093957
47295,2016-05-04 18:56:14,True,stratified_hoeffding,-0.0017220879117103727
47306,2016-05-04 19:00:15,True,stratified_hoeffding,0.0021969838680372437
47313,2016-05-04 19:40:17,True,stratified_hoeffding,0.004870739832483789
47314,2016-05-04 19:40:23,True,stratified_hoeffding,-0.0030242355700945893
47310,2016-05-04 19:44:31,True,stratified_hoeffding,-0.0023404910738669712
47317,2016-05-04 20:00:18,True,stratified_hoeffding,0.0012969515604314315
47311,2016-05-04 20:02:31,True,stratified_hoeffding,0.014091898025617847
47320,2016-05-04 20:25:18,True,stratified_hoeffding,-0.00010973765083500698
47325,2016-05-04 20:40:14,True,stratified_hoeffding,0.000986805299773321
47326,2016-05-04 20:40:19,True,stratified_hoeffding,0.00036311578089664624
47321,2016-05-04 21:15:19,True,stratified_hoeffding,0.008458934213148087
47411,2016-05-05 09:10:15,True,stratified_hoeffding,0.005497335845284657
47419,2016-05-05 09:20:20,True,stratified_hoeffding,0.0002636109159804621
47415,2016-05-05 09:47:25,True,stratified_hoeffding,0.001710812424318555
47414,2016-05-05 09:52:25,True,stratified_hoeffding,-0.0028855132856664507
47422,2016-05-05 10:06:15,True,stratified_hoeffding,-0.007579928783197233
47418,2016-05-05 10:08:16,True,stratified_hoeffding,-0.005047239181046202
47427,2016-05-05 10:38:16,True,stratified_hoeffding,0.005253671920417457
47428,2016-05-05 11:00:16,True,stratified_hoeffding,0.029764038872218956
47440,2016-05-05 11:40:18,True,stratified_hoeffding,0.0032505365953564083
47436,2016-05-05 12:05:25,True,stratified_hoeffding,-0.007043976101707291
47437,2016-05-05 12:10:27,True,stratified_hoeffding,-0.001735232381596471
47439,2016-05-05 12:32:14,True,stratified_hoeffding,0.001953679148323129
47444,2016-05-05 12:38:16,True,stratified_hoeffding,-0.0004929302303530413
47454,2016-05-05 13:02:30,True,stratified_hoeffding,-0.0021756409580110186
47449,2016-05-05 13:04:18,True,stratified_hoeffding,0.003031316945207127
47463,2016-05-05 13:20:15,True,stratified_hoeffding,-0.0038235621080004237
47464,2016-05-05 13:20:20,True,stratified_hoeffding,-0.0016112217085199492
47460,2016-05-05 13:31:19,True,stratified_hoeffding,-0.0036303625963561947
47468,2016-05-05 13:40:17,True,stratified_hoeffding,0.002757860338957976
47469,2016-05-05 13:40:17,True,stratified_hoeffding,0.007078676422950189
47470,2016-05-05 13:40:19,True,stratified_hoeffding,0.007527669674390128
47611,2016-05-06 02:38:19,True,stratified_hoeffding,-0.0016589759256011379
47618,2016-05-06 03:00:18,True,stratified_hoeffding,0.009534859635893945
47619,2016-05-06 03:00:20,True,stratified_hoeffding,0.01694178771403201
47622,2016-05-06 03:30:16,True,stratified_hoeffding,-0.005724882092796979
47630,2016-05-06 04:40:18,True,stratified_hoeffding,0.0004791823432123317
47631,2016-05-06 06:04:16,True,stratified_hoeffding,0.0004843118799206542
47774,2016-05-06 18:29:16,True,stratified_hoeffding,0.016495266148752984
47772,2016-05-06 18:31:19,True,stratified_hoeffding,0.005333728521588893
47777,2016-05-06 18:31:23,True,stratified_hoeffding,0.012737244124827164
47771,2016-05-06 18:39:16,True,stratified_hoeffding,-0.008895340198512638
47781,2016-05-06 19:11:20,True,stratified_hoeffding,0.0031073777675392697
47805,2016-05-06 21:22:19,True,stratified_hoeffding,0.002881820047906095
47804,2016-05-06 21:27:16,True,stratified_hoeffding,-0.0027388223392493275
47809,2016-05-06 21:51:19,True,stratified_hoeffding,-0.0021455932483234307
47882,2016-05-07 10:29:16,True,stratified_hoeffding,0.009266953786060479
47888,2016-05-07 12:00:15,True,stratified_hoeffding,0.02742878134454245
47893,2016-05-07 12:33:18,True,stratified_hoeffding,0.003447281952535155
47897,2016-05-07 14:08:14,True,stratified_hoeffding,0.0008581108043856673
47903,2016-05-07 14:20:15,True,stratified_hoeffding,-0.007081845105244337
47901,2016-05-07 14:32:16,True,stratified_hoeffding,0.002611825135418624
47905,2016-05-07 14:40:16,True,stratified_hoeffding,-0.00879319605141651
47906,2016-05-07 14:40:18,True,stratified_hoeffding,-0.00012684978100312448
47955,2016-05-08 02:57:17,True,stratified_hoeffding,-0.0016330404889576917
47954,2016-05-08 03:04:16,True,stratified_hoeffding,-0.0037138235869443557
47957,2016-05-08 03:05:15,True,stratified_hoeffding,0.0016319795596722504
47958,2016-05-08 03:06:18,True,stratified_hoeffding,0.0062649249924143224
47960,2016-05-08 03:32:16,True,stratified_hoeffding,0.0018093909408128245
47961,2016-05-08 03:48:16,True,stratified_hoeffding,0.005713496529249275
47967,2016-05-08 04:27:17,True,stratified_hoeffding,-0.000333503626734858
47964,2016-05-08 04:38:16,True,stratified_hoeffding,0.013757919174827188
47971,2016-05-08 05:40:17,True,stratified_hoeffding,-0.0003357639682383001
47972,2016-05-08 05:49:19,True,stratified_hoeffding,-0.0035825423263367183
47970,2016-05-08 06:13:15,True,stratified_hoeffding,-0.0011348662443910976
47969,2016-05-08 06:15:16,True,stratified_hoeffding,-0.002536798244056828
47973,2016-05-08 06:17:15,True,stratified_hoeffding,0.0028579517383406036
47978,2016-05-08 06:51:15,True,stratified_hoeffding,0.00779136146020348
47982,2016-05-08 07:24:17,True,stratified_hoeffding,-0.006921472248462687
47990,2016-05-08 08:20:14,True,stratified_hoeffding,-0.003644361511994862
47987,2016-05-08 08:21:17,True,stratified_hoeffding,0.00824875074462817
47992,2016-05-08 08:40:16,True,stratified_hoeffding,0.0015153250597569803
47996,2016-05-08 09:00:24,True,stratified_hoeffding,0.01072292945479337
48001,2016-05-08 09:20:18,True,stratified_hoeffding,0.003883597550353054
48003,2016-05-08 09:40:15,True,stratified_hoeffding,0.010020573931037793
48005,2016-05-08 10:08:15,True,stratified_hoeffding,-0.010797273824733992
47999,2016-05-08 10:13:15,True,stratified_hoeffding,-0.009895566992107578
48007,2016-05-08 11:04:16,True,stratified_hoeffding,-0.012412600153817233
48009,2016-05-08 11:08:15,True,stratified_hoeffding,-0.005883106857675571
48010,2016-05-08 11:55:25,True,stratified_hoeffding,-0.0006444082606690703
48077,2016-05-08 23:17:19,True,stratified_hoeffding,0.0007573808229821366
48078,2016-05-08 23:43:15,True,stratified_hoeffding,-0.014923423950524595
48082,2016-05-09 00:01:15,True,stratified_hoeffding,-0.002407059157600682
48079,2016-05-09 00:06:17,True,stratified_hoeffding,0.011111555040689967
48088,2016-05-09 00:40:16,True,stratified_hoeffding,-0.00017112107195362686
48091,2016-05-09 01:00:15,True,stratified_hoeffding,0.0195358389885237
48092,2016-05-09 01:00:16,True,stratified_hoeffding,0.011410673819208288
48094,2016-05-09 01:00:20,True,stratified_hoeffding,0.0012584965970312656
48093,2016-05-09 01:04:18,True,stratified_hoeffding,0.0054070946448024106
48084,2016-05-09 01:14:15,True,stratified_hoeffding,0.0011830296629457906
48098,2016-05-09 01:20:16,True,stratified_hoeffding,-0.013334103416642963
48086,2016-05-09 01:31:16,True,stratified_hoeffding,0.006470883646803996
48100,2016-05-09 01:40:15,True,stratified_hoeffding,0.009316985157006654
48104,2016-05-09 02:00:18,True,stratified_hoeffding,-0.020701277981232766
48105,2016-05-09 02:00:20,True,stratified_hoeffding,-0.008290220343797993
48097,2016-05-09 02:10:15,True,stratified_hoeffding,0.015002832581920521
48111,2016-05-09 03:04:16,True,stratified_hoeffding,-0.004655871373598401
48113,2016-05-09 03:20:15,True,stratified_hoeffding,0.004265294882225795
48115,2016-05-09 03:39:19,True,stratified_hoeffding,-0.0036576713035390467
48119,2016-05-09 04:00:18,True,stratified_hoeffding,0.0021090090328674226
48114,2016-05-09 04:13:15,True,stratified_hoeffding,-0.001378253973920343
48122,2016-05-09 04:57:17,True,stratified_hoeffding,-0.0006655868020593915
48126,2016-05-09 05:04:15,True,stratified_hoeffding,-0.003680852572675636
48121,2016-05-09 05:16:15,True,stratified_hoeffding,-0.0032846641441042594
48139,2016-05-09 05:20:16,True,stratified_hoeffding,0.001383806686566457
48135,2016-05-09 05:36:15,True,stratified_hoeffding,0.0092802420483232
48142,2016-05-09 05:40:15,True,stratified_hoeffding,0.0015343266875037266
48143,2016-05-09 05:47:17,True,stratified_hoeffding,-0.010193665101203706
48147,2016-05-09 06:00:15,True,stratified_hoeffding,0.00022343575305438157
48148,2016-05-09 06:23:20,True,stratified_hoeffding,-0.0372140490788474
48160,2016-05-09 07:05:15,True,stratified_hoeffding,0.0026617151976818126
48153,2016-05-09 07:13:18,True,stratified_hoeffding,-0.002722182214186625
48157,2016-05-09 07:25:16,True,stratified_hoeffding,0.0021761810169602692
48172,2016-05-09 08:25:16,True,stratified_hoeffding,-0.010169964203874438
48175,2016-05-09 08:40:21,True,stratified_hoeffding,0.004677469795799857
48170,2016-05-09 08:41:16,True,stratified_hoeffding,-0.004654810215878984
48171,2016-05-09 08:44:16,True,stratified_hoeffding,0.010720277017052436
48174,2016-05-09 08:55:16,True,stratified_hoeffding,0.002289600210850525
48182,2016-05-09 09:20:20,True,stratified_hoeffding,-0.003140439923951732
48180,2016-05-09 09:28:15,True,stratified_hoeffding,0.00035219581779902427
48192,2016-05-09 10:40:16,True,stratified_hoeffding,-0.015382954989174781
48188,2016-05-09 11:01:16,True,stratified_hoeffding,-0.003471638394701545
48189,2016-05-09 11:01:17,True,stratified_hoeffding,-0.0022095395275628996
48190,2016-05-09 11:04:17,True,stratified_hoeffding,0.0039040672846294283
48200,2016-05-09 11:38:19,True,stratified_hoeffding,-0.002124819106135529
48195,2016-05-09 11:42:17,True,stratified_hoeffding,0.0013287913388560085
48199,2016-05-09 11:55:17,True,stratified_hoeffding,-0.003045207594533866
48208,2016-05-09 12:03:17,True,stratified_hoeffding,-0.00018296163798187624
48213,2016-05-09 12:19:28,True,stratified_hoeffding,-0.005071397941326411
48207,2016-05-09 12:38:17,True,stratified_hoeffding,0.0045959668500655144
48367,2016-05-09 23:40:19,True,stratified_hoeffding,-0.0006660662446474888
48361,2016-05-10 00:01:17,True,stratified_hoeffding,-0.0045980826685116626
48366,2016-05-10 00:09:16,True,stratified_hoeffding,-0.007605288039380964
48374,2016-05-10 00:40:17,True,stratified_hoeffding,0.01196097491516578
48376,2016-05-10 00:40:19,True,stratified_hoeffding,-0.010795243047900575
48382,2016-05-10 01:00:19,True,stratified_hoeffding,0.01564164904152651
48384,2016-05-10 01:42:18,True,stratified_hoeffding,0.01182651296265173
48389,2016-05-10 02:20:17,True,stratified_hoeffding,0.0014544268964473334
48391,2016-05-10 02:20:18,True,stratified_hoeffding,-0.00283511125312492
48399,2016-05-10 03:17:20,True,stratified_hoeffding,-0.018025106572094884
48400,2016-05-10 03:17:20,True,stratified_hoeffding,-0.0001750997059421673
48398,2016-05-10 03:19:18,True,stratified_hoeffding,0.0015634848723849702
48396,2016-05-10 03:27:16,True,stratified_hoeffding,-0.01310023774079509
48402,2016-05-10 03:27:18,True,stratified_hoeffding,0.0006897487347462686
48403,2016-05-10 03:29:18,True,stratified_hoeffding,-0.003435380287759547
48397,2016-05-10 03:48:18,True,stratified_hoeffding,0.006156873069884602
48409,2016-05-10 04:20:19,True,stratified_hoeffding,-0.0011505039823138871
48413,2016-05-10 05:00:26,True,stratified_hoeffding,-0.006029408529652745
48411,2016-05-10 05:01:15,True,stratified_hoeffding,-0.005343639341096794
48414,2016-05-10 05:02:26,True,stratified_hoeffding,-0.007073330227757331
48408,2016-05-10 05:05:16,True,stratified_hoeffding,-0.0015102933623717795
48416,2016-05-10 06:04:16,True,stratified_hoeffding,0.0084396787880348
48423,2016-05-10 06:40:20,True,stratified_hoeffding,0.0001540656117039253
48417,2016-05-10 06:49:17,True,stratified_hoeffding,0.024873144339141284
48427,2016-05-10 07:14:30,True,stratified_hoeffding,0.00234755054945447
48434,2016-05-10 07:20:16,True,stratified_hoeffding,-0.0024564257019445714
48433,2016-05-10 07:25:15,True,stratified_hoeffding,-0.005400932934180037
48426,2016-05-10 07:49:26,True,stratified_hoeffding,0.0059158373484343284
48437,2016-05-10 07:59:15,True,stratified_hoeffding,0.005118933046221789
48449,2016-05-10 08:00:17,True,stratified_hoeffding,-0.0011283459880037858
48448,2016-05-10 08:03:17,True,stratified_hoeffding,-0.00725431125489465
48447,2016-05-10 08:36:16,True,stratified_hoeffding,0.0010859071650311317
48438,2016-05-10 08:38:16,True,stratified_hoeffding,-0.005227231380883639
48456,2016-05-10 09:00:20,True,stratified_hoeffding,-0.0011274128385257483
48457,2016-05-10 09:31:21,True,stratified_hoeffding,-0.000654556802696477
48462,2016-05-10 10:00:21,True,stratified_hoeffding,-0.001257144004503232
48464,2016-05-10 10:20:18,True,stratified_hoeffding,0.0019311574668682448
48466,2016-05-10 10:40:16,True,stratified_hoeffding,0.0029435611113829835
48471,2016-05-10 11:08:15,True,stratified_hoeffding,0.00710829278715897
48472,2016-05-10 11:11:16,True,stratified_hoeffding,0.0001218609575452138
48475,2016-05-10 11:20:14,True,stratified_hoeffding,-0.004201291868801988
48481,2016-05-10 11:40:16,True,stratified_hoeffding,-0.02459976619845388
48482,2016-05-10 11:40:21,True,stratified_hoeffding,-0.012477874039846817
48477,2016-05-10 11:47:19,True,stratified_hoeffding,0.0038770763155207113
48474,2016-05-10 12:04:14,True,stratified_hoeffding,0.009697143452913802
48480,2016-05-10 12:27:16,True,stratified_hoeffding,0.00020712668344494096
48627,2016-05-10 23:44:16,True,stratified_hoeffding,0.0007353447218630053
48640,2016-05-11 00:17:15,True,stratified_hoeffding,0.003989812404206471
48646,2016-05-11 00:20:15,True,stratified_hoeffding,0.0010234679272165276
48633,2016-05-11 00:30:15,True,stratified_hoeffding,0.0005616912242634026
48649,2016-05-11 00:40:15,True,stratified_hoeffding,0.01134732008721494
48650,2016-05-11 01:00:15,True,stratified_hoeffding,0.0061641606728955545
48654,2016-05-11 01:49:18,True,stratified_hoeffding,0.024458755183097078
48656,2016-05-11 02:01:19,True,stratified_hoeffding,0.0007390677341844457
48657,2016-05-11 02:31:16,True,stratified_hoeffding,0.007548843443626763
48663,2016-05-11 03:20:17,True,stratified_hoeffding,-0.00021963664908336176
48662,2016-05-11 03:55:17,True,stratified_hoeffding,-0.005246498625879083
48666,2016-05-11 04:20:19,True,stratified_hoeffding,0.00663646544825941
48774,2016-05-11 15:53:19,True,stratified_hoeffding,0.0009069820183366384
48788,2016-05-11 16:00:17,True,stratified_hoeffding,0.01569937201704793
48789,2016-05-11 16:01:19,True,stratified_hoeffding,-0.007037715469685561
48780,2016-05-11 16:03:16,True,stratified_hoeffding,0.018392894706915075
48790,2016-05-11 16:20:20,True,stratified_hoeffding,-0.0001967713274463929
48781,2016-05-11 16:33:18,True,stratified_hoeffding,-0.021141877729373634
48798,2016-05-11 16:40:15,True,stratified_hoeffding,0.005546650009311194
48802,2016-05-11 17:00:16,True,stratified_hoeffding,-0.0010908289354119288
48805,2016-05-11 17:20:15,True,stratified_hoeffding,-0.00029241551397321867
48815,2016-05-11 18:00:18,True,stratified_hoeffding,0.00167147354040277
48818,2016-05-11 18:20:23,True,stratified_hoeffding,-0.001103536846333839
48810,2016-05-11 18:29:17,True,stratified_hoeffding,0.00010569662588706685
48817,2016-05-11 19:07:17,True,stratified_hoeffding,0.003050504399094121
48827,2016-05-11 19:12:16,True,stratified_hoeffding,-0.007561308967235052
48835,2016-05-11 19:20:22,True,stratified_hoeffding,0.0003950295396089939
48831,2016-05-11 19:41:15,True,stratified_hoeffding,0.007811164222659917
48832,2016-05-11 19:43:16,True,stratified_hoeffding,0.0047400250826461834
48945,2016-05-12 07:22:16,True,stratified_hoeffding,0.002385257686950387
48944,2016-05-12 07:46:15,True,stratified_hoeffding,0.00011432390665956291
48949,2016-05-12 07:55:19,True,stratified_hoeffding,-0.002049047547445809
48953,2016-05-12 08:02:19,True,stratified_hoeffding,0.005846485101531389
48948,2016-05-12 08:25:16,True,stratified_hoeffding,0.006205157496818187
48958,2016-05-12 08:40:15,True,stratified_hoeffding,-0.0037046498354826613
48959,2016-05-12 09:06:16,True,stratified_hoeffding,0.0003824365154557127
48964,2016-05-12 09:14:17,True,stratified_hoeffding,0.002441137712292733
48960,2016-05-12 09:23:18,True,stratified_hoeffding,0.012028949730510885
48968,2016-05-12 10:02:20,True,stratified_hoeffding,0.007441745072320325
48974,2016-05-12 10:20:31,True,stratified_hoeffding,0.005792418616958887
48975,2016-05-12 10:40:22,True,stratified_hoeffding,-4.972576509825605e-05
48976,2016-05-12 10:40:22,True,stratified_hoeffding,0.007089148777352677
48970,2016-05-12 10:49:20,True,stratified_hoeffding,0.008226980852181915
48981,2016-05-12 11:00:16,True,stratified_hoeffding,0.005567228413236633
48982,2016-05-12 11:03:18,True,stratified_hoeffding,-0.0032148469445605257
48972,2016-05-12 11:15:26,True,stratified_hoeffding,0.01769059438244258
48986,2016-05-12 12:04:16,True,stratified_hoeffding,-0.010357242746613409
49140,2016-05-12 23:46:15,True,stratified_hoeffding,0.0032786622732938787
49136,2016-05-12 23:52:16,True,stratified_hoeffding,-0.0027527060999369968
49145,2016-05-13 00:00:19,True,stratified_hoeffding,-0.0028395662408870455
49146,2016-05-13 00:20:16,True,stratified_hoeffding,0.0062420629277588
49147,2016-05-13 00:20:19,True,stratified_hoeffding,-0.0020492163026569355
49150,2016-05-13 00:40:16,True,stratified_hoeffding,-0.013156421428781769
49151,2016-05-13 00:40:20,True,stratified_hoeffding,0.005561565047838304
49153,2016-05-13 00:40:21,True,stratified_hoeffding,0.0023571152017011765
49152,2016-05-13 01:04:20,True,stratified_hoeffding,0.0011314333201098183
49159,2016-05-13 01:06:20,True,stratified_hoeffding,-0.007090810716417588
49158,2016-05-13 01:34:20,True,stratified_hoeffding,0.0007122655176805872
49160,2016-05-13 01:40:21,True,stratified_hoeffding,-0.020876684251296657
49166,2016-05-13 01:52:19,True,stratified_hoeffding,0.0011239834125867584
49167,2016-05-13 01:57:19,True,stratified_hoeffding,-0.0008253612685306319
49171,2016-05-13 02:00:18,True,stratified_hoeffding,-0.0014758123007002424
49172,2016-05-13 02:09:21,True,stratified_hoeffding,0.004141936508114032
49181,2016-05-13 03:40:17,True,stratified_hoeffding,0.004118134672187301
49189,2016-05-13 04:39:20,True,stratified_hoeffding,0.0007522993467397204
49184,2016-05-13 04:42:16,True,stratified_hoeffding,0.002133203326016884
49374,2016-05-13 16:00:19,True,stratified_hoeffding,0.018574609638539952
49375,2016-05-13 16:01:21,True,stratified_hoeffding,-0.0056655302113094
49366,2016-05-13 16:05:17,True,stratified_hoeffding,-0.013850660424680243
49364,2016-05-13 16:20:15,True,stratified_hoeffding,0.0018479325465781916
49381,2016-05-13 16:20:17,True,stratified_hoeffding,0.012439813480301126
49382,2016-05-13 16:20:22,True,stratified_hoeffding,-0.02752019182976606
49380,2016-05-13 16:44:17,True,stratified_hoeffding,0.0010141404518125773
49386,2016-05-13 17:00:16,True,stratified_hoeffding,-0.0020565966735025727
49392,2016-05-13 17:00:17,True,stratified_hoeffding,0.0013785722411698235
49397,2016-05-13 17:20:19,True,stratified_hoeffding,-0.00048174191222080665
49387,2016-05-13 17:23:18,True,stratified_hoeffding,0.007101166360084701
49401,2016-05-13 17:40:17,True,stratified_hoeffding,0.005857634429229621
49402,2016-05-13 17:40:17,True,stratified_hoeffding,-0.000429174760754234
49398,2016-05-13 18:08:19,True,stratified_hoeffding,0.0036040878565996547
49403,2016-05-13 18:08:20,True,stratified_hoeffding,0.0011177031161061896
49413,2016-05-13 19:03:20,True,stratified_hoeffding,0.004347037145286552
49416,2016-05-13 19:10:23,True,stratified_hoeffding,-0.00542745276632748
49415,2016-05-13 19:13:22,True,stratified_hoeffding,0.00260536045434219
49407,2016-05-13 19:25:20,True,stratified_hoeffding,0.004989385011553052
49541,2016-05-14 09:00:21,True,stratified_hoeffding,0.010693592716637286
49543,2016-05-14 09:33:16,True,stratified_hoeffding,-0.007150581038676857
49544,2016-05-14 09:53:17,True,stratified_hoeffding,-0.003992985046296553
49546,2016-05-14 11:07:21,True,stratified_hoeffding,0.0017311482017525748
49618,2016-05-14 22:54:15,True,stratified_hoeffding,-0.012833458954732913
49621,2016-05-14 23:20:20,True,stratified_hoeffding,0.00022883478639615156
49625,2016-05-15 01:31:16,True,stratified_hoeffding,-0.01745359690900868
49630,2016-05-15 02:03:17,True,stratified_hoeffding,-0.00034253901015307054
49641,2016-05-15 04:40:20,True,stratified_hoeffding,-1.526055422668397e-06
49638,2016-05-15 05:01:18,True,stratified_hoeffding,0.002906344541754432
49640,2016-05-15 05:01:19,True,stratified_hoeffding,-0.0024589640410893517
49642,2016-05-15 05:01:25,True,stratified_hoeffding,0.0013268985370071145
49643,2016-05-15 05:01:30,True,stratified_hoeffding,-0.0054807221048715216
49709,2016-05-15 17:00:16,True,stratified_hoeffding,0.001701838859245429
49700,2016-05-15 17:11:16,True,stratified_hoeffding,-0.0008684673778517519
49713,2016-05-15 17:40:17,True,stratified_hoeffding,-0.002635718148812305
49718,2016-05-15 18:20:22,True,stratified_hoeffding,0.005461626017779556
49712,2016-05-15 18:25:17,True,stratified_hoeffding,-0.005065775546383523
49717,2016-05-15 18:49:17,True,stratified_hoeffding,0.01632075258692478
49719,2016-05-15 19:12:22,True,stratified_hoeffding,-0.01358042507175804
49723,2016-05-15 19:40:32,True,stratified_hoeffding,4.504763209496105e-05
49722,2016-05-15 19:41:21,True,stratified_hoeffding,0.0021940885008699534
49725,2016-05-15 20:23:16,True,stratified_hoeffding,-0.011827441122632544
49727,2016-05-15 20:23:16,True,stratified_hoeffding,0.0009159959240855348
49728,2016-05-15 21:00:21,True,stratified_hoeffding,-0.001769448520819233
49729,2016-05-15 21:20:22,True,stratified_hoeffding,0.0037177831659843605
49730,2016-05-15 22:05:21,True,stratified_hoeffding,6.083134279991076e-05
49825,2016-05-16 09:45:17,True,stratified_hoeffding,0.0015966004281160549
49832,2016-05-16 10:03:18,True,stratified_hoeffding,-0.004406286611991678
49830,2016-05-16 10:07:20,True,stratified_hoeffding,0.03746052735680738
49841,2016-05-16 11:01:17,True,stratified_hoeffding,0.0011421374726688603
49849,2016-05-16 11:04:18,True,stratified_hoeffding,0.0017630235853708896
49839,2016-05-16 11:06:24,True,stratified_hoeffding,0.011880817972494045
49840,2016-05-16 11:14:17,True,stratified_hoeffding,-0.04161857374904463
49848,2016-05-16 11:34:17,True,stratified_hoeffding,0.009633922931295155
49853,2016-05-16 12:07:18,True,stratified_hoeffding,0.00017256187726990418
49854,2016-05-16 12:11:23,True,stratified_hoeffding,-0.004376597679865592
49863,2016-05-16 12:20:22,True,stratified_hoeffding,0.014330217531276777
49867,2016-05-16 12:40:20,True,stratified_hoeffding,-0.013485770278952147
49862,2016-05-16 12:57:21,True,stratified_hoeffding,1.1679224006980182e-05
49872,2016-05-16 13:00:16,True,stratified_hoeffding,-0.002077426091235144
49873,2016-05-16 13:00:19,True,stratified_hoeffding,0.01294444338899714
49874,2016-05-16 13:00:19,True,stratified_hoeffding,-0.008321353548108226
49875,2016-05-16 13:00:22,True,stratified_hoeffding,-0.008129099014849147
49884,2016-05-16 13:20:17,True,stratified_hoeffding,0.003367149586408699
49876,2016-05-16 13:23:22,True,stratified_hoeffding,0.005891369185832112
49881,2016-05-16 13:34:16,True,stratified_hoeffding,-0.0036330323498413725
49868,2016-05-16 13:35:21,True,stratified_hoeffding,-0.005057059303792157
49883,2016-05-16 13:43:17,True,stratified_hoeffding,-0.00666519536556801
49891,2016-05-16 13:49:18,True,stratified_hoeffding,-0.004357338223292382
49882,2016-05-16 14:09:16,True,stratified_hoeffding,0.008107891051935018
49900,2016-05-16 14:38:22,True,stratified_hoeffding,0.0031558920720478577
49915,2016-05-16 14:40:18,True,stratified_hoeffding,-0.002821281213526327
49912,2016-05-16 14:45:16,True,stratified_hoeffding,0.001191907292587329
49898,2016-05-16 14:46:16,True,stratified_hoeffding,0.00013941984915445208
49907,2016-05-16 14:50:21,True,stratified_hoeffding,-0.0023872270284193576
49913,2016-05-16 14:55:16,True,stratified_hoeffding,-0.002814607419623005
49914,2016-05-16 15:05:16,True,stratified_hoeffding,0.002190797397496666
49916,2016-05-16 15:16:18,True,stratified_hoeffding,0.0006214873865106585
49917,2016-05-16 15:16:21,True,stratified_hoeffding,0.006611306529331437
49928,2016-05-16 15:27:16,True,stratified_hoeffding,-0.0025517827800296605
49922,2016-05-16 15:40:18,True,stratified_hoeffding,-0.005293443879383091
49939,2016-05-16 16:31:16,True,stratified_hoeffding,-0.01711451068051123
49947,2016-05-16 17:00:19,True,stratified_hoeffding,-0.008499402895248219
49943,2016-05-16 17:19:16,True,stratified_hoeffding,-0.0006963337426229774
49951,2016-05-16 17:20:22,True,stratified_hoeffding,0.02614141479053933
49950,2016-05-16 17:37:16,True,stratified_hoeffding,0.0063684327169518246
49955,2016-05-16 17:40:17,True,stratified_hoeffding,0.02247473299572723
50066,2016-05-17 05:20:19,True,stratified_hoeffding,0.005501123895778143
50065,2016-05-17 05:27:16,True,stratified_hoeffding,-0.01420053894432903
50068,2016-05-17 05:40:17,True,stratified_hoeffding,-0.0006522661845291921
50070,2016-05-17 06:00:16,True,stratified_hoeffding,-0.0011264288555560124
50071,2016-05-17 06:27:17,True,stratified_hoeffding,-0.0011682519713345114
50075,2016-05-17 06:43:20,True,stratified_hoeffding,-0.0027797534003987266
50076,2016-05-17 07:00:16,True,stratified_hoeffding,-0.00683434920819055
50079,2016-05-17 07:03:17,True,stratified_hoeffding,-0.005086519285685943
50082,2016-05-17 07:41:16,True,stratified_hoeffding,-0.0076758633835246545
50080,2016-05-17 07:56:18,True,stratified_hoeffding,0.02659475593865447
50087,2016-05-17 08:01:21,True,stratified_hoeffding,0.004975720851918122
50094,2016-05-17 09:10:20,True,stratified_hoeffding,4.5451344529715476e-05
50100,2016-05-17 09:20:16,True,stratified_hoeffding,-0.00332745091966658
50093,2016-05-17 09:27:19,True,stratified_hoeffding,-7.194690486243957e-05
50106,2016-05-17 09:40:23,True,stratified_hoeffding,0.005579802873693258
50112,2016-05-17 10:00:19,True,stratified_hoeffding,0.000429981401812966
50111,2016-05-17 10:20:17,True,stratified_hoeffding,0.0009651952259637663
50110,2016-05-17 10:35:17,True,stratified_hoeffding,-0.0026763444617147088
50121,2016-05-17 11:00:17,True,stratified_hoeffding,-0.015093241555551067
50124,2016-05-17 11:20:22,True,stratified_hoeffding,5.347033302185517e-05
50123,2016-05-17 12:01:18,True,stratified_hoeffding,0.0032223588367974974
50266,2016-05-17 23:18:18,True,stratified_hoeffding,0.0005112730656127735
50270,2016-05-17 23:20:19,True,stratified_hoeffding,-0.011864752158012134
50269,2016-05-17 23:24:16,True,stratified_hoeffding,-0.005938111664114447
50275,2016-05-17 23:40:18,True,stratified_hoeffding,-0.004525748600834337
50272,2016-05-17 23:42:20,True,stratified_hoeffding,0.009155482550878096
50271,2016-05-17 23:47:18,True,stratified_hoeffding,-0.0009589189340526195
50274,2016-05-17 23:48:18,True,stratified_hoeffding,0.0035659391392708403
50282,2016-05-18 00:20:17,True,stratified_hoeffding,-1.7538365971879463e-05
50281,2016-05-18 01:04:17,True,stratified_hoeffding,0.011855378364514117
50291,2016-05-18 01:13:16,True,stratified_hoeffding,-0.0031360785886749808
50299,2016-05-18 01:32:19,True,stratified_hoeffding,-0.019307601684612465
50295,2016-05-18 01:38:20,True,stratified_hoeffding,-0.01521011742466354
50304,2016-05-18 01:41:17,True,stratified_hoeffding,-0.0014622752750266914
50310,2016-05-18 02:20:20,True,stratified_hoeffding,-0.0006843295620116937
50309,2016-05-18 02:23:19,True,stratified_hoeffding,0.00636827930189221
50307,2016-05-18 02:24:17,True,stratified_hoeffding,-0.013904431311711239
50312,2016-05-18 02:40:21,True,stratified_hoeffding,-0.0018835293297578826
50308,2016-05-18 02:49:20,True,stratified_hoeffding,0.008689247351918037
50315,2016-05-18 03:53:18,True,stratified_hoeffding,-0.011973007970036285
50318,2016-05-18 04:33:22,True,stratified_hoeffding,0.006055663742395589
50400,2016-05-20 14:00:04,True,stratified_hoeffding,0.0037925973428039224
50423,2016-05-20 14:00:06,True,stratified_hoeffding,-0.0016932658229336728
50437,2016-05-20 14:00:08,True,stratified_hoeffding,0.009016159072527914
50450,2016-05-20 14:00:09,True,stratified_hoeffding,0.0006873066278031202
50414,2016-05-20 14:03:05,True,stratified_hoeffding,0.007469609041017328
50605,2016-05-20 14:20:09,True,stratified_hoeffding,-0.002161692761758054
50601,2016-05-20 14:45:04,True,stratified_hoeffding,-0.007634942768691614
50627,2016-05-20 15:00:10,True,stratified_hoeffding,-0.0033557739701724626
50636,2016-05-20 15:22:06,True,stratified_hoeffding,0.002059087397918516
50639,2016-05-20 15:31:09,True,stratified_hoeffding,-0.007926268976008639
50651,2016-05-20 15:40:09,True,stratified_hoeffding,0.016560740654222972
50663,2016-05-20 16:10:07,True,stratified_hoeffding,0.009122809800293272
50673,2016-05-20 16:20:10,True,stratified_hoeffding,-0.024029798213332697
50672,2016-05-20 16:25:09,True,stratified_hoeffding,0.0037194584483919366
50671,2016-05-20 16:41:06,True,stratified_hoeffding,-0.0019475122118750672
50664,2016-05-20 16:54:09,True,stratified_hoeffding,-0.004211639774997996
50697,2016-05-20 17:40:04,True,stratified_hoeffding,0.0006421432834244142
50690,2016-05-20 18:00:07,True,stratified_hoeffding,0.00038467137962389016
50699,2016-05-20 18:03:08,True,stratified_hoeffding,0.012102895038910419
50698,2016-05-20 18:11:05,True,stratified_hoeffding,-0.0005755052389055664
50691,2016-05-20 18:12:08,True,stratified_hoeffding,-0.006690454075167732
50705,2016-05-20 18:28:05,True,stratified_hoeffding,0.01068569639652469
50707,2016-05-20 18:36:04,True,stratified_hoeffding,-0.0046289722191898
50710,2016-05-20 18:40:06,True,stratified_hoeffding,0.007367524963380544
50709,2016-05-20 19:07:04,True,stratified_hoeffding,-0.0002790569342121683
50719,2016-05-20 19:40:05,True,stratified_hoeffding,0.0011419356798573962
50721,2016-05-20 19:50:10,True,stratified_hoeffding,0.005608869678457584
50718,2016-05-20 19:55:06,True,stratified_hoeffding,-0.013951484261367185
50729,2016-05-20 20:20:05,True,stratified_hoeffding,-0.0005871847994012164
50731,2016-05-20 20:24:10,True,stratified_hoeffding,0.01002476397537706
50738,2016-05-20 21:00:04,True,stratified_hoeffding,-0.002823505864856102
50733,2016-05-20 21:15:11,True,stratified_hoeffding,-0.002305236542763758
50737,2016-05-20 21:29:04,True,stratified_hoeffding,-0.017628219689773877
50743,2016-05-20 22:26:05,True,stratified_hoeffding,0.009701457914179486
50750,2016-05-20 22:40:08,True,stratified_hoeffding,-0.0031966365190516308
50749,2016-05-20 22:43:05,True,stratified_hoeffding,-0.013256494960886968
50745,2016-05-20 22:56:11,True,stratified_hoeffding,0.0014323211240849683
50753,2016-05-20 23:00:09,True,stratified_hoeffding,-0.0306458796492975
50752,2016-05-20 23:12:04,True,stratified_hoeffding,0.007926666239152783
50759,2016-05-21 00:22:06,True,stratified_hoeffding,-0.0019352629615758663
50763,2016-05-21 01:36:04,True,stratified_hoeffding,-0.017568803397353124
50765,2016-05-21 01:50:04,True,stratified_hoeffding,-0.0018312583704739975
50773,2016-05-21 02:20:03,True,stratified_hoeffding,0.0023643939299697993
50779,2016-05-21 03:20:06,True,stratified_hoeffding,0.0020719412637666707
50790,2016-05-21 07:19:04,True,stratified_hoeffding,-0.0009394646616521646
50881,2016-05-21 19:00:04,True,stratified_hoeffding,0.0013513347281339971
50875,2016-05-21 19:09:05,True,stratified_hoeffding,-0.001994548016452151
50884,2016-05-21 19:37:04,True,stratified_hoeffding,0.0003120278576940547
50885,2016-05-21 19:50:05,True,stratified_hoeffding,-0.009316618100732005
50888,2016-05-21 20:32:07,True,stratified_hoeffding,-0.0008808261828317579
50889,2016-05-21 20:37:07,True,stratified_hoeffding,-0.00023102673637688913
50890,2016-05-21 20:43:06,True,stratified_hoeffding,-0.005868841936198362
50893,2016-05-21 21:40:05,True,stratified_hoeffding,0.0036878986972575314
50895,2016-05-21 22:10:06,True,stratified_hoeffding,-0.0003414583106449709
50897,2016-05-21 23:04:06,True,stratified_hoeffding,0.00043366680473571093
50901,2016-05-21 23:20:08,True,stratified_hoeffding,-0.0003288570501194035
50912,2016-05-22 01:43:09,True,stratified_hoeffding,-0.004384164087102932
50915,2016-05-22 02:18:08,True,stratified_hoeffding,-0.0026898720659896333
50958,2016-05-22 14:54:05,True,stratified_hoeffding,-0.008555299607629983
50964,2016-05-22 15:03:09,True,stratified_hoeffding,-0.0027745416214482984
50959,2016-05-22 15:05:10,True,stratified_hoeffding,-0.0022366716191417222
50963,2016-05-22 15:06:05,True,stratified_hoeffding,-0.005224501945804573
50969,2016-05-22 15:13:07,True,stratified_hoeffding,-0.0017969816760825784
50971,2016-05-22 15:20:04,True,stratified_hoeffding,0.00012973500287601233
50972,2016-05-22 15:20:04,True,stratified_hoeffding,0.0014345984298523226
50977,2016-05-22 17:01:04,True,stratified_hoeffding,-0.00036246976838615145
50978,2016-05-22 17:08:04,True,stratified_hoeffding,-0.004638590791629468
50983,2016-05-22 17:10:06,True,stratified_hoeffding,0.004273385116058938
50979,2016-05-22 17:19:08,True,stratified_hoeffding,0.005575780549456694
50998,2016-05-22 19:01:06,True,stratified_hoeffding,-0.0001025618623555569
50996,2016-05-22 19:26:04,True,stratified_hoeffding,-0.009111873200421622
50999,2016-05-22 20:02:04,True,stratified_hoeffding,-0.0005154920395967818
51008,2016-05-22 20:10:09,True,stratified_hoeffding,-0.0021742081433706907
51007,2016-05-22 20:59:07,True,stratified_hoeffding,0.005394454179396213
51017,2016-05-22 21:52:08,True,stratified_hoeffding,-0.0031658377193694532
51019,2016-05-22 22:06:04,True,stratified_hoeffding,0.001133844369324153
51023,2016-05-22 22:16:09,True,stratified_hoeffding,-0.0012040449542040474
51124,2016-05-23 09:39:05,True,stratified_hoeffding,-0.000777009260683914
51129,2016-05-23 09:56:06,True,stratified_hoeffding,-0.005503664282599657
51130,2016-05-23 09:56:10,True,stratified_hoeffding,0.0004054284963677671
51133,2016-05-23 10:07:08,True,stratified_hoeffding,0.002340694781199918
51128,2016-05-23 10:13:05,True,stratified_hoeffding,-0.009155068920551228
51134,2016-05-23 10:20:10,True,stratified_hoeffding,0.00121447085947839
51136,2016-05-23 10:47:04,True,stratified_hoeffding,0.001973884785973934
51140,2016-05-23 11:00:04,True,stratified_hoeffding,-0.008852939874955664
51148,2016-05-23 11:00:05,True,stratified_hoeffding,-0.005673172541747561
51144,2016-05-23 11:04:09,True,stratified_hoeffding,-0.0003048703328069509
51143,2016-05-23 11:17:08,True,stratified_hoeffding,0.0011201704927965418
51142,2016-05-23 11:19:04,True,stratified_hoeffding,-0.003636461094533387
51141,2016-05-23 11:20:04,True,stratified_hoeffding,6.690302962613281e-06
51154,2016-05-23 11:40:08,True,stratified_hoeffding,-0.0015391543613053433
51147,2016-05-23 11:56:04,True,stratified_hoeffding,-0.0015878132178758653
51151,2016-05-23 12:07:08,True,stratified_hoeffding,0.0006803842808164305
51177,2016-05-23 13:00:05,True,stratified_hoeffding,-0.00042923736908739445
51165,2016-05-23 13:05:07,True,stratified_hoeffding,-0.0012370446030293655
51171,2016-05-23 13:14:09,True,stratified_hoeffding,-0.009243769733740012
51182,2016-05-23 13:20:08,True,stratified_hoeffding,0.0014907131611074115
51176,2016-05-23 13:32:05,True,stratified_hoeffding,0.007287971529434622
51175,2016-05-23 13:39:04,True,stratified_hoeffding,-0.006135762807501747
51178,2016-05-23 13:40:05,True,stratified_hoeffding,-0.005214981466523171
51191,2016-05-23 13:40:10,True,stratified_hoeffding,0.00667254358866096
51190,2016-05-23 13:44:09,True,stratified_hoeffding,-0.005709926005579926
51189,2016-05-23 14:08:05,True,stratified_hoeffding,-0.0032241502344421934
51188,2016-05-23 14:23:04,True,stratified_hoeffding,-0.001526864423381239
51204,2016-05-23 14:40:10,True,stratified_hoeffding,-0.0011349501260213967
51200,2016-05-23 14:59:05,True,stratified_hoeffding,-0.012453809501355051
51202,2016-05-23 15:06:07,True,stratified_hoeffding,-0.0021464237426571165
51201,2016-05-23 15:11:06,True,stratified_hoeffding,-0.0026539790672060366
51210,2016-05-23 15:20:11,True,stratified_hoeffding,-0.009465408787186661
51203,2016-05-23 15:30:10,True,stratified_hoeffding,0.003599940752470915
51214,2016-05-23 15:40:11,True,stratified_hoeffding,0.0033166910677222793
51209,2016-05-23 15:47:09,True,stratified_hoeffding,-0.002459312675777916
51208,2016-05-23 15:58:06,True,stratified_hoeffding,-0.0013126781308173908
51220,2016-05-23 16:00:09,True,stratified_hoeffding,-0.006232865394378697
51224,2016-05-23 16:20:04,True,stratified_hoeffding,0.000146968411399974
51225,2016-05-23 16:20:07,True,stratified_hoeffding,-0.005118781091617137
51226,2016-05-23 16:37:11,True,stratified_hoeffding,-0.001986126725333098
51231,2016-05-23 16:40:05,True,stratified_hoeffding,0.004921022720526109
51230,2016-05-23 17:03:05,True,stratified_hoeffding,0.007020006701353405
51253,2016-05-23 17:21:09,True,stratified_hoeffding,-0.002065989639598878
51252,2016-05-23 17:49:08,True,stratified_hoeffding,-0.007074549852308766
51363,2016-05-24 04:43:06,True,stratified_hoeffding,-0.0008713266742938763
51369,2016-05-24 06:16:07,True,stratified_hoeffding,0.0024107745107651117
51377,2016-05-24 06:40:07,True,stratified_hoeffding,-0.0055432585348646965
51378,2016-05-24 06:59:08,True,stratified_hoeffding,-0.0017347626972308888
51382,2016-05-24 07:00:10,True,stratified_hoeffding,-0.01731796656078697
51375,2016-05-24 07:02:04,True,stratified_hoeffding,-0.01756822286054061
51383,2016-05-24 07:18:14,True,stratified_hoeffding,0.01343731459696157
51376,2016-05-24 07:28:05,True,stratified_hoeffding,-0.004299269056806024
51388,2016-05-24 08:15:05,True,stratified_hoeffding,-0.006893486321186516
51392,2016-05-24 08:16:06,True,stratified_hoeffding,0.000554905220001933
51387,2016-05-24 08:24:04,True,stratified_hoeffding,0.0061161162970774785
51389,2016-05-24 08:31:05,True,stratified_hoeffding,0.015115770624845336
51397,2016-05-24 08:42:05,True,stratified_hoeffding,-0.008887227878290656
51401,2016-05-24 08:49:06,True,stratified_hoeffding,0.0003434445967140644
51403,2016-05-24 09:20:06,True,stratified_hoeffding,0.0009307722870150829
51410,2016-05-24 10:02:07,True,stratified_hoeffding,0.03121510313269688
51404,2016-05-24 10:02:09,True,stratified_hoeffding,0.05690237002360517
51408,2016-05-24 10:03:09,True,stratified_hoeffding,-0.00027467427467059435
51407,2016-05-24 10:05:09,True,stratified_hoeffding,-0.003613088348392038
51402,2016-05-24 10:16:06,True,stratified_hoeffding,-0.0010405686724235252
51416,2016-05-24 10:20:07,True,stratified_hoeffding,0.010520206958504254
51411,2016-05-24 10:34:09,True,stratified_hoeffding,0.005550349688475945
51420,2016-05-24 10:40:06,True,stratified_hoeffding,0.014299956960774012
51409,2016-05-24 10:43:05,True,stratified_hoeffding,-0.00026015796133015503
51415,2016-05-24 10:59:05,True,stratified_hoeffding,0.004162437261158246
51580,2016-05-24 22:03:08,True,stratified_hoeffding,-0.012773314057636494
51577,2016-05-24 22:16:06,True,stratified_hoeffding,-0.002515284783467697
51585,2016-05-24 23:03:04,True,stratified_hoeffding,0.0028800187354358422
51594,2016-05-24 23:20:09,True,stratified_hoeffding,0.003593569986891511
51593,2016-05-24 23:44:04,True,stratified_hoeffding,-0.005958128875285653
51592,2016-05-24 23:59:04,True,stratified_hoeffding,0.0001796038315113463
51596,2016-05-25 00:05:07,True,stratified_hoeffding,0.0077887582072754535
51600,2016-05-25 00:38:09,True,stratified_hoeffding,0.0014804436996295237
51599,2016-05-25 00:45:08,True,stratified_hoeffding,-0.018300962011127856
51608,2016-05-25 01:00:09,True,stratified_hoeffding,-0.0003203341529597601
51605,2016-05-25 01:04:07,True,stratified_hoeffding,-0.006295286814085345
51613,2016-05-25 02:00:07,True,stratified_hoeffding,-0.014671694453835534
51621,2016-05-25 02:40:08,True,stratified_hoeffding,0.010953075586909916
51620,2016-05-25 03:17:07,True,stratified_hoeffding,-0.00048646187158631087
51623,2016-05-25 03:40:06,True,stratified_hoeffding,-0.0007340565967831123
51789,2016-05-25 14:32:07,True,stratified_hoeffding,0.005413951948659444
51796,2016-05-25 14:40:06,True,stratified_hoeffding,-0.009543776827271538
51788,2016-05-25 14:54:06,True,stratified_hoeffding,0.0010828015516742028
51801,2016-05-25 15:00:10,True,stratified_hoeffding,0.00022883656565073724
51802,2016-05-25 15:00:10,True,stratified_hoeffding,-0.0029587918544081403
51792,2016-05-25 15:04:05,True,stratified_hoeffding,-0.002407864986478712
51807,2016-05-25 15:58:05,True,stratified_hoeffding,-0.00028951400211100174
51830,2016-05-25 16:40:06,True,stratified_hoeffding,0.0012006706147220207
51831,2016-05-25 16:42:09,True,stratified_hoeffding,0.002879635911868614
51824,2016-05-25 17:01:10,True,stratified_hoeffding,0.0012362510294139277
51838,2016-05-25 17:05:05,True,stratified_hoeffding,3.9684335084618915e-05
51846,2016-05-25 17:20:06,True,stratified_hoeffding,-0.0025932187988486595
51848,2016-05-25 17:28:11,True,stratified_hoeffding,-0.0011570386918801356
51855,2016-05-25 18:25:05,True,stratified_hoeffding,0.017675437339443836
51958,2016-05-26 05:42:04,True,stratified_hoeffding,0.0007060369541972702
51961,2016-05-26 05:45:04,True,stratified_hoeffding,-0.008721432435974074
51969,2016-05-26 06:00:05,True,stratified_hoeffding,-0.0029773419027308637
51960,2016-05-26 06:05:07,True,stratified_hoeffding,-0.0002500031946948665
51972,2016-05-26 06:20:05,True,stratified_hoeffding,0.015759438405902985
51975,2016-05-26 07:22:06,True,stratified_hoeffding,-0.004348690797959739
51977,2016-05-26 07:38:04,True,stratified_hoeffding,-0.00017529118827505185
51979,2016-05-26 07:40:05,True,stratified_hoeffding,0.008044629532695696
51985,2016-05-26 08:00:05,True,stratified_hoeffding,0.003453920206687274
51984,2016-05-26 08:16:04,True,stratified_hoeffding,0.0019341765674636899
51990,2016-05-26 09:00:04,True,stratified_hoeffding,-0.003575483991235454
51991,2016-05-26 09:00:05,True,stratified_hoeffding,0.0009553348103138667
51994,2016-05-26 09:00:07,True,stratified_hoeffding,0.007119132538577487
51989,2016-05-26 09:14:10,True,stratified_hoeffding,-0.00014938283181110463
51998,2016-05-26 09:20:06,True,stratified_hoeffding,-3.6538553776575806e-05
52000,2016-05-26 09:29:08,True,stratified_hoeffding,-0.011815287088206975
51992,2016-05-26 09:32:05,True,stratified_hoeffding,0.0008437014259020395
51999,2016-05-26 09:33:06,True,stratified_hoeffding,0.005491992074294523
51996,2016-05-26 09:35:10,True,stratified_hoeffding,-0.011720836912244605
51993,2016-05-26 09:44:05,True,stratified_hoeffding,-0.0007718696354318391
52160,2016-05-26 21:05:06,True,stratified_hoeffding,-0.0033731507915369585
52161,2016-05-26 21:21:10,True,stratified_hoeffding,0.0004092779178116872
52159,2016-05-26 21:41:05,True,stratified_hoeffding,4.672614054278268e-05
52166,2016-05-26 21:46:09,True,stratified_hoeffding,-0.0002476897622916504
52164,2016-05-26 22:06:05,True,stratified_hoeffding,0.00026350134502072745
52175,2016-05-26 22:20:06,True,stratified_hoeffding,0.0008349606922692047
52183,2016-05-26 23:22:09,True,stratified_hoeffding,0.0002447284805732683
52182,2016-05-26 23:26:07,True,stratified_hoeffding,0.0019109611745575725
52187,2016-05-27 00:24:04,True,stratified_hoeffding,0.006682508091526792
52193,2016-05-27 01:00:05,True,stratified_hoeffding,-0.0019731988791337196
52194,2016-05-27 01:00:06,True,stratified_hoeffding,-0.006924079441745792
52195,2016-05-27 01:03:10,True,stratified_hoeffding,-0.01527935056588775
52310,2016-05-27 12:40:21,True,stratified_hoeffding,-0.006010396079142728
52300,2016-05-27 12:46:05,True,stratified_hoeffding,-0.005227680370338664
52302,2016-05-27 12:51:07,True,stratified_hoeffding,0.001330707270475285
52304,2016-05-27 12:54:10,True,stratified_hoeffding,0.005061468483494532
52309,2016-05-27 12:56:15,True,stratified_hoeffding,0.0023679006187315027
52303,2016-05-27 13:01:10,True,stratified_hoeffding,-0.0015694949945304904
52322,2016-05-27 13:20:11,True,stratified_hoeffding,-0.00018095242505336215
52318,2016-05-27 13:26:11,True,stratified_hoeffding,0.0011300948510241755
52308,2016-05-27 13:32:15,True,stratified_hoeffding,-0.0010831696803275496
52314,2016-05-27 13:36:05,True,stratified_hoeffding,-0.00029203500159845873
52321,2016-05-27 13:36:06,True,stratified_hoeffding,0.0075097494267329055
52330,2016-05-27 13:40:05,True,stratified_hoeffding,-0.001014966730538136
52332,2016-05-27 13:40:12,True,stratified_hoeffding,-0.004685755858121686
52333,2016-05-27 13:40:12,True,stratified_hoeffding,0.00892364370867911
52317,2016-05-27 13:42:10,True,stratified_hoeffding,-1.853638115895431e-05
52316,2016-05-27 13:47:08,True,stratified_hoeffding,-0.0019083989454456076
52329,2016-05-27 13:51:05,True,stratified_hoeffding,-0.00267012338887069
52341,2016-05-27 14:00:10,True,stratified_hoeffding,0.014803405345868496
52320,2016-05-27 14:07:05,True,stratified_hoeffding,-0.005082639860392937
52340,2016-05-27 14:20:07,True,stratified_hoeffding,-2.7655419558533442e-05
52344,2016-05-27 14:20:07,True,stratified_hoeffding,0.0021074116442072613
52347,2016-05-27 14:20:10,True,stratified_hoeffding,0.0038678028046988493
52351,2016-05-27 14:40:10,True,stratified_hoeffding,0.0003138837915657475
52354,2016-05-27 15:00:10,True,stratified_hoeffding,1.954858172832475e-05
52345,2016-05-27 15:15:08,True,stratified_hoeffding,0.0009018558687611117
52350,2016-05-27 15:36:06,True,stratified_hoeffding,-0.008838757575511447
52357,2016-05-27 15:58:14,True,stratified_hoeffding,0.001001765464770958
52360,2016-05-27 16:04:08,True,stratified_hoeffding,-0.022606974356563274
52466,2016-05-28 04:43:07,True,stratified_hoeffding,0.0007200559855530531
52472,2016-05-28 06:11:07,True,stratified_hoeffding,-0.007380562786992049
52484,2016-05-28 07:00:05,True,stratified_hoeffding,-0.000840721511922108
52480,2016-05-28 07:07:05,True,stratified_hoeffding,-0.007541162669608123
52483,2016-05-28 07:37:05,True,stratified_hoeffding,-0.031241538692886248
52540,2016-05-28 22:08:06,True,stratified_hoeffding,0.009879164088145764
52544,2016-05-28 23:00:08,True,stratified_hoeffding,-0.0005354177152332006
52541,2016-05-28 23:01:05,True,stratified_hoeffding,-0.003715709693942885
52546,2016-05-28 23:20:05,True,stratified_hoeffding,-0.00017234291484663063
52549,2016-05-29 00:13:09,True,stratified_hoeffding,0.0072553137761317
52550,2016-05-29 00:35:05,True,stratified_hoeffding,-0.0017547782999148066
52551,2016-05-29 01:09:12,True,stratified_hoeffding,-0.023820534281846863
52555,2016-05-29 01:21:06,True,stratified_hoeffding,-0.002094900674459727
52558,2016-05-29 01:58:08,True,stratified_hoeffding,-1.2573329359754154e-05
52557,2016-05-29 02:25:05,True,stratified_hoeffding,-0.0005705488440082104
52561,2016-05-29 03:11:06,True,stratified_hoeffding,3.4150497738828604e-05
52565,2016-05-29 03:20:09,True,stratified_hoeffding,0.005067127816991385
52627,2016-05-29 16:26:05,True,stratified_hoeffding,-0.005495108677601176
52636,2016-05-29 16:40:05,True,stratified_hoeffding,-0.00013560744720790552
52641,2016-05-29 17:00:07,True,stratified_hoeffding,-6.278879581680632e-05
52642,2016-05-29 17:00:09,True,stratified_hoeffding,0.0009168070047740138
52632,2016-05-29 17:04:05,True,stratified_hoeffding,0.0031715886778206706
52645,2016-05-29 17:20:07,True,stratified_hoeffding,-0.002921494653245326
52653,2016-05-29 18:02:07,True,stratified_hoeffding,-9.553107234657262e-06
52650,2016-05-29 18:08:05,True,stratified_hoeffding,0.0015957344187985095
52659,2016-05-29 18:20:10,True,stratified_hoeffding,0.006385738000931847
52651,2016-05-29 18:29:05,True,stratified_hoeffding,0.011775302108254497
52655,2016-05-29 18:31:05,True,stratified_hoeffding,0.00042170944354190273
52661,2016-05-29 19:25:05,True,stratified_hoeffding,0.00904604799762161
52664,2016-05-29 19:59:06,True,stratified_hoeffding,0.0004686428270825631
52667,2016-05-29 20:00:11,True,stratified_hoeffding,-0.006164051354393709
52663,2016-05-29 20:01:05,True,stratified_hoeffding,0.00427516206375125
52675,2016-05-29 22:00:09,True,stratified_hoeffding,-0.0019186769965956441
52673,2016-05-29 22:16:10,True,stratified_hoeffding,0.008160095256814808
52674,2016-05-29 22:46:06,True,stratified_hoeffding,-0.0032324789925766463
52785,2016-05-30 10:02:08,True,stratified_hoeffding,-0.01141764913322005
52783,2016-05-30 10:11:06,True,stratified_hoeffding,-0.015139442202471005
52784,2016-05-30 10:11:07,True,stratified_hoeffding,-0.005330925688151527
52782,2016-05-30 10:16:06,True,stratified_hoeffding,-0.0018674067213888205
52789,2016-05-30 10:20:07,True,stratified_hoeffding,0.01166511588322169
52787,2016-05-30 10:23:06,True,stratified_hoeffding,0.0005967808939159845
52791,2016-05-30 10:23:08,True,stratified_hoeffding,0.00954274837200925
52795,2016-05-30 10:40:06,True,stratified_hoeffding,-0.0018916765554841473
52794,2016-05-30 10:41:05,True,stratified_hoeffding,-0.008649008471559057
52797,2016-05-30 11:00:05,True,stratified_hoeffding,0.0003345244849664482
52790,2016-05-30 11:08:07,True,stratified_hoeffding,-0.005831692505590749
52800,2016-05-30 11:20:09,True,stratified_hoeffding,0.007952616608403094
52796,2016-05-30 11:23:07,True,stratified_hoeffding,-0.0025699656893400195
52798,2016-05-30 11:42:07,True,stratified_hoeffding,0.0021040363158941477
52804,2016-05-30 12:08:06,True,stratified_hoeffding,-0.0005842842284441173
52805,2016-05-30 12:22:08,True,stratified_hoeffding,0.0025560277281585497
52809,2016-05-30 12:41:08,True,stratified_hoeffding,-0.006473420716688577
52815,2016-05-30 12:49:06,True,stratified_hoeffding,0.0023416977735710685
52817,2016-05-30 12:56:07,True,stratified_hoeffding,-0.005071427702754186
52813,2016-05-30 13:00:05,True,stratified_hoeffding,-0.0002819716367140376
52820,2016-05-30 13:09:09,True,stratified_hoeffding,-0.004825035356160706
52822,2016-05-30 13:20:08,True,stratified_hoeffding,-0.010366853036860699
52828,2016-05-30 13:45:10,True,stratified_hoeffding,0.012599316043641872
52832,2016-05-30 14:00:08,True,stratified_hoeffding,-0.0008652485472035576
52826,2016-05-30 14:01:08,True,stratified_hoeffding,0.010353986783028138
52827,2016-05-30 14:03:10,True,stratified_hoeffding,0.0009520534644756199
52825,2016-05-30 14:17:06,True,stratified_hoeffding,0.0009896669360568607
52833,2016-05-30 14:39:08,True,stratified_hoeffding,-0.0036560847953664094
52838,2016-05-30 14:45:06,True,stratified_hoeffding,0.0010174270485883304
52846,2016-05-30 15:00:09,True,stratified_hoeffding,-0.004025078309248824
52847,2016-05-30 15:00:11,True,stratified_hoeffding,0.013146713174794404
52848,2016-05-30 15:00:11,True,stratified_hoeffding,0.002406723531180795
52839,2016-05-30 15:04:07,True,stratified_hoeffding,-0.0007849873741103911
52840,2016-05-30 15:08:09,True,stratified_hoeffding,-0.0030062471499633925
52845,2016-05-30 15:13:05,True,stratified_hoeffding,-0.012735854869272655
52843,2016-05-30 15:17:06,True,stratified_hoeffding,-0.006592634174803271
52841,2016-05-30 15:17:10,True,stratified_hoeffding,-0.01296714390853762
52860,2016-05-30 15:42:07,True,stratified_hoeffding,-0.006336064145808486
52854,2016-05-30 15:43:09,True,stratified_hoeffding,-0.0012398470011506391
52856,2016-05-30 16:01:05,True,stratified_hoeffding,-0.018639729173194217
52864,2016-05-30 16:20:06,True,stratified_hoeffding,-0.001542306381003865
52865,2016-05-30 16:20:11,True,stratified_hoeffding,-0.012955292729398448
52875,2016-05-30 17:00:06,True,stratified_hoeffding,0.001963910226215605
52876,2016-05-30 17:14:07,True,stratified_hoeffding,-0.0021513326111385215
52885,2016-05-30 17:20:05,True,stratified_hoeffding,-0.0011179773858981668
52874,2016-05-30 17:32:05,True,stratified_hoeffding,0.0012308971568191981
52878,2016-05-30 17:32:11,True,stratified_hoeffding,-0.004252085254493561
52883,2016-05-30 17:37:05,True,stratified_hoeffding,0.0036091375071864006
52889,2016-05-30 18:20:06,True,stratified_hoeffding,-0.003623029875046941
52905,2016-05-30 18:40:08,True,stratified_hoeffding,0.0013289824458584893
52906,2016-05-30 18:40:08,True,stratified_hoeffding,-0.012769990148637105
52899,2016-05-30 19:14:09,True,stratified_hoeffding,-0.0009743275333232958
53023,2016-05-31 06:32:06,True,stratified_hoeffding,-0.020403549287993886
53019,2016-05-31 06:32:07,True,stratified_hoeffding,-0.011002174735359926
53026,2016-05-31 06:38:07,True,stratified_hoeffding,0.002459639232088962
53030,2016-05-31 06:40:05,True,stratified_hoeffding,-0.006918247135327585
53031,2016-05-31 06:40:06,True,stratified_hoeffding,-0.01597446009134348
53033,2016-05-31 07:20:07,True,stratified_hoeffding,0.007545924206581163
53038,2016-05-31 07:40:05,True,stratified_hoeffding,0.009589384177434851
53034,2016-05-31 07:41:08,True,stratified_hoeffding,0.0005020019855402618
53041,2016-05-31 08:01:08,True,stratified_hoeffding,-0.006768270703883635
53039,2016-05-31 08:05:06,True,stratified_hoeffding,0.0038331633869948395
53049,2016-05-31 08:41:20,True,stratified_hoeffding,0.0008806883565154362
53043,2016-05-31 08:51:06,True,stratified_hoeffding,-0.005893341227105937
53058,2016-05-31 09:40:07,True,stratified_hoeffding,-0.003321713856289144
53052,2016-05-31 09:49:09,True,stratified_hoeffding,0.008763974247927644
53055,2016-05-31 10:05:10,True,stratified_hoeffding,-0.0019554271879389383
53065,2016-05-31 10:23:06,True,stratified_hoeffding,0.00476538105797894
53071,2016-05-31 10:34:08,True,stratified_hoeffding,0.001137997907576905
53070,2016-05-31 10:38:07,True,stratified_hoeffding,0.006441700568191629
53077,2016-05-31 10:40:10,True,stratified_hoeffding,-0.0003431810472475755
53080,2016-05-31 11:00:05,True,stratified_hoeffding,0.02505136024384058
53081,2016-05-31 11:00:05,True,stratified_hoeffding,-0.001664115708473046
53082,2016-05-31 11:00:09,True,stratified_hoeffding,0.002088014124296387
53279,2016-05-31 23:40:10,True,stratified_hoeffding,-4.6080436416108105e-05
53274,2016-06-01 00:00:08,True,stratified_hoeffding,0.0013221826328558995
53275,2016-06-01 00:00:10,True,stratified_hoeffding,0.032729037605292305
53285,2016-06-01 00:20:06,True,stratified_hoeffding,0.0020667211600572696
53277,2016-06-01 00:21:07,True,stratified_hoeffding,0.0009861765415885224
53301,2016-06-01 01:00:07,True,stratified_hoeffding,-1.8345364805423013e-05
53304,2016-06-01 01:20:10,True,stratified_hoeffding,-0.0029195644116969503
53293,2016-06-01 01:31:09,True,stratified_hoeffding,0.006696023084813618
53308,2016-06-01 01:40:07,True,stratified_hoeffding,-0.0005984471133168779
53313,2016-06-01 02:00:06,True,stratified_hoeffding,-0.014716342937269637
53307,2016-06-01 02:31:07,True,stratified_hoeffding,-0.004886377551804437
53309,2016-06-01 02:38:09,True,stratified_hoeffding,-0.000907493504205728
53314,2016-06-01 02:52:08,True,stratified_hoeffding,0.0027515674219067182
53317,2016-06-01 02:57:07,True,stratified_hoeffding,-0.003572868103052053
53322,2016-06-01 03:02:16,True,stratified_hoeffding,-0.00019736900035418562
53316,2016-06-01 03:08:06,True,stratified_hoeffding,-0.010840980151123818
53333,2016-06-01 03:25:06,True,stratified_hoeffding,0.003751710741149086
53329,2016-06-01 03:26:08,True,stratified_hoeffding,0.0032663584780720915
53328,2016-06-01 03:39:07,True,stratified_hoeffding,-0.0029494687813601543
53332,2016-06-01 04:04:05,True,stratified_hoeffding,-0.0002672896314809517
53337,2016-06-01 04:12:06,True,stratified_hoeffding,0.009757376407753694
53688,2016-06-02 05:31:06,True,stratified_hoeffding,-0.004192347796597447
53690,2016-06-02 06:09:09,True,stratified_hoeffding,-0.0011584879397579743
53699,2016-06-02 06:53:11,True,stratified_hoeffding,-0.0021407359965365403
53710,2016-06-02 08:00:06,True,stratified_hoeffding,0.0028424381989196855
53720,2016-06-02 09:00:07,True,stratified_hoeffding,0.0022181623855801087
53721,2016-06-02 09:10:07,True,stratified_hoeffding,0.0023317069230861763
53875,2016-06-02 22:08:08,True,stratified_hoeffding,0.0004150476579546611
53878,2016-06-02 22:40:08,True,stratified_hoeffding,-0.00043914054640525543
53879,2016-06-02 22:40:09,True,stratified_hoeffding,0.000867588897470161
53876,2016-06-02 22:58:06,True,stratified_hoeffding,0.00116231919488851
53880,2016-06-02 23:00:07,True,stratified_hoeffding,0.0031991470370921933
53887,2016-06-02 23:40:08,True,stratified_hoeffding,0.0023877466826827
53886,2016-06-02 23:45:06,True,stratified_hoeffding,0.06659479862075662
53884,2016-06-02 23:55:06,True,stratified_hoeffding,-0.00032185601468410737
54009,2016-06-03 12:00:06,True,stratified_hoeffding,-0.006544742534209247
54013,2016-06-03 12:20:07,True,stratified_hoeffding,-0.005959204380586787
54003,2016-06-03 12:23:07,True,stratified_hoeffding,0.006450566733651717
54019,2016-06-03 13:00:07,True,stratified_hoeffding,-0.0017996196760193157
54016,2016-06-03 13:12:08,True,stratified_hoeffding,0.002520478187160946
54018,2016-06-03 13:41:06,True,stratified_hoeffding,-0.011973289091869222
54029,2016-06-03 13:44:09,True,stratified_hoeffding,-0.0013931637561333684
54026,2016-06-03 13:45:07,True,stratified_hoeffding,0.0014620330854711787
54028,2016-06-03 13:56:09,True,stratified_hoeffding,0.004158602107228101
54032,2016-06-03 14:06:06,True,stratified_hoeffding,0.0020866926160509197
54040,2016-06-03 14:20:06,True,stratified_hoeffding,3.848986036921316e-05
54033,2016-06-03 14:39:08,True,stratified_hoeffding,-0.00036823870287231385
54041,2016-06-03 14:47:08,True,stratified_hoeffding,0.013545233827459513
54051,2016-06-03 15:00:12,True,stratified_hoeffding,-0.0030636725737893736
54049,2016-06-03 15:06:06,True,stratified_hoeffding,-0.0005155408085256723
54047,2016-06-03 15:10:08,True,stratified_hoeffding,-0.002706046388624833
54046,2016-06-03 15:16:07,True,stratified_hoeffding,0.002035885702871784
54050,2016-06-03 15:36:06,True,stratified_hoeffding,-0.011891387729609623
54189,2016-06-04 03:05:07,True,stratified_hoeffding,0.0009228800983770965
54190,2016-06-04 03:22:11,True,stratified_hoeffding,0.003764898236779301
54196,2016-06-04 05:07:24,True,stratified_hoeffding,-0.0009392688184137292
54199,2016-06-04 06:14:11,True,stratified_hoeffding,1.0760615346260341e-05
54201,2016-06-04 06:54:09,True,stratified_hoeffding,-0.008999968307040342
54204,2016-06-04 08:15:10,True,stratified_hoeffding,-8.141407142972042e-05
54266,2016-06-04 19:44:09,True,stratified_hoeffding,0.006776717483179106
54276,2016-06-04 22:00:09,True,stratified_hoeffding,0.001753576060484989
54273,2016-06-04 22:09:06,True,stratified_hoeffding,-0.01142833449255272
54274,2016-06-04 22:17:06,True,stratified_hoeffding,-0.0009818819226019085
54279,2016-06-04 23:03:11,True,stratified_hoeffding,-0.011157002086528495
54278,2016-06-04 23:06:11,True,stratified_hoeffding,-0.0009571724965966649
54285,2016-06-04 23:40:07,True,stratified_hoeffding,-0.006052400432709477
54282,2016-06-04 23:45:06,True,stratified_hoeffding,-0.0025469086867664047
54283,2016-06-05 00:01:09,True,stratified_hoeffding,0.00019112584738332445
54286,2016-06-05 00:35:06,True,stratified_hoeffding,-0.0017576553412729677
54289,2016-06-05 01:00:08,True,stratified_hoeffding,0.0011367092349038885
54345,2016-06-05 13:01:10,True,stratified_hoeffding,-0.002362866695313529
54344,2016-06-05 13:01:11,True,stratified_hoeffding,-0.004458292860033159
54350,2016-06-05 14:16:06,True,stratified_hoeffding,-0.01549592156276305
54349,2016-06-05 14:34:06,True,stratified_hoeffding,0.0004657008010946987
54352,2016-06-05 14:34:10,True,stratified_hoeffding,-0.0006108797144003064
54354,2016-06-05 15:20:06,True,stratified_hoeffding,-0.0030113259441818425
54364,2016-06-05 15:40:07,True,stratified_hoeffding,0.010640002573931606
54365,2016-06-05 16:18:13,True,stratified_hoeffding,-0.01830606857528315
54373,2016-06-05 16:52:12,True,stratified_hoeffding,-0.0014639464154583958
54369,2016-06-05 17:03:06,True,stratified_hoeffding,0.0012994159166316085
54371,2016-06-05 17:06:10,True,stratified_hoeffding,-0.006696011632855927
54376,2016-06-05 17:38:09,True,stratified_hoeffding,-0.0005905835732790167
54381,2016-06-05 17:40:07,True,stratified_hoeffding,0.00946455490717675
54380,2016-06-05 17:55:06,True,stratified_hoeffding,-0.0110271897126328
54383,2016-06-05 18:00:07,True,stratified_hoeffding,0.008409349298456813
54379,2016-06-05 18:02:06,True,stratified_hoeffding,0.011607761924828167
54378,2016-06-05 18:05:06,True,stratified_hoeffding,0.00031983163276354563
54386,2016-06-05 18:20:12,True,stratified_hoeffding,-0.00635800102606986
54382,2016-06-05 18:35:07,True,stratified_hoeffding,-0.005603832453171441
54391,2016-06-05 19:10:11,True,stratified_hoeffding,0.0013252051720083011
54390,2016-06-05 19:19:07,True,stratified_hoeffding,0.0014661440562671103
54394,2016-06-05 19:34:08,True,stratified_hoeffding,0.00023094161447589115
54396,2016-06-05 20:02:06,True,stratified_hoeffding,-0.0012528381297265286
54485,2016-06-06 07:01:06,True,stratified_hoeffding,0.01286418303933783
54493,2016-06-06 08:40:07,True,stratified_hoeffding,-0.0014488351013442965
54497,2016-06-06 09:00:07,True,stratified_hoeffding,0.003562089412427176
54500,2016-06-06 09:20:06,True,stratified_hoeffding,-0.0028716310514487094
54507,2016-06-06 10:03:12,True,stratified_hoeffding,0.00016190094762072205
54504,2016-06-06 10:16:06,True,stratified_hoeffding,0.029172907987466537
54519,2016-06-06 10:40:09,True,stratified_hoeffding,0.0006186670050129307
54512,2016-06-06 10:55:07,True,stratified_hoeffding,-0.003090068579385321
54523,2016-06-06 11:00:06,True,stratified_hoeffding,-0.0003583918597441123
54524,2016-06-06 11:00:07,True,stratified_hoeffding,0.01049892674627216
54525,2016-06-06 11:01:07,True,stratified_hoeffding,0.015368739993930234
54513,2016-06-06 11:02:09,True,stratified_hoeffding,-0.007864656558979062
54518,2016-06-06 11:26:07,True,stratified_hoeffding,-0.0034693963035955875
54522,2016-06-06 11:28:06,True,stratified_hoeffding,0.0071031542480466045
54529,2016-06-06 11:32:07,True,stratified_hoeffding,-0.006387529679574882
54531,2016-06-06 11:32:08,True,stratified_hoeffding,0.0016855435781046998
54530,2016-06-06 11:42:07,True,stratified_hoeffding,0.00019382481898701665
54537,2016-06-06 11:45:08,True,stratified_hoeffding,-0.0014771986806283717
54539,2016-06-06 12:00:07,True,stratified_hoeffding,-0.0026735481126296517
54536,2016-06-06 12:10:07,True,stratified_hoeffding,0.00038059011784034175
54532,2016-06-06 12:17:09,True,stratified_hoeffding,0.0029013209947022223
54549,2016-06-06 12:20:12,True,stratified_hoeffding,-0.020079551075376297
54543,2016-06-06 12:31:09,True,stratified_hoeffding,0.0028637712383071797
54545,2016-06-06 12:32:11,True,stratified_hoeffding,-0.004531940439909614
54542,2016-06-06 12:42:08,True,stratified_hoeffding,-0.0064607994153601175
54552,2016-06-06 12:53:08,True,stratified_hoeffding,0.005505715148422024
54558,2016-06-06 13:00:08,True,stratified_hoeffding,-1.316365129658617e-06
54548,2016-06-06 13:05:08,True,stratified_hoeffding,-0.00738364697695572
54547,2016-06-06 13:08:08,True,stratified_hoeffding,-0.001157381259461441
54565,2016-06-06 13:20:07,True,stratified_hoeffding,-9.952485717656598e-05
54553,2016-06-06 13:36:08,True,stratified_hoeffding,0.004202669533284086
54572,2016-06-06 13:40:11,True,stratified_hoeffding,0.00601229499975057
54564,2016-06-06 13:54:06,True,stratified_hoeffding,-0.0038534025559724613
54577,2016-06-06 14:32:11,True,stratified_hoeffding,0.006541402734041139
54581,2016-06-06 14:59:07,True,stratified_hoeffding,-0.007302120768198445
54582,2016-06-06 15:04:11,True,stratified_hoeffding,-0.010472853937213403
54590,2016-06-06 15:15:08,True,stratified_hoeffding,-0.006740188493896586
54596,2016-06-06 15:23:07,True,stratified_hoeffding,-0.005283213218844941
54597,2016-06-06 15:38:07,True,stratified_hoeffding,-0.0005614029765135696
54598,2016-06-06 15:38:08,True,stratified_hoeffding,-0.002027289542862809
54599,2016-06-06 15:40:09,True,stratified_hoeffding,-0.00504966292345159
54612,2016-06-06 16:00:10,True,stratified_hoeffding,0.012742592959593388
54604,2016-06-06 16:00:23,True,stratified_hoeffding,-0.003187747882653624
54609,2016-06-06 16:10:12,True,stratified_hoeffding,0.004016363199189549
54608,2016-06-06 16:16:10,True,stratified_hoeffding,0.008665060214195063
54606,2016-06-06 16:37:08,True,stratified_hoeffding,0.004426039046337609
54618,2016-06-06 16:43:06,True,stratified_hoeffding,-0.00495994205813962
54620,2016-06-06 16:59:07,True,stratified_hoeffding,5.574224351580934e-06
54619,2016-06-06 17:02:07,True,stratified_hoeffding,-0.002045881440170802
54754,2016-06-07 05:26:22,True,stratified_hoeffding,-0.002343887967269925
54761,2016-06-07 06:20:06,True,stratified_hoeffding,-0.004238136815124615
54762,2016-06-07 06:26:07,True,stratified_hoeffding,-0.002692139925328834
54772,2016-06-07 07:00:08,True,stratified_hoeffding,0.002188783242715893
54778,2016-06-07 07:41:11,True,stratified_hoeffding,0.008012633069565149
54777,2016-06-07 07:53:09,True,stratified_hoeffding,0.0013384215460874975
54774,2016-06-07 07:58:07,True,stratified_hoeffding,0.000738573346085785
54775,2016-06-07 08:03:08,True,stratified_hoeffding,0.00022086451082161881
54785,2016-06-07 09:08:09,True,stratified_hoeffding,-0.0068498698628515695
54792,2016-06-07 09:36:08,True,stratified_hoeffding,-0.0073784034804533945
54793,2016-06-07 09:45:10,True,stratified_hoeffding,0.0023844380725032456
54794,2016-06-07 10:02:12,True,stratified_hoeffding,0.006018281662252524
54790,2016-06-07 10:17:06,True,stratified_hoeffding,0.006171526774102149
54798,2016-06-07 10:18:08,True,stratified_hoeffding,-0.000786105196265739
54924,2016-06-07 21:01:06,True,stratified_hoeffding,-0.003955682512914161
54933,2016-06-07 21:20:12,True,stratified_hoeffding,0.0016853449693843385
54932,2016-06-07 22:06:08,True,stratified_hoeffding,-0.003185155256544445
54939,2016-06-07 22:27:12,True,stratified_hoeffding,0.0036319683435546935
54949,2016-06-07 22:50:14,True,stratified_hoeffding,0.007393466740312275
55212,2016-06-08 21:46:08,True,stratified_hoeffding,-0.00023537296765815258
55225,2016-06-08 22:04:13,True,stratified_hoeffding,-0.004406623299788706
55227,2016-06-08 22:20:07,True,stratified_hoeffding,0.00045193001736431844
55232,2016-06-08 22:45:09,True,stratified_hoeffding,0.0005056740220002031
55231,2016-06-08 23:31:07,True,stratified_hoeffding,0.004483668383223539
55234,2016-06-08 23:40:07,True,stratified_hoeffding,0.0077085253384256616
55236,2016-06-08 23:50:11,True,stratified_hoeffding,0.0011242379949464448
55235,2016-06-08 23:59:10,True,stratified_hoeffding,0.0030005315725255433
55238,2016-06-09 00:20:06,True,stratified_hoeffding,0.00826538518697444
55241,2016-06-09 00:20:07,True,stratified_hoeffding,0.018340436916135756
55242,2016-06-09 00:20:07,True,stratified_hoeffding,0.020206525002587388
55245,2016-06-09 00:40:07,True,stratified_hoeffding,-0.007257465871360093
55239,2016-06-09 00:47:09,True,stratified_hoeffding,-3.3457810184454005e-05
55251,2016-06-09 01:00:09,True,stratified_hoeffding,-0.0015774421101982274
55250,2016-06-09 01:41:07,True,stratified_hoeffding,0.01810011415896467
55255,2016-06-09 02:28:10,True,stratified_hoeffding,0.006648807543146829
55253,2016-06-09 02:35:09,True,stratified_hoeffding,0.007279451179721907
55661,2016-06-10 19:40:07,True,stratified_hoeffding,-0.002472374061499305
55663,2016-06-10 19:49:12,True,stratified_hoeffding,0.009729198517212476
55659,2016-06-10 20:13:07,True,stratified_hoeffding,-0.017504991432792244
57577,2016-06-18 21:15:03,True,stratified_hoeffding,0.00015056964221044902
57588,2016-06-18 21:40:03,True,stratified_hoeffding,-0.01416705228468923
57585,2016-06-18 22:13:10,True,stratified_hoeffding,-0.013446151184676257
57591,2016-06-18 22:40:03,True,stratified_hoeffding,0.0029191098848868613
57592,2016-06-18 22:40:07,True,stratified_hoeffding,-0.00516318536458691
57612,2016-06-19 05:32:04,True,stratified_hoeffding,-2.5233764529679416e-05
57629,2016-06-19 07:05:04,True,stratified_hoeffding,-0.004026240588455771
57624,2016-06-19 07:20:03,True,stratified_hoeffding,0.007449122244938797
57625,2016-06-19 07:24:04,True,stratified_hoeffding,0.002651987293774469
57635,2016-06-19 07:52:03,True,stratified_hoeffding,0.004474943499885498
57641,2016-06-19 08:20:08,True,stratified_hoeffding,2.8765045231202505e-05
57640,2016-06-19 09:04:06,True,stratified_hoeffding,0.008459924930897214
57638,2016-06-19 09:13:03,True,stratified_hoeffding,-0.0001285762570305789
57645,2016-06-19 09:16:03,True,stratified_hoeffding,-0.006501514746890915
57659,2016-06-19 10:40:13,True,stratified_hoeffding,0.005719197589141053
57664,2016-06-19 11:00:04,True,stratified_hoeffding,-0.0011473939227151925
57660,2016-06-19 11:06:13,True,stratified_hoeffding,-0.0113544509443332
57665,2016-06-19 11:31:06,True,stratified_hoeffding,-0.006463410646928926
57668,2016-06-19 11:40:03,True,stratified_hoeffding,0.04794343131198481
57672,2016-06-19 12:00:07,True,stratified_hoeffding,-0.010452508227637474
57708,2016-06-19 20:36:03,True,stratified_hoeffding,0.020791552240797706
57719,2016-06-19 22:02:03,True,stratified_hoeffding,0.017552978929878088
57721,2016-06-19 22:11:07,True,stratified_hoeffding,-0.004929969258753462
57723,2016-06-19 22:36:03,True,stratified_hoeffding,0.00019856617260459073
57725,2016-06-19 22:44:14,True,stratified_hoeffding,0.013524724238908187
57726,2016-06-19 22:55:15,True,stratified_hoeffding,0.0001463534791292866
57727,2016-06-19 22:56:04,True,stratified_hoeffding,-0.009201620821924491
57730,2016-06-19 23:03:03,True,stratified_hoeffding,0.01478317437708513
57737,2016-06-19 23:20:06,True,stratified_hoeffding,-0.008293290851715419
57735,2016-06-20 00:03:03,True,stratified_hoeffding,-0.005779499200336154
57738,2016-06-20 00:05:03,True,stratified_hoeffding,-0.012884077978471194
57744,2016-06-20 00:40:03,True,stratified_hoeffding,-0.005663462457591008
57739,2016-06-20 00:49:05,True,stratified_hoeffding,-0.009628382627327098
57743,2016-06-20 01:17:03,True,stratified_hoeffding,0.04967534557910745
57747,2016-06-20 01:17:03,True,stratified_hoeffding,0.0011089065266675358
57749,2016-06-20 01:20:06,True,stratified_hoeffding,-0.01820014685507531
57751,2016-06-20 01:40:04,True,stratified_hoeffding,-0.009941321715302064
57752,2016-06-20 01:40:05,True,stratified_hoeffding,0.004260355288928139
57755,2016-06-20 02:42:06,True,stratified_hoeffding,0.004370628021144865
57758,2016-06-20 03:40:04,True,stratified_hoeffding,-1.1642793743679367e-06
57761,2016-06-20 03:40:07,True,stratified_hoeffding,-0.00839767186910004
57759,2016-06-20 03:56:04,True,stratified_hoeffding,0.0050200402484203155
57766,2016-06-20 04:42:07,True,stratified_hoeffding,-0.00048460449969916944
57770,2016-06-20 05:34:04,True,stratified_hoeffding,0.00326842089092445
57778,2016-06-20 06:35:04,True,stratified_hoeffding,0.003868311337456687
57791,2016-06-20 07:20:04,True,stratified_hoeffding,0.007105863877103987
57784,2016-06-20 07:35:09,True,stratified_hoeffding,0.001632620444115072
57785,2016-06-20 07:46:04,True,stratified_hoeffding,5.6958310823464046e-05
57794,2016-06-20 08:01:05,True,stratified_hoeffding,0.0011755168035381893
57798,2016-06-20 08:22:04,True,stratified_hoeffding,-0.008149006302505365
57793,2016-06-20 08:25:04,True,stratified_hoeffding,-0.0011589076637633774
57799,2016-06-20 08:29:04,True,stratified_hoeffding,0.02515321243464394
57800,2016-06-20 08:33:06,True,stratified_hoeffding,-0.0016660140117484498
57820,2016-06-20 10:00:09,True,stratified_hoeffding,-0.010058390697413964
57811,2016-06-20 10:06:05,True,stratified_hoeffding,-0.0035267100831936557
57809,2016-06-20 10:09:03,True,stratified_hoeffding,-0.00034489378685506264
57818,2016-06-20 10:19:03,True,stratified_hoeffding,0.0004493758964110098
57829,2016-06-20 10:40:10,True,stratified_hoeffding,0.00358887399509154
57830,2016-06-20 10:40:10,True,stratified_hoeffding,-0.0008517471417950032
57822,2016-06-20 10:58:04,True,stratified_hoeffding,0.01279410084019069
57824,2016-06-20 11:03:07,True,stratified_hoeffding,0.0031990938281633227
57827,2016-06-20 11:04:05,True,stratified_hoeffding,0.005226844775645563
57838,2016-06-20 11:20:04,True,stratified_hoeffding,-0.0038522007906975075
57834,2016-06-20 11:21:06,True,stratified_hoeffding,0.0008784622296162739
57845,2016-06-20 12:07:04,True,stratified_hoeffding,0.00013881613344926503
57848,2016-06-20 12:10:04,True,stratified_hoeffding,0.00033831202083218354
57855,2016-06-20 12:20:10,True,stratified_hoeffding,0.003496400914490879
57858,2016-06-20 13:07:03,True,stratified_hoeffding,0.002026051686890809
57854,2016-06-20 13:08:06,True,stratified_hoeffding,0.00033470853199557213
57859,2016-06-20 13:19:06,True,stratified_hoeffding,0.006784411860261651
57864,2016-06-20 13:33:06,True,stratified_hoeffding,-0.0015180151578373536
57875,2016-06-20 14:00:11,True,stratified_hoeffding,0.014062556782512971
57873,2016-06-20 14:20:04,True,stratified_hoeffding,0.0011447459496684922
57879,2016-06-20 14:20:07,True,stratified_hoeffding,-0.00019090742086914567
57870,2016-06-20 14:30:05,True,stratified_hoeffding,0.0007767779226432884
57869,2016-06-20 14:38:05,True,stratified_hoeffding,-0.007385051301194757
57878,2016-06-20 14:45:06,True,stratified_hoeffding,0.011780116059910417
57874,2016-06-20 14:49:06,True,stratified_hoeffding,0.015751084313375123
57877,2016-06-20 15:17:05,True,stratified_hoeffding,-0.00403817949348334
57883,2016-06-20 15:34:05,True,stratified_hoeffding,-0.0037290472743179703
57894,2016-06-20 15:50:03,True,stratified_hoeffding,-0.005934755020650587
57889,2016-06-20 15:59:03,True,stratified_hoeffding,-0.008520305536530213
57902,2016-06-20 16:02:09,True,stratified_hoeffding,-0.004772311816729442
57923,2016-06-20 17:17:07,True,stratified_hoeffding,0.0014249972324481934
57920,2016-06-20 17:32:04,True,stratified_hoeffding,0.011765125259208767
57930,2016-06-20 17:32:08,True,stratified_hoeffding,-0.005382358739800877
57929,2016-06-20 17:52:04,True,stratified_hoeffding,-0.0013390577151664758
57936,2016-06-20 18:00:05,True,stratified_hoeffding,-0.0005557148000012099
57949,2016-06-20 18:43:04,True,stratified_hoeffding,-0.004670025249062994
57970,2016-06-20 20:00:08,True,stratified_hoeffding,0.014275297603423519
57960,2016-06-20 20:01:06,True,stratified_hoeffding,-0.003778009085162258
46414,2016-05-01 00:40:15,True,stratified_profiled_betting,0.0
46420,2016-05-01 01:40:16,True,stratified_profiled_betting,0.0
46425,2016-05-01 02:20:20,True,stratified_profiled_betting,0.0
46426,2016-05-01 02:20:20,True,stratified_profiled_betting,0.0
46428,2016-05-01 02:40:14,True,stratified_profiled_betting,0.0
46435,2016-05-01 04:57:15,True,stratified_profiled_betting,0.0
46434,2016-05-01 05:06:20,True,stratified_profiled_betting,0.0
46437,2016-05-01 05:38:29,True,stratified_profiled_betting,0.0
46444,2016-05-01 06:00:16,True,stratified_profiled_betting,0.0
46446,2016-05-01 06:00:20,True,stratified_profiled_betting,0.0
46440,2016-05-01 06:05:19,True,stratified_profiled_betting,0.0
46445,2016-05-01 06:11:19,True,stratified_profiled_betting,0.0
46454,2016-05-01 07:00:14,True,stratified_profiled_betting,0.0
46455,2016-05-01 07:02:16,True,stratified_profiled_betting,0.0
46451,2016-05-01 07:06:17,True,stratified_profiled_betting,0.0
46531,2016-05-01 18:40:14,True,stratified_profiled_betting,0.0
46534,2016-05-01 18:40:14,True,stratified_profiled_betting,0.0
46536,2016-05-01 19:16:18,True,stratified_profiled_betting,0.0
46535,2016-05-01 19:24:16,True,stratified_profiled_betting,0.0
46544,2016-05-01 20:16:14,True,stratified_profiled_betting,0.0
46548,2016-05-01 20:42:16,True,stratified_profiled_betting,0.0
46554,2016-05-01 21:00:21,True,stratified_profiled_betting,0.0
46553,2016-05-01 21:06:17,True,stratified_profiled_betting,0.0
46549,2016-05-01 21:14:22,True,stratified_profiled_betting,0.0
46552,2016-05-01 21:40:14,True,stratified_profiled_betting,0.0
46559,2016-05-01 21:40:15,True,stratified_profiled_betting,0.0
46555,2016-05-01 21:51:16,True,stratified_profiled_betting,0.0
46563,2016-05-01 22:00:15,True,stratified_profiled_betting,0.0
46560,2016-05-01 22:03:17,True,stratified_profiled_betting,0.0
46561,2016-05-01 22:03:18,True,stratified_profiled_betting,0.0
46564,2016-05-01 22:58:16,True,stratified_profiled_betting,0.0
46574,2016-05-01 23:40:15,True,stratified_profiled_betting,0.0
46575,2016-05-02 00:04:18,True,stratified_profiled_betting,0.0
46578,2016-05-02 00:17:16,True,stratified_profiled_betting,0.0
46581,2016-05-02 00:37:19,True,stratified_profiled_betting,0.0
46588,2016-05-02 01:11:14,True,stratified_profiled_betting,0.0
46582,2016-05-02 01:11:20,True,stratified_profiled_betting,0.0
46592,2016-05-02 01:40:15,True,stratified_profiled_betting,0.0
46589,2016-05-02 01:41:15,True,stratified_profiled_betting,0.0
46594,2016-05-02 02:41:17,True,stratified_profiled_betting,0.0
46596,2016-05-02 02:42:19,True,stratified_profiled_betting,0.0
46608,2016-05-02 04:38:20,True,stratified_profiled_betting,0.0
46725,2016-05-02 15:24:14,True,stratified_profiled_betting,0.0
46726,2016-05-02 15:29:14,True,stratified_profiled_betting,0.0
46740,2016-05-02 15:40:16,True,stratified_profiled_betting,0.0
46743,2016-05-02 16:00:15,True,stratified_profiled_betting,0.0
46745,2016-05-02 16:00:15,True,stratified_profiled_betting,0.0
46744,2016-05-02 16:27:15,True,stratified_profiled_betting,0.0
46756,2016-05-02 16:40:16,True,stratified_profiled_betting,0.0
46755,2016-05-02 16:57:15,True,stratified_profiled_betting,0.0
46762,2016-05-02 17:00:18,True,stratified_profiled_betting,0.0
46763,2016-05-02 17:11:20,True,stratified_profiled_betting,0.0
46770,2016-05-02 17:20:19,True,stratified_profiled_betting,0.0
46759,2016-05-02 17:31:15,True,stratified_profiled_betting,0.0
46778,2016-05-02 17:40:17,True,stratified_profiled_betting,0.0
46760,2016-05-02 17:43:16,True,stratified_profiled_betting,0.0
46775,2016-05-02 17:44:15,True,stratified_profiled_betting,0.0
46761,2016-05-02 17:46:16,True,stratified_profiled_betting,0.0
46767,2016-05-02 17:47:16,True,stratified_profiled_betting,0.0
46776,2016-05-02 18:04:15,True,stratified_profiled_betting,0.0
46781,2016-05-02 18:26:18,True,stratified_profiled_betting,0.0
46777,2016-05-02 18:37:16,True,stratified_profiled_betting,0.0
46788,2016-05-02 18:40:14,True,stratified_profiled_betting,0.0
46789,2016-05-02 18:40:15,True,stratified_profiled_betting,0.0
46787,2016-05-02 19:02:17,True,stratified_profiled_betting,0.0
46790,2016-05-02 19:07:15,True,stratified_profiled_betting,0.0
46792,2016-05-02 19:51:14,True,stratified_profiled_betting,0.0
46805,2016-05-02 20:00:24,True,stratified_profiled_betting,0.0
46798,2016-05-02 20:02:15,True,stratified_profiled_betting,0.0
46797,2016-05-02 20:03:15,True,stratified_profiled_betting,0.0
46793,2016-05-02 20:11:19,True,stratified_profiled_betting,0.0
46799,2016-05-02 20:13:17,True,stratified_profiled_betting,0.0
46808,2016-05-02 20:20:31,True,stratified_profiled_betting,0.0
46806,2016-05-02 20:29:27,True,stratified_profiled_betting,0.0
46818,2016-05-02 20:56:21,True,stratified_profiled_betting,0.0
46820,2016-05-02 21:00:19,True,stratified_profiled_betting,0.0
46816,2016-05-02 21:01:16,True,stratified_profiled_betting,0.0
46819,2016-05-02 21:21:19,True,stratified_profiled_betting,0.0
46933,2016-05-03 09:00:19,True,stratified_profiled_betting,0.0
46930,2016-05-03 09:16:16,True,stratified_profiled_betting,0.0
46937,2016-05-03 09:49:21,True,stratified_profiled_betting,0.0
46936,2016-05-03 09:52:15,True,stratified_profiled_betting,0.0
46940,2016-05-03 10:00:15,True,stratified_profiled_betting,0.0
46935,2016-05-03 10:02:15,True,stratified_profiled_betting,0.0
46941,2016-05-03 10:28:16,True,stratified_profiled_betting,0.0
46944,2016-05-03 10:33:15,True,stratified_profiled_betting,0.0
46949,2016-05-03 10:42:21,True,stratified_profiled_betting,0.0
46946,2016-05-03 10:48:15,True,stratified_profiled_betting,0.0
46948,2016-05-03 11:01:18,True,stratified_profiled_betting,0.0
46947,2016-05-03 11:19:15,True,stratified_profiled_betting,0.0
46952,2016-05-03 11:20:21,True,stratified_profiled_betting,0.0
46953,2016-05-03 11:40:15,True,stratified_profiled_betting,0.0
46956,2016-05-03 12:08:15,True,stratified_profiled_betting,0.0
46959,2016-05-03 12:20:15,True,stratified_profiled_betting,0.0
46965,2016-05-03 12:40:19,True,stratified_profiled_betting,0.0
46960,2016-05-03 12:44:20,True,stratified_profiled_betting,0.0
46969,2016-05-03 13:00:15,True,stratified_profiled_betting,0.0
46971,2016-05-03 13:13:18,True,stratified_profiled_betting,0.0
46962,2016-05-03 13:14:18,True,stratified_profiled_betting,0.0
46978,2016-05-03 13:26:16,True,stratified_profiled_betting,0.0
46982,2016-05-03 13:40:15,True,stratified_profiled_betting,0.0
46984,2016-05-03 13:40:21,True,stratified_profiled_betting,0.0
46979,2016-05-03 13:52:16,True,stratified_profiled_betting,0.0
46983,2016-05-03 13:54:18,True,stratified_profiled_betting,0.0
46980,2016-05-03 13:59:21,True,stratified_profiled_betting,0.0
47118,2016-05-04 01:47:20,True,stratified_profiled_betting,0.0
47122,2016-05-04 02:00:16,True,stratified_profiled_betting,0.0
47120,2016-05-04 02:04:18,True,stratified_profiled_betting,0.0
47125,2016-05-04 02:20:20,True,stratified_profiled_betting,0.0
47124,2016-05-04 02:46:16,True,stratified_profiled_betting,0.0
47128,2016-05-04 03:41:19,True,stratified_profiled_betting,0.0
47127,2016-05-04 03:46:16,True,stratified_profiled_betting,0.0
47129,2016-05-04 04:01:15,True,stratified_profiled_betting,0.0
47134,2016-05-04 04:37:16,True,stratified_profiled_betting,0.0
47133,2016-05-04 04:42:16,True,stratified_profiled_betting,0.0
47143,2016-05-04 05:00:25,True,stratified_profiled_betting,0.0
47144,2016-05-04 05:12:27,True,stratified_profiled_betting,0.0
47150,2016-05-04 05:55:17,True,stratified_profiled_betting,0.0
47284,2016-05-04 18:07:20,True,stratified_profiled_betting,0.0
47288,2016-05-04 18:18:17,True,stratified_profiled_betting,0.0
47297,2016-05-04 18:20:19,True,stratified_profiled_betting,0.0
47296,2016-05-04 18:40:19,True,stratified_profiled_betting,0.0
47302,2016-05-04 18:43:15,True,stratified_profiled_betting,0.0
47292,2016-05-04 18:48:15,True,stratified_profiled_betting,0.0
47295,2016-05-04 18:56:14,True,stratified_profiled_betting,0.0
47306,2016-05-04 19:00:15,True,stratified_profiled_betting,0.0
47313,2016-05-04 19:40:17,True,stratified_profiled_betting,0.0
47314,2016-05-04 19:40:23,True,stratified_profiled_betting,0.0
47310,2016-05-04 19:44:31,True,stratified_profiled_betting,0.0
47317,2016-05-04 20:00:18,True,stratified_profiled_betting,0.0
47311,2016-05-04 20:02:31,True,stratified_profiled_betting,0.0
47320,2016-05-04 20:25:18,True,stratified_profiled_betting,0.0
47325,2016-05-04 20:40:14,True,stratified_profiled_betting,0.0
47326,2016-05-04 20:40:19,True,stratified_profiled_betting,0.0
47321,2016-05-04 21:15:19,True,stratified_profiled_betting,0.0
47411,2016-05-05 09:10:15,True,stratified_profiled_betting,0.0
47419,2016-05-05 09:20:20,True,stratified_profiled_betting,0.0
47415,2016-05-05 09:47:25,True,stratified_profiled_betting,0.0
47414,2016-05-05 09:52:25,True,stratified_profiled_betting,0.0
47422,2016-05-05 10:06:15,True,stratified_profiled_betting,0.0
47418,2016-05-05 10:08:16,True,stratified_profiled_betting,0.0
47427,2016-05-05 10:38:16,True,stratified_profiled_betting,0.0
47428,2016-05-05 11:00:16,True,stratified_profiled_betting,0.0
47440,2016-05-05 11:40:18,True,stratified_profiled_betting,0.0
47436,2016-05-05 12:05:25,True,stratified_profiled_betting,0.0
47437,2016-05-05 12:10:27,True,stratified_profiled_betting,0.0
47439,2016-05-05 12:32:14,True,stratified_profiled_betting,0.0
47444,2016-05-05 12:38:16,True,stratified_profiled_betting,0.0
47454,2016-05-05 13:02:30,True,stratified_profiled_betting,0.0
47449,2016-05-05 13:04:18,True,stratified_profiled_betting,0.0
47463,2016-05-05 13:20:15,True,stratified_profiled_betting,0.0
47464,2016-05-05 13:20:20,True,stratified_profiled_betting,0.0
47460,2016-05-05 13:31:19,True,stratified_profiled_betting,0.0
47468,2016-05-05 13:40:17,True,stratified_profiled_betting,0.0
47469,2016-05-05 13:40:17,True,stratified_profiled_betting,0.0
47470,2016-05-05 13:40:19,True,stratified_profiled_betting,0.0
47611,2016-05-06 02:38:19,True,stratified_profiled_betting,0.0
47618,2016-05-06 03:00:18,True,stratified_profiled_betting,0.0
47619,2016-05-06 03:00:20,True,stratified_profiled_betting,0.0
47622,2016-05-06 03:30:16,True,stratified_profiled_betting,0.0
47630,2016-05-06 04:40:18,True,stratified_profiled_betting,0.0
47631,2016-05-06 06:04:16,True,stratified_profiled_betting,0.0
47774,2016-05-06 18:29:16,True,stratified_profiled_betting,0.0
47772,2016-05-06 18:31:19,True,stratified_profiled_betting,0.0
47777,2016-05-06 18:31:23,True,stratified_profiled_betting,0.0
47771,2016-05-06 18:39:16,True,stratified_profiled_betting,0.0
47781,2016-05-06 19:11:20,True,stratified_profiled_betting,0.0
47805,2016-05-06 21:22:19,True,stratified_profiled_betting,0.0
47804,2016-05-06 21:27:16,True,stratified_profiled_betting,0.0
47809,2016-05-06 21:51:19,True,stratified_profiled_betting,0.0
47882,2016-05-07 10:29:16,True,stratified_profiled_betting,0.0
47888,2016-05-07 12:00:15,True,stratified_profiled_betting,0.0
47893,2016-05-07 12:33:18,True,stratified_profiled_betting,0.0
47897,2016-05-07 14:08:14,True,stratified_profiled_betting,0.0
47903,2016-05-07 14:20:15,True,stratified_profiled_betting,0.0
47901,2016-05-07 14:32:16,True,stratified_profiled_betting,0.0
47905,2016-05-07 14:40:16,True,stratified_profiled_betting,0.0
47906,2016-05-07 14:40:18,True,stratified_profiled_betting,0.0
47955,2016-05-08 02:57:17,True,stratified_profiled_betting,0.0
47954,2016-05-08 03:04:16,True,stratified_profiled_betting,0.0
47957,2016-05-08 03:05:15,True,stratified_profiled_betting,0.0
47958,2016-05-08 03:06:18,True,stratified_profiled_betting,0.0
47960,2016-05-08 03:32:16,True,stratified_profiled_betting,0.0
47961,2016-05-08 03:48:16,True,stratified_profiled_betting,0.0
47967,2016-05-08 04:27:17,True,stratified_profiled_betting,0.0
47964,2016-05-08 04:38:16,True,stratified_profiled_betting,0.0
47971,2016-05-08 05:40:17,True,stratified_profiled_betting,0.0
47972,2016-05-08 05:49:19,True,stratified_profiled_betting,0.0
47970,2016-05-08 06:13:15,True,stratified_profiled_betting,0.0
47969,2016-05-08 06:15:16,True,stratified_profiled_betting,0.0
47973,2016-05-08 06:17:15,True,stratified_profiled_betting,0.0
47978,2016-05-08 06:51:15,True,stratified_profiled_betting,0.0
47982,2016-05-08 07:24:17,True,stratified_profiled_betting,0.0
47990,2016-05-08 08:20:14,True,stratified_profiled_betting,0.0
47987,2016-05-08 08:21:17,True,stratified_profiled_betting,0.0
47992,2016-05-08 08:40:16,True,stratified_profiled_betting,0.0
47996,2016-05-08 09:00:24,True,stratified_profiled_betting,0.0
48001,2016-05-08 09:20:18,True,stratified_profiled_betting,0.0
48003,2016-05-08 09:40:15,True,stratified_profiled_betting,0.0
48005,2016-05-08 10:08:15,True,stratified_profiled_betting,0.0
47999,2016-05-08 10:13:15,True,stratified_profiled_betting,0.0
48007,2016-05-08 11:04:16,True,stratified_profiled_betting,0.0
48009,2016-05-08 11:08:15,True,stratified_profiled_betting,0.0
48010,2016-05-08 11:55:25,True,stratified_profiled_betting,0.0
48077,2016-05-08 23:17:19,True,stratified_profiled_betting,0.0
48078,2016-05-08 23:43:15,True,stratified_profiled_betting,0.0
48082,2016-05-09 00:01:15,True,stratified_profiled_betting,0.0
48079,2016-05-09 00:06:17,True,stratified_profiled_betting,0.0
48088,2016-05-09 00:40:16,True,stratified_profiled_betting,0.0
48091,2016-05-09 01:00:15,True,stratified_profiled_betting,0.0
48092,2016-05-09 01:00:16,True,stratified_profiled_betting,0.0
48094,2016-05-09 01:00:20,True,stratified_profiled_betting,0.0
48093,2016-05-09 01:04:18,True,stratified_profiled_betting,0.0
48084,2016-05-09 01:14:15,True,stratified_profiled_betting,0.0
48098,2016-05-09 01:20:16,True,stratified_profiled_betting,0.0
48086,2016-05-09 01:31:16,True,stratified_profiled_betting,0.0
48100,2016-05-09 01:40:15,True,stratified_profiled_betting,0.0
48104,2016-05-09 02:00:18,True,stratified_profiled_betting,0.0
48105,2016-05-09 02:00:20,True,stratified_profiled_betting,0.0
48097,2016-05-09 02:10:15,True,stratified_profiled_betting,0.0
48111,2016-05-09 03:04:16,True,stratified_profiled_betting,0.0
48113,2016-05-09 03:20:15,True,stratified_profiled_betting,0.0
48115,2016-05-09 03:39:19,True,stratified_profiled_betting,0.0
48119,2016-05-09 04:00:18,True,stratified_profiled_betting,0.0
48114,2016-05-09 04:13:15,True,stratified_profiled_betting,0.0
48122,2016-05-09 04:57:17,True,stratified_profiled_betting,0.0
48126,2016-05-09 05:04:15,True,stratified_profiled_betting,0.0
48121,2016-05-09 05:16:15,True,stratified_profiled_betting,0.0
48139,2016-05-09 05:20:16,True,stratified_profiled_betting,0.0
48135,2016-05-09 05:36:15,True,stratified_profiled_betting,0.0
48142,2016-05-09 05:40:15,True,stratified_profiled_betting,0.0
48143,2016-05-09 05:47:17,True,stratified_profiled_betting,0.0
48147,2016-05-09 06:00:15,True,stratified_profiled_betting,0.0
48148,2016-05-09 06:23:20,True,stratified_profiled_betting,0.0
48160,2016-05-09 07:05:15,True,stratified_profiled_betting,0.0
48153,2016-05-09 07:13:18,True,stratified_profiled_betting,0.0
48157,2016-05-09 07:25:16,True,stratified_profiled_betting,0.0
48172,2016-05-09 08:25:16,True,stratified_profiled_betting,0.0
48175,2016-05-09 08:40:21,True,stratified_profiled_betting,0.0
48170,2016-05-09 08:41:16,True,stratified_profiled_betting,0.0
48171,2016-05-09 08:44:16,True,stratified_profiled_betting,0.0
48174,2016-05-09 08:55:16,True,stratified_profiled_betting,0.0
48182,2016-05-09 09:20:20,True,stratified_profiled_betting,0.0
48180,2016-05-09 09:28:15,True,stratified_profiled_betting,0.0
48192,2016-05-09 10:40:16,True,stratified_profiled_betting,0.0
48188,2016-05-09 11:01:16,True,stratified_profiled_betting,0.0
48189,2016-05-09 11:01:17,True,stratified_profiled_betting,0.0
48190,2016-05-09 11:04:17,True,stratified_profiled_betting,0.0
48200,2016-05-09 11:38:19,True,stratified_profiled_betting,0.0
48195,2016-05-09 11:42:17,True,stratified_profiled_betting,0.0
48199,2016-05-09 11:55:17,True,stratified_profiled_betting,0.0
48208,2016-05-09 12:03:17,True,stratified_profiled_betting,0.0
48213,2016-05-09 12:19:28,True,stratified_profiled_betting,0.0
48207,2016-05-09 12:38:17,True,stratified_profiled_betting,0.0
48367,2016-05-09 23:40:19,True,stratified_profiled_betting,0.0
48361,2016-05-10 00:01:17,True,stratified_profiled_betting,0.0
48366,2016-05-10 00:09:16,True,stratified_profiled_betting,0.0
48374,2016-05-10 00:40:17,True,stratified_profiled_betting,0.0
48376,2016-05-10 00:40:19,True,stratified_profiled_betting,0.0
48382,2016-05-10 01:00:19,True,stratified_profiled_betting,0.0
48384,2016-05-10 01:42:18,True,stratified_profiled_betting,0.0
48389,2016-05-10 02:20:17,True,stratified_profiled_betting,0.0
48391,2016-05-10 02:20:18,True,stratified_profiled_betting,0.0
48399,2016-05-10 03:17:20,True,stratified_profiled_betting,0.0
48400,2016-05-10 03:17:20,True,stratified_profiled_betting,0.0
48398,2016-05-10 03:19:18,True,stratified_profiled_betting,0.0
48396,2016-05-10 03:27:16,True,stratified_profiled_betting,0.0
48402,2016-05-10 03:27:18,True,stratified_profiled_betting,0.0
48403,2016-05-10 03:29:18,True,stratified_profiled_betting,0.0
48397,2016-05-10 03:48:18,True,stratified_profiled_betting,0.0
48409,2016-05-10 04:20:19,True,stratified_profiled_betting,0.0
48413,2016-05-10 05:00:26,True,stratified_profiled_betting,0.0
48411,2016-05-10 05:01:15,True,stratified_profiled_betting,0.0
48414,2016-05-10 05:02:26,True,stratified_profiled_betting,0.0
48408,2016-05-10 05:05:16,True,stratified_profiled_betting,0.0
48416,2016-05-10 06:04:16,True,stratified_profiled_betting,0.0
48423,2016-05-10 06:40:20,True,stratified_profiled_betting,0.0
48417,2016-05-10 06:49:17,True,stratified_profiled_betting,0.0
48427,2016-05-10 07:14:30,True,stratified_profiled_betting,0.0
48434,2016-05-10 07:20:16,True,stratified_profiled_betting,0.0
48433,2016-05-10 07:25:15,True,stratified_profiled_betting,0.0
48426,2016-05-10 07:49:26,True,stratified_profiled_betting,0.0
48437,2016-05-10 07:59:15,True,stratified_profiled_betting,0.0
48449,2016-05-10 08:00:17,True,stratified_profiled_betting,0.0
48448,2016-05-10 08:03:17,True,stratified_profiled_betting,0.0
48447,2016-05-10 08:36:16,True,stratified_profiled_betting,0.0
48438,2016-05-10 08:38:16,True,stratified_profiled_betting,0.0
48456,2016-05-10 09:00:20,True,stratified_profiled_betting,0.0
48457,2016-05-10 09:31:21,True,stratified_profiled_betting,0.0
48462,2016-05-10 10:00:21,True,stratified_profiled_betting,0.0
48464,2016-05-10 10:20:18,True,stratified_profiled_betting,0.0
48466,2016-05-10 10:40:16,True,stratified_profiled_betting,0.0
48471,2016-05-10 11:08:15,True,stratified_profiled_betting,0.0
48472,2016-05-10 11:11:16,True,stratified_profiled_betting,0.0
48475,2016-05-10 11:20:14,True,stratified_profiled_betting,0.0
48481,2016-05-10 11:40:16,True,stratified_profiled_betting,0.0
48482,2016-05-10 11:40:21,True,stratified_profiled_betting,0.0
48477,2016-05-10 11:47:19,True,stratified_profiled_betting,0.0
48474,2016-05-10 12:04:14,True,stratified_profiled_betting,0.0
48480,2016-05-10 12:27:16,True,stratified_profiled_betting,0.0
48627,2016-05-10 23:44:16,True,stratified_profiled_betting,0.0
48640,2016-05-11 00:17:15,True,stratified_profiled_betting,0.0
48646,2016-05-11 00:20:15,True,stratified_profiled_betting,0.0
48633,2016-05-11 00:30:15,True,stratified_profiled_betting,0.0
48649,2016-05-11 00:40:15,True,stratified_profiled_betting,0.0
48650,2016-05-11 01:00:15,True,stratified_profiled_betting,0.0
48654,2016-05-11 01:49:18,True,stratified_profiled_betting,0.0
48656,2016-05-11 02:01:19,True,stratified_profiled_betting,0.0
48657,2016-05-11 02:31:16,True,stratified_profiled_betting,0.0
48663,2016-05-11 03:20:17,True,stratified_profiled_betting,0.0
48662,2016-05-11 03:55:17,True,stratified_profiled_betting,0.0
48666,2016-05-11 04:20:19,True,stratified_profiled_betting,0.0
48774,2016-05-11 15:53:19,True,stratified_profiled_betting,0.0
48788,2016-05-11 16:00:17,True,stratified_profiled_betting,0.0
48789,2016-05-11 16:01:19,True,stratified_profiled_betting,0.0
48780,2016-05-11 16:03:16,True,stratified_profiled_betting,0.0
48790,2016-05-11 16:20:20,True,stratified_profiled_betting,0.0
48781,2016-05-11 16:33:18,True,stratified_profiled_betting,0.0
48798,2016-05-11 16:40:15,True,stratified_profiled_betting,0.0
48802,2016-05-11 17:00:16,True,stratified_profiled_betting,0.0
48805,2016-05-11 17:20:15,True,stratified_profiled_betting,0.0
48815,2016-05-11 18:00:18,True,stratified_profiled_betting,0.0
48818,2016-05-11 18:20:23,True,stratified_profiled_betting,0.0
48810,2016-05-11 18:29:17,True,stratified_profiled_betting,0.0
48817,2016-05-11 19:07:17,True,stratified_profiled_betting,0.0
48827,2016-05-11 19:12:16,True,stratified_profiled_betting,0.0
48835,2016-05-11 19:20:22,True,stratified_profiled_betting,0.0
48831,2016-05-11 19:41:15,True,stratified_profiled_betting,0.0
48832,2016-05-11 19:43:16,True,stratified_profiled_betting,0.0
48945,2016-05-12 07:22:16,True,stratified_profiled_betting,0.0
48944,2016-05-12 07:46:15,True,stratified_profiled_betting,0.0
48949,2016-05-12 07:55:19,True,stratified_profiled_betting,0.0
48953,2016-05-12 08:02:19,True,stratified_profiled_betting,0.0
48948,2016-05-12 08:25:16,True,stratified_profiled_betting,0.0
48958,2016-05-12 08:40:15,True,stratified_profiled_betting,0.0
48959,2016-05-12 09:06:16,True,stratified_profiled_betting,0.0
48964,2016-05-12 09:14:17,True,stratified_profiled_betting,0.0
48960,2016-05-12 09:23:18,True,stratified_profiled_betting,0.0
48968,2016-05-12 10:02:20,True,stratified_profiled_betting,0.0
48974,2016-05-12 10:20:31,True,stratified_profiled_betting,0.0
48975,2016-05-12 10:40:22,True,stratified_profiled_betting,0.0
48976,2016-05-12 10:40:22,True,stratified_profiled_betting,0.0
48970,2016-05-12 10:49:20,True,stratified_profiled_betting,0.0
48981,2016-05-12 11:00:16,True,stratified_profiled_betting,0.0
48982,2016-05-12 11:03:18,True,stratified_profiled_betting,0.0
48972,2016-05-12 11:15:26,True,stratified_profiled_betting,0.0
48986,2016-05-12 12:04:16,True,stratified_profiled_betting,0.0
49140,2016-05-12 23:46:15,True,stratified_profiled_betting,0.0
49136,2016-05-12 23:52:16,True,stratified_profiled_betting,0.0
49145,2016-05-13 00:00:19,True,stratified_profiled_betting,0.0
49146,2016-05-13 00:20:16,True,stratified_profiled_betting,0.0
49147,2016-05-13 00:20:19,True,stratified_profiled_betting,0.0
49150,2016-05-13 00:40:16,True,stratified_profiled_betting,0.0
49151,2016-05-13 00:40:20,True,stratified_profiled_betting,0.0
49153,2016-05-13 00:40:21,True,stratified_profiled_betting,0.0
49152,2016-05-13 01:04:20,True,stratified_profiled_betting,0.0
49159,2016-05-13 01:06:20,True,stratified_profiled_betting,0.0
49158,2016-05-13 01:34:20,True,stratified_profiled_betting,0.0
49160,2016-05-13 01:40:21,True,stratified_profiled_betting,0.0
49166,2016-05-13 01:52:19,True,stratified_profiled_betting,0.0
49167,2016-05-13 01:57:19,True,stratified_profiled_betting,0.0
49171,2016-05-13 02:00:18,True,stratified_profiled_betting,0.0
49172,2016-05-13 02:09:21,True,stratified_profiled_betting,0.0
49181,2016-05-13 03:40:17,True,stratified_profiled_betting,0.0
49189,2016-05-13 04:39:20,True,stratified_profiled_betting,0.0
49184,2016-05-13 04:42:16,True,stratified_profiled_betting,0.0
49374,2016-05-13 16:00:19,True,stratified_profiled_betting,0.0
49375,2016-05-13 16:01:21,True,stratified_profiled_betting,0.0
49366,2016-05-13 16:05:17,True,stratified_profiled_betting,0.0
49364,2016-05-13 16:20:15,True,stratified_profiled_betting,0.0
49381,2016-05-13 16:20:17,True,stratified_profiled_betting,0.0
49382,2016-05-13 16:20:22,True,stratified_profiled_betting,0.0
49380,2016-05-13 16:44:17,True,stratified_profiled_betting,0.0
49386,2016-05-13 17:00:16,True,stratified_profiled_betting,0.0
49392,2016-05-13 17:00:17,True,stratified_profiled_betting,0.0
49397,2016-05-13 17:20:19,True,stratified_profiled_betting,0.0
49387,2016-05-13 17:23:18,True,stratified_profiled_betting,0.0
49401,2016-05-13 17:40:17,True,stratified_profiled_betting,0.0
49402,2016-05-13 17:40:17,True,stratified_profiled_betting,0.0
49398,2016-05-13 18:08:19,True,stratified_profiled_betting,0.0
49403,2016-05-13 18:08:20,True,stratified_profiled_betting,0.0
49413,2016-05-13 19:03:20,True,stratified_profiled_betting,0.0
49416,2016-05-13 19:10:23,True,stratified_profiled_betting,0.0
49415,2016-05-13 19:13:22,True,stratified_profiled_betting,0.0
49407,2016-05-13 19:25:20,True,stratified_profiled_betting,0.0
49541,2016-05-14 09:00:21,True,stratified_profiled_betting,0.0
49543,2016-05-14 09:33:16,True,stratified_profiled_betting,0.0
49544,2016-05-14 09:53:17,True,stratified_profiled_betting,0.0
49546,2016-05-14 11:07:21,True,stratified_profiled_betting,0.0
49618,2016-05-14 22:54:15,True,stratified_profiled_betting,0.0
49621,2016-05-14 23:20:20,True,stratified_profiled_betting,0.0
49625,2016-05-15 01:31:16,True,stratified_profiled_betting,0.0
49630,2016-05-15 02:03:17,True,stratified_profiled_betting,0.0
49641,2016-05-15 04:40:20,True,stratified_profiled_betting,0.0
49638,2016-05-15 05:01:18,True,stratified_profiled_betting,0.0
49640,2016-05-15 05:01:19,True,stratified_profiled_betting,0.0
49642,2016-05-15 05:01:25,True,stratified_profiled_betting,0.0
49643,2016-05-15 05:01:30,True,stratified_profiled_betting,0.0
49709,2016-05-15 17:00:16,True,stratified_profiled_betting,0.0
49700,2016-05-15 17:11:16,True,stratified_profiled_betting,0.0
49713,2016-05-15 17:40:17,True,stratified_profiled_betting,0.0
49718,2016-05-15 18:20:22,True,stratified_profiled_betting,0.0
49712,2016-05-15 18:25:17,True,stratified_profiled_betting,0.0
49717,2016-05-15 18:49:17,True,stratified_profiled_betting,0.0
49719,2016-05-15 19:12:22,True,stratified_profiled_betting,0.0
49723,2016-05-15 19:40:32,True,stratified_profiled_betting,0.0
49722,2016-05-15 19:41:21,True,stratified_profiled_betting,0.0
49725,2016-05-15 20:23:16,True,stratified_profiled_betting,0.0
49727,2016-05-15 20:23:16,True,stratified_profiled_betting,0.0
49728,2016-05-15 21:00:21,True,stratified_profiled_betting,0.0
49729,2016-05-15 21:20:22,True,stratified_profiled_betting,0.0
49730,2016-05-15 22:05:21,True,stratified_profiled_betting,0.0
49825,2016-05-16 09:45:17,True,stratified_profiled_betting,0.0
49832,2016-05-16 10:03:18,True,stratified_profiled_betting,0.0
49830,2016-05-16 10:07:20,True,stratified_profiled_betting,0.0
49841,2016-05-16 11:01:17,True,stratified_profiled_betting,0.0
49849,2016-05-16 11:04:18,True,stratified_profiled_betting,0.0
49839,2016-05-16 11:06:24,True,stratified_profiled_betting,0.0
49840,2016-05-16 11:14:17,True,stratified_profiled_betting,0.0
49848,2016-05-16 11:34:17,True,stratified_profiled_betting,0.0
49853,2016-05-16 12:07:18,True,stratified_profiled_betting,0.0
49854,2016-05-16 12:11:23,True,stratified_profiled_betting,0.0
49863,2016-05-16 12:20:22,True,stratified_profiled_betting,0.0
49867,2016-05-16 12:40:20,True,stratified_profiled_betting,0.0
49862,2016-05-16 12:57:21,True,stratified_profiled_betting,0.0
49872,2016-05-16 13:00:16,True,stratified_profiled_betting,0.0
49873,2016-05-16 13:00:19,True,stratified_profiled_betting,0.0
49874,2016-05-16 13:00:19,True,stratified_profiled_betting,0.0
49875,2016-05-16 13:00:22,True,stratified_profiled_betting,0.0
49884,2016-05-16 13:20:17,True,stratified_profiled_betting,0.0
49876,2016-05-16 13:23:22,True,stratified_profiled_betting,0.0
49881,2016-05-16 13:34:16,True,stratified_profiled_betting,0.0
49868,2016-05-16 13:35:21,True,stratified_profiled_betting,0.0
49883,2016-05-16 13:43:17,True,stratified_profiled_betting,0.0
49891,2016-05-16 13:49:18,True,stratified_profiled_betting,0.0
49882,2016-05-16 14:09:16,True,stratified_profiled_betting,0.0
49900,2016-05-16 14:38:22,True,stratified_profiled_betting,0.0
49915,2016-05-16 14:40:18,True,stratified_profiled_betting,0.0
49912,2016-05-16 14:45:16,True,stratified_profiled_betting,0.0
49898,2016-05-16 14:46:16,True,stratified_profiled_betting,0.0
49907,2016-05-16 14:50:21,True,stratified_profiled_betting,0.0
49913,2016-05-16 14:55:16,True,stratified_profiled_betting,0.0
49914,2016-05-16 15:05:16,True,stratified_profiled_betting,0.0
49916,2016-05-16 15:16:18,True,stratified_profiled_betting,0.0
49917,2016-05-16 15:16:21,True,stratified_profiled_betting,0.0
49928,2016-05-16 15:27:16,True,stratified_profiled_betting,0.0
49922,2016-05-16 15:40:18,True,stratified_profiled_betting,0.0
49939,2016-05-16 16:31:16,True,stratified_profiled_betting,0.0
49947,2016-05-16 17:00:19,True,stratified_profiled_betting,0.0
49943,2016-05-16 17:19:16,True,stratified_profiled_betting,0.0
49951,2016-05-16 17:20:22,True,stratified_profiled_betting,0.0
49950,2016-05-16 17:37:16,True,stratified_profiled_betting,0.0
49955,2016-05-16 17:40:17,True,stratified_profiled_betting,0.0
50066,2016-05-17 05:20:19,True,stratified_profiled_betting,0.0
50065,2016-05-17 05:27:16,True,stratified_profiled_betting,0.0
50068,2016-05-17 05:40:17,True,stratified_profiled_betting,0.0
50070,2016-05-17 06:00:16,True,stratified_profiled_betting,0.0
50071,2016-05-17 06:27:17,True,stratified_profiled_betting,0.0
50075,2016-05-17 06:43:20,True,stratified_profiled_betting,0.0
50076,2016-05-17 07:00:16,True,stratified_profiled_betting,0.0
50079,2016-05-17 07:03:17,True,stratified_profiled_betting,0.0
50082,2016-05-17 07:41:16,True,stratified_profiled_betting,0.0
50080,2016-05-17 07:56:18,True,stratified_profiled_betting,0.0
50087,2016-05-17 08:01:21,True,stratified_profiled_betting,0.0
50094,2016-05-17 09:10:20,True,stratified_profiled_betting,0.0
50100,2016-05-17 09:20:16,True,stratified_profiled_betting,0.0
50093,2016-05-17 09:27:19,True,stratified_profiled_betting,0.0
50106,2016-05-17 09:40:23,True,stratified_profiled_betting,0.0
50112,2016-05-17 10:00:19,True,stratified_profiled_betting,0.0
50111,2016-05-17 10:20:17,True,stratified_profiled_betting,0.0
50110,2016-05-17 10:35:17,True,stratified_profiled_betting,0.0
50121,2016-05-17 11:00:17,True,stratified_profiled_betting,0.0
50124,2016-05-17 11:20:22,True,stratified_profiled_betting,0.0
50123,2016-05-17 12:01:18,True,stratified_profiled_betting,0.0
50266,2016-05-17 23:18:18,True,stratified_profiled_betting,0.0
50270,2016-05-17 23:20:19,True,stratified_profiled_betting,0.0
50269,2016-05-17 23:24:16,True,stratified_profiled_betting,0.0
50275,2016-05-17 23:40:18,True,stratified_profiled_betting,0.0
50272,2016-05-17 23:42:20,True,stratified_profiled_betting,0.0
50271,2016-05-17 23:47:18,True,stratified_profiled_betting,0.0
50274,2016-05-17 23:48:18,True,stratified_profiled_betting,0.0
50282,2016-05-18 00:20:17,True,stratified_profiled_betting,0.0
50281,2016-05-18 01:04:17,True,stratified_profiled_betting,0.0
50291,2016-05-18 01:13:16,True,stratified_profiled_betting,0.0
50299,2016-05-18 01:32:19,True,stratified_profiled_betting,0.0
50295,2016-05-18 01:38:20,True,stratified_profiled_betting,0.0
50304,2016-05-18 01:41:17,True,stratified_profiled_betting,0.0
50310,2016-05-18 02:20:20,True,stratified_profiled_betting,0.0
50309,2016-05-18 02:23:19,True,stratified_profiled_betting,0.0
50307,2016-05-18 02:24:17,True,stratified_profiled_betting,0.0
50312,2016-05-18 02:40:21,True,stratified_profiled_betting,0.0
50308,2016-05-18 02:49:20,True,stratified_profiled_betting,0.0
50315,2016-05-18 03:53:18,True,stratified_profiled_betting,0.0
50318,2016-05-18 04:33:22,True,stratified_profiled_betting,0.0
50400,2016-05-20 14:00:04,True,stratified_profiled_betting,0.0
50423,2016-05-20 14:00:06,True,stratified_profiled_betting,0.0
50437,2016-05-20 14:00:08,True,stratified_profiled_betting,0.0
50450,2016-05-20 14:00:09,True,stratified_profiled_betting,0.0
50414,2016-05-20 14:03:05,True,stratified_profiled_betting,0.0
50605,2016-05-20 14:20:09,True,stratified_profiled_betting,0.0
50601,2016-05-20 14:45:04,True,stratified_profiled_betting,0.0
50627,2016-05-20 15:00:10,True,stratified_profiled_betting,0.0
50636,2016-05-20 15:22:06,True,stratified_profiled_betting,0.0
50639,2016-05-20 15:31:09,True,stratified_profiled_betting,0.0
50651,2016-05-20 15:40:09,True,stratified_profiled_betting,0.0
50663,2016-05-20 16:10:07,True,stratified_profiled_betting,0.0
50673,2016-05-20 16:20:10,True,stratified_profiled_betting,0.0
50672,2016-05-20 16:25:09,True,stratified_profiled_betting,0.0
50671,2016-05-20 16:41:06,True,stratified_profiled_betting,0.0
50664,2016-05-20 16:54:09,True,stratified_profiled_betting,0.0
50697,2016-05-20 17:40:04,True,stratified_profiled_betting,0.0
50690,2016-05-20 18:00:07,True,stratified_profiled_betting,0.0
50699,2016-05-20 18:03:08,True,stratified_profiled_betting,0.0
50698,2016-05-20 18:11:05,True,stratified_profiled_betting,0.0
50691,2016-05-20 18:12:08,True,stratified_profiled_betting,0.0
50705,2016-05-20 18:28:05,True,stratified_profiled_betting,0.0
50707,2016-05-20 18:36:04,True,stratified_profiled_betting,0.0
50710,2016-05-20 18:40:06,True,stratified_profiled_betting,0.0
50709,2016-05-20 19:07:04,True,stratified_profiled_betting,0.0
50719,2016-05-20 19:40:05,True,stratified_profiled_betting,0.0
50721,2016-05-20 19:50:10,True,stratified_profiled_betting,0.0
50718,2016-05-20 19:55:06,True,stratified_profiled_betting,0.0
50729,2016-05-20 20:20:05,True,stratified_profiled_betting,0.0
50731,2016-05-20 20:24:10,True,stratified_profiled_betting,0.0
50738,2016-05-20 21:00:04,True,stratified_profiled_betting,0.0
50733,2016-05-20 21:15:11,True,stratified_profiled_betting,0.0
50737,2016-05-20 21:29:04,True,stratified_profiled_betting,0.0
50743,2016-05-20 22:26:05,True,stratified_profiled_betting,0.0
50750,2016-05-20 22:40:08,True,stratified_profiled_betting,0.0
50749,2016-05-20 22:43:05,True,stratified_profiled_betting,0.0
50745,2016-05-20 22:56:11,True,stratified_profiled_betting,0.0
50753,2016-05-20 23:00:09,True,stratified_profiled_betting,0.0
50752,2016-05-20 23:12:04,True,stratified_profiled_betting,0.0
50759,2016-05-21 00:22:06,True,stratified_profiled_betting,0.0
50763,2016-05-21 01:36:04,True,stratified_profiled_betting,0.0
50765,2016-05-21 01:50:04,True,stratified_profiled_betting,0.0
50773,2016-05-21 02:20:03,True,stratified_profiled_betting,0.0
50779,2016-05-21 03:20:06,True,stratified_profiled_betting,0.0
50790,2016-05-21 07:19:04,True,stratified_profiled_betting,0.0
50881,2016-05-21 19:00:04,True,stratified_profiled_betting,0.0
50875,2016-05-21 19:09:05,True,stratified_profiled_betting,0.0
50884,2016-05-21 19:37:04,True,stratified_profiled_betting,0.0
50885,2016-05-21 19:50:05,True,stratified_profiled_betting,0.0
50888,2016-05-21 20:32:07,True,stratified_profiled_betting,0.0
50889,2016-05-21 20:37:07,True,stratified_profiled_betting,0.0
50890,2016-05-21 20:43:06,True,stratified_profiled_betting,0.0
50893,2016-05-21 21:40:05,True,stratified_profiled_betting,0.0
50895,2016-05-21 22:10:06,True,stratified_profiled_betting,0.0
50897,2016-05-21 23:04:06,True,stratified_profiled_betting,0.0
50901,2016-05-21 23:20:08,True,stratified_profiled_betting,0.0
50912,2016-05-22 01:43:09,True,stratified_profiled_betting,0.0
50915,2016-05-22 02:18:08,True,stratified_profiled_betting,0.0
50958,2016-05-22 14:54:05,True,stratified_profiled_betting,0.0
50964,2016-05-22 15:03:09,True,stratified_profiled_betting,0.0
50959,2016-05-22 15:05:10,True,stratified_profiled_betting,0.0
50963,2016-05-22 15:06:05,True,stratified_profiled_betting,0.0
50969,2016-05-22 15:13:07,True,stratified_profiled_betting,0.0
50971,2016-05-22 15:20:04,True,stratified_profiled_betting,0.0
50972,2016-05-22 15:20:04,True,stratified_profiled_betting,0.0
50977,2016-05-22 17:01:04,True,stratified_profiled_betting,0.0
50978,2016-05-22 17:08:04,True,stratified_profiled_betting,0.0
50983,2016-05-22 17:10:06,True,stratified_profiled_betting,0.0
50979,2016-05-22 17:19:08,True,stratified_profiled_betting,0.0
50998,2016-05-22 19:01:06,True,stratified_profiled_betting,0.0
50996,2016-05-22 19:26:04,True,stratified_profiled_betting,0.0
50999,2016-05-22 20:02:04,True,stratified_profiled_betting,0.0
51008,2016-05-22 20:10:09,True,stratified_profiled_betting,0.0
51007,2016-05-22 20:59:07,True,stratified_profiled_betting,0.0
51017,2016-05-22 21:52:08,True,stratified_profiled_betting,0.0
51019,2016-05-22 22:06:04,True,stratified_profiled_betting,0.0
51023,2016-05-22 22:16:09,True,stratified_profiled_betting,0.0
51124,2016-05-23 09:39:05,True,stratified_profiled_betting,0.0
51129,2016-05-23 09:56:06,True,stratified_profiled_betting,0.0
51130,2016-05-23 09:56:10,True,stratified_profiled_betting,0.0
51133,2016-05-23 10:07:08,True,stratified_profiled_betting,0.0
51128,2016-05-23 10:13:05,True,stratified_profiled_betting,0.0
51134,2016-05-23 10:20:10,True,stratified_profiled_betting,0.0
51136,2016-05-23 10:47:04,True,stratified_profiled_betting,0.0
51140,2016-05-23 11:00:04,True,stratified_profiled_betting,0.0
51148,2016-05-23 11:00:05,True,stratified_profiled_betting,0.0
51144,2016-05-23 11:04:09,True,stratified_profiled_betting,0.0
51143,2016-05-23 11:17:08,True,stratified_profiled_betting,0.0
51142,2016-05-23 11:19:04,True,stratified_profiled_betting,0.0
51141,2016-05-23 11:20:04,True,stratified_profiled_betting,0.0
51154,2016-05-23 11:40:08,True,stratified_profiled_betting,0.0
51147,2016-05-23 11:56:04,True,stratified_profiled_betting,0.0
51151,2016-05-23 12:07:08,True,stratified_profiled_betting,0.0
51177,2016-05-23 13:00:05,True,stratified_profiled_betting,0.0
51165,2016-05-23 13:05:07,True,stratified_profiled_betting,0.0
51171,2016-05-23 13:14:09,True,stratified_profiled_betting,0.0
51182,2016-05-23 13:20:08,True,stratified_profiled_betting,0.0
51176,2016-05-23 13:32:05,True,stratified_profiled_betting,0.0
51175,2016-05-23 13:39:04,True,stratified_profiled_betting,0.0
51178,2016-05-23 13:40:05,True,stratified_profiled_betting,0.0
51191,2016-05-23 13:40:10,True,stratified_profiled_betting,0.0
51190,2016-05-23 13:44:09,True,stratified_profiled_betting,0.0
51189,2016-05-23 14:08:05,True,stratified_profiled_betting,0.0
51188,2016-05-23 14:23:04,True,stratified_profiled_betting,0.0
51204,2016-05-23 14:40:10,True,stratified_profiled_betting,0.0
51200,2016-05-23 14:59:05,True,stratified_profiled_betting,0.0
51202,2016-05-23 15:06:07,True,stratified_profiled_betting,0.0
51201,2016-05-23 15:11:06,True,stratified_profiled_betting,0.0
51210,2016-05-23 15:20:11,True,stratified_profiled_betting,0.0
51203,2016-05-23 15:30:10,True,stratified_profiled_betting,0.0
51214,2016-05-23 15:40:11,True,stratified_profiled_betting,0.0
51209,2016-05-23 15:47:09,True,stratified_profiled_betting,0.0
51208,2016-05-23 15:58:06,True,stratified_profiled_betting,0.0
51220,2016-05-23 16:00:09,True,stratified_profiled_betting,0.0
51224,2016-05-23 16:20:04,True,stratified_profiled_betting,0.0
51225,2016-05-23 16:20:07,True,stratified_profiled_betting,0.0
51226,2016-05-23 16:37:11,True,stratified_profiled_betting,0.0
51231,2016-05-23 16:40:05,True,stratified_profiled_betting,0.0
51230,2016-05-23 17:03:05,True,stratified_profiled_betting,0.0
51253,2016-05-23 17:21:09,True,stratified_profiled_betting,0.0
51252,2016-05-23 17:49:08,True,stratified_profiled_betting,0.0
51363,2016-05-24 04:43:06,True,stratified_profiled_betting,0.0
51369,2016-05-24 06:16:07,True,stratified_profiled_betting,0.0
51377,2016-05-24 06:40:07,True,stratified_profiled_betting,0.0
51378,2016-05-24 06:59:08,True,stratified_profiled_betting,0.0
51382,2016-05-24 07:00:10,True,stratified_profiled_betting,0.0
51375,2016-05-24 07:02:04,True,stratified_profiled_betting,0.0
51383,2016-05-24 07:18:14,True,stratified_profiled_betting,0.0
51376,2016-05-24 07:28:05,True,stratified_profiled_betting,0.0
51388,2016-05-24 08:15:05,True,stratified_profiled_betting,0.0
51392,2016-05-24 08:16:06,True,stratified_profiled_betting,0.0
51387,2016-05-24 08:24:04,True,stratified_profiled_betting,0.0
51389,2016-05-24 08:31:05,True,stratified_profiled_betting,0.0
51397,2016-05-24 08:42:05,True,stratified_profiled_betting,0.0
51401,2016-05-24 08:49:06,True,stratified_profiled_betting,0.0
51403,2016-05-24 09:20:06,True,stratified_profiled_betting,0.0
51410,2016-05-24 10:02:07,True,stratified_profiled_betting,0.0
51404,2016-05-24 10:02:09,True,stratified_profiled_betting,0.0
51408,2016-05-24 10:03:09,True,stratified_profiled_betting,0.0
51407,2016-05-24 10:05:09,True,stratified_profiled_betting,0.0
51402,2016-05-24 10:16:06,True,stratified_profiled_betting,0.0
51416,2016-05-24 10:20:07,True,stratified_profiled_betting,0.0
51411,2016-05-24 10:34:09,True,stratified_profiled_betting,0.0
51420,2016-05-24 10:40:06,True,stratified_profiled_betting,0.0
51409,2016-05-24 10:43:05,True,stratified_profiled_betting,0.0
51415,2016-05-24 10:59:05,True,stratified_profiled_betting,0.0
51580,2016-05-24 22:03:08,True,stratified_profiled_betting,0.0
51577,2016-05-24 22:16:06,True,stratified_profiled_betting,0.0
51585,2016-05-24 23:03:04,True,stratified_profiled_betting,0.0
51594,2016-05-24 23:20:09,True,stratified_profiled_betting,0.0
51593,2016-05-24 23:44:04,True,stratified_profiled_betting,0.0
51592,2016-05-24 23:59:04,True,stratified_profiled_betting,0.0
51596,2016-05-25 00:05:07,True,stratified_profiled_betting,0.0
51600,2016-05-25 00:38:09,True,stratified_profiled_betting,0.0
51599,2016-05-25 00:45:08,True,stratified_profiled_betting,0.0
51608,2016-05-25 01:00:09,True,stratified_profiled_betting,0.0
51605,2016-05-25 01:04:07,True,stratified_profiled_betting,0.0
51613,2016-05-25 02:00:07,True,stratified_profiled_betting,0.0
51621,2016-05-25 02:40:08,True,stratified_profiled_betting,0.0
51620,2016-05-25 03:17:07,True,stratified_profiled_betting,0.0
51623,2016-05-25 03:40:06,True,stratified_profiled_betting,0.0
51789,2016-05-25 14:32:07,True,stratified_profiled_betting,0.0
51796,2016-05-25 14:40:06,True,stratified_profiled_betting,0.0
51788,2016-05-25 14:54:06,True,stratified_profiled_betting,0.0
51801,2016-05-25 15:00:10,True,stratified_profiled_betting,0.0
51802,2016-05-25 15:00:10,True,stratified_profiled_betting,0.0
51792,2016-05-25 15:04:05,True,stratified_profiled_betting,0.0
51807,2016-05-25 15:58:05,True,stratified_profiled_betting,0.0
51830,2016-05-25 16:40:06,True,stratified_profiled_betting,0.0
51831,2016-05-25 16:42:09,True,stratified_profiled_betting,0.0
51824,2016-05-25 17:01:10,True,stratified_profiled_betting,0.0
51838,2016-05-25 17:05:05,True,stratified_profiled_betting,0.0
51846,2016-05-25 17:20:06,True,stratified_profiled_betting,0.0
51848,2016-05-25 17:28:11,True,stratified_profiled_betting,0.0
51855,2016-05-25 18:25:05,True,stratified_profiled_betting,0.0
51958,2016-05-26 05:42:04,True,stratified_profiled_betting,0.0
51961,2016-05-26 05:45:04,True,stratified_profiled_betting,0.0
51969,2016-05-26 06:00:05,True,stratified_profiled_betting,0.0
51960,2016-05-26 06:05:07,True,stratified_profiled_betting,0.0
51972,2016-05-26 06:20:05,True,stratified_profiled_betting,0.0
51975,2016-05-26 07:22:06,True,stratified_profiled_betting,0.0
51977,2016-05-26 07:38:04,True,stratified_profiled_betting,0.0
51979,2016-05-26 07:40:05,True,stratified_profiled_betting,0.0
51985,2016-05-26 08:00:05,True,stratified_profiled_betting,0.0
51984,2016-05-26 08:16:04,True,stratified_profiled_betting,0.0
51990,2016-05-26 09:00:04,True,stratified_profiled_betting,0.0
51991,2016-05-26 09:00:05,True,stratified_profiled_betting,0.0
51994,2016-05-26 09:00:07,True,stratified_profiled_betting,0.0
51989,2016-05-26 09:14:10,True,stratified_profiled_betting,0.0
51998,2016-05-26 09:20:06,True,stratified_profiled_betting,0.0
52000,2016-05-26 09:29:08,True,stratified_profiled_betting,0.0
51992,2016-05-26 09:32:05,True,stratified_profiled_betting,0.0
51999,2016-05-26 09:33:06,True,stratified_profiled_betting,0.0
51996,2016-05-26 09:35:10,True,stratified_profiled_betting,0.0
51993,2016-05-26 09:44:05,True,stratified_profiled_betting,0.0
52160,2016-05-26 21:05:06,True,stratified_profiled_betting,0.0
52161,2016-05-26 21:21:10,True,stratified_profiled_betting,0.0
52159,2016-05-26 21:41:05,True,stratified_profiled_betting,0.0
52166,2016-05-26 21:46:09,True,stratified_profiled_betting,0.0
52164,2016-05-26 22:06:05,True,stratified_profiled_betting,0.0
52175,2016-05-26 22:20:06,True,stratified_profiled_betting,0.0
52183,2016-05-26 23:22:09,True,stratified_profiled_betting,0.0
52182,2016-05-26 23:26:07,True,stratified_profiled_betting,0.0
52187,2016-05-27 00:24:04,True,stratified_profiled_betting,0.0
52193,2016-05-27 01:00:05,True,stratified_profiled_betting,0.0
52194,2016-05-27 01:00:06,True,stratified_profiled_betting,0.0
52195,2016-05-27 01:03:10,True,stratified_profiled_betting,0.0
52310,2016-05-27 12:40:21,True,stratified_profiled_betting,0.0
52300,2016-05-27 12:46:05,True,stratified_profiled_betting,0.0
52302,2016-05-27 12:51:07,True,stratified_profiled_betting,0.0
52304,2016-05-27 12:54:10,True,stratified_profiled_betting,0.0
52309,2016-05-27 12:56:15,True,stratified_profiled_betting,0.0
52303,2016-05-27 13:01:10,True,stratified_profiled_betting,0.0
52322,2016-05-27 13:20:11,True,stratified_profiled_betting,0.0
52318,2016-05-27 13:26:11,True,stratified_profiled_betting,0.0
52308,2016-05-27 13:32:15,True,stratified_profiled_betting,0.0
52314,2016-05-27 13:36:05,True,stratified_profiled_betting,0.0
52321,2016-05-27 13:36:06,True,stratified_profiled_betting,0.0
52330,2016-05-27 13:40:05,True,stratified_profiled_betting,0.0
52332,2016-05-27 13:40:12,True,stratified_profiled_betting,0.0
52333,2016-05-27 13:40:12,True,stratified_profiled_betting,0.0
52317,2016-05-27 13:42:10,True,stratified_profiled_betting,0.0
52316,2016-05-27 13:47:08,True,stratified_profiled_betting,0.0
52329,2016-05-27 13:51:05,True,stratified_profiled_betting,0.0
52341,2016-05-27 14:00:10,True,stratified_profiled_betting,0.0
52320,2016-05-27 14:07:05,True,stratified_profiled_betting,0.0
52340,2016-05-27 14:20:07,True,stratified_profiled_betting,0.0
52344,2016-05-27 14:20:07,True,stratified_profiled_betting,0.0
52347,2016-05-27 14:20:10,True,stratified_profiled_betting,0.0
52351,2016-05-27 14:40:10,True,stratified_profiled_betting,0.0
52354,2016-05-27 15:00:10,True,stratified_profiled_betting,0.0
52345,2016-05-27 15:15:08,True,stratified_profiled_betting,0.0
52350,2016-05-27 15:36:06,True,stratified_profiled_betting,0.0
52357,2016-05-27 15:58:14,True,stratified_profiled_betting,0.0
52360,2016-05-27 16:04:08,True,stratified_profiled_betting,0.0
52466,2016-05-28 04:43:07,True,stratified_profiled_betting,0.0
52472,2016-05-28 06:11:07,True,stratified_profiled_betting,0.0
52484,2016-05-28 07:00:05,True,stratified_profiled_betting,0.0
52480,2016-05-28 07:07:05,True,stratified_profiled_betting,0.0
52483,2016-05-28 07:37:05,True,stratified_profiled_betting,0.0
52540,2016-05-28 22:08:06,True,stratified_profiled_betting,0.0
52544,2016-05-28 23:00:08,True,stratified_profiled_betting,0.0
52541,2016-05-28 23:01:05,True,stratified_profiled_betting,0.0
52546,2016-05-28 23:20:05,True,stratified_profiled_betting,0.0
52549,2016-05-29 00:13:09,True,stratified_profiled_betting,0.0
52550,2016-05-29 00:35:05,True,stratified_profiled_betting,0.0
52551,2016-05-29 01:09:12,True,stratified_profiled_betting,0.0
52555,2016-05-29 01:21:06,True,stratified_profiled_betting,0.0
52558,2016-05-29 01:58:08,True,stratified_profiled_betting,0.0
52557,2016-05-29 02:25:05,True,stratified_profiled_betting,0.0
52561,2016-05-29 03:11:06,True,stratified_profiled_betting,0.0
52565,2016-05-29 03:20:09,True,stratified_profiled_betting,0.0
52627,2016-05-29 16:26:05,True,stratified_profiled_betting,0.0
52636,2016-05-29 16:40:05,True,stratified_profiled_betting,0.0
52641,2016-05-29 17:00:07,True,stratified_profiled_betting,0.0
52642,2016-05-29 17:00:09,True,stratified_profiled_betting,0.0
52632,2016-05-29 17:04:05,True,stratified_profiled_betting,0.0
52645,2016-05-29 17:20:07,True,stratified_profiled_betting,0.0
52653,2016-05-29 18:02:07,True,stratified_profiled_betting,0.0
52650,2016-05-29 18:08:05,True,stratified_profiled_betting,0.0
52659,2016-05-29 18:20:10,True,stratified_profiled_betting,0.0
52651,2016-05-29 18:29:05,True,stratified_profiled_betting,0.0
52655,2016-05-29 18:31:05,True,stratified_profiled_betting,0.0
52661,2016-05-29 19:25:05,True,stratified_profiled_betting,0.0
52664,2016-05-29 19:59:06,True,stratified_profiled_betting,0.0
52667,2016-05-29 20:00:11,True,stratified_profiled_betting,0.0
52663,2016-05-29 20:01:05,True,stratified_profiled_betting,0.0
52675,2016-05-29 22:00:09,True,stratified_profiled_betting,0.0
52673,2016-05-29 22:16:10,True,stratified_profiled_betting,0.0
52674,2016-05-29 22:46:06,True,stratified_profiled_betting,0.0
52785,2016-05-30 10:02:08,True,stratified_profiled_betting,0.0
52783,2016-05-30 10:11:06,True,stratified_profiled_betting,0.0
52784,2016-05-30 10:11:07,True,stratified_profiled_betting,0.0
52782,2016-05-30 10:16:06,True,stratified_profiled_betting,0.0
52789,2016-05-30 10:20:07,True,stratified_profiled_betting,0.0
52787,2016-05-30 10:23:06,True,stratified_profiled_betting,0.0
52791,2016-05-30 10:23:08,True,stratified_profiled_betting,0.0
52795,2016-05-30 10:40:06,True,stratified_profiled_betting,0.0
52794,2016-05-30 10:41:05,True,stratified_profiled_betting,0.0
52797,2016-05-30 11:00:05,True,stratified_profiled_betting,0.0
52790,2016-05-30 11:08:07,True,stratified_profiled_betting,0.0
52800,2016-05-30 11:20:09,True,stratified_profiled_betting,0.0
52796,2016-05-30 11:23:07,True,stratified_profiled_betting,0.0
52798,2016-05-30 11:42:07,True,stratified_profiled_betting,0.0
52804,2016-05-30 12:08:06,True,stratified_profiled_betting,0.0
52805,2016-05-30 12:22:08,True,stratified_profiled_betting,0.0
52809,2016-05-30 12:41:08,True,stratified_profiled_betting,0.0
52815,2016-05-30 12:49:06,True,stratified_profiled_betting,0.0
52817,2016-05-30 12:56:07,True,stratified_profiled_betting,0.0
52813,2016-05-30 13:00:05,True,stratified_profiled_betting,0.0
52820,2016-05-30 13:09:09,True,stratified_profiled_betting,0.0
52822,2016-05-30 13:20:08,True,stratified_profiled_betting,0.0
52828,2016-05-30 13:45:10,True,stratified_profiled_betting,0.0
52832,2016-05-30 14:00:08,True,stratified_profiled_betting,0.0
52826,2016-05-30 14:01:08,True,stratified_profiled_betting,0.0
52827,2016-05-30 14:03:10,True,stratified_profiled_betting,0.0
52825,2016-05-30 14:17:06,True,stratified_profiled_betting,0.0
52833,2016-05-30 14:39:08,True,stratified_profiled_betting,0.0
52838,2016-05-30 14:45:06,True,stratified_profiled_betting,0.0
52846,2016-05-30 15:00:09,True,stratified_profiled_betting,0.0
52847,2016-05-30 15:00:11,True,stratified_profiled_betting,0.0
52848,2016-05-30 15:00:11,True,stratified_profiled_betting,0.0
52839,2016-05-30 15:04:07,True,stratified_profiled_betting,0.0
52840,2016-05-30 15:08:09,True,stratified_profiled_betting,0.0
52845,2016-05-30 15:13:05,True,stratified_profiled_betting,0.0
52843,2016-05-30 15:17:06,True,stratified_profiled_betting,0.0
52841,2016-05-30 15:17:10,True,stratified_profiled_betting,0.0
52860,2016-05-30 15:42:07,True,stratified_profiled_betting,0.0
52854,2016-05-30 15:43:09,True,stratified_profiled_betting,0.0
52856,2016-05-30 16:01:05,True,stratified_profiled_betting,0.0
52864,2016-05-30 16:20:06,True,stratified_profiled_betting,0.0
52865,2016-05-30 16:20:11,True,stratified_profiled_betting,0.0
52875,2016-05-30 17:00:06,True,stratified_profiled_betting,0.0
52876,2016-05-30 17:14:07,True,stratified_profiled_betting,0.0
52885,2016-05-30 17:20:05,True,stratified_profiled_betting,0.0
52874,2016-05-30 17:32:05,True,stratified_profiled_betting,0.0
52878,2016-05-30 17:32:11,True,stratified_profiled_betting,0.0
52883,2016-05-30 17:37:05,True,stratified_profiled_betting,0.0
52889,2016-05-30 18:20:06,True,stratified_profiled_betting,0.0
52905,2016-05-30 18:40:08,True,stratified_profiled_betting,0.0
52906,2016-05-30 18:40:08,True,stratified_profiled_betting,0.0
52899,2016-05-30 19:14:09,True,stratified_profiled_betting,0.0
53023,2016-05-31 06:32:06,True,stratified_profiled_betting,0.0
53019,2016-05-31 06:32:07,True,stratified_profiled_betting,0.0
53026,2016-05-31 06:38:07,True,stratified_profiled_betting,0.0
53030,2016-05-31 06:40:05,True,stratified_profiled_betting,0.0
53031,2016-05-31 06:40:06,True,stratified_profiled_betting,0.0
53033,2016-05-31 07:20:07,True,stratified_profiled_betting,0.0
53038,2016-05-31 07:40:05,True,stratified_profiled_betting,0.0
53034,2016-05-31 07:41:08,True,stratified_profiled_betting,0.0
53041,2016-05-31 08:01:08,True,stratified_profiled_betting,0.0
53039,2016-05-31 08:05:06,True,stratified_profiled_betting,0.0
53049,2016-05-31 08:41:20,True,stratified_profiled_betting,0.0
53043,2016-05-31 08:51:06,True,stratified_profiled_betting,0.0
53058,2016-05-31 09:40:07,True,stratified_profiled_betting,0.0
53052,2016-05-31 09:49:09,True,stratified_profiled_betting,0.0
53055,2016-05-31 10:05:10,True,stratified_profiled_betting,0.0
53065,2016-05-31 10:23:06,True,stratified_profiled_betting,0.0
53071,2016-05-31 10:34:08,True,stratified_profiled_betting,0.0
53070,2016-05-31 10:38:07,True,stratified_profiled_betting,0.0
53077,2016-05-31 10:40:10,True,stratified_profiled_betting,0.0
53080,2016-05-31 11:00:05,True,stratified_profiled_betting,0.0
53081,2016-05-31 11:00:05,True,stratified_profiled_betting,0.0
53082,2016-05-31 11:00:09,True,stratified_profiled_betting,0.0
53279,2016-05-31 23:40:10,True,stratified_profiled_betting,0.0
53274,2016-06-01 00:00:08,True,stratified_profiled_betting,0.0
53275,2016-06-01 00:00:10,True,stratified_profiled_betting,0.0
53285,2016-06-01 00:20:06,True,stratified_profiled_betting,0.0
53277,2016-06-01 00:21:07,True,stratified_profiled_betting,0.0
53301,2016-06-01 01:00:07,True,stratified_profiled_betting,0.0
53304,2016-06-01 01:20:10,True,stratified_profiled_betting,0.0
53293,2016-06-01 01:31:09,True,stratified_profiled_betting,0.0
53308,2016-06-01 01:40:07,True,stratified_profiled_betting,0.0
53313,2016-06-01 02:00:06,True,stratified_profiled_betting,0.0
53307,2016-06-01 02:31:07,True,stratified_profiled_betting,0.0
53309,2016-06-01 02:38:09,True,stratified_profiled_betting,0.0
53314,2016-06-01 02:52:08,True,stratified_profiled_betting,0.0
53317,2016-06-01 02:57:07,True,stratified_profiled_betting,0.0
53322,2016-06-01 03:02:16,True,stratified_profiled_betting,0.0
53316,2016-06-01 03:08:06,True,stratified_profiled_betting,0.0
53333,2016-06-01 03:25:06,True,stratified_profiled_betting,0.0
53329,2016-06-01 03:26:08,True,stratified_profiled_betting,0.0
53328,2016-06-01 03:39:07,True,stratified_profiled_betting,0.0
53332,2016-06-01 04:04:05,True,stratified_profiled_betting,0.0
53337,2016-06-01 04:12:06,True,stratified_profiled_betting,0.0
53688,2016-06-02 05:31:06,True,stratified_profiled_betting,0.0
53690,2016-06-02 06:09:09,True,stratified_profiled_betting,0.0
53699,2016-06-02 06:53:11,True,stratified_profiled_betting,0.0
53710,2016-06-02 08:00:06,True,stratified_profiled_betting,0.0
53720,2016-06-02 09:00:07,True,stratified_profiled_betting,0.0
53721,2016-06-02 09:10:07,True,stratified_profiled_betting,0.0
53875,2016-06-02 22:08:08,True,stratified_profiled_betting,0.0
53878,2016-06-02 22:40:08,True,stratified_profiled_betting,0.0
53879,2016-06-02 22:40:09,True,stratified_profiled_betting,0.0
53876,2016-06-02 22:58:06,True,stratified_profiled_betting,0.0
53880,2016-06-02 23:00:07,True,stratified_profiled_betting,0.0
53887,2016-06-02 23:40:08,True,stratified_profiled_betting,0.0
53886,2016-06-02 23:45:06,True,stratified_profiled_betting,0.0
53884,2016-06-02 23:55:06,True,stratified_profiled_betting,0.0
54009,2016-06-03 12:00:06,True,stratified_profiled_betting,0.0
54013,2016-06-03 12:20:07,True,stratified_profiled_betting,0.0
54003,2016-06-03 12:23:07,True,stratified_profiled_betting,0.0
54019,2016-06-03 13:00:07,True,stratified_profiled_betting,0.0
54016,2016-06-03 13:12:08,True,stratified_profiled_betting,0.0
54018,2016-06-03 13:41:06,True,stratified_profiled_betting,0.0
54029,2016-06-03 13:44:09,True,stratified_profiled_betting,0.0
54026,2016-06-03 13:45:07,True,stratified_profiled_betting,0.0
54028,2016-06-03 13:56:09,True,stratified_profiled_betting,0.0
54032,2016-06-03 14:06:06,True,stratified_profiled_betting,0.0
54040,2016-06-03 14:20:06,True,stratified_profiled_betting,0.0
54033,2016-06-03 14:39:08,True,stratified_profiled_betting,0.0
54041,2016-06-03 14:47:08,True,stratified_profiled_betting,0.0
54051,2016-06-03 15:00:12,True,stratified_profiled_betting,0.0
54049,2016-06-03 15:06:06,True,stratified_profiled_betting,0.0
54047,2016-06-03 15:10:08,True,stratified_profiled_betting,0.0
54046,2016-06-03 15:16:07,True,stratified_profiled_betting,0.0
54050,2016-06-03 15:36:06,True,stratified_profiled_betting,0.0
54189,2016-06-04 03:05:07,True,stratified_profiled_betting,0.0
54190,2016-06-04 03:22:11,True,stratified_profiled_betting,0.0
54196,2016-06-04 05:07:24,True,stratified_profiled_betting,0.0
54199,2016-06-04 06:14:11,True,stratified_profiled_betting,0.0
54201,2016-06-04 06:54:09,True,stratified_profiled_betting,0.0
54204,2016-06-04 08:15:10,True,stratified_profiled_betting,0.0
54266,2016-06-04 19:44:09,True,stratified_profiled_betting,0.0
54276,2016-06-04 22:00:09,True,stratified_profiled_betting,0.0
54273,2016-06-04 22:09:06,True,stratified_profiled_betting,0.0
54274,2016-06-04 22:17:06,True,stratified_profiled_betting,0.0
54279,2016-06-04 23:03:11,True,stratified_profiled_betting,0.0
54278,2016-06-04 23:06:11,True,stratified_profiled_betting,0.0
54285,2016-06-04 23:40:07,True,stratified_profiled_betting,0.0
54282,2016-06-04 23:45:06,True,stratified_profiled_betting,0.0
54283,2016-06-05 00:01:09,True,stratified_profiled_betting,0.0
54286,2016-06-05 00:35:06,True,stratified_profiled_betting,0.0
54289,2016-06-05 01:00:08,True,stratified_profiled_betting,0.0
54345,2016-06-05 13:01:10,True,stratified_profiled_betting,0.0
54344,2016-06-05 13:01:11,True,stratified_profiled_betting,0.0
54350,2016-06-05 14:16:06,True,stratified_profiled_betting,0.0
54349,2016-06-05 14:34:06,True,stratified_profiled_betting,0.0
54352,2016-06-05 14:34:10,True,stratified_profiled_betting,0.0
54354,2016-06-05 15:20:06,True,stratified_profiled_betting,0.0
54364,2016-06-05 15:40:07,True,stratified_profiled_betting,0.0
54365,2016-06-05 16:18:13,True,stratified_profiled_betting,0.0
54373,2016-06-05 16:52:12,True,stratified_profiled_betting,0.0
54369,2016-06-05 17:03:06,True,stratified_profiled_betting,0.0
54371,2016-06-05 17:06:10,True,stratified_profiled_betting,0.0
54376,2016-06-05 17:38:09,True,stratified_profiled_betting,0.0
54381,2016-06-05 17:40:07,True,stratified_profiled_betting,0.0
54380,2016-06-05 17:55:06,True,stratified_profiled_betting,0.0
54383,2016-06-05 18:00:07,True,stratified_profiled_betting,0.0
54379,2016-06-05 18:02:06,True,stratified_profiled_betting,0.0
54378,2016-06-05 18:05:06,True,stratified_profiled_betting,0.0
54386,2016-06-05 18:20:12,True,stratified_profiled_betting,0.0
54382,2016-06-05 18:35:07,True,stratified_profiled_betting,0.0
54391,2016-06-05 19:10:11,True,stratified_profiled_betting,0.0
54390,2016-06-05 19:19:07,True,stratified_profiled_betting,0.0
54394,2016-06-05 19:34:08,True,stratified_profiled_betting,0.0
54396,2016-06-05 20:02:06,True,stratified_profiled_betting,0.0
54485,2016-06-06 07:01:06,True,stratified_profiled_betting,0.0
54493,2016-06-06 08:40:07,True,stratified_profiled_betting,0.0
54497,2016-06-06 09:00:07,True,stratified_profiled_betting,0.0
54500,2016-06-06 09:20:06,True,stratified_profiled_betting,0.0
54507,2016-06-06 10:03:12,True,stratified_profiled_betting,0.0
54504,2016-06-06 10:16:06,True,stratified_profiled_betting,0.0
54519,2016-06-06 10:40:09,True,stratified_profiled_betting,0.0
54512,2016-06-06 10:55:07,True,stratified_profiled_betting,0.0
54523,2016-06-06 11:00:06,True,stratified_profiled_betting,0.0
54524,2016-06-06 11:00:07,True,stratified_profiled_betting,0.0
54525,2016-06-06 11:01:07,True,stratified_profiled_betting,0.0
54513,2016-06-06 11:02:09,True,stratified_profiled_betting,0.0
54518,2016-06-06 11:26:07,True,stratified_profiled_betting,0.0
54522,2016-06-06 11:28:06,True,stratified_profiled_betting,0.0
54529,2016-06-06 11:32:07,True,stratified_profiled_betting,0.0
54531,2016-06-06 11:32:08,True,stratified_profiled_betting,0.0
54530,2016-06-06 11:42:07,True,stratified_profiled_betting,0.0
54537,2016-06-06 11:45:08,True,stratified_profiled_betting,0.0
54539,2016-06-06 12:00:07,True,stratified_profiled_betting,0.0
54536,2016-06-06 12:10:07,True,stratified_profiled_betting,0.0
54532,2016-06-06 12:17:09,True,stratified_profiled_betting,0.0
54549,2016-06-06 12:20:12,True,stratified_profiled_betting,0.0
54543,2016-06-06 12:31:09,True,stratified_profiled_betting,0.0
54545,2016-06-06 12:32:11,True,stratified_profiled_betting,0.0
54542,2016-06-06 12:42:08,True,stratified_profiled_betting,0.0
54552,2016-06-06 12:53:08,True,stratified_profiled_betting,0.0
54558,2016-06-06 13:00:08,True,stratified_profiled_betting,0.0
54548,2016-06-06 13:05:08,True,stratified_profiled_betting,0.0
54547,2016-06-06 13:08:08,True,stratified_profiled_betting,0.0
54565,2016-06-06 13:20:07,True,stratified_profiled_betting,0.0
54553,2016-06-06 13:36:08,True,stratified_profiled_betting,0.0
54572,2016-06-06 13:40:11,True,stratified_profiled_betting,0.0
54564,2016-06-06 13:54:06,True,stratified_profiled_betting,0.0
54577,2016-06-06 14:32:11,True,stratified_profiled_betting,0.0
54581,2016-06-06 14:59:07,True,stratified_profiled_betting,0.0
54582,2016-06-06 15:04:11,True,stratified_profiled_betting,0.0
54590,2016-06-06 15:15:08,True,stratified_profiled_betting,0.0
54596,2016-06-06 15:23:07,True,stratified_profiled_betting,0.0
54597,2016-06-06 15:38:07,True,stratified_profiled_betting,0.0
54598,2016-06-06 15:38:08,True,stratified_profiled_betting,0.0
54599,2016-06-06 15:40:09,True,stratified_profiled_betting,0.0
54612,2016-06-06 16:00:10,True,stratified_profiled_betting,0.0
54604,2016-06-06 16:00:23,True,stratified_profiled_betting,0.0
54609,2016-06-06 16:10:12,True,stratified_profiled_betting,0.0
54608,2016-06-06 16:16:10,True,stratified_profiled_betting,0.0
54606,2016-06-06 16:37:08,True,stratified_profiled_betting,0.0
54618,2016-06-06 16:43:06,True,stratified_profiled_betting,0.0
54620,2016-06-06 16:59:07,True,stratified_profiled_betting,0.0
54619,2016-06-06 17:02:07,True,stratified_profiled_betting,0.0
54754,2016-06-07 05:26:22,True,stratified_profiled_betting,0.0
54761,2016-06-07 06:20:06,True,stratified_profiled_betting,0.0
54762,2016-06-07 06:26:07,True,stratified_profiled_betting,0.0
54772,2016-06-07 07:00:08,True,stratified_profiled_betting,0.0
54778,2016-06-07 07:41:11,True,stratified_profiled_betting,0.0
54777,2016-06-07 07:53:09,True,stratified_profiled_betting,0.0
54774,2016-06-07 07:58:07,True,stratified_profiled_betting,0.0
54775,2016-06-07 08:03:08,True,stratified_profiled_betting,0.0
54785,2016-06-07 09:08:09,True,stratified_profiled_betting,0.0
54792,2016-06-07 09:36:08,True,stratified_profiled_betting,0.0
54793,2016-06-07 09:45:10,True,stratified_profiled_betting,0.0
54794,2016-06-07 10:02:12,True,stratified_profiled_betting,0.0
54790,2016-06-07 10:17:06,True,stratified_profiled_betting,0.0
54798,2016-06-07 10:18:08,True,stratified_profiled_betting,0.0
54924,2016-06-07 21:01:06,True,stratified_profiled_betting,0.0
54933,2016-06-07 21:20:12,True,stratified_profiled_betting,0.0
54932,2016-06-07 22:06:08,True,stratified_profiled_betting,0.0
54939,2016-06-07 22:27:12,True,stratified_profiled_betting,0.0
54949,2016-06-07 22:50:14,True,stratified_profiled_betting,0.0
55212,2016-06-08 21:46:08,True,stratified_profiled_betting,0.0
55225,2016-06-08 22:04:13,True,stratified_profiled_betting,0.0
55227,2016-06-08 22:20:07,True,stratified_profiled_betting,0.0
55232,2016-06-08 22:45:09,True,stratified_profiled_betting,0.0
55231,2016-06-08 23:31:07,True,stratified_profiled_betting,0.0
55234,2016-06-08 23:40:07,True,stratified_profiled_betting,0.0
55236,2016-06-08 23:50:11,True,stratified_profiled_betting,0.0
55235,2016-06-08 23:59:10,True,stratified_profiled_betting,0.0
55238,2016-06-09 00:20:06,True,stratified_profiled_betting,0.0
55241,2016-06-09 00:20:07,True,stratified_profiled_betting,0.0
55242,2016-06-09 00:20:07,True,stratified_profiled_betting,0.0
55245,2016-06-09 00:40:07,True,stratified_profiled_betting,0.0
55239,2016-06-09 00:47:09,True,stratified_profiled_betting,0.0
55251,2016-06-09 01:00:09,True,stratified_profiled_betting,0.0
55250,2016-06-09 01:41:07,True,stratified_profiled_betting,0.0
55255,2016-06-09 02:28:10,True,stratified_profiled_betting,0.0
55253,2016-06-09 02:35:09,True,stratified_profiled_betting,0.0
55661,2016-06-10 19:40:07,True,stratified_profiled_betting,0.0
55663,2016-06-10 19:49:12,True,stratified_profiled_betting,0.0
55659,2016-06-10 20:13:07,True,stratified_profiled_betting,0.0
57577,2016-06-18 21:15:03,True,stratified_profiled_betting,0.0
57588,2016-06-18 21:40:03,True,stratified_profiled_betting,0.0
57585,2016-06-18 22:13:10,True,stratified_profiled_betting,0.0
57591,2016-06-18 22:40:03,True,stratified_profiled_betting,0.0
57592,2016-06-18 22:40:07,True,stratified_profiled_betting,0.0
57612,2016-06-19 05:32:04,True,stratified_profiled_betting,0.0
57629,2016-06-19 07:05:04,True,stratified_profiled_betting,0.0
57624,2016-06-19 07:20:03,True,stratified_profiled_betting,0.0
57625,2016-06-19 07:24:04,True,stratified_profiled_betting,0.0
57635,2016-06-19 07:52:03,True,stratified_profiled_betting,0.0
57641,2016-06-19 08:20:08,True,stratified_profiled_betting,0.0
57640,2016-06-19 09:04:06,True,stratified_profiled_betting,0.0
57638,2016-06-19 09:13:03,True,stratified_profiled_betting,0.0
57645,2016-06-19 09:16:03,True,stratified_profiled_betting,0.0
57659,2016-06-19 10:40:13,True,stratified_profiled_betting,0.0
57664,2016-06-19 11:00:04,True,stratified_profiled_betting,0.0
57660,2016-06-19 11:06:13,True,stratified_profiled_betting,0.0
57665,2016-06-19 11:31:06,True,stratified_profiled_betting,0.0
57668,2016-06-19 11:40:03,True,stratified_profiled_betting,0.0
57672,2016-06-19 12:00:07,True,stratified_profiled_betting,0.0
57708,2016-06-19 20:36:03,True,stratified_profiled_betting,0.0
57719,2016-06-19 22:02:03,True,stratified_profiled_betting,0.0
57721,2016-06-19 22:11:07,True,stratified_profiled_betting,0.0
57723,2016-06-19 22:36:03,True,stratified_profiled_betting,0.0
57725,2016-06-19 22:44:14,True,stratified_profiled_betting,0.0
57726,2016-06-19 22:55:15,True,stratified_profiled_betting,0.0
57727,2016-06-19 22:56:04,True,stratified_profiled_betting,0.0
57730,2016-06-19 23:03:03,True,stratified_profiled_betting,0.0
57737,2016-06-19 23:20:06,True,stratified_profiled_betting,0.0
57735,2016-06-20 00:03:03,True,stratified_profiled_betting,0.0
57738,2016-06-20 00:05:03,True,stratified_profiled_betting,0.0
57744,2016-06-20 00:40:03,True,stratified_profiled_betting,0.0
57739,2016-06-20 00:49:05,True,stratified_profiled_betting,0.0
57743,2016-06-20 01:17:03,True,stratified_profiled_betting,0.0
57747,2016-06-20 01:17:03,True,stratified_profiled_betting,0.0
57749,2016-06-20 01:20:06,True,stratified_profiled_betting,0.0
57751,2016-06-20 01:40:04,True,stratified_profiled_betting,0.0
57752,2016-06-20 01:40:05,True,stratified_profiled_betting,0.0
57755,2016-06-20 02:42:06,True,stratified_profiled_betting,0.0
57758,2016-06-20 03:40:04,True,stratified_profiled_betting,0.0
57761,2016-06-20 03:40:07,True,stratified_profiled_betting,0.0
57759,2016-06-20 03:56:04,True,stratified_profiled_betting,0.0
57766,2016-06-20 04:42:07,True,stratified_profiled_betting,0.0
57770,2016-06-20 05:34:04,True,stratified_profiled_betting,0.0
57778,2016-06-20 06:35:04,True,stratified_profiled_betting,0.0
57791,2016-06-20 07:20:04,True,stratified_profiled_betting,0.0
57784,2016-06-20 07:35:09,True,stratified_profiled_betting,0.0
57785,2016-06-20 07:46:04,True,stratified_profiled_betting,0.0
57794,2016-06-20 08:01:05,True,stratified_profiled_betting,0.0
57798,2016-06-20 08:22:04,True,stratified_profiled_betting,0.0
57793,2016-06-20 08:25:04,True,stratified_profiled_betting,0.0
57799,2016-06-20 08:29:04,True,stratified_profiled_betting,0.0
57800,2016-06-20 08:33:06,True,stratified_profiled_betting,0.0
57820,2016-06-20 10:00:09,True,stratified_profiled_betting,0.0
57811,2016-06-20 10:06:05,True,stratified_profiled_betting,0.0
57809,2016-06-20 10:09:03,True,stratified_profiled_betting,0.0
57818,2016-06-20 10:19:03,True,stratified_profiled_betting,0.0
57829,2016-06-20 10:40:10,True,stratified_profiled_betting,0.0
57830,2016-06-20 10:40:10,True,stratified_profiled_betting,0.0
57822,2016-06-20 10:58:04,True,stratified_profiled_betting,0.0
57824,2016-06-20 11:03:07,True,stratified_profiled_betting,0.0
57827,2016-06-20 11:04:05,True,stratified_profiled_betting,0.0
57838,2016-06-20 11:20:04,True,stratified_profiled_betting,0.0
57834,2016-06-20 11:21:06,True,stratified_profiled_betting,0.0
57845,2016-06-20 12:07:04,True,stratified_profiled_betting,0.0
57848,2016-06-20 12:10:04,True,stratified_profiled_betting,0.0
57855,2016-06-20 12:20:10,True,stratified_profiled_betting,0.0
57858,2016-06-20 13:07:03,True,stratified_profiled_betting,0.0
57854,2016-06-20 13:08:06,True,stratified_profiled_betting,0.0
57859,2016-06-20 13:19:06,True,stratified_profiled_betting,0.0
57864,2016-06-20 13:33:06,True,stratified_profiled_betting,0.0
57875,2016-06-20 14:00:11,True,stratified_profiled_betting,0.0
57873,2016-06-20 14:20:04,True,stratified_profiled_betting,0.0
57879,2016-06-20 14:20:07,True,stratified_profiled_betting,0.0
57870,2016-06-20 14:30:05,True,stratified_profiled_betting,0.0
57869,2016-06-20 14:38:05,True,stratified_profiled_betting,0.0
57878,2016-06-20 14:45:06,True,stratified_profiled_betting,0.0
57874,2016-06-20 14:49:06,True,stratified_profiled_betting,0.0
57877,2016-06-20 15:17:05,True,stratified_profiled_betting,0.0
57883,2016-06-20 15:34:05,True,stratified_profiled_betting,0.0
57894,2016-06-20 15:50:03,True,stratified_profiled_betting,0.0
57889,2016-06-20 15:59:03,True,stratified_profiled_betting,0.0
57902,2016-06-20 16:02:09,True,stratified_profiled_betting,0.0
57923,2016-06-20 17:17:07,True,stratified_profiled_betting,0.0
57920,2016-06-20 17:32:04,True,stratified_profiled_betting,0.0
57930,2016-06-20 17:32:08,True,stratified_profiled_betting,0.0
57929,2016-06-20 17:52:04,True,stratified_profiled_betting,0.0
57936,2016-06-20 18:00:05,True,stratified_profiled_betting,0.0
57949,2016-06-20 18:43:04,True,stratified_profiled_betting,0.0
57970,2016-06-20 20:00:08,True,stratified_profiled_betting,0.0
57960,2016-06-20 20:01:06,True,stratified_profiled_betting,0.0
46414,2016-05-01 00:40:15,True,aggregate_reference_u,0.0014428584246185556
46420,2016-05-01 01:40:16,True,aggregate_reference_u,0.00291064606363634
46425,2016-05-01 02:20:20,True,aggregate_reference_u,-0.004703377692473504
46426,2016-05-01 02:20:20,True,aggregate_reference_u,-0.0026641406238748218
46428,2016-05-01 02:40:14,True,aggregate_reference_u,0.004554407157733412
46435,2016-05-01 04:57:15,True,aggregate_reference_u,-0.005949544642067935
46434,2016-05-01 05:06:20,True,aggregate_reference_u,0.0012530157261638137
46437,2016-05-01 05:38:29,True,aggregate_reference_u,0.004030480440058593
46444,2016-05-01 06:00:16,True,aggregate_reference_u,0.004745631892674389
46446,2016-05-01 06:00:20,True,aggregate_reference_u,0.014302938807495311
46440,2016-05-01 06:05:19,True,aggregate_reference_u,-0.007794734662281741
46445,2016-05-01 06:11:19,True,aggregate_reference_u,0.006470065076367747
46454,2016-05-01 07:00:14,True,aggregate_reference_u,-0.0036902323352887827
46455,2016-05-01 07:02:16,True,aggregate_reference_u,-0.00036375725287904456
46451,2016-05-01 07:06:17,True,aggregate_reference_u,-0.006541767236937713
46531,2016-05-01 18:40:14,True,aggregate_reference_u,0.001874133258120067
46534,2016-05-01 18:40:14,True,aggregate_reference_u,-0.0001514988236529647
46536,2016-05-01 19:16:18,True,aggregate_reference_u,0.0012117106063875213
46535,2016-05-01 19:24:16,True,aggregate_reference_u,-0.01708822581846979
46544,2016-05-01 20:16:14,True,aggregate_reference_u,0.00562886396804091
46548,2016-05-01 20:42:16,True,aggregate_reference_u,0.0019468850970958806
46554,2016-05-01 21:00:21,True,aggregate_reference_u,-0.002838450753136308
46553,2016-05-01 21:06:17,True,aggregate_reference_u,0.0017467610072882823
46549,2016-05-01 21:14:22,True,aggregate_reference_u,-0.008602814308147563
46552,2016-05-01 21:40:14,True,aggregate_reference_u,0.001226011369008421
46559,2016-05-01 21:40:15,True,aggregate_reference_u,0.0038975357142233893
46555,2016-05-01 21:51:16,True,aggregate_reference_u,0.0009432004307092026
46563,2016-05-01 22:00:15,True,aggregate_reference_u,-0.025324381587732245
46560,2016-05-01 22:03:17,True,aggregate_reference_u,-0.0005190164565029923
46561,2016-05-01 22:03:18,True,aggregate_reference_u,-0.010463476864646888
46564,2016-05-01 22:58:16,True,aggregate_reference_u,-0.0004618276651853172
46574,2016-05-01 23:40:15,True,aggregate_reference_u,0.0044566027730506205
46575,2016-05-02 00:04:18,True,aggregate_reference_u,0.0038015926365538213
46578,2016-05-02 00:17:16,True,aggregate_reference_u,0.01537427636838868
46581,2016-05-02 00:37:19,True,aggregate_reference_u,0.020388834576192456
46588,2016-05-02 01:11:14,True,aggregate_reference_u,-0.002946884811610493
46582,2016-05-02 01:11:20,True,aggregate_reference_u,0.0009786749100545097
46592,2016-05-02 01:40:15,True,aggregate_reference_u,-0.0004388818875088966
46589,2016-05-02 01:41:15,True,aggregate_reference_u,0.00010646968839032357
46594,2016-05-02 02:41:17,True,aggregate_reference_u,0.015572403530919349
46596,2016-05-02 02:42:19,True,aggregate_reference_u,0.006967513507257321
46608,2016-05-02 04:38:20,True,aggregate_reference_u,-0.00192445118859554
46725,2016-05-02 15:24:14,True,aggregate_reference_u,0.0023071725644762827
46726,2016-05-02 15:29:14,True,aggregate_reference_u,-0.0008980850609168999
46740,2016-05-02 15:40:16,True,aggregate_reference_u,-0.010517505816847884
46743,2016-05-02 16:00:15,True,aggregate_reference_u,0.024985279102568283
46745,2016-05-02 16:00:15,True,aggregate_reference_u,2.1436442511569755e-05
46744,2016-05-02 16:27:15,True,aggregate_reference_u,-0.009332481579006825
46756,2016-05-02 16:40:16,True,aggregate_reference_u,-0.004288467564337536
46755,2016-05-02 16:57:15,True,aggregate_reference_u,0.002975593397989788
46762,2016-05-02 17:00:18,True,aggregate_reference_u,-0.005668852261419699
46763,2016-05-02 17:11:20,True,aggregate_reference_u,0.0034314540019539444
46770,2016-05-02 17:20:19,True,aggregate_reference_u,0.003916428542914055
46759,2016-05-02 17:31:15,True,aggregate_reference_u,-0.004393418418901014
46778,2016-05-02 17:40:17,True,aggregate_reference_u,-0.0018019564159350429
46760,2016-05-02 17:43:16,True,aggregate_reference_u,-0.04065326648174827
46775,2016-05-02 17:44:15,True,aggregate_reference_u,0.022971944369003308
46761,2016-05-02 17:46:16,True,aggregate_reference_u,-0.006656899345973107
46767,2016-05-02 17:47:16,True,aggregate_reference_u,0.004118157496149989
46776,2016-05-02 18:04:15,True,aggregate_reference_u,-0.008796631634048556
46781,2016-05-02 18:26:18,True,aggregate_reference_u,0.0022743370574832833
46777,2016-05-02 18:37:16,True,aggregate_reference_u,-0.013520797111291748
46788,2016-05-02 18:40:14,True,aggregate_reference_u,0.003319520977097836
46789,2016-05-02 18:40:15,True,aggregate_reference_u,-0.001198305036066155
46787,2016-05-02 19:02:17,True,aggregate_reference_u,0.0041806297202379265
46790,2016-05-02 19:07:15,True,aggregate_reference_u,-0.010195173921458307
46792,2016-05-02 19:51:14,True,aggregate_reference_u,-0.000653359928292649
46805,2016-05-02 20:00:24,True,aggregate_reference_u,-0.0007522010913797554
46798,2016-05-02 20:02:15,True,aggregate_reference_u,0.009039526174350974
46797,2016-05-02 20:03:15,True,aggregate_reference_u,-0.0032943320366304457
46793,2016-05-02 20:11:19,True,aggregate_reference_u,-0.009147846184091084
46799,2016-05-02 20:13:17,True,aggregate_reference_u,-0.0034119283969977487
46808,2016-05-02 20:20:31,True,aggregate_reference_u,0.0008011115898380649
46806,2016-05-02 20:29:27,True,aggregate_reference_u,0.0004229819502788376
46818,2016-05-02 20:56:21,True,aggregate_reference_u,0.007387167585800811
46820,2016-05-02 21:00:19,True,aggregate_reference_u,0.00026924340505280614
46816,2016-05-02 21:01:16,True,aggregate_reference_u,-0.0016882841942007694
46819,2016-05-02 21:21:19,True,aggregate_reference_u,-0.006790011825321355
46933,2016-05-03 09:00:19,True,aggregate_reference_u,5.9646652834184286e-05
46930,2016-05-03 09:16:16,True,aggregate_reference_u,0.005667973447547339
46937,2016-05-03 09:49:21,True,aggregate_reference_u,-0.007939459815936247
46936,2016-05-03 09:52:15,True,aggregate_reference_u,-0.007113975809781133
46940,2016-05-03 10:00:15,True,aggregate_reference_u,-0.0033300281874632264
46935,2016-05-03 10:02:15,True,aggregate_reference_u,-0.002823525080631728
46941,2016-05-03 10:28:16,True,aggregate_reference_u,0.0061443249533793785
46944,2016-05-03 10:33:15,True,aggregate_reference_u,-0.002304869294711717
46949,2016-05-03 10:42:21,True,aggregate_reference_u,0.006865910849019333
46946,2016-05-03 10:48:15,True,aggregate_reference_u,-0.0034024412576487244
46948,2016-05-03 11:01:18,True,aggregate_reference_u,-0.00448854035922068
46947,2016-05-03 11:19:15,True,aggregate_reference_u,-0.0042606124268361675
46952,2016-05-03 11:20:21,True,aggregate_reference_u,-0.0023139198320798015
46953,2016-05-03 11:40:15,True,aggregate_reference_u,0.015208160628774711
46956,2016-05-03 12:08:15,True,aggregate_reference_u,0.0032466144612465046
46959,2016-05-03 12:20:15,True,aggregate_reference_u,5.702807183674045e-05
46965,2016-05-03 12:40:19,True,aggregate_reference_u,-0.0026199018935372936
46960,2016-05-03 12:44:20,True,aggregate_reference_u,-0.0014433340066285958
46969,2016-05-03 13:00:15,True,aggregate_reference_u,0.004996702412689003
46971,2016-05-03 13:13:18,True,aggregate_reference_u,0.0010586608796760116
46962,2016-05-03 13:14:18,True,aggregate_reference_u,-0.003839752876519822
46978,2016-05-03 13:26:16,True,aggregate_reference_u,0.006593020026337097
46982,2016-05-03 13:40:15,True,aggregate_reference_u,-0.0033010237666313176
46984,2016-05-03 13:40:21,True,aggregate_reference_u,0.0010370486811007683
46979,2016-05-03 13:52:16,True,aggregate_reference_u,-0.017603868178891577
46983,2016-05-03 13:54:18,True,aggregate_reference_u,0.0026269560394980023
46980,2016-05-03 13:59:21,True,aggregate_reference_u,-0.004648081867797957
47118,2016-05-04 01:47:20,True,aggregate_reference_u,-0.01484321560466409
47122,2016-05-04 02:00:16,True,aggregate_reference_u,-0.025797897962137436
47120,2016-05-04 02:04:18,True,aggregate_reference_u,0.000544133946130395
47125,2016-05-04 02:20:20,True,aggregate_reference_u,-0.009119462840266265
47124,2016-05-04 02:46:16,True,aggregate_reference_u,0.017401988195936104
47128,2016-05-04 03:41:19,True,aggregate_reference_u,-0.00028193560342852484
47127,2016-05-04 03:46:16,True,aggregate_reference_u,0.000938064840355773
47129,2016-05-04 04:01:15,True,aggregate_reference_u,0.004006599553945948
47134,2016-05-04 04:37:16,True,aggregate_reference_u,0.005438113133237884
47133,2016-05-04 04:42:16,True,aggregate_reference_u,-0.0013542433848251923
47143,2016-05-04 05:00:25,True,aggregate_reference_u,-0.01589405258428543
47144,2016-05-04 05:12:27,True,aggregate_reference_u,0.022719650862616264
47150,2016-05-04 05:55:17,True,aggregate_reference_u,-0.0015794748284444309
47284,2016-05-04 18:07:20,True,aggregate_reference_u,-0.02414307720477482
47288,2016-05-04 18:18:17,True,aggregate_reference_u,-0.020472841089282934
47297,2016-05-04 18:20:19,True,aggregate_reference_u,0.01307682967146645
47296,2016-05-04 18:40:19,True,aggregate_reference_u,-0.00013486406248481436
47302,2016-05-04 18:43:15,True,aggregate_reference_u,0.01686681535995327
47292,2016-05-04 18:48:15,True,aggregate_reference_u,0.009628010318093957
47295,2016-05-04 18:56:14,True,aggregate_reference_u,-0.0017220879117103727
47306,2016-05-04 19:00:15,True,aggregate_reference_u,0.0021969838680372437
47313,2016-05-04 19:40:17,True,aggregate_reference_u,0.004870739832483789
47314,2016-05-04 19:40:23,True,aggregate_reference_u,-0.0030242355700945893
47310,2016-05-04 19:44:31,True,aggregate_reference_u,-0.0023404910738669712
47317,2016-05-04 20:00:18,True,aggregate_reference_u,0.0012969515604314315
47311,2016-05-04 20:02:31,True,aggregate_reference_u,0.014091898025617847
47320,2016-05-04 20:25:18,True,aggregate_reference_u,-0.00010973765083500698
47325,2016-05-04 20:40:14,True,aggregate_reference_u,0.000986805299773321
47326,2016-05-04 20:40:19,True,aggregate_reference_u,0.00036311578089664624
47321,2016-05-04 21:15:19,True,aggregate_reference_u,0.008458934213148087
47411,2016-05-05 09:10:15,True,aggregate_reference_u,0.005497335845284657
47419,2016-05-05 09:20:20,True,aggregate_reference_u,0.0002636109159804621
47415,2016-05-05 09:47:25,True,aggregate_reference_u,0.001710812424318555
47414,2016-05-05 09:52:25,True,aggregate_reference_u,-0.0028855132856664507
47422,2016-05-05 10:06:15,True,aggregate_reference_u,-0.007579928783197233
47418,2016-05-05 10:08:16,True,aggregate_reference_u,-0.005047239181046202
47427,2016-05-05 10:38:16,True,aggregate_reference_u,0.005253671920417457
47428,2016-05-05 11:00:16,True,aggregate_reference_u,0.029764038872218956
47440,2016-05-05 11:40:18,True,aggregate_reference_u,0.0032505365953564083
47436,2016-05-05 12:05:25,True,aggregate_reference_u,-0.007043976101707291
47437,2016-05-05 12:10:27,True,aggregate_reference_u,-0.001735232381596471
47439,2016-05-05 12:32:14,True,aggregate_reference_u,0.001953679148323129
47444,2016-05-05 12:38:16,True,aggregate_reference_u,-0.0004929302303530413
47454,2016-05-05 13:02:30,True,aggregate_reference_u,-0.0021756409580110186
47449,2016-05-05 13:04:18,True,aggregate_reference_u,0.003031316945207127
47463,2016-05-05 13:20:15,True,aggregate_reference_u,-0.0038235621080004237
47464,2016-05-05 13:20:20,True,aggregate_reference_u,-0.0016112217085199492
47460,2016-05-05 13:31:19,True,aggregate_reference_u,-0.0036303625963561947
47468,2016-05-05 13:40:17,True,aggregate_reference_u,0.002757860338957976
47469,2016-05-05 13:40:17,True,aggregate_reference_u,0.007078676422950189
47470,2016-05-05 13:40:19,True,aggregate_reference_u,0.007527669674390128
47611,2016-05-06 02:38:19,True,aggregate_reference_u,-0.0016589759256011379
47618,2016-05-06 03:00:18,True,aggregate_reference_u,0.009534859635893945
47619,2016-05-06 03:00:20,True,aggregate_reference_u,0.01694178771403201
47622,2016-05-06 03:30:16,True,aggregate_reference_u,-0.005724882092796979
47630,2016-05-06 04:40:18,True,aggregate_reference_u,0.0004791823432123317
47631,2016-05-06 06:04:16,True,aggregate_reference_u,0.0004843118799206542
47774,2016-05-06 18:29:16,True,aggregate_reference_u,0.016495266148752984
47772,2016-05-06 18:31:19,True,aggregate_reference_u,0.005333728521588893
47777,2016-05-06 18:31:23,True,aggregate_reference_u,0.012737244124827164
47771,2016-05-06 18:39:16,True,aggregate_reference_u,-0.008895340198512638
47781,2016-05-06 19:11:20,True,aggregate_reference_u,0.0031073777675392697
47805,2016-05-06 21:22:19,True,aggregate_reference_u,0.002881820047906095
47804,2016-05-06 21:27:16,True,aggregate_reference_u,-0.0027388223392493275
47809,2016-05-06 21:51:19,True,aggregate_reference_u,-0.0021455932483234307
47882,2016-05-07 10:29:16,True,aggregate_reference_u,0.009266953786060479
47888,2016-05-07 12:00:15,True,aggregate_reference_u,0.02742878134454245
47893,2016-05-07 12:33:18,True,aggregate_reference_u,0.003447281952535155
47897,2016-05-07 14:08:14,True,aggregate_reference_u,0.0008581108043856673
47903,2016-05-07 14:20:15,True,aggregate_reference_u,-0.007081845105244337
47901,2016-05-07 14:32:16,True,aggregate_reference_u,0.002611825135418624
47905,2016-05-07 14:40:16,True,aggregate_reference_u,-0.00879319605141651
47906,2016-05-07 14:40:18,True,aggregate_reference_u,-0.00012684978100312448
47955,2016-05-08 02:57:17,True,aggregate_reference_u,-0.0016330404889576917
47954,2016-05-08 03:04:16,True,aggregate_reference_u,-0.0037138235869443557
47957,2016-05-08 03:05:15,True,aggregate_reference_u,0.0016319795596722504
47958,2016-05-08 03:06:18,True,aggregate_reference_u,0.0062649249924143224
47960,2016-05-08 03:32:16,True,aggregate_reference_u,0.0018093909408128245
47961,2016-05-08 03:48:16,True,aggregate_reference_u,0.005713496529249275
47967,2016-05-08 04:27:17,True,aggregate_reference_u,-0.000333503626734858
47964,2016-05-08 04:38:16,True,aggregate_reference_u,0.013757919174827188
47971,2016-05-08 05:40:17,True,aggregate_reference_u,-0.0003357639682383001
47972,2016-05-08 05:49:19,True,aggregate_reference_u,-0.0035825423263367183
47970,2016-05-08 06:13:15,True,aggregate_reference_u,-0.0011348662443910976
47969,2016-05-08 06:15:16,True,aggregate_reference_u,-0.002536798244056828
47973,2016-05-08 06:17:15,True,aggregate_reference_u,0.0028579517383406036
47978,2016-05-08 06:51:15,True,aggregate_reference_u,0.00779136146020348
47982,2016-05-08 07:24:17,True,aggregate_reference_u,-0.006921472248462687
47990,2016-05-08 08:20:14,True,aggregate_reference_u,-0.003644361511994862
47987,2016-05-08 08:21:17,True,aggregate_reference_u,0.00824875074462817
47992,2016-05-08 08:40:16,True,aggregate_reference_u,0.0015153250597569803
47996,2016-05-08 09:00:24,True,aggregate_reference_u,0.01072292945479337
48001,2016-05-08 09:20:18,True,aggregate_reference_u,0.003883597550353054
48003,2016-05-08 09:40:15,True,aggregate_reference_u,0.010020573931037793
48005,2016-05-08 10:08:15,True,aggregate_reference_u,-0.010797273824733992
47999,2016-05-08 10:13:15,True,aggregate_reference_u,-0.009895566992107578
48007,2016-05-08 11:04:16,True,aggregate_reference_u,-0.012412600153817233
48009,2016-05-08 11:08:15,True,aggregate_reference_u,-0.005883106857675571
48010,2016-05-08 11:55:25,True,aggregate_reference_u,-0.0006444082606690703
48077,2016-05-08 23:17:19,True,aggregate_reference_u,0.0007573808229821366
48078,2016-05-08 23:43:15,True,aggregate_reference_u,-0.014923423950524595
48082,2016-05-09 00:01:15,True,aggregate_reference_u,-0.002407059157600682
48079,2016-05-09 00:06:17,True,aggregate_reference_u,0.011111555040689967
48088,2016-05-09 00:40:16,True,aggregate_reference_u,-0.00017112107195362686
48091,2016-05-09 01:00:15,True,aggregate_reference_u,0.0195358389885237
48092,2016-05-09 01:00:16,True,aggregate_reference_u,0.011410673819208288
48094,2016-05-09 01:00:20,True,aggregate_reference_u,0.0012584965970312656
48093,2016-05-09 01:04:18,True,aggregate_reference_u,0.0054070946448024106
48084,2016-05-09 01:14:15,True,aggregate_reference_u,0.0011830296629457906
48098,2016-05-09 01:20:16,True,aggregate_reference_u,-0.013334103416642963
48086,2016-05-09 01:31:16,True,aggregate_reference_u,0.006470883646803996
48100,2016-05-09 01:40:15,True,aggregate_reference_u,0.009316985157006654
48104,2016-05-09 02:00:18,True,aggregate_reference_u,-0.020701277981232766
48105,2016-05-09 02:00:20,True,aggregate_reference_u,-0.008290220343797993
48097,2016-05-09 02:10:15,True,aggregate_reference_u,0.015002832581920521
48111,2016-05-09 03:04:16,True,aggregate_reference_u,-0.004655871373598401
48113,2016-05-09 03:20:15,True,aggregate_reference_u,0.004265294882225795
48115,2016-05-09 03:39:19,True,aggregate_reference_u,-0.0036576713035390467
48119,2016-05-09 04:00:18,True,aggregate_reference_u,0.0021090090328674226
48114,2016-05-09 04:13:15,True,aggregate_reference_u,-0.001378253973920343
48122,2016-05-09 04:57:17,True,aggregate_reference_u,-0.0006655868020593915
48126,2016-05-09 05:04:15,True,aggregate_reference_u,-0.003680852572675636
48121,2016-05-09 05:16:15,True,aggregate_reference_u,-0.0032846641441042594
48139,2016-05-09 05:20:16,True,aggregate_reference_u,0.001383806686566457
48135,2016-05-09 05:36:15,True,aggregate_reference_u,0.0092802420483232
48142,2016-05-09 05:40:15,True,aggregate_reference_u,0.0015343266875037266
48143,2016-05-09 05:47:17,True,aggregate_reference_u,-0.010193665101203706
48147,2016-05-09 06:00:15,True,aggregate_reference_u,0.00022343575305438157
48148,2016-05-09 06:23:20,True,aggregate_reference_u,-0.0372140490788474
48160,2016-05-09 07:05:15,True,aggregate_reference_u,0.0026617151976818126
48153,2016-05-09 07:13:18,True,aggregate_reference_u,-0.002722182214186625
48157,2016-05-09 07:25:16,True,aggregate_reference_u,0.0021761810169602692
48172,2016-05-09 08:25:16,True,aggregate_reference_u,-0.010169964203874438
48175,2016-05-09 08:40:21,True,aggregate_reference_u,0.004677469795799857
48170,2016-05-09 08:41:16,True,aggregate_reference_u,-0.004654810215878984
48171,2016-05-09 08:44:16,True,aggregate_reference_u,0.010720277017052436
48174,2016-05-09 08:55:16,True,aggregate_reference_u,0.002289600210850525
48182,2016-05-09 09:20:20,True,aggregate_reference_u,-0.003140439923951732
48180,2016-05-09 09:28:15,True,aggregate_reference_u,0.00035219581779902427
48192,2016-05-09 10:40:16,True,aggregate_reference_u,-0.015382954989174781
48188,2016-05-09 11:01:16,True,aggregate_reference_u,-0.003471638394701545
48189,2016-05-09 11:01:17,True,aggregate_reference_u,-0.0022095395275628996
48190,2016-05-09 11:04:17,True,aggregate_reference_u,0.0039040672846294283
48200,2016-05-09 11:38:19,True,aggregate_reference_u,-0.002124819106135529
48195,2016-05-09 11:42:17,True,aggregate_reference_u,0.0013287913388560085
48199,2016-05-09 11:55:17,True,aggregate_reference_u,-0.003045207594533866
48208,2016-05-09 12:03:17,True,aggregate_reference_u,-0.00018296163798187624
48213,2016-05-09 12:19:28,True,aggregate_reference_u,-0.005071397941326411
48207,2016-05-09 12:38:17,True,aggregate_reference_u,0.0045959668500655144
48367,2016-05-09 23:40:19,True,aggregate_reference_u,-0.0006660662446474888
48361,2016-05-10 00:01:17,True,aggregate_reference_u,-0.0045980826685116626
48366,2016-05-10 00:09:16,True,aggregate_reference_u,-0.007605288039380964
48374,2016-05-10 00:40:17,True,aggregate_reference_u,0.01196097491516578
48376,2016-05-10 00:40:19,True,aggregate_reference_u,-0.010795243047900575
48382,2016-05-10 01:00:19,True,aggregate_reference_u,0.01564164904152651
48384,2016-05-10 01:42:18,True,aggregate_reference_u,0.01182651296265173
48389,2016-05-10 02:20:17,True,aggregate_reference_u,0.0014544268964473334
48391,2016-05-10 02:20:18,True,aggregate_reference_u,-0.00283511125312492
48399,2016-05-10 03:17:20,True,aggregate_reference_u,-0.018025106572094884
48400,2016-05-10 03:17:20,True,aggregate_reference_u,-0.0001750997059421673
48398,2016-05-10 03:19:18,True,aggregate_reference_u,0.0015634848723849702
48396,2016-05-10 03:27:16,True,aggregate_reference_u,-0.01310023774079509
48402,2016-05-10 03:27:18,True,aggregate_reference_u,0.0006897487347462686
48403,2016-05-10 03:29:18,True,aggregate_reference_u,-0.003435380287759547
48397,2016-05-10 03:48:18,True,aggregate_reference_u,0.006156873069884602
48409,2016-05-10 04:20:19,True,aggregate_reference_u,-0.0011505039823138871
48413,2016-05-10 05:00:26,True,aggregate_reference_u,-0.006029408529652745
48411,2016-05-10 05:01:15,True,aggregate_reference_u,-0.005343639341096794
48414,2016-05-10 05:02:26,True,aggregate_reference_u,-0.007073330227757331
48408,2016-05-10 05:05:16,True,aggregate_reference_u,-0.0015102933623717795
48416,2016-05-10 06:04:16,True,aggregate_reference_u,0.0084396787880348
48423,2016-05-10 06:40:20,True,aggregate_reference_u,0.0001540656117039253
48417,2016-05-10 06:49:17,True,aggregate_reference_u,0.024873144339141284
48427,2016-05-10 07:14:30,True,aggregate_reference_u,0.00234755054945447
48434,2016-05-10 07:20:16,True,aggregate_reference_u,-0.0024564257019445714
48433,2016-05-10 07:25:15,True,aggregate_reference_u,-0.005400932934180037
48426,2016-05-10 07:49:26,True,aggregate_reference_u,0.0059158373484343284
48437,2016-05-10 07:59:15,True,aggregate_reference_u,0.005118933046221789
48449,2016-05-10 08:00:17,True,aggregate_reference_u,-0.0011283459880037858
48448,2016-05-10 08:03:17,True,aggregate_reference_u,-0.00725431125489465
48447,2016-05-10 08:36:16,True,aggregate_reference_u,0.0010859071650311317
48438,2016-05-10 08:38:16,True,aggregate_reference_u,-0.005227231380883639
48456,2016-05-10 09:00:20,True,aggregate_reference_u,-0.0011274128385257483
48457,2016-05-10 09:31:21,True,aggregate_reference_u,-0.000654556802696477
48462,2016-05-10 10:00:21,True,aggregate_reference_u,-0.001257144004503232
48464,2016-05-10 10:20:18,True,aggregate_reference_u,0.0019311574668682448
48466,2016-05-10 10:40:16,True,aggregate_reference_u,0.0029435611113829835
48471,2016-05-10 11:08:15,True,aggregate_reference_u,0.00710829278715897
48472,2016-05-10 11:11:16,True,aggregate_reference_u,0.0001218609575452138
48475,2016-05-10 11:20:14,True,aggregate_reference_u,-0.004201291868801988
48481,2016-05-10 11:40:16,True,aggregate_reference_u,-0.02459976619845388
48482,2016-05-10 11:40:21,True,aggregate_reference_u,-0.012477874039846817
48477,2016-05-10 11:47:19,True,aggregate_reference_u,0.0038770763155207113
48474,2016-05-10 12:04:14,True,aggregate_reference_u,0.009697143452913802
48480,2016-05-10 12:27:16,True,aggregate_reference_u,0.00020712668344494096
48627,2016-05-10 23:44:16,True,aggregate_reference_u,0.0007353447218630053
48640,2016-05-11 00:17:15,True,aggregate_reference_u,0.003989812404206471
48646,2016-05-11 00:20:15,True,aggregate_reference_u,0.0010234679272165276
48633,2016-05-11 00:30:15,True,aggregate_reference_u,0.0005616912242634026
48649,2016-05-11 00:40:15,True,aggregate_reference_u,0.01134732008721494
48650,2016-05-11 01:00:15,True,aggregate_reference_u,0.0061641606728955545
48654,2016-05-11 01:49:18,True,aggregate_reference_u,0.024458755183097078
48656,2016-05-11 02:01:19,True,aggregate_reference_u,0.0007390677341844457
48657,2016-05-11 02:31:16,True,aggregate_reference_u,0.007548843443626763
48663,2016-05-11 03:20:17,True,aggregate_reference_u,-0.00021963664908336176
48662,2016-05-11 03:55:17,True,aggregate_reference_u,-0.005246498625879083
48666,2016-05-11 04:20:19,True,aggregate_reference_u,0.00663646544825941
48774,2016-05-11 15:53:19,True,aggregate_reference_u,0.0009069820183366384
48788,2016-05-11 16:00:17,True,aggregate_reference_u,0.01569937201704793
48789,2016-05-11 16:01:19,True,aggregate_reference_u,-0.007037715469685561
48780,2016-05-11 16:03:16,True,aggregate_reference_u,0.018392894706915075
48790,2016-05-11 16:20:20,True,aggregate_reference_u,-0.0001967713274463929
48781,2016-05-11 16:33:18,True,aggregate_reference_u,-0.021141877729373634
48798,2016-05-11 16:40:15,True,aggregate_reference_u,0.005546650009311194
48802,2016-05-11 17:00:16,True,aggregate_reference_u,-0.0010908289354119288
48805,2016-05-11 17:20:15,True,aggregate_reference_u,-0.00029241551397321867
48815,2016-05-11 18:00:18,True,aggregate_reference_u,0.00167147354040277
48818,2016-05-11 18:20:23,True,aggregate_reference_u,-0.001103536846333839
48810,2016-05-11 18:29:17,True,aggregate_reference_u,0.00010569662588706685
48817,2016-05-11 19:07:17,True,aggregate_reference_u,0.003050504399094121
48827,2016-05-11 19:12:16,True,aggregate_reference_u,-0.007561308967235052
48835,2016-05-11 19:20:22,True,aggregate_reference_u,0.0003950295396089939
48831,2016-05-11 19:41:15,True,aggregate_reference_u,0.007811164222659917
48832,2016-05-11 19:43:16,True,aggregate_reference_u,0.0047400250826461834
48945,2016-05-12 07:22:16,True,aggregate_reference_u,0.002385257686950387
48944,2016-05-12 07:46:15,True,aggregate_reference_u,0.00011432390665956291
48949,2016-05-12 07:55:19,True,aggregate_reference_u,-0.002049047547445809
48953,2016-05-12 08:02:19,True,aggregate_reference_u,0.005846485101531389
48948,2016-05-12 08:25:16,True,aggregate_reference_u,0.006205157496818187
48958,2016-05-12 08:40:15,True,aggregate_reference_u,-0.0037046498354826613
48959,2016-05-12 09:06:16,True,aggregate_reference_u,0.0003824365154557127
48964,2016-05-12 09:14:17,True,aggregate_reference_u,0.002441137712292733
48960,2016-05-12 09:23:18,True,aggregate_reference_u,0.012028949730510885
48968,2016-05-12 10:02:20,True,aggregate_reference_u,0.007441745072320325
48974,2016-05-12 10:20:31,True,aggregate_reference_u,0.005792418616958887
48975,2016-05-12 10:40:22,True,aggregate_reference_u,-4.972576509825605e-05
48976,2016-05-12 10:40:22,True,aggregate_reference_u,0.007089148777352677
48970,2016-05-12 10:49:20,True,aggregate_reference_u,0.008226980852181915
48981,2016-05-12 11:00:16,True,aggregate_reference_u,0.005567228413236633
48982,2016-05-12 11:03:18,True,aggregate_reference_u,-0.0032148469445605257
48972,2016-05-12 11:15:26,True,aggregate_reference_u,0.01769059438244258
48986,2016-05-12 12:04:16,True,aggregate_reference_u,-0.010357242746613409
49140,2016-05-12 23:46:15,True,aggregate_reference_u,0.0032786622732938787
49136,2016-05-12 23:52:16,True,aggregate_reference_u,-0.0027527060999369968
49145,2016-05-13 00:00:19,True,aggregate_reference_u,-0.0028395662408870455
49146,2016-05-13 00:20:16,True,aggregate_reference_u,0.0062420629277588
49147,2016-05-13 00:20:19,True,aggregate_reference_u,-0.0020492163026569355
49150,2016-05-13 00:40:16,True,aggregate_reference_u,-0.013156421428781769
49151,2016-05-13 00:40:20,True,aggregate_reference_u,0.005561565047838304
49153,2016-05-13 00:40:21,True,aggregate_reference_u,0.0023571152017011765
49152,2016-05-13 01:04:20,True,aggregate_reference_u,0.0011314333201098183
49159,2016-05-13 01:06:20,True,aggregate_reference_u,-0.007090810716417588
49158,2016-05-13 01:34:20,True,aggregate_reference_u,0.0007122655176805872
49160,2016-05-13 01:40:21,True,aggregate_reference_u,-0.020876684251296657
49166,2016-05-13 01:52:19,True,aggregate_reference_u,0.0011239834125867584
49167,2016-05-13 01:57:19,True,aggregate_reference_u,-0.0008253612685306319
49171,2016-05-13 02:00:18,True,aggregate_reference_u,-0.0014758123007002424
49172,2016-05-13 02:09:21,True,aggregate_reference_u,0.004141936508114032
49181,2016-05-13 03:40:17,True,aggregate_reference_u,0.004118134672187301
49189,2016-05-13 04:39:20,True,aggregate_reference_u,0.0007522993467397204
49184,2016-05-13 04:42:16,True,aggregate_reference_u,0.002133203326016884
49374,2016-05-13 16:00:19,True,aggregate_reference_u,0.018574609638539952
49375,2016-05-13 16:01:21,True,aggregate_reference_u,-0.0056655302113094
49366,2016-05-13 16:05:17,True,aggregate_reference_u,-0.013850660424680243
49364,2016-05-13 16:20:15,True,aggregate_reference_u,0.0018479325465781916
49381,2016-05-13 16:20:17,True,aggregate_reference_u,0.012439813480301126
49382,2016-05-13 16:20:22,True,aggregate_reference_u,-0.02752019182976606
49380,2016-05-13 16:44:17,True,aggregate_reference_u,0.0010141404518125773
49386,2016-05-13 17:00:16,True,aggregate_reference_u,-0.0020565966735025727
49392,2016-05-13 17:00:17,True,aggregate_reference_u,0.0013785722411698235
49397,2016-05-13 17:20:19,True,aggregate_reference_u,-0.00048174191222080665
49387,2016-05-13 17:23:18,True,aggregate_reference_u,0.007101166360084701
49401,2016-05-13 17:40:17,True,aggregate_reference_u,0.005857634429229621
49402,2016-05-13 17:40:17,True,aggregate_reference_u,-0.000429174760754234
49398,2016-05-13 18:08:19,True,aggregate_reference_u,0.0036040878565996547
49403,2016-05-13 18:08:20,True,aggregate_reference_u,0.0011177031161061896
49413,2016-05-13 19:03:20,True,aggregate_reference_u,0.004347037145286552
49416,2016-05-13 19:10:23,True,aggregate_reference_u,-0.00542745276632748
49415,2016-05-13 19:13:22,True,aggregate_reference_u,0.00260536045434219
49407,2016-05-13 19:25:20,True,aggregate_reference_u,0.004989385011553052
49541,2016-05-14 09:00:21,True,aggregate_reference_u,0.010693592716637286
49543,2016-05-14 09:33:16,True,aggregate_reference_u,-0.007150581038676857
49544,2016-05-14 09:53:17,True,aggregate_reference_u,-0.003992985046296553
49546,2016-05-14 11:07:21,True,aggregate_reference_u,0.0017311482017525748
49618,2016-05-14 22:54:15,True,aggregate_reference_u,-0.012833458954732913
49621,2016-05-14 23:20:20,True,aggregate_reference_u,0.00022883478639615156
49625,2016-05-15 01:31:16,True,aggregate_reference_u,-0.01745359690900868
49630,2016-05-15 02:03:17,True,aggregate_reference_u,-0.00034253901015307054
49641,2016-05-15 04:40:20,True,aggregate_reference_u,-1.526055422668397e-06
49638,2016-05-15 05:01:18,True,aggregate_reference_u,0.002906344541754432
49640,2016-05-15 05:01:19,True,aggregate_reference_u,-0.0024589640410893517
49642,2016-05-15 05:01:25,True,aggregate_reference_u,0.0013268985370071145
49643,2016-05-15 05:01:30,True,aggregate_reference_u,-0.0054807221048715216
49709,2016-05-15 17:00:16,True,aggregate_reference_u,0.001701838859245429
49700,2016-05-15 17:11:16,True,aggregate_reference_u,-0.0008684673778517519
49713,2016-05-15 17:40:17,True,aggregate_reference_u,-0.002635718148812305
49718,2016-05-15 18:20:22,True,aggregate_reference_u,0.005461626017779556
49712,2016-05-15 18:25:17,True,aggregate_reference_u,-0.005065775546383523
49717,2016-05-15 18:49:17,True,aggregate_reference_u,0.01632075258692478
49719,2016-05-15 19:12:22,True,aggregate_reference_u,-0.01358042507175804
49723,2016-05-15 19:40:32,True,aggregate_reference_u,4.504763209496105e-05
49722,2016-05-15 19:41:21,True,aggregate_reference_u,0.0021940885008699534
49725,2016-05-15 20:23:16,True,aggregate_reference_u,-0.011827441122632544
49727,2016-05-15 20:23:16,True,aggregate_reference_u,0.0009159959240855348
49728,2016-05-15 21:00:21,True,aggregate_reference_u,-0.001769448520819233
49729,2016-05-15 21:20:22,True,aggregate_reference_u,0.0037177831659843605
49730,2016-05-15 22:05:21,True,aggregate_reference_u,6.083134279991076e-05
49825,2016-05-16 09:45:17,True,aggregate_reference_u,0.0015966004281160549
49832,2016-05-16 10:03:18,True,aggregate_reference_u,-0.004406286611991678
49830,2016-05-16 10:07:20,True,aggregate_reference_u,0.03746052735680738
49841,2016-05-16 11:01:17,True,aggregate_reference_u,0.0011421374726688603
49849,2016-05-16 11:04:18,True,aggregate_reference_u,0.0017630235853708896
49839,2016-05-16 11:06:24,True,aggregate_reference_u,0.011880817972494045
49840,2016-05-16 11:14:17,True,aggregate_reference_u,-0.04161857374904463
49848,2016-05-16 11:34:17,True,aggregate_reference_u,0.009633922931295155
49853,2016-05-16 12:07:18,True,aggregate_reference_u,0.00017256187726990418
49854,2016-05-16 12:11:23,True,aggregate_reference_u,-0.004376597679865592
49863,2016-05-16 12:20:22,True,aggregate_reference_u,0.014330217531276777
49867,2016-05-16 12:40:20,True,aggregate_reference_u,-0.013485770278952147
49862,2016-05-16 12:57:21,True,aggregate_reference_u,1.1679224006980182e-05
49872,2016-05-16 13:00:16,True,aggregate_reference_u,-0.002077426091235144
49873,2016-05-16 13:00:19,True,aggregate_reference_u,0.01294444338899714
49874,2016-05-16 13:00:19,True,aggregate_reference_u,-0.008321353548108226
49875,2016-05-16 13:00:22,True,aggregate_reference_u,-0.008129099014849147
49884,2016-05-16 13:20:17,True,aggregate_reference_u,0.003367149586408699
49876,2016-05-16 13:23:22,True,aggregate_reference_u,0.005891369185832112
49881,2016-05-16 13:34:16,True,aggregate_reference_u,-0.0036330323498413725
49868,2016-05-16 13:35:21,True,aggregate_reference_u,-0.005057059303792157
49883,2016-05-16 13:43:17,True,aggregate_reference_u,-0.00666519536556801
49891,2016-05-16 13:49:18,True,aggregate_reference_u,-0.004357338223292382
49882,2016-05-16 14:09:16,True,aggregate_reference_u,0.008107891051935018
49900,2016-05-16 14:38:22,True,aggregate_reference_u,0.0031558920720478577
49915,2016-05-16 14:40:18,True,aggregate_reference_u,-0.002821281213526327
49912,2016-05-16 14:45:16,True,aggregate_reference_u,0.001191907292587329
49898,2016-05-16 14:46:16,True,aggregate_reference_u,0.00013941984915445208
49907,2016-05-16 14:50:21,True,aggregate_reference_u,-0.0023872270284193576
49913,2016-05-16 14:55:16,True,aggregate_reference_u,-0.002814607419623005
49914,2016-05-16 15:05:16,True,aggregate_reference_u,0.002190797397496666
49916,2016-05-16 15:16:18,True,aggregate_reference_u,0.0006214873865106585
49917,2016-05-16 15:16:21,True,aggregate_reference_u,0.006611306529331437
49928,2016-05-16 15:27:16,True,aggregate_reference_u,-0.0025517827800296605
49922,2016-05-16 15:40:18,True,aggregate_reference_u,-0.005293443879383091
49939,2016-05-16 16:31:16,True,aggregate_reference_u,-0.01711451068051123
49947,2016-05-16 17:00:19,True,aggregate_reference_u,-0.008499402895248219
49943,2016-05-16 17:19:16,True,aggregate_reference_u,-0.0006963337426229774
49951,2016-05-16 17:20:22,True,aggregate_reference_u,0.02614141479053933
49950,2016-05-16 17:37:16,True,aggregate_reference_u,0.0063684327169518246
49955,2016-05-16 17:40:17,True,aggregate_reference_u,0.02247473299572723
50066,2016-05-17 05:20:19,True,aggregate_reference_u,0.005501123895778143
50065,2016-05-17 05:27:16,True,aggregate_reference_u,-0.01420053894432903
50068,2016-05-17 05:40:17,True,aggregate_reference_u,-0.0006522661845291921
50070,2016-05-17 06:00:16,True,aggregate_reference_u,-0.0011264288555560124
50071,2016-05-17 06:27:17,True,aggregate_reference_u,-0.0011682519713345114
50075,2016-05-17 06:43:20,True,aggregate_reference_u,-0.0027797534003987266
50076,2016-05-17 07:00:16,True,aggregate_reference_u,-0.00683434920819055
50079,2016-05-17 07:03:17,True,aggregate_reference_u,-0.005086519285685943
50082,2016-05-17 07:41:16,True,aggregate_reference_u,-0.0076758633835246545
50080,2016-05-17 07:56:18,True,aggregate_reference_u,0.02659475593865447
50087,2016-05-17 08:01:21,True,aggregate_reference_u,0.004975720851918122
50094,2016-05-17 09:10:20,True,aggregate_reference_u,4.5451344529715476e-05
50100,2016-05-17 09:20:16,True,aggregate_reference_u,-0.00332745091966658
50093,2016-05-17 09:27:19,True,aggregate_reference_u,-7.194690486243957e-05
50106,2016-05-17 09:40:23,True,aggregate_reference_u,0.005579802873693258
50112,2016-05-17 10:00:19,True,aggregate_reference_u,0.000429981401812966
50111,2016-05-17 10:20:17,True,aggregate_reference_u,0.0009651952259637663
50110,2016-05-17 10:35:17,True,aggregate_reference_u,-0.0026763444617147088
50121,2016-05-17 11:00:17,True,aggregate_reference_u,-0.015093241555551067
50124,2016-05-17 11:20:22,True,aggregate_reference_u,5.347033302185517e-05
50123,2016-05-17 12:01:18,True,aggregate_reference_u,0.0032223588367974974
50266,2016-05-17 23:18:18,True,aggregate_reference_u,0.0005112730656127735
50270,2016-05-17 23:20:19,True,aggregate_reference_u,-0.011864752158012134
50269,2016-05-17 23:24:16,True,aggregate_reference_u,-0.005938111664114447
50275,2016-05-17 23:40:18,True,aggregate_reference_u,-0.004525748600834337
50272,2016-05-17 23:42:20,True,aggregate_reference_u,0.009155482550878096
50271,2016-05-17 23:47:18,True,aggregate_reference_u,-0.0009589189340526195
50274,2016-05-17 23:48:18,True,aggregate_reference_u,0.0035659391392708403
50282,2016-05-18 00:20:17,True,aggregate_reference_u,-1.7538365971879463e-05
50281,2016-05-18 01:04:17,True,aggregate_reference_u,0.011855378364514117
50291,2016-05-18 01:13:16,True,aggregate_reference_u,-0.0031360785886749808
50299,2016-05-18 01:32:19,True,aggregate_reference_u,-0.019307601684612465
50295,2016-05-18 01:38:20,True,aggregate_reference_u,-0.01521011742466354
50304,2016-05-18 01:41:17,True,aggregate_reference_u,-0.0014622752750266914
50310,2016-05-18 02:20:20,True,aggregate_reference_u,-0.0006843295620116937
50309,2016-05-18 02:23:19,True,aggregate_reference_u,0.00636827930189221
50307,2016-05-18 02:24:17,True,aggregate_reference_u,-0.013904431311711239
50312,2016-05-18 02:40:21,True,aggregate_reference_u,-0.0018835293297578826
50308,2016-05-18 02:49:20,True,aggregate_reference_u,0.008689247351918037
50315,2016-05-18 03:53:18,True,aggregate_reference_u,-0.011973007970036285
50318,2016-05-18 04:33:22,True,aggregate_reference_u,0.006055663742395589
50400,2016-05-20 14:00:04,True,aggregate_reference_u,0.0037925973428039224
50423,2016-05-20 14:00:06,True,aggregate_reference_u,-0.0016932658229336728
50437,2016-05-20 14:00:08,True,aggregate_reference_u,0.009016159072527914
50450,2016-05-20 14:00:09,True,aggregate_reference_u,0.0006873066278031202
50414,2016-05-20 14:03:05,True,aggregate_reference_u,0.007469609041017328
50605,2016-05-20 14:20:09,True,aggregate_reference_u,-0.002161692761758054
50601,2016-05-20 14:45:04,True,aggregate_reference_u,-0.007634942768691614
50627,2016-05-20 15:00:10,True,aggregate_reference_u,-0.0033557739701724626
50636,2016-05-20 15:22:06,True,aggregate_reference_u,0.002059087397918516
50639,2016-05-20 15:31:09,True,aggregate_reference_u,-0.007926268976008639
50651,2016-05-20 15:40:09,True,aggregate_reference_u,0.016560740654222972
50663,2016-05-20 16:10:07,True,aggregate_reference_u,0.009122809800293272
50673,2016-05-20 16:20:10,True,aggregate_reference_u,-0.024029798213332697
50672,2016-05-20 16:25:09,True,aggregate_reference_u,0.0037194584483919366
50671,2016-05-20 16:41:06,True,aggregate_reference_u,-0.0019475122118750672
50664,2016-05-20 16:54:09,True,aggregate_reference_u,-0.004211639774997996
50697,2016-05-20 17:40:04,True,aggregate_reference_u,0.0006421432834244142
50690,2016-05-20 18:00:07,True,aggregate_reference_u,0.00038467137962389016
50699,2016-05-20 18:03:08,True,aggregate_reference_u,0.012102895038910419
50698,2016-05-20 18:11:05,True,aggregate_reference_u,-0.0005755052389055664
50691,2016-05-20 18:12:08,True,aggregate_reference_u,-0.006690454075167732
50705,2016-05-20 18:28:05,True,aggregate_reference_u,0.01068569639652469
50707,2016-05-20 18:36:04,True,aggregate_reference_u,-0.0046289722191898
50710,2016-05-20 18:40:06,True,aggregate_reference_u,0.007367524963380544
50709,2016-05-20 19:07:04,True,aggregate_reference_u,-0.0002790569342121683
50719,2016-05-20 19:40:05,True,aggregate_reference_u,0.0011419356798573962
50721,2016-05-20 19:50:10,True,aggregate_reference_u,0.005608869678457584
50718,2016-05-20 19:55:06,True,aggregate_reference_u,-0.013951484261367185
50729,2016-05-20 20:20:05,True,aggregate_reference_u,-0.0005871847994012164
50731,2016-05-20 20:24:10,True,aggregate_reference_u,0.01002476397537706
50738,2016-05-20 21:00:04,True,aggregate_reference_u,-0.002823505864856102
50733,2016-05-20 21:15:11,True,aggregate_reference_u,-0.002305236542763758
50737,2016-05-20 21:29:04,True,aggregate_reference_u,-0.017628219689773877
50743,2016-05-20 22:26:05,True,aggregate_reference_u,0.009701457914179486
50750,2016-05-20 22:40:08,True,aggregate_reference_u,-0.0031966365190516308
50749,2016-05-20 22:43:05,True,aggregate_reference_u,-0.013256494960886968
50745,2016-05-20 22:56:11,True,aggregate_reference_u,0.0014323211240849683
50753,2016-05-20 23:00:09,True,aggregate_reference_u,-0.0306458796492975
50752,2016-05-20 23:12:04,True,aggregate_reference_u,0.007926666239152783
50759,2016-05-21 00:22:06,True,aggregate_reference_u,-0.0019352629615758663
50763,2016-05-21 01:36:04,True,aggregate_reference_u,-0.017568803397353124
50765,2016-05-21 01:50:04,True,aggregate_reference_u,-0.0018312583704739975
50773,2016-05-21 02:20:03,True,aggregate_reference_u,0.0023643939299697993
50779,2016-05-21 03:20:06,True,aggregate_reference_u,0.0020719412637666707
50790,2016-05-21 07:19:04,True,aggregate_reference_u,-0.0009394646616521646
50881,2016-05-21 19:00:04,True,aggregate_reference_u,0.0013513347281339971
50875,2016-05-21 19:09:05,True,aggregate_reference_u,-0.001994548016452151
50884,2016-05-21 19:37:04,True,aggregate_reference_u,0.0003120278576940547
50885,2016-05-21 19:50:05,True,aggregate_reference_u,-0.009316618100732005
50888,2016-05-21 20:32:07,True,aggregate_reference_u,-0.0008808261828317579
50889,2016-05-21 20:37:07,True,aggregate_reference_u,-0.00023102673637688913
50890,2016-05-21 20:43:06,True,aggregate_reference_u,-0.005868841936198362
50893,2016-05-21 21:40:05,True,aggregate_reference_u,0.0036878986972575314
50895,2016-05-21 22:10:06,True,aggregate_reference_u,-0.0003414583106449709
50897,2016-05-21 23:04:06,True,aggregate_reference_u,0.00043366680473571093
50901,2016-05-21 23:20:08,True,aggregate_reference_u,-0.0003288570501194035
50912,2016-05-22 01:43:09,True,aggregate_reference_u,-0.004384164087102932
50915,2016-05-22 02:18:08,True,aggregate_reference_u,-0.0026898720659896333
50958,2016-05-22 14:54:05,True,aggregate_reference_u,-0.008555299607629983
50964,2016-05-22 15:03:09,True,aggregate_reference_u,-0.0027745416214482984
50959,2016-05-22 15:05:10,True,aggregate_reference_u,-0.0022366716191417222
50963,2016-05-22 15:06:05,True,aggregate_reference_u,-0.005224501945804573
50969,2016-05-22 15:13:07,True,aggregate_reference_u,-0.0017969816760825784
50971,2016-05-22 15:20:04,True,aggregate_reference_u,0.00012973500287601233
50972,2016-05-22 15:20:04,True,aggregate_reference_u,0.0014345984298523226
50977,2016-05-22 17:01:04,True,aggregate_reference_u,-0.00036246976838615145
50978,2016-05-22 17:08:04,True,aggregate_reference_u,-0.004638590791629468
50983,2016-05-22 17:10:06,True,aggregate_reference_u,0.004273385116058938
50979,2016-05-22 17:19:08,True,aggregate_reference_u,0.005575780549456694
50998,2016-05-22 19:01:06,True,aggregate_reference_u,-0.0001025618623555569
50996,2016-05-22 19:26:04,True,aggregate_reference_u,-0.009111873200421622
50999,2016-05-22 20:02:04,True,aggregate_reference_u,-0.0005154920395967818
51008,2016-05-22 20:10:09,True,aggregate_reference_u,-0.0021742081433706907
51007,2016-05-22 20:59:07,True,aggregate_reference_u,0.005394454179396213
51017,2016-05-22 21:52:08,True,aggregate_reference_u,-0.0031658377193694532
51019,2016-05-22 22:06:04,True,aggregate_reference_u,0.001133844369324153
51023,2016-05-22 22:16:09,True,aggregate_reference_u,-0.0012040449542040474
51124,2016-05-23 09:39:05,True,aggregate_reference_u,-0.000777009260683914
51129,2016-05-23 09:56:06,True,aggregate_reference_u,-0.005503664282599657
51130,2016-05-23 09:56:10,True,aggregate_reference_u,0.0004054284963677671
51133,2016-05-23 10:07:08,True,aggregate_reference_u,0.002340694781199918
51128,2016-05-23 10:13:05,True,aggregate_reference_u,-0.009155068920551228
51134,2016-05-23 10:20:10,True,aggregate_reference_u,0.00121447085947839
51136,2016-05-23 10:47:04,True,aggregate_reference_u,0.001973884785973934
51140,2016-05-23 11:00:04,True,aggregate_reference_u,-0.008852939874955664
51148,2016-05-23 11:00:05,True,aggregate_reference_u,-0.005673172541747561
51144,2016-05-23 11:04:09,True,aggregate_reference_u,-0.0003048703328069509
51143,2016-05-23 11:17:08,True,aggregate_reference_u,0.0011201704927965418
51142,2016-05-23 11:19:04,True,aggregate_reference_u,-0.003636461094533387
51141,2016-05-23 11:20:04,True,aggregate_reference_u,6.690302962613281e-06
51154,2016-05-23 11:40:08,True,aggregate_reference_u,-0.0015391543613053433
51147,2016-05-23 11:56:04,True,aggregate_reference_u,-0.0015878132178758653
51151,2016-05-23 12:07:08,True,aggregate_reference_u,0.0006803842808164305
51177,2016-05-23 13:00:05,True,aggregate_reference_u,-0.00042923736908739445
51165,2016-05-23 13:05:07,True,aggregate_reference_u,-0.0012370446030293655
51171,2016-05-23 13:14:09,True,aggregate_reference_u,-0.009243769733740012
51182,2016-05-23 13:20:08,True,aggregate_reference_u,0.0014907131611074115
51176,2016-05-23 13:32:05,True,aggregate_reference_u,0.007287971529434622
51175,2016-05-23 13:39:04,True,aggregate_reference_u,-0.006135762807501747
51178,2016-05-23 13:40:05,True,aggregate_reference_u,-0.005214981466523171
51191,2016-05-23 13:40:10,True,aggregate_reference_u,0.00667254358866096
51190,2016-05-23 13:44:09,True,aggregate_reference_u,-0.005709926005579926
51189,2016-05-23 14:08:05,True,aggregate_reference_u,-0.0032241502344421934
51188,2016-05-23 14:23:04,True,aggregate_reference_u,-0.001526864423381239
51204,2016-05-23 14:40:10,True,aggregate_reference_u,-0.0011349501260213967
51200,2016-05-23 14:59:05,True,aggregate_reference_u,-0.012453809501355051
51202,2016-05-23 15:06:07,True,aggregate_reference_u,-0.0021464237426571165
51201,2016-05-23 15:11:06,True,aggregate_reference_u,-0.0026539790672060366
51210,2016-05-23 15:20:11,True,aggregate_reference_u,-0.009465408787186661
51203,2016-05-23 15:30:10,True,aggregate_reference_u,0.003599940752470915
51214,2016-05-23 15:40:11,True,aggregate_reference_u,0.0033166910677222793
51209,2016-05-23 15:47:09,True,aggregate_reference_u,-0.002459312675777916
51208,2016-05-23 15:58:06,True,aggregate_reference_u,-0.0013126781308173908
51220,2016-05-23 16:00:09,True,aggregate_reference_u,-0.006232865394378697
51224,2016-05-23 16:20:04,True,aggregate_reference_u,0.000146968411399974
51225,2016-05-23 16:20:07,True,aggregate_reference_u,-0.005118781091617137
51226,2016-05-23 16:37:11,True,aggregate_reference_u,-0.001986126725333098
51231,2016-05-23 16:40:05,True,aggregate_reference_u,0.004921022720526109
51230,2016-05-23 17:03:05,True,aggregate_reference_u,0.007020006701353405
51253,2016-05-23 17:21:09,True,aggregate_reference_u,-0.002065989639598878
51252,2016-05-23 17:49:08,True,aggregate_reference_u,-0.007074549852308766
51363,2016-05-24 04:43:06,True,aggregate_reference_u,-0.0008713266742938763
51369,2016-05-24 06:16:07,True,aggregate_reference_u,0.0024107745107651117
51377,2016-05-24 06:40:07,True,aggregate_reference_u,-0.0055432585348646965
51378,2016-05-24 06:59:08,True,aggregate_reference_u,-0.0017347626972308888
51382,2016-05-24 07:00:10,True,aggregate_reference_u,-0.01731796656078697
51375,2016-05-24 07:02:04,True,aggregate_reference_u,-0.01756822286054061
51383,2016-05-24 07:18:14,True,aggregate_reference_u,0.01343731459696157
51376,2016-05-24 07:28:05,True,aggregate_reference_u,-0.004299269056806024
51388,2016-05-24 08:15:05,True,aggregate_reference_u,-0.006893486321186516
51392,2016-05-24 08:16:06,True,aggregate_reference_u,0.000554905220001933
51387,2016-05-24 08:24:04,True,aggregate_reference_u,0.0061161162970774785
51389,2016-05-24 08:31:05,True,aggregate_reference_u,0.015115770624845336
51397,2016-05-24 08:42:05,True,aggregate_reference_u,-0.008887227878290656
51401,2016-05-24 08:49:06,True,aggregate_reference_u,0.0003434445967140644
51403,2016-05-24 09:20:06,True,aggregate_reference_u,0.0009307722870150829
51410,2016-05-24 10:02:07,True,aggregate_reference_u,0.03121510313269688
51404,2016-05-24 10:02:09,True,aggregate_reference_u,0.05690237002360517
51408,2016-05-24 10:03:09,True,aggregate_reference_u,-0.00027467427467059435
51407,2016-05-24 10:05:09,True,aggregate_reference_u,-0.003613088348392038
51402,2016-05-24 10:16:06,True,aggregate_reference_u,-0.0010405686724235252
51416,2016-05-24 10:20:07,True,aggregate_reference_u,0.010520206958504254
51411,2016-05-24 10:34:09,True,aggregate_reference_u,0.005550349688475945
51420,2016-05-24 10:40:06,True,aggregate_reference_u,0.014299956960774012
51409,2016-05-24 10:43:05,True,aggregate_reference_u,-0.00026015796133015503
51415,2016-05-24 10:59:05,True,aggregate_reference_u,0.004162437261158246
51580,2016-05-24 22:03:08,True,aggregate_reference_u,-0.012773314057636494
51577,2016-05-24 22:16:06,True,aggregate_reference_u,-0.002515284783467697
51585,2016-05-24 23:03:04,True,aggregate_reference_u,0.0028800187354358422
51594,2016-05-24 23:20:09,True,aggregate_reference_u,0.003593569986891511
51593,2016-05-24 23:44:04,True,aggregate_reference_u,-0.005958128875285653
51592,2016-05-24 23:59:04,True,aggregate_reference_u,0.0001796038315113463
51596,2016-05-25 00:05:07,True,aggregate_reference_u,0.0077887582072754535
51600,2016-05-25 00:38:09,True,aggregate_reference_u,0.0014804436996295237
51599,2016-05-25 00:45:08,True,aggregate_reference_u,-0.018300962011127856
51608,2016-05-25 01:00:09,True,aggregate_reference_u,-0.0003203341529597601
51605,2016-05-25 01:04:07,True,aggregate_reference_u,-0.006295286814085345
51613,2016-05-25 02:00:07,True,aggregate_reference_u,-0.014671694453835534
51621,2016-05-25 02:40:08,True,aggregate_reference_u,0.010953075586909916
51620,2016-05-25 03:17:07,True,aggregate_reference_u,-0.00048646187158631087
51623,2016-05-25 03:40:06,True,aggregate_reference_u,-0.0007340565967831123
51789,2016-05-25 14:32:07,True,aggregate_reference_u,0.005413951948659444
51796,2016-05-25 14:40:06,True,aggregate_reference_u,-0.009543776827271538
51788,2016-05-25 14:54:06,True,aggregate_reference_u,0.0010828015516742028
51801,2016-05-25 15:00:10,True,aggregate_reference_u,0.00022883656565073724
51802,2016-05-25 15:00:10,True,aggregate_reference_u,-0.0029587918544081403
51792,2016-05-25 15:04:05,True,aggregate_reference_u,-0.002407864986478712
51807,2016-05-25 15:58:05,True,aggregate_reference_u,-0.00028951400211100174
51830,2016-05-25 16:40:06,True,aggregate_reference_u,0.0012006706147220207
51831,2016-05-25 16:42:09,True,aggregate_reference_u,0.002879635911868614
51824,2016-05-25 17:01:10,True,aggregate_reference_u,0.0012362510294139277
51838,2016-05-25 17:05:05,True,aggregate_reference_u,3.9684335084618915e-05
51846,2016-05-25 17:20:06,True,aggregate_reference_u,-0.0025932187988486595
51848,2016-05-25 17:28:11,True,aggregate_reference_u,-0.0011570386918801356
51855,2016-05-25 18:25:05,True,aggregate_reference_u,0.017675437339443836
51958,2016-05-26 05:42:04,True,aggregate_reference_u,0.0007060369541972702
51961,2016-05-26 05:45:04,True,aggregate_reference_u,-0.008721432435974074
51969,2016-05-26 06:00:05,True,aggregate_reference_u,-0.0029773419027308637
51960,2016-05-26 06:05:07,True,aggregate_reference_u,-0.0002500031946948665
51972,2016-05-26 06:20:05,True,aggregate_reference_u,0.015759438405902985
51975,2016-05-26 07:22:06,True,aggregate_reference_u,-0.004348690797959739
51977,2016-05-26 07:38:04,True,aggregate_reference_u,-0.00017529118827505185
51979,2016-05-26 07:40:05,True,aggregate_reference_u,0.008044629532695696
51985,2016-05-26 08:00:05,True,aggregate_reference_u,0.003453920206687274
51984,2016-05-26 08:16:04,True,aggregate_reference_u,0.0019341765674636899
51990,2016-05-26 09:00:04,True,aggregate_reference_u,-0.003575483991235454
51991,2016-05-26 09:00:05,True,aggregate_reference_u,0.0009553348103138667
51994,2016-05-26 09:00:07,True,aggregate_reference_u,0.007119132538577487
51989,2016-05-26 09:14:10,True,aggregate_reference_u,-0.00014938283181110463
51998,2016-05-26 09:20:06,True,aggregate_reference_u,-3.6538553776575806e-05
52000,2016-05-26 09:29:08,True,aggregate_reference_u,-0.011815287088206975
51992,2016-05-26 09:32:05,True,aggregate_reference_u,0.0008437014259020395
51999,2016-05-26 09:33:06,True,aggregate_reference_u,0.005491992074294523
51996,2016-05-26 09:35:10,True,aggregate_reference_u,-0.011720836912244605
51993,2016-05-26 09:44:05,True,aggregate_reference_u,-0.0007718696354318391
52160,2016-05-26 21:05:06,True,aggregate_reference_u,-0.0033731507915369585
52161,2016-05-26 21:21:10,True,aggregate_reference_u,0.0004092779178116872
52159,2016-05-26 21:41:05,True,aggregate_reference_u,4.672614054278268e-05
52166,2016-05-26 21:46:09,True,aggregate_reference_u,-0.0002476897622916504
52164,2016-05-26 22:06:05,True,aggregate_reference_u,0.00026350134502072745
52175,2016-05-26 22:20:06,True,aggregate_reference_u,0.0008349606922692047
52183,2016-05-26 23:22:09,True,aggregate_reference_u,0.0002447284805732683
52182,2016-05-26 23:26:07,True,aggregate_reference_u,0.0019109611745575725
52187,2016-05-27 00:24:04,True,aggregate_reference_u,0.006682508091526792
52193,2016-05-27 01:00:05,True,aggregate_reference_u,-0.0019731988791337196
52194,2016-05-27 01:00:06,True,aggregate_reference_u,-0.006924079441745792
52195,2016-05-27 01:03:10,True,aggregate_reference_u,-0.01527935056588775
52310,2016-05-27 12:40:21,True,aggregate_reference_u,-0.006010396079142728
52300,2016-05-27 12:46:05,True,aggregate_reference_u,-0.005227680370338664
52302,2016-05-27 12:51:07,True,aggregate_reference_u,0.001330707270475285
52304,2016-05-27 12:54:10,True,aggregate_reference_u,0.005061468483494532
52309,2016-05-27 12:56:15,True,aggregate_reference_u,0.0023679006187315027
52303,2016-05-27 13:01:10,True,aggregate_reference_u,-0.0015694949945304904
52322,2016-05-27 13:20:11,True,aggregate_reference_u,-0.00018095242505336215
52318,2016-05-27 13:26:11,True,aggregate_reference_u,0.0011300948510241755
52308,2016-05-27 13:32:15,True,aggregate_reference_u,-0.0010831696803275496
52314,2016-05-27 13:36:05,True,aggregate_reference_u,-0.00029203500159845873
52321,2016-05-27 13:36:06,True,aggregate_reference_u,0.0075097494267329055
52330,2016-05-27 13:40:05,True,aggregate_reference_u,-0.001014966730538136
52332,2016-05-27 13:40:12,True,aggregate_reference_u,-0.004685755858121686
52333,2016-05-27 13:40:12,True,aggregate_reference_u,0.00892364370867911
52317,2016-05-27 13:42:10,True,aggregate_reference_u,-1.853638115895431e-05
52316,2016-05-27 13:47:08,True,aggregate_reference_u,-0.0019083989454456076
52329,2016-05-27 13:51:05,True,aggregate_reference_u,-0.00267012338887069
52341,2016-05-27 14:00:10,True,aggregate_reference_u,0.014803405345868496
52320,2016-05-27 14:07:05,True,aggregate_reference_u,-0.005082639860392937
52340,2016-05-27 14:20:07,True,aggregate_reference_u,-2.7655419558533442e-05
52344,2016-05-27 14:20:07,True,aggregate_reference_u,0.0021074116442072613
52347,2016-05-27 14:20:10,True,aggregate_reference_u,0.0038678028046988493
52351,2016-05-27 14:40:10,True,aggregate_reference_u,0.0003138837915657475
52354,2016-05-27 15:00:10,True,aggregate_reference_u,1.954858172832475e-05
52345,2016-05-27 15:15:08,True,aggregate_reference_u,0.0009018558687611117
52350,2016-05-27 15:36:06,True,aggregate_reference_u,-0.008838757575511447
52357,2016-05-27 15:58:14,True,aggregate_reference_u,0.001001765464770958
52360,2016-05-27 16:04:08,True,aggregate_reference_u,-0.022606974356563274
52466,2016-05-28 04:43:07,True,aggregate_reference_u,0.0007200559855530531
52472,2016-05-28 06:11:07,True,aggregate_reference_u,-0.007380562786992049
52484,2016-05-28 07:00:05,True,aggregate_reference_u,-0.000840721511922108
52480,2016-05-28 07:07:05,True,aggregate_reference_u,-0.007541162669608123
52483,2016-05-28 07:37:05,True,aggregate_reference_u,-0.031241538692886248
52540,2016-05-28 22:08:06,True,aggregate_reference_u,0.009879164088145764
52544,2016-05-28 23:00:08,True,aggregate_reference_u,-0.0005354177152332006
52541,2016-05-28 23:01:05,True,aggregate_reference_u,-0.003715709693942885
52546,2016-05-28 23:20:05,True,aggregate_reference_u,-0.00017234291484663063
52549,2016-05-29 00:13:09,True,aggregate_reference_u,0.0072553137761317
52550,2016-05-29 00:35:05,True,aggregate_reference_u,-0.0017547782999148066
52551,2016-05-29 01:09:12,True,aggregate_reference_u,-0.023820534281846863
52555,2016-05-29 01:21:06,True,aggregate_reference_u,-0.002094900674459727
52558,2016-05-29 01:58:08,True,aggregate_reference_u,-1.2573329359754154e-05
52557,2016-05-29 02:25:05,True,aggregate_reference_u,-0.0005705488440082104
52561,2016-05-29 03:11:06,True,aggregate_reference_u,3.4150497738828604e-05
52565,2016-05-29 03:20:09,True,aggregate_reference_u,0.005067127816991385
52627,2016-05-29 16:26:05,True,aggregate_reference_u,-0.005495108677601176
52636,2016-05-29 16:40:05,True,aggregate_reference_u,-0.00013560744720790552
52641,2016-05-29 17:00:07,True,aggregate_reference_u,-6.278879581680632e-05
52642,2016-05-29 17:00:09,True,aggregate_reference_u,0.0009168070047740138
52632,2016-05-29 17:04:05,True,aggregate_reference_u,0.0031715886778206706
52645,2016-05-29 17:20:07,True,aggregate_reference_u,-0.002921494653245326
52653,2016-05-29 18:02:07,True,aggregate_reference_u,-9.553107234657262e-06
52650,2016-05-29 18:08:05,True,aggregate_reference_u,0.0015957344187985095
52659,2016-05-29 18:20:10,True,aggregate_reference_u,0.006385738000931847
52651,2016-05-29 18:29:05,True,aggregate_reference_u,0.011775302108254497
52655,2016-05-29 18:31:05,True,aggregate_reference_u,0.00042170944354190273
52661,2016-05-29 19:25:05,True,aggregate_reference_u,0.00904604799762161
52664,2016-05-29 19:59:06,True,aggregate_reference_u,0.0004686428270825631
52667,2016-05-29 20:00:11,True,aggregate_reference_u,-0.006164051354393709
52663,2016-05-29 20:01:05,True,aggregate_reference_u,0.00427516206375125
52675,2016-05-29 22:00:09,True,aggregate_reference_u,-0.0019186769965956441
52673,2016-05-29 22:16:10,True,aggregate_reference_u,0.008160095256814808
52674,2016-05-29 22:46:06,True,aggregate_reference_u,-0.0032324789925766463
52785,2016-05-30 10:02:08,True,aggregate_reference_u,-0.01141764913322005
52783,2016-05-30 10:11:06,True,aggregate_reference_u,-0.015139442202471005
52784,2016-05-30 10:11:07,True,aggregate_reference_u,-0.005330925688151527
52782,2016-05-30 10:16:06,True,aggregate_reference_u,-0.0018674067213888205
52789,2016-05-30 10:20:07,True,aggregate_reference_u,0.01166511588322169
52787,2016-05-30 10:23:06,True,aggregate_reference_u,0.0005967808939159845
52791,2016-05-30 10:23:08,True,aggregate_reference_u,0.00954274837200925
52795,2016-05-30 10:40:06,True,aggregate_reference_u,-0.0018916765554841473
52794,2016-05-30 10:41:05,True,aggregate_reference_u,-0.008649008471559057
52797,2016-05-30 11:00:05,True,aggregate_reference_u,0.0003345244849664482
52790,2016-05-30 11:08:07,True,aggregate_reference_u,-0.005831692505590749
52800,2016-05-30 11:20:09,True,aggregate_reference_u,0.007952616608403094
52796,2016-05-30 11:23:07,True,aggregate_reference_u,-0.0025699656893400195
52798,2016-05-30 11:42:07,True,aggregate_reference_u,0.0021040363158941477
52804,2016-05-30 12:08:06,True,aggregate_reference_u,-0.0005842842284441173
52805,2016-05-30 12:22:08,True,aggregate_reference_u,0.0025560277281585497
52809,2016-05-30 12:41:08,True,aggregate_reference_u,-0.006473420716688577
52815,2016-05-30 12:49:06,True,aggregate_reference_u,0.0023416977735710685
52817,2016-05-30 12:56:07,True,aggregate_reference_u,-0.005071427702754186
52813,2016-05-30 13:00:05,True,aggregate_reference_u,-0.0002819716367140376
52820,2016-05-30 13:09:09,True,aggregate_reference_u,-0.004825035356160706
52822,2016-05-30 13:20:08,True,aggregate_reference_u,-0.010366853036860699
52828,2016-05-30 13:45:10,True,aggregate_reference_u,0.012599316043641872
52832,2016-05-30 14:00:08,True,aggregate_reference_u,-0.0008652485472035576
52826,2016-05-30 14:01:08,True,aggregate_reference_u,0.010353986783028138
52827,2016-05-30 14:03:10,True,aggregate_reference_u,0.0009520534644756199
52825,2016-05-30 14:17:06,True,aggregate_reference_u,0.0009896669360568607
52833,2016-05-30 14:39:08,True,aggregate_reference_u,-0.0036560847953664094
52838,2016-05-30 14:45:06,True,aggregate_reference_u,0.0010174270485883304
52846,2016-05-30 15:00:09,True,aggregate_reference_u,-0.004025078309248824
52847,2016-05-30 15:00:11,True,aggregate_reference_u,0.013146713174794404
52848,2016-05-30 15:00:11,True,aggregate_reference_u,0.002406723531180795
52839,2016-05-30 15:04:07,True,aggregate_reference_u,-0.0007849873741103911
52840,2016-05-30 15:08:09,True,aggregate_reference_u,-0.0030062471499633925
52845,2016-05-30 15:13:05,True,aggregate_reference_u,-0.012735854869272655
52843,2016-05-30 15:17:06,True,aggregate_reference_u,-0.006592634174803271
52841,2016-05-30 15:17:10,True,aggregate_reference_u,-0.01296714390853762
52860,2016-05-30 15:42:07,True,aggregate_reference_u,-0.006336064145808486
52854,2016-05-30 15:43:09,True,aggregate_reference_u,-0.0012398470011506391
52856,2016-05-30 16:01:05,True,aggregate_reference_u,-0.018639729173194217
52864,2016-05-30 16:20:06,True,aggregate_reference_u,-0.001542306381003865
52865,2016-05-30 16:20:11,True,aggregate_reference_u,-0.012955292729398448
52875,2016-05-30 17:00:06,True,aggregate_reference_u,0.001963910226215605
52876,2016-05-30 17:14:07,True,aggregate_reference_u,-0.0021513326111385215
52885,2016-05-30 17:20:05,True,aggregate_reference_u,-0.0011179773858981668
52874,2016-05-30 17:32:05,True,aggregate_reference_u,0.0012308971568191981
52878,2016-05-30 17:32:11,True,aggregate_reference_u,-0.004252085254493561
52883,2016-05-30 17:37:05,True,aggregate_reference_u,0.0036091375071864006
52889,2016-05-30 18:20:06,True,aggregate_reference_u,-0.003623029875046941
52905,2016-05-30 18:40:08,True,aggregate_reference_u,0.0013289824458584893
52906,2016-05-30 18:40:08,True,aggregate_reference_u,-0.012769990148637105
52899,2016-05-30 19:14:09,True,aggregate_reference_u,-0.0009743275333232958
53023,2016-05-31 06:32:06,True,aggregate_reference_u,-0.020403549287993886
53019,2016-05-31 06:32:07,True,aggregate_reference_u,-0.011002174735359926
53026,2016-05-31 06:38:07,True,aggregate_reference_u,0.002459639232088962
53030,2016-05-31 06:40:05,True,aggregate_reference_u,-0.006918247135327585
53031,2016-05-31 06:40:06,True,aggregate_reference_u,-0.01597446009134348
53033,2016-05-31 07:20:07,True,aggregate_reference_u,0.007545924206581163
53038,2016-05-31 07:40:05,True,aggregate_reference_u,0.009589384177434851
53034,2016-05-31 07:41:08,True,aggregate_reference_u,0.0005020019855402618
53041,2016-05-31 08:01:08,True,aggregate_reference_u,-0.006768270703883635
53039,2016-05-31 08:05:06,True,aggregate_reference_u,0.0038331633869948395
53049,2016-05-31 08:41:20,True,aggregate_reference_u,0.0008806883565154362
53043,2016-05-31 08:51:06,True,aggregate_reference_u,-0.005893341227105937
53058,2016-05-31 09:40:07,True,aggregate_reference_u,-0.003321713856289144
53052,2016-05-31 09:49:09,True,aggregate_reference_u,0.008763974247927644
53055,2016-05-31 10:05:10,True,aggregate_reference_u,-0.0019554271879389383
53065,2016-05-31 10:23:06,True,aggregate_reference_u,0.00476538105797894
53071,2016-05-31 10:34:08,True,aggregate_reference_u,0.001137997907576905
53070,2016-05-31 10:38:07,True,aggregate_reference_u,0.006441700568191629
53077,2016-05-31 10:40:10,True,aggregate_reference_u,-0.0003431810472475755
53080,2016-05-31 11:00:05,True,aggregate_reference_u,0.02505136024384058
53081,2016-05-31 11:00:05,True,aggregate_reference_u,-0.001664115708473046
53082,2016-05-31 11:00:09,True,aggregate_reference_u,0.002088014124296387
53279,2016-05-31 23:40:10,True,aggregate_reference_u,-4.6080436416108105e-05
53274,2016-06-01 00:00:08,True,aggregate_reference_u,0.0013221826328558995
53275,2016-06-01 00:00:10,True,aggregate_reference_u,0.032729037605292305
53285,2016-06-01 00:20:06,True,aggregate_reference_u,0.0020667211600572696
53277,2016-06-01 00:21:07,True,aggregate_reference_u,0.0009861765415885224
53301,2016-06-01 01:00:07,True,aggregate_reference_u,-1.8345364805423013e-05
53304,2016-06-01 01:20:10,True,aggregate_reference_u,-0.0029195644116969503
53293,2016-06-01 01:31:09,True,aggregate_reference_u,0.006696023084813618
53308,2016-06-01 01:40:07,True,aggregate_reference_u,-0.0005984471133168779
53313,2016-06-01 02:00:06,True,aggregate_reference_u,-0.014716342937269637
53307,2016-06-01 02:31:07,True,aggregate_reference_u,-0.004886377551804437
53309,2016-06-01 02:38:09,True,aggregate_reference_u,-0.000907493504205728
53314,2016-06-01 02:52:08,True,aggregate_reference_u,0.0027515674219067182
53317,2016-06-01 02:57:07,True,aggregate_reference_u,-0.003572868103052053
53322,2016-06-01 03:02:16,True,aggregate_reference_u,-0.00019736900035418562
53316,2016-06-01 03:08:06,True,aggregate_reference_u,-0.010840980151123818
53333,2016-06-01 03:25:06,True,aggregate_reference_u,0.003751710741149086
53329,2016-06-01 03:26:08,True,aggregate_reference_u,0.0032663584780720915
53328,2016-06-01 03:39:07,True,aggregate_reference_u,-0.0029494687813601543
53332,2016-06-01 04:04:05,True,aggregate_reference_u,-0.0002672896314809517
53337,2016-06-01 04:12:06,True,aggregate_reference_u,0.009757376407753694
53688,2016-06-02 05:31:06,True,aggregate_reference_u,-0.004192347796597447
53690,2016-06-02 06:09:09,True,aggregate_reference_u,-0.0011584879397579743
53699,2016-06-02 06:53:11,True,aggregate_reference_u,-0.0021407359965365403
53710,2016-06-02 08:00:06,True,aggregate_reference_u,0.0028424381989196855
53720,2016-06-02 09:00:07,True,aggregate_reference_u,0.0022181623855801087
53721,2016-06-02 09:10:07,True,aggregate_reference_u,0.0023317069230861763
53875,2016-06-02 22:08:08,True,aggregate_reference_u,0.0004150476579546611
53878,2016-06-02 22:40:08,True,aggregate_reference_u,-0.00043914054640525543
53879,2016-06-02 22:40:09,True,aggregate_reference_u,0.000867588897470161
53876,2016-06-02 22:58:06,True,aggregate_reference_u,0.00116231919488851
53880,2016-06-02 23:00:07,True,aggregate_reference_u,0.0031991470370921933
53887,2016-06-02 23:40:08,True,aggregate_reference_u,0.0023877466826827
53886,2016-06-02 23:45:06,True,aggregate_reference_u,0.06659479862075662
53884,2016-06-02 23:55:06,True,aggregate_reference_u,-0.00032185601468410737
54009,2016-06-03 12:00:06,True,aggregate_reference_u,-0.006544742534209247
54013,2016-06-03 12:20:07,True,aggregate_reference_u,-0.005959204380586787
54003,2016-06-03 12:23:07,True,aggregate_reference_u,0.006450566733651717
54019,2016-06-03 13:00:07,True,aggregate_reference_u,-0.0017996196760193157
54016,2016-06-03 13:12:08,True,aggregate_reference_u,0.002520478187160946
54018,2016-06-03 13:41:06,True,aggregate_reference_u,-0.011973289091869222
54029,2016-06-03 13:44:09,True,aggregate_reference_u,-0.0013931637561333684
54026,2016-06-03 13:45:07,True,aggregate_reference_u,0.0014620330854711787
54028,2016-06-03 13:56:09,True,aggregate_reference_u,0.004158602107228101
54032,2016-06-03 14:06:06,True,aggregate_reference_u,0.0020866926160509197
54040,2016-06-03 14:20:06,True,aggregate_reference_u,3.848986036921316e-05
54033,2016-06-03 14:39:08,True,aggregate_reference_u,-0.00036823870287231385
54041,2016-06-03 14:47:08,True,aggregate_reference_u,0.013545233827459513
54051,2016-06-03 15:00:12,True,aggregate_reference_u,-0.0030636725737893736
54049,2016-06-03 15:06:06,True,aggregate_reference_u,-0.0005155408085256723
54047,2016-06-03 15:10:08,True,aggregate_reference_u,-0.002706046388624833
54046,2016-06-03 15:16:07,True,aggregate_reference_u,0.002035885702871784
54050,2016-06-03 15:36:06,True,aggregate_reference_u,-0.011891387729609623
54189,2016-06-04 03:05:07,True,aggregate_reference_u,0.0009228800983770965
54190,2016-06-04 03:22:11,True,aggregate_reference_u,0.003764898236779301
54196,2016-06-04 05:07:24,True,aggregate_reference_u,-0.0009392688184137292
54199,2016-06-04 06:14:11,True,aggregate_reference_u,1.0760615346260341e-05
54201,2016-06-04 06:54:09,True,aggregate_reference_u,-0.008999968307040342
54204,2016-06-04 08:15:10,True,aggregate_reference_u,-8.141407142972042e-05
54266,2016-06-04 19:44:09,True,aggregate_reference_u,0.006776717483179106
54276,2016-06-04 22:00:09,True,aggregate_reference_u,0.001753576060484989
54273,2016-06-04 22:09:06,True,aggregate_reference_u,-0.01142833449255272
54274,2016-06-04 22:17:06,True,aggregate_reference_u,-0.0009818819226019085
54279,2016-06-04 23:03:11,True,aggregate_reference_u,-0.011157002086528495
54278,2016-06-04 23:06:11,True,aggregate_reference_u,-0.0009571724965966649
54285,2016-06-04 23:40:07,True,aggregate_reference_u,-0.006052400432709477
54282,2016-06-04 23:45:06,True,aggregate_reference_u,-0.0025469086867664047
54283,2016-06-05 00:01:09,True,aggregate_reference_u,0.00019112584738332445
54286,2016-06-05 00:35:06,True,aggregate_reference_u,-0.0017576553412729677
54289,2016-06-05 01:00:08,True,aggregate_reference_u,0.0011367092349038885
54345,2016-06-05 13:01:10,True,aggregate_reference_u,-0.002362866695313529
54344,2016-06-05 13:01:11,True,aggregate_reference_u,-0.004458292860033159
54350,2016-06-05 14:16:06,True,aggregate_reference_u,-0.01549592156276305
54349,2016-06-05 14:34:06,True,aggregate_reference_u,0.0004657008010946987
54352,2016-06-05 14:34:10,True,aggregate_reference_u,-0.0006108797144003064
54354,2016-06-05 15:20:06,True,aggregate_reference_u,-0.0030113259441818425
54364,2016-06-05 15:40:07,True,aggregate_reference_u,0.010640002573931606
54365,2016-06-05 16:18:13,True,aggregate_reference_u,-0.01830606857528315
54373,2016-06-05 16:52:12,True,aggregate_reference_u,-0.0014639464154583958
54369,2016-06-05 17:03:06,True,aggregate_reference_u,0.0012994159166316085
54371,2016-06-05 17:06:10,True,aggregate_reference_u,-0.006696011632855927
54376,2016-06-05 17:38:09,True,aggregate_reference_u,-0.0005905835732790167
54381,2016-06-05 17:40:07,True,aggregate_reference_u,0.00946455490717675
54380,2016-06-05 17:55:06,True,aggregate_reference_u,-0.0110271897126328
54383,2016-06-05 18:00:07,True,aggregate_reference_u,0.008409349298456813
54379,2016-06-05 18:02:06,True,aggregate_reference_u,0.011607761924828167
54378,2016-06-05 18:05:06,True,aggregate_reference_u,0.00031983163276354563
54386,2016-06-05 18:20:12,True,aggregate_reference_u,-0.00635800102606986
54382,2016-06-05 18:35:07,True,aggregate_reference_u,-0.005603832453171441
54391,2016-06-05 19:10:11,True,aggregate_reference_u,0.0013252051720083011
54390,2016-06-05 19:19:07,True,aggregate_reference_u,0.0014661440562671103
54394,2016-06-05 19:34:08,True,aggregate_reference_u,0.00023094161447589115
54396,2016-06-05 20:02:06,True,aggregate_reference_u,-0.0012528381297265286
54485,2016-06-06 07:01:06,True,aggregate_reference_u,0.01286418303933783
54493,2016-06-06 08:40:07,True,aggregate_reference_u,-0.0014488351013442965
54497,2016-06-06 09:00:07,True,aggregate_reference_u,0.003562089412427176
54500,2016-06-06 09:20:06,True,aggregate_reference_u,-0.0028716310514487094
54507,2016-06-06 10:03:12,True,aggregate_reference_u,0.00016190094762072205
54504,2016-06-06 10:16:06,True,aggregate_reference_u,0.029172907987466537
54519,2016-06-06 10:40:09,True,aggregate_reference_u,0.0006186670050129307
54512,2016-06-06 10:55:07,True,aggregate_reference_u,-0.003090068579385321
54523,2016-06-06 11:00:06,True,aggregate_reference_u,-0.0003583918597441123
54524,2016-06-06 11:00:07,True,aggregate_reference_u,0.01049892674627216
54525,2016-06-06 11:01:07,True,aggregate_reference_u,0.015368739993930234
54513,2016-06-06 11:02:09,True,aggregate_reference_u,-0.007864656558979062
54518,2016-06-06 11:26:07,True,aggregate_reference_u,-0.0034693963035955875
54522,2016-06-06 11:28:06,True,aggregate_reference_u,0.0071031542480466045
54529,2016-06-06 11:32:07,True,aggregate_reference_u,-0.006387529679574882
54531,2016-06-06 11:32:08,True,aggregate_reference_u,0.0016855435781046998
54530,2016-06-06 11:42:07,True,aggregate_reference_u,0.00019382481898701665
54537,2016-06-06 11:45:08,True,aggregate_reference_u,-0.0014771986806283717
54539,2016-06-06 12:00:07,True,aggregate_reference_u,-0.0026735481126296517
54536,2016-06-06 12:10:07,True,aggregate_reference_u,0.00038059011784034175
54532,2016-06-06 12:17:09,True,aggregate_reference_u,0.0029013209947022223
54549,2016-06-06 12:20:12,True,aggregate_reference_u,-0.020079551075376297
54543,2016-06-06 12:31:09,True,aggregate_reference_u,0.0028637712383071797
54545,2016-06-06 12:32:11,True,aggregate_reference_u,-0.004531940439909614
54542,2016-06-06 12:42:08,True,aggregate_reference_u,-0.0064607994153601175
54552,2016-06-06 12:53:08,True,aggregate_reference_u,0.005505715148422024
54558,2016-06-06 13:00:08,True,aggregate_reference_u,-1.316365129658617e-06
54548,2016-06-06 13:05:08,True,aggregate_reference_u,-0.00738364697695572
54547,2016-06-06 13:08:08,True,aggregate_reference_u,-0.001157381259461441
54565,2016-06-06 13:20:07,True,aggregate_reference_u,-9.952485717656598e-05
54553,2016-06-06 13:36:08,True,aggregate_reference_u,0.004202669533284086
54572,2016-06-06 13:40:11,True,aggregate_reference_u,0.00601229499975057
54564,2016-06-06 13:54:06,True,aggregate_reference_u,-0.0038534025559724613
54577,2016-06-06 14:32:11,True,aggregate_reference_u,0.006541402734041139
54581,2016-06-06 14:59:07,True,aggregate_reference_u,-0.007302120768198445
54582,2016-06-06 15:04:11,True,aggregate_reference_u,-0.010472853937213403
54590,2016-06-06 15:15:08,True,aggregate_reference_u,-0.006740188493896586
54596,2016-06-06 15:23:07,True,aggregate_reference_u,-0.005283213218844941
54597,2016-06-06 15:38:07,True,aggregate_reference_u,-0.0005614029765135696
54598,2016-06-06 15:38:08,True,aggregate_reference_u,-0.002027289542862809
54599,2016-06-06 15:40:09,True,aggregate_reference_u,-0.00504966292345159
54612,2016-06-06 16:00:10,True,aggregate_reference_u,0.012742592959593388
54604,2016-06-06 16:00:23,True,aggregate_reference_u,-0.003187747882653624
54609,2016-06-06 16:10:12,True,aggregate_reference_u,0.004016363199189549
54608,2016-06-06 16:16:10,True,aggregate_reference_u,0.008665060214195063
54606,2016-06-06 16:37:08,True,aggregate_reference_u,0.004426039046337609
54618,2016-06-06 16:43:06,True,aggregate_reference_u,-0.00495994205813962
54620,2016-06-06 16:59:07,True,aggregate_reference_u,5.574224351580934e-06
54619,2016-06-06 17:02:07,True,aggregate_reference_u,-0.002045881440170802
54754,2016-06-07 05:26:22,True,aggregate_reference_u,-0.002343887967269925
54761,2016-06-07 06:20:06,True,aggregate_reference_u,-0.004238136815124615
54762,2016-06-07 06:26:07,True,aggregate_reference_u,-0.002692139925328834
54772,2016-06-07 07:00:08,True,aggregate_reference_u,0.002188783242715893
54778,2016-06-07 07:41:11,True,aggregate_reference_u,0.008012633069565149
54777,2016-06-07 07:53:09,True,aggregate_reference_u,0.0013384215460874975
54774,2016-06-07 07:58:07,True,aggregate_reference_u,0.000738573346085785
54775,2016-06-07 08:03:08,True,aggregate_reference_u,0.00022086451082161881
54785,2016-06-07 09:08:09,True,aggregate_reference_u,-0.0068498698628515695
54792,2016-06-07 09:36:08,True,aggregate_reference_u,-0.0073784034804533945
54793,2016-06-07 09:45:10,True,aggregate_reference_u,0.0023844380725032456
54794,2016-06-07 10:02:12,True,aggregate_reference_u,0.006018281662252524
54790,2016-06-07 10:17:06,True,aggregate_reference_u,0.006171526774102149
54798,2016-06-07 10:18:08,True,aggregate_reference_u,-0.000786105196265739
54924,2016-06-07 21:01:06,True,aggregate_reference_u,-0.003955682512914161
54933,2016-06-07 21:20:12,True,aggregate_reference_u,0.0016853449693843385
54932,2016-06-07 22:06:08,True,aggregate_reference_u,-0.003185155256544445
54939,2016-06-07 22:27:12,True,aggregate_reference_u,0.0036319683435546935
54949,2016-06-07 22:50:14,True,aggregate_reference_u,0.007393466740312275
55212,2016-06-08 21:46:08,True,aggregate_reference_u,-0.00023537296765815258
55225,2016-06-08 22:04:13,True,aggregate_reference_u,-0.004406623299788706
55227,2016-06-08 22:20:07,True,aggregate_reference_u,0.00045193001736431844
55232,2016-06-08 22:45:09,True,aggregate_reference_u,0.0005056740220002031
55231,2016-06-08 23:31:07,True,aggregate_reference_u,0.004483668383223539
55234,2016-06-08 23:40:07,True,aggregate_reference_u,0.0077085253384256616
55236,2016-06-08 23:50:11,True,aggregate_reference_u,0.0011242379949464448
55235,2016-06-08 23:59:10,True,aggregate_reference_u,0.0030005315725255433
55238,2016-06-09 00:20:06,True,aggregate_reference_u,0.00826538518697444
55241,2016-06-09 00:20:07,True,aggregate_reference_u,0.018340436916135756
55242,2016-06-09 00:20:07,True,aggregate_reference_u,0.020206525002587388
55245,2016-06-09 00:40:07,True,aggregate_reference_u,-0.007257465871360093
55239,2016-06-09 00:47:09,True,aggregate_reference_u,-3.3457810184454005e-05
55251,2016-06-09 01:00:09,True,aggregate_reference_u,-0.0015774421101982274
55250,2016-06-09 01:41:07,True,aggregate_reference_u,0.01810011415896467
55255,2016-06-09 02:28:10,True,aggregate_reference_u,0.006648807543146829
55253,2016-06-09 02:35:09,True,aggregate_reference_u,0.007279451179721907
55661,2016-06-10 19:40:07,True,aggregate_reference_u,-0.002472374061499305
55663,2016-06-10 19:49:12,True,aggregate_reference_u,0.009729198517212476
55659,2016-06-10 20:13:07,True,aggregate_reference_u,-0.017504991432792244
57577,2016-06-18 21:15:03,True,aggregate_reference_u,0.00015056964221044902
57588,2016-06-18 21:40:03,True,aggregate_reference_u,-0.01416705228468923
57585,2016-06-18 22:13:10,True,aggregate_reference_u,-0.013446151184676257
57591,2016-06-18 22:40:03,True,aggregate_reference_u,0.0029191098848868613
57592,2016-06-18 22:40:07,True,aggregate_reference_u,-0.00516318536458691
57612,2016-06-19 05:32:04,True,aggregate_reference_u,-2.5233764529679416e-05
57629,2016-06-19 07:05:04,True,aggregate_reference_u,-0.004026240588455771
57624,2016-06-19 07:20:03,True,aggregate_reference_u,0.007449122244938797
57625,2016-06-19 07:24:04,True,aggregate_reference_u,0.002651987293774469
57635,2016-06-19 07:52:03,True,aggregate_reference_u,0.004474943499885498
57641,2016-06-19 08:20:08,True,aggregate_reference_u,2.8765045231202505e-05
57640,2016-06-19 09:04:06,True,aggregate_reference_u,0.008459924930897214
57638,2016-06-19 09:13:03,True,aggregate_reference_u,-0.0001285762570305789
57645,2016-06-19 09:16:03,True,aggregate_reference_u,-0.006501514746890915
57659,2016-06-19 10:40:13,True,aggregate_reference_u,0.005719197589141053
57664,2016-06-19 11:00:04,True,aggregate_reference_u,-0.0011473939227151925
57660,2016-06-19 11:06:13,True,aggregate_reference_u,-0.0113544509443332
57665,2016-06-19 11:31:06,True,aggregate_reference_u,-0.006463410646928926
57668,2016-06-19 11:40:03,True,aggregate_reference_u,0.04794343131198481
57672,2016-06-19 12:00:07,True,aggregate_reference_u,-0.010452508227637474
57708,2016-06-19 20:36:03,True,aggregate_reference_u,0.020791552240797706
57719,2016-06-19 22:02:03,True,aggregate_reference_u,0.017552978929878088
57721,2016-06-19 22:11:07,True,aggregate_reference_u,-0.004929969258753462
57723,2016-06-19 22:36:03,True,aggregate_reference_u,0.00019856617260459073
57725,2016-06-19 22:44:14,True,aggregate_reference_u,0.013524724238908187
57726,2016-06-19 22:55:15,True,aggregate_reference_u,0.0001463534791292866
57727,2016-06-19 22:56:04,True,aggregate_reference_u,-0.009201620821924491
57730,2016-06-19 23:03:03,True,aggregate_reference_u,0.01478317437708513
57737,2016-06-19 23:20:06,True,aggregate_reference_u,-0.008293290851715419
57735,2016-06-20 00:03:03,True,aggregate_reference_u,-0.005779499200336154
57738,2016-06-20 00:05:03,True,aggregate_reference_u,-0.012884077978471194
57744,2016-06-20 00:40:03,True,aggregate_reference_u,-0.005663462457591008
57739,2016-06-20 00:49:05,True,aggregate_reference_u,-0.009628382627327098
57743,2016-06-20 01:17:03,True,aggregate_reference_u,0.04967534557910745
57747,2016-06-20 01:17:03,True,aggregate_reference_u,0.0011089065266675358
57749,2016-06-20 01:20:06,True,aggregate_reference_u,-0.01820014685507531
57751,2016-06-20 01:40:04,True,aggregate_reference_u,-0.009941321715302064
57752,2016-06-20 01:40:05,True,aggregate_reference_u,0.004260355288928139
57755,2016-06-20 02:42:06,True,aggregate_reference_u,0.004370628021144865
57758,2016-06-20 03:40:04,True,aggregate_reference_u,-1.1642793743679367e-06
57761,2016-06-20 03:40:07,True,aggregate_reference_u,-0.00839767186910004
57759,2016-06-20 03:56:04,True,aggregate_reference_u,0.0050200402484203155
57766,2016-06-20 04:42:07,True,aggregate_reference_u,-0.00048460449969916944
57770,2016-06-20 05:34:04,True,aggregate_reference_u,0.00326842089092445
57778,2016-06-20 06:35:04,True,aggregate_reference_u,0.003868311337456687
57791,2016-06-20 07:20:04,True,aggregate_reference_u,0.007105863877103987
57784,2016-06-20 07:35:09,True,aggregate_reference_u,0.001632620444115072
57785,2016-06-20 07:46:04,True,aggregate_reference_u,5.6958310823464046e-05
57794,2016-06-20 08:01:05,True,aggregate_reference_u,0.0011755168035381893
57798,2016-06-20 08:22:04,True,aggregate_reference_u,-0.008149006302505365
57793,2016-06-20 08:25:04,True,aggregate_reference_u,-0.0011589076637633774
57799,2016-06-20 08:29:04,True,aggregate_reference_u,0.02515321243464394
57800,2016-06-20 08:33:06,True,aggregate_reference_u,-0.0016660140117484498
57820,2016-06-20 10:00:09,True,aggregate_reference_u,-0.010058390697413964
57811,2016-06-20 10:06:05,True,aggregate_reference_u,-0.0035267100831936557
57809,2016-06-20 10:09:03,True,aggregate_reference_u,-0.00034489378685506264
57818,2016-06-20 10:19:03,True,aggregate_reference_u,0.0004493758964110098
57829,2016-06-20 10:40:10,True,aggregate_reference_u,0.00358887399509154
57830,2016-06-20 10:40:10,True,aggregate_reference_u,-0.0008517471417950032
57822,2016-06-20 10:58:04,True,aggregate_reference_u,0.01279410084019069
57824,2016-06-20 11:03:07,True,aggregate_reference_u,0.0031990938281633227
57827,2016-06-20 11:04:05,True,aggregate_reference_u,0.005226844775645563
57838,2016-06-20 11:20:04,True,aggregate_reference_u,-0.0038522007906975075
57834,2016-06-20 11:21:06,True,aggregate_reference_u,0.0008784622296162739
57845,2016-06-20 12:07:04,True,aggregate_reference_u,0.00013881613344926503
57848,2016-06-20 12:10:04,True,aggregate_reference_u,0.00033831202083218354
57855,2016-06-20 12:20:10,True,aggregate_reference_u,0.003496400914490879
57858,2016-06-20 13:07:03,True,aggregate_reference_u,0.002026051686890809
57854,2016-06-20 13:08:06,True,aggregate_reference_u,0.00033470853199557213
57859,2016-06-20 13:19:06,True,aggregate_reference_u,0.006784411860261651
57864,2016-06-20 13:33:06,True,aggregate_reference_u,-0.0015180151578373536
57875,2016-06-20 14:00:11,True,aggregate_reference_u,0.014062556782512971
57873,2016-06-20 14:20:04,True,aggregate_reference_u,0.0011447459496684922
57879,2016-06-20 14:20:07,True,aggregate_reference_u,-0.00019090742086914567
57870,2016-06-20 14:30:05,True,aggregate_reference_u,0.0007767779226432884
57869,2016-06-20 14:38:05,True,aggregate_reference_u,-0.007385051301194757
57878,2016-06-20 14:45:06,True,aggregate_reference_u,0.011780116059910417
57874,2016-06-20 14:49:06,True,aggregate_reference_u,0.015751084313375123
57877,2016-06-20 15:17:05,True,aggregate_reference_u,-0.00403817949348334
57883,2016-06-20 15:34:05,True,aggregate_reference_u,-0.0037290472743179703
57894,2016-06-20 15:50:03,True,aggregate_reference_u,-0.005934755020650587
57889,2016-06-20 15:59:03,True,aggregate_reference_u,-0.008520305536530213
57902,2016-06-20 16:02:09,True,aggregate_reference_u,-0.004772311816729442
57923,2016-06-20 17:17:07,True,aggregate_reference_u,0.0014249972324481934
57920,2016-06-20 17:32:04,True,aggregate_reference_u,0.011765125259208767
57930,2016-06-20 17:32:08,True,aggregate_reference_u,-0.005382358739800877
57929,2016-06-20 17:52:04,True,aggregate_reference_u,-0.0013390577151664758
57936,2016-06-20 18:00:05,True,aggregate_reference_u,-0.0005557148000012099
57949,2016-06-20 18:43:04,True,aggregate_reference_u,-0.004670025249062994
57970,2016-06-20 20:00:08,True,aggregate_reference_u,0.014275297603423519
57960,2016-06-20 20:01:06,True,aggregate_reference_u,-0.003778009085162258
46414,2016-05-01 00:40:15,True,aggregate_reference_betting,0.0
46420,2016-05-01 01:40:16,True,aggregate_reference_betting,0.0
46425,2016-05-01 02:20:20,True,aggregate_reference_betting,0.0
46426,2016-05-01 02:20:20,True,aggregate_reference_betting,0.0
46428,2016-05-01 02:40:14,True,aggregate_reference_betting,0.0
46435,2016-05-01 04:57:15,True,aggregate_reference_betting,0.0
46434,2016-05-01 05:06:20,True,aggregate_reference_betting,0.0
46437,2016-05-01 05:38:29,True,aggregate_reference_betting,0.0
46444,2016-05-01 06:00:16,True,aggregate_reference_betting,0.0
46446,2016-05-01 06:00:20,True,aggregate_reference_betting,0.0
46440,2016-05-01 06:05:19,True,aggregate_reference_betting,0.0
46445,2016-05-01 06:11:19,True,aggregate_reference_betting,0.0
46454,2016-05-01 07:00:14,True,aggregate_reference_betting,0.0
46455,2016-05-01 07:02:16,True,aggregate_reference_betting,0.0
46451,2016-05-01 07:06:17,True,aggregate_reference_betting,0.0
46531,2016-05-01 18:40:14,True,aggregate_reference_betting,0.0
46534,2016-05-01 18:40:14,True,aggregate_reference_betting,0.0
46536,2016-05-01 19:16:18,True,aggregate_reference_betting,0.0
46535,2016-05-01 19:24:16,True,aggregate_reference_betting,0.0
46544,2016-05-01 20:16:14,True,aggregate_reference_betting,0.0
46548,2016-05-01 20:42:16,True,aggregate_reference_betting,0.0
46554,2016-05-01 21:00:21,True,aggregate_reference_betting,0.0
46553,2016-05-01 21:06:17,True,aggregate_reference_betting,0.0
46549,2016-05-01 21:14:22,True,aggregate_reference_betting,0.0
46552,2016-05-01 21:40:14,True,aggregate_reference_betting,0.0
46559,2016-05-01 21:40:15,True,aggregate_reference_betting,0.0
46555,2016-05-01 21:51:16,True,aggregate_reference_betting,0.0
46563,2016-05-01 22:00:15,True,aggregate_reference_betting,0.0
46560,2016-05-01 22:03:17,True,aggregate_reference_betting,0.0
46561,2016-05-01 22:03:18,True,aggregate_reference_betting,0.0
46564,2016-05-01 22:58:16,True,aggregate_reference_betting,0.0
46574,2016-05-01 23:40:15,True,aggregate_reference_betting,0.0
46575,2016-05-02 00:04:18,True,aggregate_reference_betting,0.0
46578,2016-05-02 00:17:16,True,aggregate_reference_betting,0.0
46581,2016-05-02 00:37:19,True,aggregate_reference_betting,0.0
46588,2016-05-02 01:11:14,True,aggregate_reference_betting,0.0
46582,2016-05-02 01:11:20,True,aggregate_reference_betting,0.0
46592,2016-05-02 01:40:15,True,aggregate_reference_betting,0.0
46589,2016-05-02 01:41:15,True,aggregate_reference_betting,0.0
46594,2016-05-02 02:41:17,True,aggregate_reference_betting,0.0
46596,2016-05-02 02:42:19,True,aggregate_reference_betting,0.0
46608,2016-05-02 04:38:20,True,aggregate_reference_betting,0.0
46725,2016-05-02 15:24:14,True,aggregate_reference_betting,0.0
46726,2016-05-02 15:29:14,True,aggregate_reference_betting,0.0
46740,2016-05-02 15:40:16,True,aggregate_reference_betting,0.0
46743,2016-05-02 16:00:15,True,aggregate_reference_betting,0.0
46745,2016-05-02 16:00:15,True,aggregate_reference_betting,0.0
46744,2016-05-02 16:27:15,True,aggregate_reference_betting,0.0
46756,2016-05-02 16:40:16,True,aggregate_reference_betting,0.0
46755,2016-05-02 16:57:15,True,aggregate_reference_betting,0.0
46762,2016-05-02 17:00:18,True,aggregate_reference_betting,0.0
46763,2016-05-02 17:11:20,True,aggregate_reference_betting,0.0
46770,2016-05-02 17:20:19,True,aggregate_reference_betting,0.0
46759,2016-05-02 17:31:15,True,aggregate_reference_betting,0.0
46778,2016-05-02 17:40:17,True,aggregate_reference_betting,0.0
46760,2016-05-02 17:43:16,True,aggregate_reference_betting,0.0
46775,2016-05-02 17:44:15,True,aggregate_reference_betting,0.0
46761,2016-05-02 17:46:16,True,aggregate_reference_betting,0.0
46767,2016-05-02 17:47:16,True,aggregate_reference_betting,0.0
46776,2016-05-02 18:04:15,True,aggregate_reference_betting,0.0
46781,2016-05-02 18:26:18,True,aggregate_reference_betting,0.0
46777,2016-05-02 18:37:16,True,aggregate_reference_betting,0.0
46788,2016-05-02 18:40:14,True,aggregate_reference_betting,0.0
46789,2016-05-02 18:40:15,True,aggregate_reference_betting,0.0
46787,2016-05-02 19:02:17,True,aggregate_reference_betting,0.0
46790,2016-05-02 19:07:15,True,aggregate_reference_betting,0.0
46792,2016-05-02 19:51:14,True,aggregate_reference_betting,0.0
46805,2016-05-02 20:00:24,True,aggregate_reference_betting,0.0
46798,2016-05-02 20:02:15,True,aggregate_reference_betting,0.0
46797,2016-05-02 20:03:15,True,aggregate_reference_betting,0.0
46793,2016-05-02 20:11:19,True,aggregate_reference_betting,0.0
46799,2016-05-02 20:13:17,True,aggregate_reference_betting,0.0
46808,2016-05-02 20:20:31,True,aggregate_reference_betting,0.0
46806,2016-05-02 20:29:27,True,aggregate_reference_betting,0.0
46818,2016-05-02 20:56:21,True,aggregate_reference_betting,0.0
46820,2016-05-02 21:00:19,True,aggregate_reference_betting,0.0
46816,2016-05-02 21:01:16,True,aggregate_reference_betting,0.0
46819,2016-05-02 21:21:19,True,aggregate_reference_betting,0.0
46933,2016-05-03 09:00:19,True,aggregate_reference_betting,0.0
46930,2016-05-03 09:16:16,True,aggregate_reference_betting,0.0
46937,2016-05-03 09:49:21,True,aggregate_reference_betting,0.0
46936,2016-05-03 09:52:15,True,aggregate_reference_betting,0.0
46940,2016-05-03 10:00:15,True,aggregate_reference_betting,0.0
46935,2016-05-03 10:02:15,True,aggregate_reference_betting,0.0
46941,2016-05-03 10:28:16,True,aggregate_reference_betting,0.0
46944,2016-05-03 10:33:15,True,aggregate_reference_betting,0.0
46949,2016-05-03 10:42:21,True,aggregate_reference_betting,0.0
46946,2016-05-03 10:48:15,True,aggregate_reference_betting,0.0
46948,2016-05-03 11:01:18,True,aggregate_reference_betting,0.0
46947,2016-05-03 11:19:15,True,aggregate_reference_betting,0.0
46952,2016-05-03 11:20:21,True,aggregate_reference_betting,0.0
46953,2016-05-03 11:40:15,True,aggregate_reference_betting,0.0
46956,2016-05-03 12:08:15,True,aggregate_reference_betting,0.0
46959,2016-05-03 12:20:15,True,aggregate_reference_betting,0.0
46965,2016-05-03 12:40:19,True,aggregate_reference_betting,0.0
46960,2016-05-03 12:44:20,True,aggregate_reference_betting,0.0
46969,2016-05-03 13:00:15,True,aggregate_reference_betting,0.0
46971,2016-05-03 13:13:18,True,aggregate_reference_betting,0.0
46962,2016-05-03 13:14:18,True,aggregate_reference_betting,0.0
46978,2016-05-03 13:26:16,True,aggregate_reference_betting,0.0
46982,2016-05-03 13:40:15,True,aggregate_reference_betting,0.0
46984,2016-05-03 13:40:21,True,aggregate_reference_betting,0.0
46979,2016-05-03 13:52:16,True,aggregate_reference_betting,0.0
46983,2016-05-03 13:54:18,True,aggregate_reference_betting,0.0
46980,2016-05-03 13:59:21,True,aggregate_reference_betting,0.0
47118,2016-05-04 01:47:20,True,aggregate_reference_betting,0.0
47122,2016-05-04 02:00:16,True,aggregate_reference_betting,0.0
47120,2016-05-04 02:04:18,True,aggregate_reference_betting,0.0
47125,2016-05-04 02:20:20,True,aggregate_reference_betting,0.0
47124,2016-05-04 02:46:16,True,aggregate_reference_betting,0.0
47128,2016-05-04 03:41:19,True,aggregate_reference_betting,0.0
47127,2016-05-04 03:46:16,True,aggregate_reference_betting,0.0
47129,2016-05-04 04:01:15,True,aggregate_reference_betting,0.0
47134,2016-05-04 04:37:16,True,aggregate_reference_betting,0.0
47133,2016-05-04 04:42:16,True,aggregate_reference_betting,0.0
47143,2016-05-04 05:00:25,True,aggregate_reference_betting,0.0
47144,2016-05-04 05:12:27,True,aggregate_reference_betting,0.0
47150,2016-05-04 05:55:17,True,aggregate_reference_betting,0.0
47284,2016-05-04 18:07:20,True,aggregate_reference_betting,0.0
47288,2016-05-04 18:18:17,True,aggregate_reference_betting,0.0
47297,2016-05-04 18:20:19,True,aggregate_reference_betting,0.0
47296,2016-05-04 18:40:19,True,aggregate_reference_betting,0.0
47302,2016-05-04 18:43:15,True,aggregate_reference_betting,0.0
47292,2016-05-04 18:48:15,True,aggregate_reference_betting,0.0
47295,2016-05-04 18:56:14,True,aggregate_reference_betting,0.0
47306,2016-05-04 19:00:15,True,aggregate_reference_betting,0.0
47313,2016-05-04 19:40:17,True,aggregate_reference_betting,0.0
47314,2016-05-04 19:40:23,True,aggregate_reference_betting,0.0
47310,2016-05-04 19:44:31,True,aggregate_reference_betting,0.0
47317,2016-05-04 20:00:18,True,aggregate_reference_betting,0.0
47311,2016-05-04 20:02:31,True,aggregate_reference_betting,0.0
47320,2016-05-04 20:25:18,True,aggregate_reference_betting,0.0
47325,2016-05-04 20:40:14,True,aggregate_reference_betting,0.0
47326,2016-05-04 20:40:19,True,aggregate_reference_betting,0.0
47321,2016-05-04 21:15:19,True,aggregate_reference_betting,0.0
47411,2016-05-05 09:10:15,True,aggregate_reference_betting,0.0
47419,2016-05-05 09:20:20,True,aggregate_reference_betting,0.0
47415,2016-05-05 09:47:25,True,aggregate_reference_betting,0.0
47414,2016-05-05 09:52:25,True,aggregate_reference_betting,0.0
47422,2016-05-05 10:06:15,True,aggregate_reference_betting,0.0
47418,2016-05-05 10:08:16,True,aggregate_reference_betting,0.0
47427,2016-05-05 10:38:16,True,aggregate_reference_betting,0.0
47428,2016-05-05 11:00:16,True,aggregate_reference_betting,0.0
47440,2016-05-05 11:40:18,True,aggregate_reference_betting,0.0
47436,2016-05-05 12:05:25,True,aggregate_reference_betting,0.0
47437,2016-05-05 12:10:27,True,aggregate_reference_betting,0.0
47439,2016-05-05 12:32:14,True,aggregate_reference_betting,0.0
47444,2016-05-05 12:38:16,True,aggregate_reference_betting,0.0
47454,2016-05-05 13:02:30,True,aggregate_reference_betting,0.0
47449,2016-05-05 13:04:18,True,aggregate_reference_betting,0.0
47463,2016-05-05 13:20:15,True,aggregate_reference_betting,0.0
47464,2016-05-05 13:20:20,True,aggregate_reference_betting,0.0
47460,2016-05-05 13:31:19,True,aggregate_reference_betting,0.0
47468,2016-05-05 13:40:17,True,aggregate_reference_betting,0.0
47469,2016-05-05 13:40:17,True,aggregate_reference_betting,0.0
47470,2016-05-05 13:40:19,True,aggregate_reference_betting,0.0
47611,2016-05-06 02:38:19,True,aggregate_reference_betting,0.0
47618,2016-05-06 03:00:18,True,aggregate_reference_betting,0.0
47619,2016-05-06 03:00:20,True,aggregate_reference_betting,0.0
47622,2016-05-06 03:30:16,True,aggregate_reference_betting,0.0
47630,2016-05-06 04:40:18,True,aggregate_reference_betting,0.0
47631,2016-05-06 06:04:16,True,aggregate_reference_betting,0.0
47774,2016-05-06 18:29:16,True,aggregate_reference_betting,0.0
47772,2016-05-06 18:31:19,True,aggregate_reference_betting,0.0
47777,2016-05-06 18:31:23,True,aggregate_reference_betting,0.0
47771,2016-05-06 18:39:16,True,aggregate_reference_betting,0.0
47781,2016-05-06 19:11:20,True,aggregate_reference_betting,0.0
47805,2016-05-06 21:22:19,True,aggregate_reference_betting,0.0
47804,2016-05-06 21:27:16,True,aggregate_reference_betting,0.0
47809,2016-05-06 21:51:19,True,aggregate_reference_betting,0.0
47882,2016-05-07 10:29:16,True,aggregate_reference_betting,0.0
47888,2016-05-07 12:00:15,True,aggregate_reference_betting,0.0
47893,2016-05-07 12:33:18,True,aggregate_reference_betting,0.0
47897,2016-05-07 14:08:14,True,aggregate_reference_betting,0.0
47903,2016-05-07 14:20:15,True,aggregate_reference_betting,0.0
47901,2016-05-07 14:32:16,True,aggregate_reference_betting,0.0
47905,2016-05-07 14:40:16,True,aggregate_reference_betting,0.0
47906,2016-05-07 14:40:18,True,aggregate_reference_betting,0.0
47955,2016-05-08 02:57:17,True,aggregate_reference_betting,0.0
47954,2016-05-08 03:04:16,True,aggregate_reference_betting,0.0
47957,2016-05-08 03:05:15,True,aggregate_reference_betting,0.0
47958,2016-05-08 03:06:18,True,aggregate_reference_betting,0.0
47960,2016-05-08 03:32:16,True,aggregate_reference_betting,0.0
47961,2016-05-08 03:48:16,True,aggregate_reference_betting,0.0
47967,2016-05-08 04:27:17,True,aggregate_reference_betting,0.0
47964,2016-05-08 04:38:16,True,aggregate_reference_betting,0.0
47971,2016-05-08 05:40:17,True,aggregate_reference_betting,0.0
47972,2016-05-08 05:49:19,True,aggregate_reference_betting,0.0
47970,2016-05-08 06:13:15,True,aggregate_reference_betting,0.0
47969,2016-05-08 06:15:16,True,aggregate_reference_betting,0.0
47973,2016-05-08 06:17:15,True,aggregate_reference_betting,0.0
47978,2016-05-08 06:51:15,True,aggregate_reference_betting,0.0
47982,2016-05-08 07:24:17,True,aggregate_reference_betting,0.0
47990,2016-05-08 08:20:14,True,aggregate_reference_betting,0.0
47987,2016-05-08 08:21:17,True,aggregate_reference_betting,0.0
47992,2016-05-08 08:40:16,True,aggregate_reference_betting,0.0
47996,2016-05-08 09:00:24,True,aggregate_reference_betting,0.0
48001,2016-05-08 09:20:18,True,aggregate_reference_betting,0.0
48003,2016-05-08 09:40:15,True,aggregate_reference_betting,0.0
48005,2016-05-08 10:08:15,True,aggregate_reference_betting,0.0
47999,2016-05-08 10:13:15,True,aggregate_reference_betting,0.0
48007,2016-05-08 11:04:16,True,aggregate_reference_betting,0.0
48009,2016-05-08 11:08:15,True,aggregate_reference_betting,0.0
48010,2016-05-08 11:55:25,True,aggregate_reference_betting,0.0
48077,2016-05-08 23:17:19,True,aggregate_reference_betting,0.0
48078,2016-05-08 23:43:15,True,aggregate_reference_betting,0.0
48082,2016-05-09 00:01:15,True,aggregate_reference_betting,0.0
48079,2016-05-09 00:06:17,True,aggregate_reference_betting,0.0
48088,2016-05-09 00:40:16,True,aggregate_reference_betting,0.0
48091,2016-05-09 01:00:15,True,aggregate_reference_betting,0.0
48092,2016-05-09 01:00:16,True,aggregate_reference_betting,0.0
48094,2016-05-09 01:00:20,True,aggregate_reference_betting,0.0
48093,2016-05-09 01:04:18,True,aggregate_reference_betting,0.0
48084,2016-05-09 01:14:15,True,aggregate_reference_betting,0.0
48098,2016-05-09 01:20:16,True,aggregate_reference_betting,0.0
48086,2016-05-09 01:31:16,True,aggregate_reference_betting,0.0
48100,2016-05-09 01:40:15,True,aggregate_reference_betting,0.0
48104,2016-05-09 02:00:18,True,aggregate_reference_betting,0.0
48105,2016-05-09 02:00:20,True,aggregate_reference_betting,0.0
48097,2016-05-09 02:10:15,True,aggregate_reference_betting,0.0
48111,2016-05-09 03:04:16,True,aggregate_reference_betting,0.0
48113,2016-05-09 03:20:15,True,aggregate_reference_betting,0.0
48115,2016-05-09 03:39:19,True,aggregate_reference_betting,0.0
48119,2016-05-09 04:00:18,True,aggregate_reference_betting,0.0
48114,2016-05-09 04:13:15,True,aggregate_reference_betting,0.0
48122,2016-05-09 04:57:17,True,aggregate_reference_betting,0.0
48126,2016-05-09 05:04:15,True,aggregate_reference_betting,0.0
48121,2016-05-09 05:16:15,True,aggregate_reference_betting,0.0
48139,2016-05-09 05:20:16,True,aggregate_reference_betting,0.0
48135,2016-05-09 05:36:15,True,aggregate_reference_betting,0.0
48142,2016-05-09 05:40:15,True,aggregate_reference_betting,0.0
48143,2016-05-09 05:47:17,True,aggregate_reference_betting,0.0
48147,2016-05-09 06:00:15,True,aggregate_reference_betting,0.0
48148,2016-05-09 06:23:20,True,aggregate_reference_betting,0.0
48160,2016-05-09 07:05:15,True,aggregate_reference_betting,0.0
48153,2016-05-09 07:13:18,True,aggregate_reference_betting,0.0
48157,2016-05-09 07:25:16,True,aggregate_reference_betting,0.0
48172,2016-05-09 08:25:16,True,aggregate_reference_betting,0.0
48175,2016-05-09 08:40:21,True,aggregate_reference_betting,0.0
48170,2016-05-09 08:41:16,True,aggregate_reference_betting,0.0
48171,2016-05-09 08:44:16,True,aggregate_reference_betting,0.0
48174,2016-05-09 08:55:16,True,aggregate_reference_betting,0.0
48182,2016-05-09 09:20:20,True,aggregate_reference_betting,0.0
48180,2016-05-09 09:28:15,True,aggregate_reference_betting,0.0
48192,2016-05-09 10:40:16,True,aggregate_reference_betting,0.0
48188,2016-05-09 11:01:16,True,aggregate_reference_betting,0.0
48189,2016-05-09 11:01:17,True,aggregate_reference_betting,0.0
48190,2016-05-09 11:04:17,True,aggregate_reference_betting,0.0
48200,2016-05-09 11:38:19,True,aggregate_reference_betting,0.0
48195,2016-05-09 11:42:17,True,aggregate_reference_betting,0.0
48199,2016-05-09 11:55:17,True,aggregate_reference_betting,0.0
48208,2016-05-09 12:03:17,True,aggregate_reference_betting,0.0
48213,2016-05-09 12:19:28,True,aggregate_reference_betting,0.0
48207,2016-05-09 12:38:17,True,aggregate_reference_betting,0.0
48367,2016-05-09 23:40:19,True,aggregate_reference_betting,0.0
48361,2016-05-10 00:01:17,True,aggregate_reference_betting,0.0
48366,2016-05-10 00:09:16,True,aggregate_reference_betting,0.0
48374,2016-05-10 00:40:17,True,aggregate_reference_betting,0.0
48376,2016-05-10 00:40:19,True,aggregate_reference_betting,0.0
48382,2016-05-10 01:00:19,True,aggregate_reference_betting,0.0
48384,2016-05-10 01:42:18,True,aggregate_reference_betting,0.0
48389,2016-05-10 02:20:17,True,aggregate_reference_betting,0.0
48391,2016-05-10 02:20:18,True,aggregate_reference_betting,0.0
48399,2016-05-10 03:17:20,True,aggregate_reference_betting,0.0
48400,2016-05-10 03:17:20,True,aggregate_reference_betting,0.0
48398,2016-05-10 03:19:18,True,aggregate_reference_betting,0.0
48396,2016-05-10 03:27:16,True,aggregate_reference_betting,0.0
48402,2016-05-10 03:27:18,True,aggregate_reference_betting,0.0
48403,2016-05-10 03:29:18,True,aggregate_reference_betting,0.0
48397,2016-05-10 03:48:18,True,aggregate_reference_betting,0.0
48409,2016-05-10 04:20:19,True,aggregate_reference_betting,0.0
48413,2016-05-10 05:00:26,True,aggregate_reference_betting,0.0
48411,2016-05-10 05:01:15,True,aggregate_reference_betting,0.0
48414,2016-05-10 05:02:26,True,aggregate_reference_betting,0.0
48408,2016-05-10 05:05:16,True,aggregate_reference_betting,0.0
48416,2016-05-10 06:04:16,True,aggregate_reference_betting,0.0
48423,2016-05-10 06:40:20,True,aggregate_reference_betting,0.0
48417,2016-05-10 06:49:17,True,aggregate_reference_betting,0.0
48427,2016-05-10 07:14:30,True,aggregate_reference_betting,0.0
48434,2016-05-10 07:20:16,True,aggregate_reference_betting,0.0
48433,2016-05-10 07:25:15,True,aggregate_reference_betting,0.0
48426,2016-05-10 07:49:26,True,aggregate_reference_betting,0.0
48437,2016-05-10 07:59:15,True,aggregate_reference_betting,0.0
48449,2016-05-10 08:00:17,True,aggregate_reference_betting,0.0
48448,2016-05-10 08:03:17,True,aggregate_reference_betting,0.0
48447,2016-05-10 08:36:16,True,aggregate_reference_betting,0.0
48438,2016-05-10 08:38:16,True,aggregate_reference_betting,0.0
48456,2016-05-10 09:00:20,True,aggregate_reference_betting,0.0
48457,2016-05-10 09:31:21,True,aggregate_reference_betting,0.0
48462,2016-05-10 10:00:21,True,aggregate_reference_betting,0.0
48464,2016-05-10 10:20:18,True,aggregate_reference_betting,0.0
48466,2016-05-10 10:40:16,True,aggregate_reference_betting,0.0
48471,2016-05-10 11:08:15,True,aggregate_reference_betting,0.0
48472,2016-05-10 11:11:16,True,aggregate_reference_betting,0.0
48475,2016-05-10 11:20:14,True,aggregate_reference_betting,0.0
48481,2016-05-10 11:40:16,True,aggregate_reference_betting,0.0
48482,2016-05-10 11:40:21,True,aggregate_reference_betting,0.0
48477,2016-05-10 11:47:19,True,aggregate_reference_betting,0.0
48474,2016-05-10 12:04:14,True,aggregate_reference_betting,0.0
48480,2016-05-10 12:27:16,True,aggregate_reference_betting,0.0
48627,2016-05-10 23:44:16,True,aggregate_reference_betting,0.0
48640,2016-05-11 00:17:15,True,aggregate_reference_betting,0.0
48646,2016-05-11 00:20:15,True,aggregate_reference_betting,0.0
48633,2016-05-11 00:30:15,True,aggregate_reference_betting,0.0
48649,2016-05-11 00:40:15,True,aggregate_reference_betting,0.0
48650,2016-05-11 01:00:15,True,aggregate_reference_betting,0.0
48654,2016-05-11 01:49:18,True,aggregate_reference_betting,0.0
48656,2016-05-11 02:01:19,True,aggregate_reference_betting,0.0
48657,2016-05-11 02:31:16,True,aggregate_reference_betting,0.0
48663,2016-05-11 03:20:17,True,aggregate_reference_betting,0.0
48662,2016-05-11 03:55:17,True,aggregate_reference_betting,0.0
48666,2016-05-11 04:20:19,True,aggregate_reference_betting,0.0
48774,2016-05-11 15:53:19,True,aggregate_reference_betting,0.0
48788,2016-05-11 16:00:17,True,aggregate_reference_betting,0.0
48789,2016-05-11 16:01:19,True,aggregate_reference_betting,0.0
48780,2016-05-11 16:03:16,True,aggregate_reference_betting,0.0
48790,2016-05-11 16:20:20,True,aggregate_reference_betting,0.0
48781,2016-05-11 16:33:18,True,aggregate_reference_betting,0.0
48798,2016-05-11 16:40:15,True,aggregate_reference_betting,0.0
48802,2016-05-11 17:00:16,True,aggregate_reference_betting,0.0
48805,2016-05-11 17:20:15,True,aggregate_reference_betting,0.0
48815,2016-05-11 18:00:18,True,aggregate_reference_betting,0.0
48818,2016-05-11 18:20:23,True,aggregate_reference_betting,0.0
48810,2016-05-11 18:29:17,True,aggregate_reference_betting,0.0
48817,2016-05-11 19:07:17,True,aggregate_reference_betting,0.0
48827,2016-05-11 19:12:16,True,aggregate_reference_betting,0.0
48835,2016-05-11 19:20:22,True,aggregate_reference_betting,0.0
48831,2016-05-11 19:41:15,True,aggregate_reference_betting,0.0
48832,2016-05-11 19:43:16,True,aggregate_reference_betting,0.0
48945,2016-05-12 07:22:16,True,aggregate_reference_betting,0.0
48944,2016-05-12 07:46:15,True,aggregate_reference_betting,0.0
48949,2016-05-12 07:55:19,True,aggregate_reference_betting,0.0
48953,2016-05-12 08:02:19,True,aggregate_reference_betting,0.0
48948,2016-05-12 08:25:16,True,aggregate_reference_betting,0.0
48958,2016-05-12 08:40:15,True,aggregate_reference_betting,0.0
48959,2016-05-12 09:06:16,True,aggregate_reference_betting,0.0
48964,2016-05-12 09:14:17,True,aggregate_reference_betting,0.0
48960,2016-05-12 09:23:18,True,aggregate_reference_betting,0.0
48968,2016-05-12 10:02:20,True,aggregate_reference_betting,0.0
48974,2016-05-12 10:20:31,True,aggregate_reference_betting,0.0
48975,2016-05-12 10:40:22,True,aggregate_reference_betting,0.0
48976,2016-05-12 10:40:22,True,aggregate_reference_betting,0.0
48970,2016-05-12 10:49:20,True,aggregate_reference_betting,0.0
48981,2016-05-12 11:00:16,True,aggregate_reference_betting,0.0
48982,2016-05-12 11:03:18,True,aggregate_reference_betting,0.0
48972,2016-05-12 11:15:26,True,aggregate_reference_betting,0.0
48986,2016-05-12 12:04:16,True,aggregate_reference_betting,0.0
49140,2016-05-12 23:46:15,True,aggregate_reference_betting,0.0
49136,2016-05-12 23:52:16,True,aggregate_reference_betting,0.0
49145,2016-05-13 00:00:19,True,aggregate_reference_betting,0.0
49146,2016-05-13 00:20:16,True,aggregate_reference_betting,0.0
49147,2016-05-13 00:20:19,True,aggregate_reference_betting,0.0
49150,2016-05-13 00:40:16,True,aggregate_reference_betting,0.0
49151,2016-05-13 00:40:20,True,aggregate_reference_betting,0.0
49153,2016-05-13 00:40:21,True,aggregate_reference_betting,0.0
49152,2016-05-13 01:04:20,True,aggregate_reference_betting,0.0
49159,2016-05-13 01:06:20,True,aggregate_reference_betting,0.0
49158,2016-05-13 01:34:20,True,aggregate_reference_betting,0.0
49160,2016-05-13 01:40:21,True,aggregate_reference_betting,0.0
49166,2016-05-13 01:52:19,True,aggregate_reference_betting,0.0
49167,2016-05-13 01:57:19,True,aggregate_reference_betting,0.0
49171,2016-05-13 02:00:18,True,aggregate_reference_betting,0.0
49172,2016-05-13 02:09:21,True,aggregate_reference_betting,0.0
49181,2016-05-13 03:40:17,True,aggregate_reference_betting,0.0
49189,2016-05-13 04:39:20,True,aggregate_reference_betting,0.0
49184,2016-05-13 04:42:16,True,aggregate_reference_betting,0.0
49374,2016-05-13 16:00:19,True,aggregate_reference_betting,0.0
49375,2016-05-13 16:01:21,True,aggregate_reference_betting,0.0
49366,2016-05-13 16:05:17,True,aggregate_reference_betting,0.0
49364,2016-05-13 16:20:15,True,aggregate_reference_betting,0.0
49381,2016-05-13 16:20:17,True,aggregate_reference_betting,0.0
49382,2016-05-13 16:20:22,True,aggregate_reference_betting,0.0
49380,2016-05-13 16:44:17,True,aggregate_reference_betting,0.0
49386,2016-05-13 17:00:16,True,aggregate_reference_betting,0.0
49392,2016-05-13 17:00:17,True,aggregate_reference_betting,0.0
49397,2016-05-13 17:20:19,True,aggregate_reference_betting,0.0
49387,2016-05-13 17:23:18,True,aggregate_reference_betting,0.0
49401,2016-05-13 17:40:17,True,aggregate_reference_betting,0.0
49402,2016-05-13 17:40:17,True,aggregate_reference_betting,0.0
49398,2016-05-13 18:08:19,True,aggregate_reference_betting,0.0
49403,2016-05-13 18:08:20,True,aggregate_reference_betting,0.0
49413,2016-05-13 19:03:20,True,aggregate_reference_betting,0.0
49416,2016-05-13 19:10:23,True,aggregate_reference_betting,0.0
49415,2016-05-13 19:13:22,True,aggregate_reference_betting,0.0
49407,2016-05-13 19:25:20,True,aggregate_reference_betting,0.0
49541,2016-05-14 09:00:21,True,aggregate_reference_betting,0.0
49543,2016-05-14 09:33:16,True,aggregate_reference_betting,0.0
49544,2016-05-14 09:53:17,True,aggregate_reference_betting,0.0
49546,2016-05-14 11:07:21,True,aggregate_reference_betting,0.0
49618,2016-05-14 22:54:15,True,aggregate_reference_betting,0.0
49621,2016-05-14 23:20:20,True,aggregate_reference_betting,0.0
49625,2016-05-15 01:31:16,True,aggregate_reference_betting,0.0
49630,2016-05-15 02:03:17,True,aggregate_reference_betting,0.0
49641,2016-05-15 04:40:20,True,aggregate_reference_betting,0.0
49638,2016-05-15 05:01:18,True,aggregate_reference_betting,0.0
49640,2016-05-15 05:01:19,True,aggregate_reference_betting,0.0
49642,2016-05-15 05:01:25,True,aggregate_reference_betting,0.0
49643,2016-05-15 05:01:30,True,aggregate_reference_betting,0.0
49709,2016-05-15 17:00:16,True,aggregate_reference_betting,0.0
49700,2016-05-15 17:11:16,True,aggregate_reference_betting,0.0
49713,2016-05-15 17:40:17,True,aggregate_reference_betting,0.0
49718,2016-05-15 18:20:22,True,aggregate_reference_betting,0.0
49712,2016-05-15 18:25:17,True,aggregate_reference_betting,0.0
49717,2016-05-15 18:49:17,True,aggregate_reference_betting,0.0
49719,2016-05-15 19:12:22,True,aggregate_reference_betting,0.0
49723,2016-05-15 19:40:32,True,aggregate_reference_betting,0.0
49722,2016-05-15 19:41:21,True,aggregate_reference_betting,0.0
49725,2016-05-15 20:23:16,True,aggregate_reference_betting,0.0
49727,2016-05-15 20:23:16,True,aggregate_reference_betting,0.0
49728,2016-05-15 21:00:21,True,aggregate_reference_betting,0.0
49729,2016-05-15 21:20:22,True,aggregate_reference_betting,0.0
49730,2016-05-15 22:05:21,True,aggregate_reference_betting,0.0
49825,2016-05-16 09:45:17,True,aggregate_reference_betting,0.0
49832,2016-05-16 10:03:18,True,aggregate_reference_betting,0.0
49830,2016-05-16 10:07:20,True,aggregate_reference_betting,0.0
49841,2016-05-16 11:01:17,True,aggregate_reference_betting,0.0
49849,2016-05-16 11:04:18,True,aggregate_reference_betting,0.0
49839,2016-05-16 11:06:24,True,aggregate_reference_betting,0.0
49840,2016-05-16 11:14:17,True,aggregate_reference_betting,0.0
49848,2016-05-16 11:34:17,True,aggregate_reference_betting,0.0
49853,2016-05-16 12:07:18,True,aggregate_reference_betting,0.0
49854,2016-05-16 12:11:23,True,aggregate_reference_betting,0.0
49863,2016-05-16 12:20:22,True,aggregate_reference_betting,0.0
49867,2016-05-16 12:40:20,True,aggregate_reference_betting,0.0
49862,2016-05-16 12:57:21,True,aggregate_reference_betting,0.0
49872,2016-05-16 13:00:16,True,aggregate_reference_betting,0.0
49873,2016-05-16 13:00:19,True,aggregate_reference_betting,0.0
49874,2016-05-16 13:00:19,True,aggregate_reference_betting,0.0
49875,2016-05-16 13:00:22,True,aggregate_reference_betting,0.0
49884,2016-05-16 13:20:17,True,aggregate_reference_betting,0.0
49876,2016-05-16 13:23:22,True,aggregate_reference_betting,0.0
49881,2016-05-16 13:34:16,True,aggregate_reference_betting,0.0
49868,2016-05-16 13:35:21,True,aggregate_reference_betting,0.0
49883,2016-05-16 13:43:17,True,aggregate_reference_betting,0.0
49891,2016-05-16 13:49:18,True,aggregate_reference_betting,0.0
49882,2016-05-16 14:09:16,True,aggregate_reference_betting,0.0
49900,2016-05-16 14:38:22,True,aggregate_reference_betting,0.0
49915,2016-05-16 14:40:18,True,aggregate_reference_betting,0.0
49912,2016-05-16 14:45:16,True,aggregate_reference_betting,0.0
49898,2016-05-16 14:46:16,True,aggregate_reference_betting,0.0
49907,2016-05-16 14:50:21,True,aggregate_reference_betting,0.0
49913,2016-05-16 14:55:16,True,aggregate_reference_betting,0.0
49914,2016-05-16 15:05:16,True,aggregate_reference_betting,0.0
49916,2016-05-16 15:16:18,True,aggregate_reference_betting,0.0
49917,2016-05-16 15:16:21,True,aggregate_reference_betting,0.0
49928,2016-05-16 15:27:16,True,aggregate_reference_betting,0.0
49922,2016-05-16 15:40:18,True,aggregate_reference_betting,0.0
49939,2016-05-16 16:31:16,True,aggregate_reference_betting,0.0
49947,2016-05-16 17:00:19,True,aggregate_reference_betting,0.0
49943,2016-05-16 17:19:16,True,aggregate_reference_betting,0.0
49951,2016-05-16 17:20:22,True,aggregate_reference_betting,0.0
49950,2016-05-16 17:37:16,True,aggregate_reference_betting,0.0
49955,2016-05-16 17:40:17,True,aggregate_reference_betting,0.0
50066,2016-05-17 05:20:19,True,aggregate_reference_betting,0.0
50065,2016-05-17 05:27:16,True,aggregate_reference_betting,0.0
50068,2016-05-17 05:40:17,True,aggregate_reference_betting,0.0
50070,2016-05-17 06:00:16,True,aggregate_reference_betting,0.0
50071,2016-05-17 06:27:17,True,aggregate_reference_betting,0.0
50075,2016-05-17 06:43:20,True,aggregate_reference_betting,0.0
50076,2016-05-17 07:00:16,True,aggregate_reference_betting,0.0
50079,2016-05-17 07:03:17,True,aggregate_reference_betting,0.0
50082,2016-05-17 07:41:16,True,aggregate_reference_betting,0.0
50080,2016-05-17 07:56:18,True,aggregate_reference_betting,0.0
50087,2016-05-17 08:01:21,True,aggregate_reference_betting,0.0
50094,2016-05-17 09:10:20,True,aggregate_reference_betting,0.0
50100,2016-05-17 09:20:16,True,aggregate_reference_betting,0.0
50093,2016-05-17 09:27:19,True,aggregate_reference_betting,0.0
50106,2016-05-17 09:40:23,True,aggregate_reference_betting,0.0
50112,2016-05-17 10:00:19,True,aggregate_reference_betting,0.0
50111,2016-05-17 10:20:17,True,aggregate_reference_betting,0.0
50110,2016-05-17 10:35:17,True,aggregate_reference_betting,0.0
50121,2016-05-17 11:00:17,True,aggregate_reference_betting,0.0
50124,2016-05-17 11:20:22,True,aggregate_reference_betting,0.0
50123,2016-05-17 12:01:18,True,aggregate_reference_betting,0.0
50266,2016-05-17 23:18:18,True,aggregate_reference_betting,0.0
50270,2016-05-17 23:20:19,True,aggregate_reference_betting,0.0
50269,2016-05-17 23:24:16,True,aggregate_reference_betting,0.0
50275,2016-05-17 23:40:18,True,aggregate_reference_betting,0.0
50272,2016-05-17 23:42:20,True,aggregate_reference_betting,0.0
50271,2016-05-17 23:47:18,True,aggregate_reference_betting,0.0
50274,2016-05-17 23:48:18,True,aggregate_reference_betting,0.0
50282,2016-05-18 00:20:17,True,aggregate_reference_betting,0.0
50281,2016-05-18 01:04:17,True,aggregate_reference_betting,0.0
50291,2016-05-18 01:13:16,True,aggregate_reference_betting,0.0
50299,2016-05-18 01:32:19,True,aggregate_reference_betting,0.0
50295,2016-05-18 01:38:20,True,aggregate_reference_betting,0.0
50304,2016-05-18 01:41:17,True,aggregate_reference_betting,0.0
50310,2016-05-18 02:20:20,True,aggregate_reference_betting,0.0
50309,2016-05-18 02:23:19,True,aggregate_reference_betting,0.0
50307,2016-05-18 02:24:17,True,aggregate_reference_betting,0.0
50312,2016-05-18 02:40:21,True,aggregate_reference_betting,0.0
50308,2016-05-18 02:49:20,True,aggregate_reference_betting,0.0
50315,2016-05-18 03:53:18,True,aggregate_reference_betting,0.0
50318,2016-05-18 04:33:22,True,aggregate_reference_betting,0.0
50400,2016-05-20 14:00:04,True,aggregate_reference_betting,0.0
50423,2016-05-20 14:00:06,True,aggregate_reference_betting,0.0
50437,2016-05-20 14:00:08,True,aggregate_reference_betting,0.0
50450,2016-05-20 14:00:09,True,aggregate_reference_betting,0.0
50414,2016-05-20 14:03:05,True,aggregate_reference_betting,0.0
50605,2016-05-20 14:20:09,True,aggregate_reference_betting,0.0
50601,2016-05-20 14:45:04,True,aggregate_reference_betting,0.0
50627,2016-05-20 15:00:10,True,aggregate_reference_betting,0.0
50636,2016-05-20 15:22:06,True,aggregate_reference_betting,0.0
50639,2016-05-20 15:31:09,True,aggregate_reference_betting,0.0
50651,2016-05-20 15:40:09,True,aggregate_reference_betting,0.0
50663,2016-05-20 16:10:07,True,aggregate_reference_betting,0.0
50673,2016-05-20 16:20:10,True,aggregate_reference_betting,0.0
50672,2016-05-20 16:25:09,True,aggregate_reference_betting,0.0
50671,2016-05-20 16:41:06,True,aggregate_reference_betting,0.0
50664,2016-05-20 16:54:09,True,aggregate_reference_betting,0.0
50697,2016-05-20 17:40:04,True,aggregate_reference_betting,0.0
50690,2016-05-20 18:00:07,True,aggregate_reference_betting,0.0
50699,2016-05-20 18:03:08,True,aggregate_reference_betting,0.0
50698,2016-05-20 18:11:05,True,aggregate_reference_betting,0.0
50691,2016-05-20 18:12:08,True,aggregate_reference_betting,0.0
50705,2016-05-20 18:28:05,True,aggregate_reference_betting,0.0
50707,2016-05-20 18:36:04,True,aggregate_reference_betting,0.0
50710,2016-05-20 18:40:06,True,aggregate_reference_betting,0.0
50709,2016-05-20 19:07:04,True,aggregate_reference_betting,0.0
50719,2016-05-20 19:40:05,True,aggregate_reference_betting,0.0
50721,2016-05-20 19:50:10,True,aggregate_reference_betting,0.0
50718,2016-05-20 19:55:06,True,aggregate_reference_betting,0.0
50729,2016-05-20 20:20:05,True,aggregate_reference_betting,0.0
50731,2016-05-20 20:24:10,True,aggregate_reference_betting,0.0
50738,2016-05-20 21:00:04,True,aggregate_reference_betting,0.0
50733,2016-05-20 21:15:11,True,aggregate_reference_betting,0.0
50737,2016-05-20 21:29:04,True,aggregate_reference_betting,0.0
50743,2016-05-20 22:26:05,True,aggregate_reference_betting,0.0
50750,2016-05-20 22:40:08,True,aggregate_reference_betting,0.0
50749,2016-05-20 22:43:05,True,aggregate_reference_betting,0.0
50745,2016-05-20 22:56:11,True,aggregate_reference_betting,0.0
50753,2016-05-20 23:00:09,True,aggregate_reference_betting,0.0
50752,2016-05-20 23:12:04,True,aggregate_reference_betting,0.0
50759,2016-05-21 00:22:06,True,aggregate_reference_betting,0.0
50763,2016-05-21 01:36:04,True,aggregate_reference_betting,0.0
50765,2016-05-21 01:50:04,True,aggregate_reference_betting,0.0
50773,2016-05-21 02:20:03,True,aggregate_reference_betting,0.0
50779,2016-05-21 03:20:06,True,aggregate_reference_betting,0.0
50790,2016-05-21 07:19:04,True,aggregate_reference_betting,0.0
50881,2016-05-21 19:00:04,True,aggregate_reference_betting,0.0
50875,2016-05-21 19:09:05,True,aggregate_reference_betting,0.0
50884,2016-05-21 19:37:04,True,aggregate_reference_betting,0.0
50885,2016-05-21 19:50:05,True,aggregate_reference_betting,0.0
50888,2016-05-21 20:32:07,True,aggregate_reference_betting,0.0
50889,2016-05-21 20:37:07,True,aggregate_reference_betting,0.0
50890,2016-05-21 20:43:06,True,aggregate_reference_betting,0.0
50893,2016-05-21 21:40:05,True,aggregate_reference_betting,0.0
50895,2016-05-21 22:10:06,True,aggregate_reference_betting,0.0
50897,2016-05-21 23:04:06,True,aggregate_reference_betting,0.0
50901,2016-05-21 23:20:08,True,aggregate_reference_betting,0.0
50912,2016-05-22 01:43:09,True,aggregate_reference_betting,0.0
50915,2016-05-22 02:18:08,True,aggregate_reference_betting,0.0
50958,2016-05-22 14:54:05,True,aggregate_reference_betting,0.0
50964,2016-05-22 15:03:09,True,aggregate_reference_betting,0.0
50959,2016-05-22 15:05:10,True,aggregate_reference_betting,0.0
50963,2016-05-22 15:06:05,True,aggregate_reference_betting,0.0
50969,2016-05-22 15:13:07,True,aggregate_reference_betting,0.0
50971,2016-05-22 15:20:04,True,aggregate_reference_betting,0.0
50972,2016-05-22 15:20:04,True,aggregate_reference_betting,0.0
50977,2016-05-22 17:01:04,True,aggregate_reference_betting,0.0
50978,2016-05-22 17:08:04,True,aggregate_reference_betting,0.0
50983,2016-05-22 17:10:06,True,aggregate_reference_betting,0.0
50979,2016-05-22 17:19:08,True,aggregate_reference_betting,0.0
50998,2016-05-22 19:01:06,True,aggregate_reference_betting,0.0
50996,2016-05-22 19:26:04,True,aggregate_reference_betting,0.0
50999,2016-05-22 20:02:04,True,aggregate_reference_betting,0.0
51008,2016-05-22 20:10:09,True,aggregate_reference_betting,0.0
51007,2016-05-22 20:59:07,True,aggregate_reference_betting,0.0
51017,2016-05-22 21:52:08,True,aggregate_reference_betting,0.0
51019,2016-05-22 22:06:04,True,aggregate_reference_betting,0.0
51023,2016-05-22 22:16:09,True,aggregate_reference_betting,0.0
51124,2016-05-23 09:39:05,True,aggregate_reference_betting,0.0
51129,2016-05-23 09:56:06,True,aggregate_reference_betting,0.0
51130,2016-05-23 09:56:10,True,aggregate_reference_betting,0.0
51133,2016-05-23 10:07:08,True,aggregate_reference_betting,0.0
51128,2016-05-23 10:13:05,True,aggregate_reference_betting,0.0
51134,2016-05-23 10:20:10,True,aggregate_reference_betting,0.0
51136,2016-05-23 10:47:04,True,aggregate_reference_betting,0.0
51140,2016-05-23 11:00:04,True,aggregate_reference_betting,0.0
51148,2016-05-23 11:00:05,True,aggregate_reference_betting,0.0
51144,2016-05-23 11:04:09,True,aggregate_reference_betting,0.0
51143,2016-05-23 11:17:08,True,aggregate_reference_betting,0.0
51142,2016-05-23 11:19:04,True,aggregate_reference_betting,0.0
51141,2016-05-23 11:20:04,True,aggregate_reference_betting,0.0
51154,2016-05-23 11:40:08,True,aggregate_reference_betting,0.0
51147,2016-05-23 11:56:04,True,aggregate_reference_betting,0.0
51151,2016-05-23 12:07:08,True,aggregate_reference_betting,0.0
51177,2016-05-23 13:00:05,True,aggregate_reference_betting,0.0
51165,2016-05-23 13:05:07,True,aggregate_reference_betting,0.0
51171,2016-05-23 13:14:09,True,aggregate_reference_betting,0.0
51182,2016-05-23 13:20:08,True,aggregate_reference_betting,0.0
51176,2016-05-23 13:32:05,True,aggregate_reference_betting,0.0
51175,2016-05-23 13:39:04,True,aggregate_reference_betting,0.0
51178,2016-05-23 13:40:05,True,aggregate_reference_betting,0.0
51191,2016-05-23 13:40:10,True,aggregate_reference_betting,0.0
51190,2016-05-23 13:44:09,True,aggregate_reference_betting,0.0
51189,2016-05-23 14:08:05,True,aggregate_reference_betting,0.0
51188,2016-05-23 14:23:04,True,aggregate_reference_betting,0.0
51204,2016-05-23 14:40:10,True,aggregate_reference_betting,0.0
51200,2016-05-23 14:59:05,True,aggregate_reference_betting,0.0
51202,2016-05-23 15:06:07,True,aggregate_reference_betting,0.0
51201,2016-05-23 15:11:06,True,aggregate_reference_betting,0.0
51210,2016-05-23 15:20:11,True,aggregate_reference_betting,0.0
51203,2016-05-23 15:30:10,True,aggregate_reference_betting,0.0
51214,2016-05-23 15:40:11,True,aggregate_reference_betting,0.0
51209,2016-05-23 15:47:09,True,aggregate_reference_betting,0.0
51208,2016-05-23 15:58:06,True,aggregate_reference_betting,0.0
51220,2016-05-23 16:00:09,True,aggregate_reference_betting,0.0
51224,2016-05-23 16:20:04,True,aggregate_reference_betting,0.0
51225,2016-05-23 16:20:07,True,aggregate_reference_betting,0.0
51226,2016-05-23 16:37:11,True,aggregate_reference_betting,0.0
51231,2016-05-23 16:40:05,True,aggregate_reference_betting,0.0
51230,2016-05-23 17:03:05,True,aggregate_reference_betting,0.0
51253,2016-05-23 17:21:09,True,aggregate_reference_betting,0.0
51252,2016-05-23 17:49:08,True,aggregate_reference_betting,0.0
51363,2016-05-24 04:43:06,True,aggregate_reference_betting,0.0
51369,2016-05-24 06:16:07,True,aggregate_reference_betting,0.0
51377,2016-05-24 06:40:07,True,aggregate_reference_betting,0.0
51378,2016-05-24 06:59:08,True,aggregate_reference_betting,0.0
51382,2016-05-24 07:00:10,True,aggregate_reference_betting,0.0
51375,2016-05-24 07:02:04,True,aggregate_reference_betting,0.0
51383,2016-05-24 07:18:14,True,aggregate_reference_betting,0.0
51376,2016-05-24 07:28:05,True,aggregate_reference_betting,0.0
51388,2016-05-24 08:15:05,True,aggregate_reference_betting,0.0
51392,2016-05-24 08:16:06,True,aggregate_reference_betting,0.0
51387,2016-05-24 08:24:04,True,aggregate_reference_betting,0.0
51389,2016-05-24 08:31:05,True,aggregate_reference_betting,0.0
51397,2016-05-24 08:42:05,True,aggregate_reference_betting,0.0
51401,2016-05-24 08:49:06,True,aggregate_reference_betting,0.0
51403,2016-05-24 09:20:06,True,aggregate_reference_betting,0.0
51410,2016-05-24 10:02:07,True,aggregate_reference_betting,0.0
51404,2016-05-24 10:02:09,True,aggregate_reference_betting,0.0
51408,2016-05-24 10:03:09,True,aggregate_reference_betting,0.0
51407,2016-05-24 10:05:09,True,aggregate_reference_betting,0.0
51402,2016-05-24 10:16:06,True,aggregate_reference_betting,0.0
51416,2016-05-24 10:20:07,True,aggregate_reference_betting,0.0
51411,2016-05-24 10:34:09,True,aggregate_reference_betting,0.0
51420,2016-05-24 10:40:06,True,aggregate_reference_betting,0.0
51409,2016-05-24 10:43:05,True,aggregate_reference_betting,0.0
51415,2016-05-24 10:59:05,True,aggregate_reference_betting,0.0
51580,2016-05-24 22:03:08,True,aggregate_reference_betting,0.0
51577,2016-05-24 22:16:06,True,aggregate_reference_betting,0.0
51585,2016-05-24 23:03:04,True,aggregate_reference_betting,0.0
51594,2016-05-24 23:20:09,True,aggregate_reference_betting,0.0
51593,2016-05-24 23:44:04,True,aggregate_reference_betting,0.0
51592,2016-05-24 23:59:04,True,aggregate_reference_betting,0.0
51596,2016-05-25 00:05:07,True,aggregate_reference_betting,0.0
51600,2016-05-25 00:38:09,True,aggregate_reference_betting,0.0
51599,2016-05-25 00:45:08,True,aggregate_reference_betting,0.0
51608,2016-05-25 01:00:09,True,aggregate_reference_betting,0.0
51605,2016-05-25 01:04:07,True,aggregate_reference_betting,0.0
51613,2016-05-25 02:00:07,True,aggregate_reference_betting,0.0
51621,2016-05-25 02:40:08,True,aggregate_reference_betting,0.0
51620,2016-05-25 03:17:07,True,aggregate_reference_betting,0.0
51623,2016-05-25 03:40:06,True,aggregate_reference_betting,0.0
51789,2016-05-25 14:32:07,True,aggregate_reference_betting,0.0
51796,2016-05-25 14:40:06,True,aggregate_reference_betting,0.0
51788,2016-05-25 14:54:06,True,aggregate_reference_betting,0.0
51801,2016-05-25 15:00:10,True,aggregate_reference_betting,0.0
51802,2016-05-25 15:00:10,True,aggregate_reference_betting,0.0
51792,2016-05-25 15:04:05,True,aggregate_reference_betting,0.0
51807,2016-05-25 15:58:05,True,aggregate_reference_betting,0.0
51830,2016-05-25 16:40:06,True,aggregate_reference_betting,0.0
51831,2016-05-25 16:42:09,True,aggregate_reference_betting,0.0
51824,2016-05-25 17:01:10,True,aggregate_reference_betting,0.0
51838,2016-05-25 17:05:05,True,aggregate_reference_betting,0.0
51846,2016-05-25 17:20:06,True,aggregate_reference_betting,0.0
51848,2016-05-25 17:28:11,True,aggregate_reference_betting,0.0
51855,2016-05-25 18:25:05,True,aggregate_reference_betting,0.0
51958,2016-05-26 05:42:04,True,aggregate_reference_betting,0.0
51961,2016-05-26 05:45:04,True,aggregate_reference_betting,0.0
51969,2016-05-26 06:00:05,True,aggregate_reference_betting,0.0
51960,2016-05-26 06:05:07,True,aggregate_reference_betting,0.0
51972,2016-05-26 06:20:05,True,aggregate_reference_betting,0.0
51975,2016-05-26 07:22:06,True,aggregate_reference_betting,0.0
51977,2016-05-26 07:38:04,True,aggregate_reference_betting,0.0
51979,2016-05-26 07:40:05,True,aggregate_reference_betting,0.0
51985,2016-05-26 08:00:05,True,aggregate_reference_betting,0.0
51984,2016-05-26 08:16:04,True,aggregate_reference_betting,0.0
51990,2016-05-26 09:00:04,True,aggregate_reference_betting,0.0
51991,2016-05-26 09:00:05,True,aggregate_reference_betting,0.0
51994,2016-05-26 09:00:07,True,aggregate_reference_betting,0.0
51989,2016-05-26 09:14:10,True,aggregate_reference_betting,0.0
51998,2016-05-26 09:20:06,True,aggregate_reference_betting,0.0
52000,2016-05-26 09:29:08,True,aggregate_reference_betting,0.0
51992,2016-05-26 09:32:05,True,aggregate_reference_betting,0.0
51999,2016-05-26 09:33:06,True,aggregate_reference_betting,0.0
51996,2016-05-26 09:35:10,True,aggregate_reference_betting,0.0
51993,2016-05-26 09:44:05,True,aggregate_reference_betting,0.0
52160,2016-05-26 21:05:06,True,aggregate_reference_betting,0.0
52161,2016-05-26 21:21:10,True,aggregate_reference_betting,0.0
52159,2016-05-26 21:41:05,True,aggregate_reference_betting,0.0
52166,2016-05-26 21:46:09,True,aggregate_reference_betting,0.0
52164,2016-05-26 22:06:05,True,aggregate_reference_betting,0.0
52175,2016-05-26 22:20:06,True,aggregate_reference_betting,0.0
52183,2016-05-26 23:22:09,True,aggregate_reference_betting,0.0
52182,2016-05-26 23:26:07,True,aggregate_reference_betting,0.0
52187,2016-05-27 00:24:04,True,aggregate_reference_betting,0.0
52193,2016-05-27 01:00:05,True,aggregate_reference_betting,0.0
52194,2016-05-27 01:00:06,True,aggregate_reference_betting,0.0
52195,2016-05-27 01:03:10,True,aggregate_reference_betting,0.0
52310,2016-05-27 12:40:21,True,aggregate_reference_betting,0.0
52300,2016-05-27 12:46:05,True,aggregate_reference_betting,0.0
52302,2016-05-27 12:51:07,True,aggregate_reference_betting,0.0
52304,2016-05-27 12:54:10,True,aggregate_reference_betting,0.0
52309,2016-05-27 12:56:15,True,aggregate_reference_betting,0.0
52303,2016-05-27 13:01:10,True,aggregate_reference_betting,0.0
52322,2016-05-27 13:20:11,True,aggregate_reference_betting,0.0
52318,2016-05-27 13:26:11,True,aggregate_reference_betting,0.0
52308,2016-05-27 13:32:15,True,aggregate_reference_betting,0.0
52314,2016-05-27 13:36:05,True,aggregate_reference_betting,0.0
52321,2016-05-27 13:36:06,True,aggregate_reference_betting,0.0
52330,2016-05-27 13:40:05,True,aggregate_reference_betting,0.0
52332,2016-05-27 13:40:12,True,aggregate_reference_betting,0.0
52333,2016-05-27 13:40:12,True,aggregate_reference_betting,0.0
52317,2016-05-27 13:42:10,True,aggregate_reference_betting,0.0
52316,2016-05-27 13:47:08,True,aggregate_reference_betting,0.0
52329,2016-05-27 13:51:05,True,aggregate_reference_betting,0.0
52341,2016-05-27 14:00:10,True,aggregate_reference_betting,0.0
52320,2016-05-27 14:07:05,True,aggregate_reference_betting,0.0
52340,2016-05-27 14:20:07,True,aggregate_reference_betting,0.0
52344,2016-05-27 14:20:07,True,aggregate_reference_betting,0.0
52347,2016-05-27 14:20:10,True,aggregate_reference_betting,0.0
52351,2016-05-27 14:40:10,True,aggregate_reference_betting,0.0
52354,2016-05-27 15:00:10,True,aggregate_reference_betting,0.0
52345,2016-05-27 15:15:08,True,aggregate_reference_betting,0.0
52350,2016-05-27 15:36:06,True,aggregate_reference_betting,0.0
52357,2016-05-27 15:58:14,True,aggregate_reference_betting,0.0
52360,2016-05-27 16:04:08,True,aggregate_reference_betting,0.0
52466,2016-05-28 04:43:07,True,aggregate_reference_betting,0.0
52472,2016-05-28 06:11:07,True,aggregate_reference_betting,0.0
52484,2016-05-28 07:00:05,True,aggregate_reference_betting,0.0
52480,2016-05-28 07:07:05,True,aggregate_reference_betting,0.0
52483,2016-05-28 07:37:05,True,aggregate_reference_betting,0.0
52540,2016-05-28 22:08:06,True,aggregate_reference_betting,0.0
52544,2016-05-28 23:00:08,True,aggregate_reference_betting,0.0
52541,2016-05-28 23:01:05,True,aggregate_reference_betting,0.0
52546,2016-05-28 23:20:05,True,aggregate_reference_betting,0.0
52549,2016-05-29 00:13:09,True,aggregate_reference_betting,0.0
52550,2016-05-29 00:35:05,True,aggregate_reference_betting,0.0
52551,2016-05-29 01:09:12,True,aggregate_reference_betting,0.0
52555,2016-05-29 01:21:06,True,aggregate_reference_betting,0.0
52558,2016-05-29 01:58:08,True,aggregate_reference_betting,0.0
52557,2016-05-29 02:25:05,True,aggregate_reference_betting,0.0
52561,2016-05-29 03:11:06,True,aggregate_reference_betting,0.0
52565,2016-05-29 03:20:09,True,aggregate_reference_betting,0.0
52627,2016-05-29 16:26:05,True,aggregate_reference_betting,0.0
52636,2016-05-29 16:40:05,True,aggregate_reference_betting,0.0
52641,2016-05-29 17:00:07,True,aggregate_reference_betting,0.0
52642,2016-05-29 17:00:09,True,aggregate_reference_betting,0.0
52632,2016-05-29 17:04:05,True,aggregate_reference_betting,0.0
52645,2016-05-29 17:20:07,True,aggregate_reference_betting,0.0
52653,2016-05-29 18:02:07,True,aggregate_reference_betting,0.0
52650,2016-05-29 18:08:05,True,aggregate_reference_betting,0.0
52659,2016-05-29 18:20:10,True,aggregate_reference_betting,0.0
52651,2016-05-29 18:29:05,True,aggregate_reference_betting,0.0
52655,2016-05-29 18:31:05,True,aggregate_reference_betting,0.0
52661,2016-05-29 19:25:05,True,aggregate_reference_betting,0.0
52664,2016-05-29 19:59:06,True,aggregate_reference_betting,0.0
52667,2016-05-29 20:00:11,True,aggregate_reference_betting,0.0
52663,2016-05-29 20:01:05,True,aggregate_reference_betting,0.0
52675,2016-05-29 22:00:09,True,aggregate_reference_betting,0.0
52673,2016-05-29 22:16:10,True,aggregate_reference_betting,0.0
52674,2016-05-29 22:46:06,True,aggregate_reference_betting,0.0
52785,2016-05-30 10:02:08,True,aggregate_reference_betting,0.0
52783,2016-05-30 10:11:06,True,aggregate_reference_betting,0.0
52784,2016-05-30 10:11:07,True,aggregate_reference_betting,0.0
52782,2016-05-30 10:16:06,True,aggregate_reference_betting,0.0
52789,2016-05-30 10:20:07,True,aggregate_reference_betting,0.0
52787,2016-05-30 10:23:06,True,aggregate_reference_betting,0.0
52791,2016-05-30 10:23:08,True,aggregate_reference_betting,0.0
52795,2016-05-30 10:40:06,True,aggregate_reference_betting,0.0
52794,2016-05-30 10:41:05,True,aggregate_reference_betting,0.0
52797,2016-05-30 11:00:05,True,aggregate_reference_betting,0.0
52790,2016-05-30 11:08:07,True,aggregate_reference_betting,0.0
52800,2016-05-30 11:20:09,True,aggregate_reference_betting,0.0
52796,2016-05-30 11:23:07,True,aggregate_reference_betting,0.0
52798,2016-05-30 11:42:07,True,aggregate_reference_betting,0.0
52804,2016-05-30 12:08:06,True,aggregate_reference_betting,0.0
52805,2016-05-30 12:22:08,True,aggregate_reference_betting,0.0
52809,2016-05-30 12:41:08,True,aggregate_reference_betting,0.0
52815,2016-05-30 12:49:06,True,aggregate_reference_betting,0.0
52817,2016-05-30 12:56:07,True,aggregate_reference_betting,0.0
52813,2016-05-30 13:00:05,True,aggregate_reference_betting,0.0
52820,2016-05-30 13:09:09,True,aggregate_reference_betting,0.0
52822,2016-05-30 13:20:08,True,aggregate_reference_betting,0.0
52828,2016-05-30 13:45:10,True,aggregate_reference_betting,0.0
52832,2016-05-30 14:00:08,True,aggregate_reference_betting,0.0
52826,2016-05-30 14:01:08,True,aggregate_reference_betting,0.0
52827,2016-05-30 14:03:10,True,aggregate_reference_betting,0.0
52825,2016-05-30 14:17:06,True,aggregate_reference_betting,0.0
52833,2016-05-30 14:39:08,True,aggregate_reference_betting,0.0
52838,2016-05-30 14:45:06,True,aggregate_reference_betting,0.0
52846,2016-05-30 15:00:09,True,aggregate_reference_betting,0.0
52847,2016-05-30 15:00:11,True,aggregate_reference_betting,0.0
52848,2016-05-30 15:00:11,True,aggregate_reference_betting,0.0
52839,2016-05-30 15:04:07,True,aggregate_reference_betting,0.0
52840,2016-05-30 15:08:09,True,aggregate_reference_betting,0.0
52845,2016-05-30 15:13:05,True,aggregate_reference_betting,0.0
52843,2016-05-30 15:17:06,True,aggregate_reference_betting,0.0
52841,2016-05-30 15:17:10,True,aggregate_reference_betting,0.0
52860,2016-05-30 15:42:07,True,aggregate_reference_betting,0.0
52854,2016-05-30 15:43:09,True,aggregate_reference_betting,0.0
52856,2016-05-30 16:01:05,True,aggregate_reference_betting,0.0
52864,2016-05-30 16:20:06,True,aggregate_reference_betting,0.0
52865,2016-05-30 16:20:11,True,aggregate_reference_betting,0.0
52875,2016-05-30 17:00:06,True,aggregate_reference_betting,0.0
52876,2016-05-30 17:14:07,True,aggregate_reference_betting,0.0
52885,2016-05-30 17:20:05,True,aggregate_reference_betting,0.0
52874,2016-05-30 17:32:05,True,aggregate_reference_betting,0.0
52878,2016-05-30 17:32:11,True,aggregate_reference_betting,0.0
52883,2016-05-30 17:37:05,True,aggregate_reference_betting,0.0
52889,2016-05-30 18:20:06,True,aggregate_reference_betting,0.0
52905,2016-05-30 18:40:08,True,aggregate_reference_betting,0.0
52906,2016-05-30 18:40:08,True,aggregate_reference_betting,0.0
52899,2016-05-30 19:14:09,True,aggregate_reference_betting,0.0
53023,2016-05-31 06:32:06,True,aggregate_reference_betting,0.0
53019,2016-05-31 06:32:07,True,aggregate_reference_betting,0.0
53026,2016-05-31 06:38:07,True,aggregate_reference_betting,0.0
53030,2016-05-31 06:40:05,True,aggregate_reference_betting,0.0
53031,2016-05-31 06:40:06,True,aggregate_reference_betting,0.0
53033,2016-05-31 07:20:07,True,aggregate_reference_betting,0.0
53038,2016-05-31 07:40:05,True,aggregate_reference_betting,0.0
53034,2016-05-31 07:41:08,True,aggregate_reference_betting,0.0
53041,2016-05-31 08:01:08,True,aggregate_reference_betting,0.0
53039,2016-05-31 08:05:06,True,aggregate_reference_betting,0.0
53049,2016-05-31 08:41:20,True,aggregate_reference_betting,0.0
53043,2016-05-31 08:51:06,True,aggregate_reference_betting,0.0
53058,2016-05-31 09:40:07,True,aggregate_reference_betting,0.0
53052,2016-05-31 09:49:09,True,aggregate_reference_betting,0.0
53055,2016-05-31 10:05:10,True,aggregate_reference_betting,0.0
53065,2016-05-31 10:23:06,True,aggregate_reference_betting,0.0
53071,2016-05-31 10:34:08,True,aggregate_reference_betting,0.0
53070,2016-05-31 10:38:07,True,aggregate_reference_betting,0.0
53077,2016-05-31 10:40:10,True,aggregate_reference_betting,0.0
53080,2016-05-31 11:00:05,True,aggregate_reference_betting,0.0
53081,2016-05-31 11:00:05,True,aggregate_reference_betting,0.0
53082,2016-05-31 11:00:09,True,aggregate_reference_betting,0.0
53279,2016-05-31 23:40:10,True,aggregate_reference_betting,0.0
53274,2016-06-01 00:00:08,True,aggregate_reference_betting,0.0
53275,2016-06-01 00:00:10,True,aggregate_reference_betting,0.0
53285,2016-06-01 00:20:06,True,aggregate_reference_betting,0.0
53277,2016-06-01 00:21:07,True,aggregate_reference_betting,0.0
53301,2016-06-01 01:00:07,True,aggregate_reference_betting,0.0
53304,2016-06-01 01:20:10,True,aggregate_reference_betting,0.0
53293,2016-06-01 01:31:09,True,aggregate_reference_betting,0.0
53308,2016-06-01 01:40:07,True,aggregate_reference_betting,0.0
53313,2016-06-01 02:00:06,True,aggregate_reference_betting,0.0
53307,2016-06-01 02:31:07,True,aggregate_reference_betting,0.0
53309,2016-06-01 02:38:09,True,aggregate_reference_betting,0.0
53314,2016-06-01 02:52:08,True,aggregate_reference_betting,0.0
53317,2016-06-01 02:57:07,True,aggregate_reference_betting,0.0
53322,2016-06-01 03:02:16,True,aggregate_reference_betting,0.0
53316,2016-06-01 03:08:06,True,aggregate_reference_betting,0.0
53333,2016-06-01 03:25:06,True,aggregate_reference_betting,0.0
53329,2016-06-01 03:26:08,True,aggregate_reference_betting,0.0
53328,2016-06-01 03:39:07,True,aggregate_reference_betting,0.0
53332,2016-06-01 04:04:05,True,aggregate_reference_betting,0.0
53337,2016-06-01 04:12:06,True,aggregate_reference_betting,0.0
53688,2016-06-02 05:31:06,True,aggregate_reference_betting,0.0
53690,2016-06-02 06:09:09,True,aggregate_reference_betting,0.0
53699,2016-06-02 06:53:11,True,aggregate_reference_betting,0.0
53710,2016-06-02 08:00:06,True,aggregate_reference_betting,0.0
53720,2016-06-02 09:00:07,True,aggregate_reference_betting,0.0
53721,2016-06-02 09:10:07,True,aggregate_reference_betting,0.0
53875,2016-06-02 22:08:08,True,aggregate_reference_betting,0.0
53878,2016-06-02 22:40:08,True,aggregate_reference_betting,0.0
53879,2016-06-02 22:40:09,True,aggregate_reference_betting,0.0
53876,2016-06-02 22:58:06,True,aggregate_reference_betting,0.0
53880,2016-06-02 23:00:07,True,aggregate_reference_betting,0.0
53887,2016-06-02 23:40:08,True,aggregate_reference_betting,0.0
53886,2016-06-02 23:45:06,True,aggregate_reference_betting,0.0
53884,2016-06-02 23:55:06,True,aggregate_reference_betting,0.0
54009,2016-06-03 12:00:06,True,aggregate_reference_betting,0.0
54013,2016-06-03 12:20:07,True,aggregate_reference_betting,0.0
54003,2016-06-03 12:23:07,True,aggregate_reference_betting,0.0
54019,2016-06-03 13:00:07,True,aggregate_reference_betting,0.0
54016,2016-06-03 13:12:08,True,aggregate_reference_betting,0.0
54018,2016-06-03 13:41:06,True,aggregate_reference_betting,0.0
54029,2016-06-03 13:44:09,True,aggregate_reference_betting,0.0
54026,2016-06-03 13:45:07,True,aggregate_reference_betting,0.0
54028,2016-06-03 13:56:09,True,aggregate_reference_betting,0.0
54032,2016-06-03 14:06:06,True,aggregate_reference_betting,0.0
54040,2016-06-03 14:20:06,True,aggregate_reference_betting,0.0
54033,2016-06-03 14:39:08,True,aggregate_reference_betting,0.0
54041,2016-06-03 14:47:08,True,aggregate_reference_betting,0.0
54051,2016-06-03 15:00:12,True,aggregate_reference_betting,0.0
54049,2016-06-03 15:06:06,True,aggregate_reference_betting,0.0
54047,2016-06-03 15:10:08,True,aggregate_reference_betting,0.0
54046,2016-06-03 15:16:07,True,aggregate_reference_betting,0.0
54050,2016-06-03 15:36:06,True,aggregate_reference_betting,0.0
54189,2016-06-04 03:05:07,True,aggregate_reference_betting,0.0
54190,2016-06-04 03:22:11,True,aggregate_reference_betting,0.0
54196,2016-06-04 05:07:24,True,aggregate_reference_betting,0.0
54199,2016-06-04 06:14:11,True,aggregate_reference_betting,0.0
54201,2016-06-04 06:54:09,True,aggregate_reference_betting,0.0
54204,2016-06-04 08:15:10,True,aggregate_reference_betting,0.0
54266,2016-06-04 19:44:09,True,aggregate_reference_betting,0.0
54276,2016-06-04 22:00:09,True,aggregate_reference_betting,0.0
54273,2016-06-04 22:09:06,True,aggregate_reference_betting,0.0
54274,2016-06-04 22:17:06,True,aggregate_reference_betting,0.0
54279,2016-06-04 23:03:11,True,aggregate_reference_betting,0.0
54278,2016-06-04 23:06:11,True,aggregate_reference_betting,0.0
54285,2016-06-04 23:40:07,True,aggregate_reference_betting,0.0
54282,2016-06-04 23:45:06,True,aggregate_reference_betting,0.0
54283,2016-06-05 00:01:09,True,aggregate_reference_betting,0.0
54286,2016-06-05 00:35:06,True,aggregate_reference_betting,0.0
54289,2016-06-05 01:00:08,True,aggregate_reference_betting,0.0
54345,2016-06-05 13:01:10,True,aggregate_reference_betting,0.0
54344,2016-06-05 13:01:11,True,aggregate_reference_betting,0.0
54350,2016-06-05 14:16:06,True,aggregate_reference_betting,0.0
54349,2016-06-05 14:34:06,True,aggregate_reference_betting,0.0
54352,2016-06-05 14:34:10,True,aggregate_reference_betting,0.0
54354,2016-06-05 15:20:06,True,aggregate_reference_betting,0.0
54364,2016-06-05 15:40:07,True,aggregate_reference_betting,0.0
54365,2016-06-05 16:18:13,True,aggregate_reference_betting,0.0
54373,2016-06-05 16:52:12,True,aggregate_reference_betting,0.0
54369,2016-06-05 17:03:06,True,aggregate_reference_betting,0.0
54371,2016-06-05 17:06:10,True,aggregate_reference_betting,0.0
54376,2016-06-05 17:38:09,True,aggregate_reference_betting,0.0
54381,2016-06-05 17:40:07,True,aggregate_reference_betting,0.0
54380,2016-06-05 17:55:06,True,aggregate_reference_betting,0.0
54383,2016-06-05 18:00:07,True,aggregate_reference_betting,0.0
54379,2016-06-05 18:02:06,True,aggregate_reference_betting,0.0
54378,2016-06-05 18:05:06,True,aggregate_reference_betting,0.0
54386,2016-06-05 18:20:12,True,aggregate_reference_betting,0.0
54382,2016-06-05 18:35:07,True,aggregate_reference_betting,0.0
54391,2016-06-05 19:10:11,True,aggregate_reference_betting,0.0
54390,2016-06-05 19:19:07,True,aggregate_reference_betting,0.0
54394,2016-06-05 19:34:08,True,aggregate_reference_betting,0.0
54396,2016-06-05 20:02:06,True,aggregate_reference_betting,0.0
54485,2016-06-06 07:01:06,True,aggregate_reference_betting,0.0
54493,2016-06-06 08:40:07,True,aggregate_reference_betting,0.0
54497,2016-06-06 09:00:07,True,aggregate_reference_betting,0.0
54500,2016-06-06 09:20:06,True,aggregate_reference_betting,0.0
54507,2016-06-06 10:03:12,True,aggregate_reference_betting,0.0
54504,2016-06-06 10:16:06,True,aggregate_reference_betting,0.0
54519,2016-06-06 10:40:09,True,aggregate_reference_betting,0.0
54512,2016-06-06 10:55:07,True,aggregate_reference_betting,0.0
54523,2016-06-06 11:00:06,True,aggregate_reference_betting,0.0
54524,2016-06-06 11:00:07,True,aggregate_reference_betting,0.0
54525,2016-06-06 11:01:07,True,aggregate_reference_betting,0.0
54513,2016-06-06 11:02:09,True,aggregate_reference_betting,0.0
54518,2016-06-06 11:26:07,True,aggregate_reference_betting,0.0
54522,2016-06-06 11:28:06,True,aggregate_reference_betting,0.0
54529,2016-06-06 11:32:07,True,aggregate_reference_betting,0.0
54531,2016-06-06 11:32:08,True,aggregate_reference_betting,0.0
54530,2016-06-06 11:42:07,True,aggregate_reference_betting,0.0
54537,2016-06-06 11:45:08,True,aggregate_reference_betting,0.0
54539,2016-06-06 12:00:07,True,aggregate_reference_betting,0.0
54536,2016-06-06 12:10:07,True,aggregate_reference_betting,0.0
54532,2016-06-06 12:17:09,True,aggregate_reference_betting,0.0
54549,2016-06-06 12:20:12,True,aggregate_reference_betting,0.0
54543,2016-06-06 12:31:09,True,aggregate_reference_betting,0.0
54545,2016-06-06 12:32:11,True,aggregate_reference_betting,0.0
54542,2016-06-06 12:42:08,True,aggregate_reference_betting,0.0
54552,2016-06-06 12:53:08,True,aggregate_reference_betting,0.0
54558,2016-06-06 13:00:08,True,aggregate_reference_betting,0.0
54548,2016-06-06 13:05:08,True,aggregate_reference_betting,0.0
54547,2016-06-06 13:08:08,True,aggregate_reference_betting,0.0
54565,2016-06-06 13:20:07,True,aggregate_reference_betting,0.0
54553,2016-06-06 13:36:08,True,aggregate_reference_betting,0.0
54572,2016-06-06 13:40:11,True,aggregate_reference_betting,0.0
54564,2016-06-06 13:54:06,True,aggregate_reference_betting,0.0
54577,2016-06-06 14:32:11,True,aggregate_reference_betting,0.0
54581,2016-06-06 14:59:07,True,aggregate_reference_betting,0.0
54582,2016-06-06 15:04:11,True,aggregate_reference_betting,0.0
54590,2016-06-06 15:15:08,True,aggregate_reference_betting,0.0
54596,2016-06-06 15:23:07,True,aggregate_reference_betting,0.0
54597,2016-06-06 15:38:07,True,aggregate_reference_betting,0.0
54598,2016-06-06 15:38:08,True,aggregate_reference_betting,0.0
54599,2016-06-06 15:40:09,True,aggregate_reference_betting,0.0
54612,2016-06-06 16:00:10,True,aggregate_reference_betting,0.0
54604,2016-06-06 16:00:23,True,aggregate_reference_betting,0.0
54609,2016-06-06 16:10:12,True,aggregate_reference_betting,0.0
54608,2016-06-06 16:16:10,True,aggregate_reference_betting,0.0
54606,2016-06-06 16:37:08,True,aggregate_reference_betting,0.0
54618,2016-06-06 16:43:06,True,aggregate_reference_betting,0.0
54620,2016-06-06 16:59:07,True,aggregate_reference_betting,0.0
54619,2016-06-06 17:02:07,True,aggregate_reference_betting,0.0
54754,2016-06-07 05:26:22,True,aggregate_reference_betting,0.0
54761,2016-06-07 06:20:06,True,aggregate_reference_betting,0.0
54762,2016-06-07 06:26:07,True,aggregate_reference_betting,0.0
54772,2016-06-07 07:00:08,True,aggregate_reference_betting,0.0
54778,2016-06-07 07:41:11,True,aggregate_reference_betting,0.0
54777,2016-06-07 07:53:09,True,aggregate_reference_betting,0.0
54774,2016-06-07 07:58:07,True,aggregate_reference_betting,0.0
54775,2016-06-07 08:03:08,True,aggregate_reference_betting,0.0
54785,2016-06-07 09:08:09,True,aggregate_reference_betting,0.0
54792,2016-06-07 09:36:08,True,aggregate_reference_betting,0.0
54793,2016-06-07 09:45:10,True,aggregate_reference_betting,0.0
54794,2016-06-07 10:02:12,True,aggregate_reference_betting,0.0
54790,2016-06-07 10:17:06,True,aggregate_reference_betting,0.0
54798,2016-06-07 10:18:08,True,aggregate_reference_betting,0.0
54924,2016-06-07 21:01:06,True,aggregate_reference_betting,0.0
54933,2016-06-07 21:20:12,True,aggregate_reference_betting,0.0
54932,2016-06-07 22:06:08,True,aggregate_reference_betting,0.0
54939,2016-06-07 22:27:12,True,aggregate_reference_betting,0.0
54949,2016-06-07 22:50:14,True,aggregate_reference_betting,0.0
55212,2016-06-08 21:46:08,True,aggregate_reference_betting,0.0
55225,2016-06-08 22:04:13,True,aggregate_reference_betting,0.0
55227,2016-06-08 22:20:07,True,aggregate_reference_betting,0.0
55232,2016-06-08 22:45:09,True,aggregate_reference_betting,0.0
55231,2016-06-08 23:31:07,True,aggregate_reference_betting,0.0
55234,2016-06-08 23:40:07,True,aggregate_reference_betting,0.0
55236,2016-06-08 23:50:11,True,aggregate_reference_betting,0.0
55235,2016-06-08 23:59:10,True,aggregate_reference_betting,0.0
55238,2016-06-09 00:20:06,True,aggregate_reference_betting,0.0
55241,2016-06-09 00:20:07,True,aggregate_reference_betting,0.0
55242,2016-06-09 00:20:07,True,aggregate_reference_betting,0.0
55245,2016-06-09 00:40:07,True,aggregate_reference_betting,0.0
55239,2016-06-09 00:47:09,True,aggregate_reference_betting,0.0
55251,2016-06-09 01:00:09,True,aggregate_reference_betting,0.0
55250,2016-06-09 01:41:07,True,aggregate_reference_betting,0.0
55255,2016-06-09 02:28:10,True,aggregate_reference_betting,0.0
55253,2016-06-09 02:35:09,True,aggregate_reference_betting,0.0
55661,2016-06-10 19:40:07,True,aggregate_reference_betting,0.0
55663,2016-06-10 19:49:12,True,aggregate_reference_betting,0.0
55659,2016-06-10 20:13:07,True,aggregate_reference_betting,0.0
57577,2016-06-18 21:15:03,True,aggregate_reference_betting,0.0
57588,2016-06-18 21:40:03,True,aggregate_reference_betting,0.0
57585,2016-06-18 22:13:10,True,aggregate_reference_betting,0.0
57591,2016-06-18 22:40:03,True,aggregate_reference_betting,0.0
57592,2016-06-18 22:40:07,True,aggregate_reference_betting,0.0
57612,2016-06-19 05:32:04,True,aggregate_reference_betting,0.0
57629,2016-06-19 07:05:04,True,aggregate_reference_betting,0.0
57624,2016-06-19 07:20:03,True,aggregate_reference_betting,0.0
57625,2016-06-19 07:24:04,True,aggregate_reference_betting,0.0
57635,2016-06-19 07:52:03,True,aggregate_reference_betting,0.0
57641,2016-06-19 08:20:08,True,aggregate_reference_betting,0.0
57640,2016-06-19 09:04:06,True,aggregate_reference_betting,0.0
57638,2016-06-19 09:13:03,True,aggregate_reference_betting,0.0
57645,2016-06-19 09:16:03,True,aggregate_reference_betting,0.0
57659,2016-06-19 10:40:13,True,aggregate_reference_betting,0.0
57664,2016-06-19 11:00:04,True,aggregate_reference_betting,0.0
57660,2016-06-19 11:06:13,True,aggregate_reference_betting,0.0
57665,2016-06-19 11:31:06,True,aggregate_reference_betting,0.0
57668,2016-06-19 11:40:03,True,aggregate_reference_betting,0.0
57672,2016-06-19 12:00:07,True,aggregate_reference_betting,0.0
57708,2016-06-19 20:36:03,True,aggregate_reference_betting,0.0
57719,2016-06-19 22:02:03,True,aggregate_reference_betting,0.0
57721,2016-06-19 22:11:07,True,aggregate_reference_betting,0.0
57723,2016-06-19 22:36:03,True,aggregate_reference_betting,0.0
57725,2016-06-19 22:44:14,True,aggregate_reference_betting,0.0
57726,2016-06-19 22:55:15,True,aggregate_reference_betting,0.0
57727,2016-06-19 22:56:04,True,aggregate_reference_betting,0.0
57730,2016-06-19 23:03:03,True,aggregate_reference_betting,0.0
57737,2016-06-19 23:20:06,True,aggregate_reference_betting,0.0
57735,2016-06-20 00:03:03,True,aggregate_reference_betting,0.0
57738,2016-06-20 00:05:03,True,aggregate_reference_betting,0.0
57744,2016-06-20 00:40:03,True,aggregate_reference_betting,0.0
57739,2016-06-20 00:49:05,True,aggregate_reference_betting,0.0
57743,2016-06-20 01:17:03,True,aggregate_reference_betting,0.0
57747,2016-06-20 01:17:03,True,aggregate_reference_betting,0.0
57749,2016-06-20 01:20:06,True,aggregate_reference_betting,0.0
57751,2016-06-20 01:40:04,True,aggregate_reference_betting,0.0
57752,2016-06-20 01:40:05,True,aggregate_reference_betting,0.0
57755,2016-06-20 02:42:06,True,aggregate_reference_betting,0.0
57758,2016-06-20 03:40:04,True,aggregate_reference_betting,0.0
57761,2016-06-20 03:40:07,True,aggregate_reference_betting,0.0
57759,2016-06-20 03:56:04,True,aggregate_reference_betting,0.0
57766,2016-06-20 04:42:07,True,aggregate_reference_betting,0.0
57770,2016-06-20 05:34:04,True,aggregate_reference_betting,0.0
57778,2016-06-20 06:35:04,True,aggregate_reference_betting,0.0
57791,2016-06-20 07:20:04,True,aggregate_reference_betting,0.0
57784,2016-06-20 07:35:09,True,aggregate_reference_betting,0.0
57785,2016-06-20 07:46:04,True,aggregate_reference_betting,0.0
57794,2016-06-20 08:01:05,True,aggregate_reference_betting,0.0
57798,2016-06-20 08:22:04,True,aggregate_reference_betting,0.0
57793,2016-06-20 08:25:04,True,aggregate_reference_betting,0.0
57799,2016-06-20 08:29:04,True,aggregate_reference_betting,0.0
57800,2016-06-20 08:33:06,True,aggregate_reference_betting,0.0
57820,2016-06-20 10:00:09,True,aggregate_reference_betting,0.0
57811,2016-06-20 10:06:05,True,aggregate_reference_betting,0.0
57809,2016-06-20 10:09:03,True,aggregate_reference_betting,0.0
57818,2016-06-20 10:19:03,True,aggregate_reference_betting,0.0
57829,2016-06-20 10:40:10,True,aggregate_reference_betting,0.0
57830,2016-06-20 10:40:10,True,aggregate_reference_betting,0.0
57822,2016-06-20 10:58:04,True,aggregate_reference_betting,0.0
57824,2016-06-20 11:03:07,True,aggregate_reference_betting,0.0
57827,2016-06-20 11:04:05,True,aggregate_reference_betting,0.0
57838,2016-06-20 11:20:04,True,aggregate_reference_betting,0.0
57834,2016-06-20 11:21:06,True,aggregate_reference_betting,0.0
57845,2016-06-20 12:07:04,True,aggregate_reference_betting,0.0
57848,2016-06-20 12:10:04,True,aggregate_reference_betting,0.0
57855,2016-06-20 12:20:10,True,aggregate_reference_betting,0.0
57858,2016-06-20 13:07:03,True,aggregate_reference_betting,0.0
57854,2016-06-20 13:08:06,True,aggregate_reference_betting,0.0
57859,2016-06-20 13:19:06,True,aggregate_reference_betting,0.0
57864,2016-06-20 13:33:06,True,aggregate_reference_betting,0.0
57875,2016-06-20 14:00:11,True,aggregate_reference_betting,0.0
57873,2016-06-20 14:20:04,True,aggregate_reference_betting,0.0
57879,2016-06-20 14:20:07,True,aggregate_reference_betting,0.0
57870,2016-06-20 14:30:05,True,aggregate_reference_betting,0.0
57869,2016-06-20 14:38:05,True,aggregate_reference_betting,0.0
57878,2016-06-20 14:45:06,True,aggregate_reference_betting,0.0
57874,2016-06-20 14:49:06,True,aggregate_reference_betting,0.0
57877,2016-06-20 15:17:05,True,aggregate_reference_betting,0.0
57883,2016-06-20 15:34:05,True,aggregate_reference_betting,0.0
57894,2016-06-20 15:50:03,True,aggregate_reference_betting,0.0
57889,2016-06-20 15:59:03,True,aggregate_reference_betting,0.0
57902,2016-06-20 16:02:09,True,aggregate_reference_betting,0.0
57923,2016-06-20 17:17:07,True,aggregate_reference_betting,0.0
57920,2016-06-20 17:32:04,True,aggregate_reference_betting,0.0
57930,2016-06-20 17:32:08,True,aggregate_reference_betting,0.0
57929,2016-06-20 17:52:04,True,aggregate_reference_betting,0.0
57936,2016-06-20 18:00:05,True,aggregate_reference_betting,0.0
57949,2016-06-20 18:43:04,True,aggregate_reference_betting,0.0
57970,2016-06-20 20:00:08,True,aggregate_reference_betting,0.0
57960,2016-06-20 20:01:06,True,aggregate_reference_betting,0.0
46414,2016-05-01 00:40:15,True,pooled_reference_u,0.0014428584246185556
46420,2016-05-01 01:40:16,True,pooled_reference_u,0.00291064606363634
46425,2016-05-01 02:20:20,True,pooled_reference_u,-0.004703377692473504
46426,2016-05-01 02:20:20,True,pooled_reference_u,-0.0026641406238748218
46428,2016-05-01 02:40:14,True,pooled_reference_u,0.004554407157733412
46435,2016-05-01 04:57:15,True,pooled_reference_u,-0.005949544642067935
46434,2016-05-01 05:06:20,True,pooled_reference_u,0.0012530157261638137
46437,2016-05-01 05:38:29,True,pooled_reference_u,0.004030480440058593
46444,2016-05-01 06:00:16,True,pooled_reference_u,0.004745631892674389
46446,2016-05-01 06:00:20,True,pooled_reference_u,0.014302938807495311
46440,2016-05-01 06:05:19,True,pooled_reference_u,-0.007794734662281741
46445,2016-05-01 06:11:19,True,pooled_reference_u,0.006470065076367747
46454,2016-05-01 07:00:14,True,pooled_reference_u,-0.0036902323352887827
46455,2016-05-01 07:02:16,True,pooled_reference_u,-0.00036375725287904456
46451,2016-05-01 07:06:17,True,pooled_reference_u,-0.006541767236937713
46531,2016-05-01 18:40:14,True,pooled_reference_u,0.001874133258120067
46534,2016-05-01 18:40:14,True,pooled_reference_u,-0.0001514988236529647
46536,2016-05-01 19:16:18,True,pooled_reference_u,0.0012117106063875213
46535,2016-05-01 19:24:16,True,pooled_reference_u,-0.01708822581846979
46544,2016-05-01 20:16:14,True,pooled_reference_u,0.00562886396804091
46548,2016-05-01 20:42:16,True,pooled_reference_u,0.0019468850970958806
46554,2016-05-01 21:00:21,True,pooled_reference_u,-0.002838450753136308
46553,2016-05-01 21:06:17,True,pooled_reference_u,0.0017467610072882823
46549,2016-05-01 21:14:22,True,pooled_reference_u,-0.008602814308147563
46552,2016-05-01 21:40:14,True,pooled_reference_u,0.001226011369008421
46559,2016-05-01 21:40:15,True,pooled_reference_u,0.0038975357142233893
46555,2016-05-01 21:51:16,True,pooled_reference_u,0.0009432004307092026
46563,2016-05-01 22:00:15,True,pooled_reference_u,-0.025324381587732245
46560,2016-05-01 22:03:17,True,pooled_reference_u,-0.0005190164565029923
46561,2016-05-01 22:03:18,True,pooled_reference_u,-0.010463476864646888
46564,2016-05-01 22:58:16,True,pooled_reference_u,-0.0004618276651853172
46574,2016-05-01 23:40:15,True,pooled_reference_u,0.0044566027730506205
46575,2016-05-02 00:04:18,True,pooled_reference_u,0.0038015926365538213
46578,2016-05-02 00:17:16,True,pooled_reference_u,0.01537427636838868
46581,2016-05-02 00:37:19,True,pooled_reference_u,0.020388834576192456
46588,2016-05-02 01:11:14,True,pooled_reference_u,-0.002946884811610493
46582,2016-05-02 01:11:20,True,pooled_reference_u,0.0009786749100545097
46592,2016-05-02 01:40:15,True,pooled_reference_u,-0.0004388818875088966
46589,2016-05-02 01:41:15,True,pooled_reference_u,0.00010646968839032357
46594,2016-05-02 02:41:17,True,pooled_reference_u,0.015572403530919349
46596,2016-05-02 02:42:19,True,pooled_reference_u,0.006967513507257321
46608,2016-05-02 04:38:20,True,pooled_reference_u,-0.00192445118859554
46725,2016-05-02 15:24:14,True,pooled_reference_u,0.0023071725644762827
46726,2016-05-02 15:29:14,True,pooled_reference_u,-0.0008980850609168999
46740,2016-05-02 15:40:16,True,pooled_reference_u,-0.010517505816847884
46743,2016-05-02 16:00:15,True,pooled_reference_u,0.024985279102568283
46745,2016-05-02 16:00:15,True,pooled_reference_u,2.1436442511569755e-05
46744,2016-05-02 16:27:15,True,pooled_reference_u,-0.009332481579006825
46756,2016-05-02 16:40:16,True,pooled_reference_u,-0.004288467564337536
46755,2016-05-02 16:57:15,True,pooled_reference_u,0.002975593397989788
46762,2016-05-02 17:00:18,True,pooled_reference_u,-0.005668852261419699
46763,2016-05-02 17:11:20,True,pooled_reference_u,0.0034314540019539444
46770,2016-05-02 17:20:19,True,pooled_reference_u,0.003916428542914055
46759,2016-05-02 17:31:15,True,pooled_reference_u,-0.004393418418901014
46778,2016-05-02 17:40:17,True,pooled_reference_u,-0.0018019564159350429
46760,2016-05-02 17:43:16,True,pooled_reference_u,-0.04065326648174827
46775,2016-05-02 17:44:15,True,pooled_reference_u,0.022971944369003308
46761,2016-05-02 17:46:16,True,pooled_reference_u,-0.006656899345973107
46767,2016-05-02 17:47:16,True,pooled_reference_u,0.004118157496149989
46776,2016-05-02 18:04:15,True,pooled_reference_u,-0.008796631634048556
46781,2016-05-02 18:26:18,True,pooled_reference_u,0.0022743370574832833
46777,2016-05-02 18:37:16,True,pooled_reference_u,-0.013520797111291748
46788,2016-05-02 18:40:14,True,pooled_reference_u,0.003319520977097836
46789,2016-05-02 18:40:15,True,pooled_reference_u,-0.001198305036066155
46787,2016-05-02 19:02:17,True,pooled_reference_u,0.0041806297202379265
46790,2016-05-02 19:07:15,True,pooled_reference_u,-0.010195173921458307
46792,2016-05-02 19:51:14,True,pooled_reference_u,-0.000653359928292649
46805,2016-05-02 20:00:24,True,pooled_reference_u,-0.0007522010913797554
46798,2016-05-02 20:02:15,True,pooled_reference_u,0.009039526174350974
46797,2016-05-02 20:03:15,True,pooled_reference_u,-0.0032943320366304457
46793,2016-05-02 20:11:19,True,pooled_reference_u,-0.009147846184091084
46799,2016-05-02 20:13:17,True,pooled_reference_u,-0.0034119283969977487
46808,2016-05-02 20:20:31,True,pooled_reference_u,0.0008011115898380649
46806,2016-05-02 20:29:27,True,pooled_reference_u,0.0004229819502788376
46818,2016-05-02 20:56:21,True,pooled_reference_u,0.007387167585800811
46820,2016-05-02 21:00:19,True,pooled_reference_u,0.00026924340505280614
46816,2016-05-02 21:01:16,True,pooled_reference_u,-0.0016882841942007694
46819,2016-05-02 21:21:19,True,pooled_reference_u,-0.006790011825321355
46933,2016-05-03 09:00:19,True,pooled_reference_u,5.9646652834184286e-05
46930,2016-05-03 09:16:16,True,pooled_reference_u,0.005667973447547339
46937,2016-05-03 09:49:21,True,pooled_reference_u,-0.007939459815936247
46936,2016-05-03 09:52:15,True,pooled_reference_u,-0.007113975809781133
46940,2016-05-03 10:00:15,True,pooled_reference_u,-0.0033300281874632264
46935,2016-05-03 10:02:15,True,pooled_reference_u,-0.002823525080631728
46941,2016-05-03 10:28:16,True,pooled_reference_u,0.0061443249533793785
46944,2016-05-03 10:33:15,True,pooled_reference_u,-0.002304869294711717
46949,2016-05-03 10:42:21,True,pooled_reference_u,0.006865910849019333
46946,2016-05-03 10:48:15,True,pooled_reference_u,-0.0034024412576487244
46948,2016-05-03 11:01:18,True,pooled_reference_u,-0.00448854035922068
46947,2016-05-03 11:19:15,True,pooled_reference_u,-0.0042606124268361675
46952,2016-05-03 11:20:21,True,pooled_reference_u,-0.0023139198320798015
46953,2016-05-03 11:40:15,True,pooled_reference_u,0.015208160628774711
46956,2016-05-03 12:08:15,True,pooled_reference_u,0.0032466144612465046
46959,2016-05-03 12:20:15,True,pooled_reference_u,5.702807183674045e-05
46965,2016-05-03 12:40:19,True,pooled_reference_u,-0.0026199018935372936
46960,2016-05-03 12:44:20,True,pooled_reference_u,-0.0014433340066285958
46969,2016-05-03 13:00:15,True,pooled_reference_u,0.004996702412689003
46971,2016-05-03 13:13:18,True,pooled_reference_u,0.0010586608796760116
46962,2016-05-03 13:14:18,True,pooled_reference_u,-0.003839752876519822
46978,2016-05-03 13:26:16,True,pooled_reference_u,0.006593020026337097
46982,2016-05-03 13:40:15,True,pooled_reference_u,-0.0033010237666313176
46984,2016-05-03 13:40:21,True,pooled_reference_u,0.0010370486811007683
46979,2016-05-03 13:52:16,True,pooled_reference_u,-0.017603868178891577
46983,2016-05-03 13:54:18,True,pooled_reference_u,0.0026269560394980023
46980,2016-05-03 13:59:21,True,pooled_reference_u,-0.004648081867797957
47118,2016-05-04 01:47:20,True,pooled_reference_u,-0.01484321560466409
47122,2016-05-04 02:00:16,True,pooled_reference_u,-0.025797897962137436
47120,2016-05-04 02:04:18,True,pooled_reference_u,0.000544133946130395
47125,2016-05-04 02:20:20,True,pooled_reference_u,-0.009119462840266265
47124,2016-05-04 02:46:16,True,pooled_reference_u,0.017401988195936104
47128,2016-05-04 03:41:19,True,pooled_reference_u,-0.00028193560342852484
47127,2016-05-04 03:46:16,True,pooled_reference_u,0.000938064840355773
47129,2016-05-04 04:01:15,True,pooled_reference_u,0.004006599553945948
47134,2016-05-04 04:37:16,True,pooled_reference_u,0.005438113133237884
47133,2016-05-04 04:42:16,True,pooled_reference_u,-0.0013542433848251923
47143,2016-05-04 05:00:25,True,pooled_reference_u,-0.01589405258428543
47144,2016-05-04 05:12:27,True,pooled_reference_u,0.022719650862616264
47150,2016-05-04 05:55:17,True,pooled_reference_u,-0.0015794748284444309
47284,2016-05-04 18:07:20,True,pooled_reference_u,-0.02414307720477482
47288,2016-05-04 18:18:17,True,pooled_reference_u,-0.020472841089282934
47297,2016-05-04 18:20:19,True,pooled_reference_u,0.01307682967146645
47296,2016-05-04 18:40:19,True,pooled_reference_u,-0.00013486406248481436
47302,2016-05-04 18:43:15,True,pooled_reference_u,0.01686681535995327
47292,2016-05-04 18:48:15,True,pooled_reference_u,0.009628010318093957
47295,2016-05-04 18:56:14,True,pooled_reference_u,-0.0017220879117103727
47306,2016-05-04 19:00:15,True,pooled_reference_u,0.0021969838680372437
47313,2016-05-04 19:40:17,True,pooled_reference_u,0.004870739832483789
47314,2016-05-04 19:40:23,True,pooled_reference_u,-0.0030242355700945893
47310,2016-05-04 19:44:31,True,pooled_reference_u,-0.0023404910738669712
47317,2016-05-04 20:00:18,True,pooled_reference_u,0.0012969515604314315
47311,2016-05-04 20:02:31,True,pooled_reference_u,0.014091898025617847
47320,2016-05-04 20:25:18,True,pooled_reference_u,-0.00010973765083500698
47325,2016-05-04 20:40:14,True,pooled_reference_u,0.000986805299773321
47326,2016-05-04 20:40:19,True,pooled_reference_u,0.00036311578089664624
47321,2016-05-04 21:15:19,True,pooled_reference_u,0.008458934213148087
47411,2016-05-05 09:10:15,True,pooled_reference_u,0.005497335845284657
47419,2016-05-05 09:20:20,True,pooled_reference_u,0.0002636109159804621
47415,2016-05-05 09:47:25,True,pooled_reference_u,0.001710812424318555
47414,2016-05-05 09:52:25,True,pooled_reference_u,-0.0028855132856664507
47422,2016-05-05 10:06:15,True,pooled_reference_u,-0.007579928783197233
47418,2016-05-05 10:08:16,True,pooled_reference_u,-0.005047239181046202
47427,2016-05-05 10:38:16,True,pooled_reference_u,0.005253671920417457
47428,2016-05-05 11:00:16,True,pooled_reference_u,0.029764038872218956
47440,2016-05-05 11:40:18,True,pooled_reference_u,0.0032505365953564083
47436,2016-05-05 12:05:25,True,pooled_reference_u,-0.007043976101707291
47437,2016-05-05 12:10:27,True,pooled_reference_u,-0.001735232381596471
47439,2016-05-05 12:32:14,True,pooled_reference_u,0.001953679148323129
47444,2016-05-05 12:38:16,True,pooled_reference_u,-0.0004929302303530413
47454,2016-05-05 13:02:30,True,pooled_reference_u,-0.0021756409580110186
47449,2016-05-05 13:04:18,True,pooled_reference_u,0.003031316945207127
47463,2016-05-05 13:20:15,True,pooled_reference_u,-0.0038235621080004237
47464,2016-05-05 13:20:20,True,pooled_reference_u,-0.0016112217085199492
47460,2016-05-05 13:31:19,True,pooled_reference_u,-0.0036303625963561947
47468,2016-05-05 13:40:17,True,pooled_reference_u,0.002757860338957976
47469,2016-05-05 13:40:17,True,pooled_reference_u,0.007078676422950189
47470,2016-05-05 13:40:19,True,pooled_reference_u,0.007527669674390128
47611,2016-05-06 02:38:19,True,pooled_reference_u,-0.0016589759256011379
47618,2016-05-06 03:00:18,True,pooled_reference_u,0.009534859635893945
47619,2016-05-06 03:00:20,True,pooled_reference_u,0.01694178771403201
47622,2016-05-06 03:30:16,True,pooled_reference_u,-0.005724882092796979
47630,2016-05-06 04:40:18,True,pooled_reference_u,0.0004791823432123317
47631,2016-05-06 06:04:16,True,pooled_reference_u,0.0004843118799206542
47774,2016-05-06 18:29:16,True,pooled_reference_u,0.016495266148752984
47772,2016-05-06 18:31:19,True,pooled_reference_u,0.005333728521588893
47777,2016-05-06 18:31:23,True,pooled_reference_u,0.012737244124827164
47771,2016-05-06 18:39:16,True,pooled_reference_u,-0.008895340198512638
47781,2016-05-06 19:11:20,True,pooled_reference_u,0.0031073777675392697
47805,2016-05-06 21:22:19,True,pooled_reference_u,0.002881820047906095
47804,2016-05-06 21:27:16,True,pooled_reference_u,-0.0027388223392493275
47809,2016-05-06 21:51:19,True,pooled_reference_u,-0.0021455932483234307
47882,2016-05-07 10:29:16,True,pooled_reference_u,0.009266953786060479
47888,2016-05-07 12:00:15,True,pooled_reference_u,0.02742878134454245
47893,2016-05-07 12:33:18,True,pooled_reference_u,0.003447281952535155
47897,2016-05-07 14:08:14,True,pooled_reference_u,0.0008581108043856673
47903,2016-05-07 14:20:15,True,pooled_reference_u,-0.007081845105244337
47901,2016-05-07 14:32:16,True,pooled_reference_u,0.002611825135418624
47905,2016-05-07 14:40:16,True,pooled_reference_u,-0.00879319605141651
47906,2016-05-07 14:40:18,True,pooled_reference_u,-0.00012684978100312448
47955,2016-05-08 02:57:17,True,pooled_reference_u,-0.0016330404889576917
47954,2016-05-08 03:04:16,True,pooled_reference_u,-0.0037138235869443557
47957,2016-05-08 03:05:15,True,pooled_reference_u,0.0016319795596722504
47958,2016-05-08 03:06:18,True,pooled_reference_u,0.0062649249924143224
47960,2016-05-08 03:32:16,True,pooled_reference_u,0.0018093909408128245
47961,2016-05-08 03:48:16,True,pooled_reference_u,0.005713496529249275
47967,2016-05-08 04:27:17,True,pooled_reference_u,-0.000333503626734858
47964,2016-05-08 04:38:16,True,pooled_reference_u,0.013757919174827188
47971,2016-05-08 05:40:17,True,pooled_reference_u,-0.0003357639682383001
47972,2016-05-08 05:49:19,True,pooled_reference_u,-0.0035825423263367183
47970,2016-05-08 06:13:15,True,pooled_reference_u,-0.0011348662443910976
47969,2016-05-08 06:15:16,True,pooled_reference_u,-0.002536798244056828
47973,2016-05-08 06:17:15,True,pooled_reference_u,0.0028579517383406036
47978,2016-05-08 06:51:15,True,pooled_reference_u,0.00779136146020348
47982,2016-05-08 07:24:17,True,pooled_reference_u,-0.006921472248462687
47990,2016-05-08 08:20:14,True,pooled_reference_u,-0.003644361511994862
47987,2016-05-08 08:21:17,True,pooled_reference_u,0.00824875074462817
47992,2016-05-08 08:40:16,True,pooled_reference_u,0.0015153250597569803
47996,2016-05-08 09:00:24,True,pooled_reference_u,0.01072292945479337
48001,2016-05-08 09:20:18,True,pooled_reference_u,0.003883597550353054
48003,2016-05-08 09:40:15,True,pooled_reference_u,0.010020573931037793
48005,2016-05-08 10:08:15,True,pooled_reference_u,-0.010797273824733992
47999,2016-05-08 10:13:15,True,pooled_reference_u,-0.009895566992107578
48007,2016-05-08 11:04:16,True,pooled_reference_u,-0.012412600153817233
48009,2016-05-08 11:08:15,True,pooled_reference_u,-0.005883106857675571
48010,2016-05-08 11:55:25,True,pooled_reference_u,-0.0006444082606690703
48077,2016-05-08 23:17:19,True,pooled_reference_u,0.0007573808229821366
48078,2016-05-08 23:43:15,True,pooled_reference_u,-0.014923423950524595
48082,2016-05-09 00:01:15,True,pooled_reference_u,-0.002407059157600682
48079,2016-05-09 00:06:17,True,pooled_reference_u,0.011111555040689967
48088,2016-05-09 00:40:16,True,pooled_reference_u,-0.00017112107195362686
48091,2016-05-09 01:00:15,True,pooled_reference_u,0.0195358389885237
48092,2016-05-09 01:00:16,True,pooled_reference_u,0.011410673819208288
48094,2016-05-09 01:00:20,True,pooled_reference_u,0.0012584965970312656
48093,2016-05-09 01:04:18,True,pooled_reference_u,0.0054070946448024106
48084,2016-05-09 01:14:15,True,pooled_reference_u,0.0011830296629457906
48098,2016-05-09 01:20:16,True,pooled_reference_u,-0.013334103416642963
48086,2016-05-09 01:31:16,True,pooled_reference_u,0.006470883646803996
48100,2016-05-09 01:40:15,True,pooled_reference_u,0.009316985157006654
48104,2016-05-09 02:00:18,True,pooled_reference_u,-0.020701277981232766
48105,2016-05-09 02:00:20,True,pooled_reference_u,-0.008290220343797993
48097,2016-05-09 02:10:15,True,pooled_reference_u,0.015002832581920521
48111,2016-05-09 03:04:16,True,pooled_reference_u,-0.004655871373598401
48113,2016-05-09 03:20:15,True,pooled_reference_u,0.004265294882225795
48115,2016-05-09 03:39:19,True,pooled_reference_u,-0.0036576713035390467
48119,2016-05-09 04:00:18,True,pooled_reference_u,0.0021090090328674226
48114,2016-05-09 04:13:15,True,pooled_reference_u,-0.001378253973920343
48122,2016-05-09 04:57:17,True,pooled_reference_u,-0.0006655868020593915
48126,2016-05-09 05:04:15,True,pooled_reference_u,-0.003680852572675636
48121,2016-05-09 05:16:15,True,pooled_reference_u,-0.0032846641441042594
48139,2016-05-09 05:20:16,True,pooled_reference_u,0.001383806686566457
48135,2016-05-09 05:36:15,True,pooled_reference_u,0.0092802420483232
48142,2016-05-09 05:40:15,True,pooled_reference_u,0.0015343266875037266
48143,2016-05-09 05:47:17,True,pooled_reference_u,-0.010193665101203706
48147,2016-05-09 06:00:15,True,pooled_reference_u,0.00022343575305438157
48148,2016-05-09 06:23:20,True,pooled_reference_u,-0.0372140490788474
48160,2016-05-09 07:05:15,True,pooled_reference_u,0.0026617151976818126
48153,2016-05-09 07:13:18,True,pooled_reference_u,-0.002722182214186625
48157,2016-05-09 07:25:16,True,pooled_reference_u,0.0021761810169602692
48172,2016-05-09 08:25:16,True,pooled_reference_u,-0.010169964203874438
48175,2016-05-09 08:40:21,True,pooled_reference_u,0.004677469795799857
48170,2016-05-09 08:41:16,True,pooled_reference_u,-0.004654810215878984
48171,2016-05-09 08:44:16,True,pooled_reference_u,0.010720277017052436
48174,2016-05-09 08:55:16,True,pooled_reference_u,0.002289600210850525
48182,2016-05-09 09:20:20,True,pooled_reference_u,-0.003140439923951732
48180,2016-05-09 09:28:15,True,pooled_reference_u,0.00035219581779902427
48192,2016-05-09 10:40:16,True,pooled_reference_u,-0.015382954989174781
48188,2016-05-09 11:01:16,True,pooled_reference_u,-0.003471638394701545
48189,2016-05-09 11:01:17,True,pooled_reference_u,-0.0022095395275628996
48190,2016-05-09 11:04:17,True,pooled_reference_u,0.0039040672846294283
48200,2016-05-09 11:38:19,True,pooled_reference_u,-0.002124819106135529
48195,2016-05-09 11:42:17,True,pooled_reference_u,0.0013287913388560085
48199,2016-05-09 11:55:17,True,pooled_reference_u,-0.003045207594533866
48208,2016-05-09 12:03:17,True,pooled_reference_u,-0.00018296163798187624
48213,2016-05-09 12:19:28,True,pooled_reference_u,-0.005071397941326411
48207,2016-05-09 12:38:17,True,pooled_reference_u,0.0045959668500655144
48367,2016-05-09 23:40:19,True,pooled_reference_u,-0.0006660662446474888
48361,2016-05-10 00:01:17,True,pooled_reference_u,-0.0045980826685116626
48366,2016-05-10 00:09:16,True,pooled_reference_u,-0.007605288039380964
48374,2016-05-10 00:40:17,True,pooled_reference_u,0.01196097491516578
48376,2016-05-10 00:40:19,True,pooled_reference_u,-0.010795243047900575
48382,2016-05-10 01:00:19,True,pooled_reference_u,0.01564164904152651
48384,2016-05-10 01:42:18,True,pooled_reference_u,0.01182651296265173
48389,2016-05-10 02:20:17,True,pooled_reference_u,0.0014544268964473334
48391,2016-05-10 02:20:18,True,pooled_reference_u,-0.00283511125312492
48399,2016-05-10 03:17:20,True,pooled_reference_u,-0.018025106572094884
48400,2016-05-10 03:17:20,True,pooled_reference_u,-0.0001750997059421673
48398,2016-05-10 03:19:18,True,pooled_reference_u,0.0015634848723849702
48396,2016-05-10 03:27:16,True,pooled_reference_u,-0.01310023774079509
48402,2016-05-10 03:27:18,True,pooled_reference_u,0.0006897487347462686
48403,2016-05-10 03:29:18,True,pooled_reference_u,-0.003435380287759547
48397,2016-05-10 03:48:18,True,pooled_reference_u,0.006156873069884602
48409,2016-05-10 04:20:19,True,pooled_reference_u,-0.0011505039823138871
48413,2016-05-10 05:00:26,True,pooled_reference_u,-0.006029408529652745
48411,2016-05-10 05:01:15,True,pooled_reference_u,-0.005343639341096794
48414,2016-05-10 05:02:26,True,pooled_reference_u,-0.007073330227757331
48408,2016-05-10 05:05:16,True,pooled_reference_u,-0.0015102933623717795
48416,2016-05-10 06:04:16,True,pooled_reference_u,0.0084396787880348
48423,2016-05-10 06:40:20,True,pooled_reference_u,0.0001540656117039253
48417,2016-05-10 06:49:17,True,pooled_reference_u,0.024873144339141284
48427,2016-05-10 07:14:30,True,pooled_reference_u,0.00234755054945447
48434,2016-05-10 07:20:16,True,pooled_reference_u,-0.0024564257019445714
48433,2016-05-10 07:25:15,True,pooled_reference_u,-0.005400932934180037
48426,2016-05-10 07:49:26,True,pooled_reference_u,0.0059158373484343284
48437,2016-05-10 07:59:15,True,pooled_reference_u,0.005118933046221789
48449,2016-05-10 08:00:17,True,pooled_reference_u,-0.0011283459880037858
48448,2016-05-10 08:03:17,True,pooled_reference_u,-0.00725431125489465
48447,2016-05-10 08:36:16,True,pooled_reference_u,0.0010859071650311317
48438,2016-05-10 08:38:16,True,pooled_reference_u,-0.005227231380883639
48456,2016-05-10 09:00:20,True,pooled_reference_u,-0.0011274128385257483
48457,2016-05-10 09:31:21,True,pooled_reference_u,-0.000654556802696477
48462,2016-05-10 10:00:21,True,pooled_reference_u,-0.001257144004503232
48464,2016-05-10 10:20:18,True,pooled_reference_u,0.0019311574668682448
48466,2016-05-10 10:40:16,True,pooled_reference_u,0.0029435611113829835
48471,2016-05-10 11:08:15,True,pooled_reference_u,0.00710829278715897
48472,2016-05-10 11:11:16,True,pooled_reference_u,0.0001218609575452138
48475,2016-05-10 11:20:14,True,pooled_reference_u,-0.004201291868801988
48481,2016-05-10 11:40:16,True,pooled_reference_u,-0.02459976619845388
48482,2016-05-10 11:40:21,True,pooled_reference_u,-0.012477874039846817
48477,2016-05-10 11:47:19,True,pooled_reference_u,0.0038770763155207113
48474,2016-05-10 12:04:14,True,pooled_reference_u,0.009697143452913802
48480,2016-05-10 12:27:16,True,pooled_reference_u,0.00020712668344494096
48627,2016-05-10 23:44:16,True,pooled_reference_u,0.0007353447218630053
48640,2016-05-11 00:17:15,True,pooled_reference_u,0.003989812404206471
48646,2016-05-11 00:20:15,True,pooled_reference_u,0.0010234679272165276
48633,2016-05-11 00:30:15,True,pooled_reference_u,0.0005616912242634026
48649,2016-05-11 00:40:15,True,pooled_reference_u,0.01134732008721494
48650,2016-05-11 01:00:15,True,pooled_reference_u,0.0061641606728955545
48654,2016-05-11 01:49:18,True,pooled_reference_u,0.024458755183097078
48656,2016-05-11 02:01:19,True,pooled_reference_u,0.0007390677341844457
48657,2016-05-11 02:31:16,True,pooled_reference_u,0.007548843443626763
48663,2016-05-11 03:20:17,True,pooled_reference_u,-0.00021963664908336176
48662,2016-05-11 03:55:17,True,pooled_reference_u,-0.005246498625879083
48666,2016-05-11 04:20:19,True,pooled_reference_u,0.00663646544825941
48774,2016-05-11 15:53:19,True,pooled_reference_u,0.0009069820183366384
48788,2016-05-11 16:00:17,True,pooled_reference_u,0.01569937201704793
48789,2016-05-11 16:01:19,True,pooled_reference_u,-0.007037715469685561
48780,2016-05-11 16:03:16,True,pooled_reference_u,0.018392894706915075
48790,2016-05-11 16:20:20,True,pooled_reference_u,-0.0001967713274463929
48781,2016-05-11 16:33:18,True,pooled_reference_u,-0.021141877729373634
48798,2016-05-11 16:40:15,True,pooled_reference_u,0.005546650009311194
48802,2016-05-11 17:00:16,True,pooled_reference_u,-0.0010908289354119288
48805,2016-05-11 17:20:15,True,pooled_reference_u,-0.00029241551397321867
48815,2016-05-11 18:00:18,True,pooled_reference_u,0.00167147354040277
48818,2016-05-11 18:20:23,True,pooled_reference_u,-0.001103536846333839
48810,2016-05-11 18:29:17,True,pooled_reference_u,0.00010569662588706685
48817,2016-05-11 19:07:17,True,pooled_reference_u,0.003050504399094121
48827,2016-05-11 19:12:16,True,pooled_reference_u,-0.007561308967235052
48835,2016-05-11 19:20:22,True,pooled_reference_u,0.0003950295396089939
48831,2016-05-11 19:41:15,True,pooled_reference_u,0.007811164222659917
48832,2016-05-11 19:43:16,True,pooled_reference_u,0.0047400250826461834
48945,2016-05-12 07:22:16,True,pooled_reference_u,0.002385257686950387
48944,2016-05-12 07:46:15,True,pooled_reference_u,0.00011432390665956291
48949,2016-05-12 07:55:19,True,pooled_reference_u,-0.002049047547445809
48953,2016-05-12 08:02:19,True,pooled_reference_u,0.005846485101531389
48948,2016-05-12 08:25:16,True,pooled_reference_u,0.006205157496818187
48958,2016-05-12 08:40:15,True,pooled_reference_u,-0.0037046498354826613
48959,2016-05-12 09:06:16,True,pooled_reference_u,0.0003824365154557127
48964,2016-05-12 09:14:17,True,pooled_reference_u,0.002441137712292733
48960,2016-05-12 09:23:18,True,pooled_reference_u,0.012028949730510885
48968,2016-05-12 10:02:20,True,pooled_reference_u,0.007441745072320325
48974,2016-05-12 10:20:31,True,pooled_reference_u,0.005792418616958887
48975,2016-05-12 10:40:22,True,pooled_reference_u,-4.972576509825605e-05
48976,2016-05-12 10:40:22,True,pooled_reference_u,0.007089148777352677
48970,2016-05-12 10:49:20,True,pooled_reference_u,0.008226980852181915
48981,2016-05-12 11:00:16,True,pooled_reference_u,0.005567228413236633
48982,2016-05-12 11:03:18,True,pooled_reference_u,-0.0032148469445605257
48972,2016-05-12 11:15:26,True,pooled_reference_u,0.01769059438244258
48986,2016-05-12 12:04:16,True,pooled_reference_u,-0.010357242746613409
49140,2016-05-12 23:46:15,True,pooled_reference_u,0.0032786622732938787
49136,2016-05-12 23:52:16,True,pooled_reference_u,-0.0027527060999369968
49145,2016-05-13 00:00:19,True,pooled_reference_u,-0.0028395662408870455
49146,2016-05-13 00:20:16,True,pooled_reference_u,0.0062420629277588
49147,2016-05-13 00:20:19,True,pooled_reference_u,-0.0020492163026569355
49150,2016-05-13 00:40:16,True,pooled_reference_u,-0.013156421428781769
49151,2016-05-13 00:40:20,True,pooled_reference_u,0.005561565047838304
49153,2016-05-13 00:40:21,True,pooled_reference_u,0.0023571152017011765
49152,2016-05-13 01:04:20,True,pooled_reference_u,0.0011314333201098183
49159,2016-05-13 01:06:20,True,pooled_reference_u,-0.007090810716417588
49158,2016-05-13 01:34:20,True,pooled_reference_u,0.0007122655176805872
49160,2016-05-13 01:40:21,True,pooled_reference_u,-0.020876684251296657
49166,2016-05-13 01:52:19,True,pooled_reference_u,0.0011239834125867584
49167,2016-05-13 01:57:19,True,pooled_reference_u,-0.0008253612685306319
49171,2016-05-13 02:00:18,True,pooled_reference_u,-0.0014758123007002424
49172,2016-05-13 02:09:21,True,pooled_reference_u,0.004141936508114032
49181,2016-05-13 03:40:17,True,pooled_reference_u,0.004118134672187301
49189,2016-05-13 04:39:20,True,pooled_reference_u,0.0007522993467397204
49184,2016-05-13 04:42:16,True,pooled_reference_u,0.002133203326016884
49374,2016-05-13 16:00:19,True,pooled_reference_u,0.018574609638539952
49375,2016-05-13 16:01:21,True,pooled_reference_u,-0.0056655302113094
49366,2016-05-13 16:05:17,True,pooled_reference_u,-0.013850660424680243
49364,2016-05-13 16:20:15,True,pooled_reference_u,0.0018479325465781916
49381,2016-05-13 16:20:17,True,pooled_reference_u,0.012439813480301126
49382,2016-05-13 16:20:22,True,pooled_reference_u,-0.02752019182976606
49380,2016-05-13 16:44:17,True,pooled_reference_u,0.0010141404518125773
49386,2016-05-13 17:00:16,True,pooled_reference_u,-0.0020565966735025727
49392,2016-05-13 17:00:17,True,pooled_reference_u,0.0013785722411698235
49397,2016-05-13 17:20:19,True,pooled_reference_u,-0.00048174191222080665
49387,2016-05-13 17:23:18,True,pooled_reference_u,0.007101166360084701
49401,2016-05-13 17:40:17,True,pooled_reference_u,0.005857634429229621
49402,2016-05-13 17:40:17,True,pooled_reference_u,-0.000429174760754234
49398,2016-05-13 18:08:19,True,pooled_reference_u,0.0036040878565996547
49403,2016-05-13 18:08:20,True,pooled_reference_u,0.0011177031161061896
49413,2016-05-13 19:03:20,True,pooled_reference_u,0.004347037145286552
49416,2016-05-13 19:10:23,True,pooled_reference_u,-0.00542745276632748
49415,2016-05-13 19:13:22,True,pooled_reference_u,0.00260536045434219
49407,2016-05-13 19:25:20,True,pooled_reference_u,0.004989385011553052
49541,2016-05-14 09:00:21,True,pooled_reference_u,0.010693592716637286
49543,2016-05-14 09:33:16,True,pooled_reference_u,-0.007150581038676857
49544,2016-05-14 09:53:17,True,pooled_reference_u,-0.003992985046296553
49546,2016-05-14 11:07:21,True,pooled_reference_u,0.0017311482017525748
49618,2016-05-14 22:54:15,True,pooled_reference_u,-0.012833458954732913
49621,2016-05-14 23:20:20,True,pooled_reference_u,0.00022883478639615156
49625,2016-05-15 01:31:16,True,pooled_reference_u,-0.01745359690900868
49630,2016-05-15 02:03:17,True,pooled_reference_u,-0.00034253901015307054
49641,2016-05-15 04:40:20,True,pooled_reference_u,-1.526055422668397e-06
49638,2016-05-15 05:01:18,True,pooled_reference_u,0.002906344541754432
49640,2016-05-15 05:01:19,True,pooled_reference_u,-0.0024589640410893517
49642,2016-05-15 05:01:25,True,pooled_reference_u,0.0013268985370071145
49643,2016-05-15 05:01:30,True,pooled_reference_u,-0.0054807221048715216
49709,2016-05-15 17:00:16,True,pooled_reference_u,0.001701838859245429
49700,2016-05-15 17:11:16,True,pooled_reference_u,-0.0008684673778517519
49713,2016-05-15 17:40:17,True,pooled_reference_u,-0.002635718148812305
49718,2016-05-15 18:20:22,True,pooled_reference_u,0.005461626017779556
49712,2016-05-15 18:25:17,True,pooled_reference_u,-0.005065775546383523
49717,2016-05-15 18:49:17,True,pooled_reference_u,0.01632075258692478
49719,2016-05-15 19:12:22,True,pooled_reference_u,-0.01358042507175804
49723,2016-05-15 19:40:32,True,pooled_reference_u,4.504763209496105e-05
49722,2016-05-15 19:41:21,True,pooled_reference_u,0.0021940885008699534
49725,2016-05-15 20:23:16,True,pooled_reference_u,-0.011827441122632544
49727,2016-05-15 20:23:16,True,pooled_reference_u,0.0009159959240855348
49728,2016-05-15 21:00:21,True,pooled_reference_u,-0.001769448520819233
49729,2016-05-15 21:20:22,True,pooled_reference_u,0.0037177831659843605
49730,2016-05-15 22:05:21,True,pooled_reference_u,6.083134279991076e-05
49825,2016-05-16 09:45:17,True,pooled_reference_u,0.0015966004281160549
49832,2016-05-16 10:03:18,True,pooled_reference_u,-0.004406286611991678
49830,2016-05-16 10:07:20,True,pooled_reference_u,0.03746052735680738
49841,2016-05-16 11:01:17,True,pooled_reference_u,0.0011421374726688603
49849,2016-05-16 11:04:18,True,pooled_reference_u,0.0017630235853708896
49839,2016-05-16 11:06:24,True,pooled_reference_u,0.011880817972494045
49840,2016-05-16 11:14:17,True,pooled_reference_u,-0.04161857374904463
49848,2016-05-16 11:34:17,True,pooled_reference_u,0.009633922931295155
49853,2016-05-16 12:07:18,True,pooled_reference_u,0.00017256187726990418
49854,2016-05-16 12:11:23,True,pooled_reference_u,-0.004376597679865592
49863,2016-05-16 12:20:22,True,pooled_reference_u,0.014330217531276777
49867,2016-05-16 12:40:20,True,pooled_reference_u,-0.013485770278952147
49862,2016-05-16 12:57:21,True,pooled_reference_u,1.1679224006980182e-05
49872,2016-05-16 13:00:16,True,pooled_reference_u,-0.002077426091235144
49873,2016-05-16 13:00:19,True,pooled_reference_u,0.01294444338899714
49874,2016-05-16 13:00:19,True,pooled_reference_u,-0.008321353548108226
49875,2016-05-16 13:00:22,True,pooled_reference_u,-0.008129099014849147
49884,2016-05-16 13:20:17,True,pooled_reference_u,0.003367149586408699
49876,2016-05-16 13:23:22,True,pooled_reference_u,0.005891369185832112
49881,2016-05-16 13:34:16,True,pooled_reference_u,-0.0036330323498413725
49868,2016-05-16 13:35:21,True,pooled_reference_u,-0.005057059303792157
49883,2016-05-16 13:43:17,True,pooled_reference_u,-0.00666519536556801
49891,2016-05-16 13:49:18,True,pooled_reference_u,-0.004357338223292382
49882,2016-05-16 14:09:16,True,pooled_reference_u,0.008107891051935018
49900,2016-05-16 14:38:22,True,pooled_reference_u,0.0031558920720478577
49915,2016-05-16 14:40:18,True,pooled_reference_u,-0.002821281213526327
49912,2016-05-16 14:45:16,True,pooled_reference_u,0.001191907292587329
49898,2016-05-16 14:46:16,True,pooled_reference_u,0.00013941984915445208
49907,2016-05-16 14:50:21,True,pooled_reference_u,-0.0023872270284193576
49913,2016-05-16 14:55:16,True,pooled_reference_u,-0.002814607419623005
49914,2016-05-16 15:05:16,True,pooled_reference_u,0.002190797397496666
49916,2016-05-16 15:16:18,True,pooled_reference_u,0.0006214873865106585
49917,2016-05-16 15:16:21,True,pooled_reference_u,0.006611306529331437
49928,2016-05-16 15:27:16,True,pooled_reference_u,-0.0025517827800296605
49922,2016-05-16 15:40:18,True,pooled_reference_u,-0.005293443879383091
49939,2016-05-16 16:31:16,True,pooled_reference_u,-0.01711451068051123
49947,2016-05-16 17:00:19,True,pooled_reference_u,-0.008499402895248219
49943,2016-05-16 17:19:16,True,pooled_reference_u,-0.0006963337426229774
49951,2016-05-16 17:20:22,True,pooled_reference_u,0.02614141479053933
49950,2016-05-16 17:37:16,True,pooled_reference_u,0.0063684327169518246
49955,2016-05-16 17:40:17,True,pooled_reference_u,0.02247473299572723
50066,2016-05-17 05:20:19,True,pooled_reference_u,0.005501123895778143
50065,2016-05-17 05:27:16,True,pooled_reference_u,-0.01420053894432903
50068,2016-05-17 05:40:17,True,pooled_reference_u,-0.0006522661845291921
50070,2016-05-17 06:00:16,True,pooled_reference_u,-0.0011264288555560124
50071,2016-05-17 06:27:17,True,pooled_reference_u,-0.0011682519713345114
50075,2016-05-17 06:43:20,True,pooled_reference_u,-0.0027797534003987266
50076,2016-05-17 07:00:16,True,pooled_reference_u,-0.00683434920819055
50079,2016-05-17 07:03:17,True,pooled_reference_u,-0.005086519285685943
50082,2016-05-17 07:41:16,True,pooled_reference_u,-0.0076758633835246545
50080,2016-05-17 07:56:18,True,pooled_reference_u,0.02659475593865447
50087,2016-05-17 08:01:21,True,pooled_reference_u,0.004975720851918122
50094,2016-05-17 09:10:20,True,pooled_reference_u,4.5451344529715476e-05
50100,2016-05-17 09:20:16,True,pooled_reference_u,-0.00332745091966658
50093,2016-05-17 09:27:19,True,pooled_reference_u,-7.194690486243957e-05
50106,2016-05-17 09:40:23,True,pooled_reference_u,0.005579802873693258
50112,2016-05-17 10:00:19,True,pooled_reference_u,0.000429981401812966
50111,2016-05-17 10:20:17,True,pooled_reference_u,0.0009651952259637663
50110,2016-05-17 10:35:17,True,pooled_reference_u,-0.0026763444617147088
50121,2016-05-17 11:00:17,True,pooled_reference_u,-0.015093241555551067
50124,2016-05-17 11:20:22,True,pooled_reference_u,5.347033302185517e-05
50123,2016-05-17 12:01:18,True,pooled_reference_u,0.0032223588367974974
50266,2016-05-17 23:18:18,True,pooled_reference_u,0.0005112730656127735
50270,2016-05-17 23:20:19,True,pooled_reference_u,-0.011864752158012134
50269,2016-05-17 23:24:16,True,pooled_reference_u,-0.005938111664114447
50275,2016-05-17 23:40:18,True,pooled_reference_u,-0.004525748600834337
50272,2016-05-17 23:42:20,True,pooled_reference_u,0.009155482550878096
50271,2016-05-17 23:47:18,True,pooled_reference_u,-0.0009589189340526195
50274,2016-05-17 23:48:18,True,pooled_reference_u,0.0035659391392708403
50282,2016-05-18 00:20:17,True,pooled_reference_u,-1.7538365971879463e-05
50281,2016-05-18 01:04:17,True,pooled_reference_u,0.011855378364514117
50291,2016-05-18 01:13:16,True,pooled_reference_u,-0.0031360785886749808
50299,2016-05-18 01:32:19,True,pooled_reference_u,-0.019307601684612465
50295,2016-05-18 01:38:20,True,pooled_reference_u,-0.01521011742466354
50304,2016-05-18 01:41:17,True,pooled_reference_u,-0.0014622752750266914
50310,2016-05-18 02:20:20,True,pooled_reference_u,-0.0006843295620116937
50309,2016-05-18 02:23:19,True,pooled_reference_u,0.00636827930189221
50307,2016-05-18 02:24:17,True,pooled_reference_u,-0.013904431311711239
50312,2016-05-18 02:40:21,True,pooled_reference_u,-0.0018835293297578826
50308,2016-05-18 02:49:20,True,pooled_reference_u,0.008689247351918037
50315,2016-05-18 03:53:18,True,pooled_reference_u,-0.011973007970036285
50318,2016-05-18 04:33:22,True,pooled_reference_u,0.006055663742395589
50400,2016-05-20 14:00:04,True,pooled_reference_u,0.0037925973428039224
50423,2016-05-20 14:00:06,True,pooled_reference_u,-0.0016932658229336728
50437,2016-05-20 14:00:08,True,pooled_reference_u,0.009016159072527914
50450,2016-05-20 14:00:09,True,pooled_reference_u,0.0006873066278031202
50414,2016-05-20 14:03:05,True,pooled_reference_u,0.007469609041017328
50605,2016-05-20 14:20:09,True,pooled_reference_u,-0.002161692761758054
50601,2016-05-20 14:45:04,True,pooled_reference_u,-0.007634942768691614
50627,2016-05-20 15:00:10,True,pooled_reference_u,-0.0033557739701724626
50636,2016-05-20 15:22:06,True,pooled_reference_u,0.002059087397918516
50639,2016-05-20 15:31:09,True,pooled_reference_u,-0.007926268976008639
50651,2016-05-20 15:40:09,True,pooled_reference_u,0.016560740654222972
50663,2016-05-20 16:10:07,True,pooled_reference_u,0.009122809800293272
50673,2016-05-20 16:20:10,True,pooled_reference_u,-0.024029798213332697
50672,2016-05-20 16:25:09,True,pooled_reference_u,0.0037194584483919366
50671,2016-05-20 16:41:06,True,pooled_reference_u,-0.0019475122118750672
50664,2016-05-20 16:54:09,True,pooled_reference_u,-0.004211639774997996
50697,2016-05-20 17:40:04,True,pooled_reference_u,0.0006421432834244142
50690,2016-05-20 18:00:07,True,pooled_reference_u,0.00038467137962389016
50699,2016-05-20 18:03:08,True,pooled_reference_u,0.012102895038910419
50698,2016-05-20 18:11:05,True,pooled_reference_u,-0.0005755052389055664
50691,2016-05-20 18:12:08,True,pooled_reference_u,-0.006690454075167732
50705,2016-05-20 18:28:05,True,pooled_reference_u,0.01068569639652469
50707,2016-05-20 18:36:04,True,pooled_reference_u,-0.0046289722191898
50710,2016-05-20 18:40:06,True,pooled_reference_u,0.007367524963380544
50709,2016-05-20 19:07:04,True,pooled_reference_u,-0.0002790569342121683
50719,2016-05-20 19:40:05,True,pooled_reference_u,0.0011419356798573962
50721,2016-05-20 19:50:10,True,pooled_reference_u,0.005608869678457584
50718,2016-05-20 19:55:06,True,pooled_reference_u,-0.013951484261367185
50729,2016-05-20 20:20:05,True,pooled_reference_u,-0.0005871847994012164
50731,2016-05-20 20:24:10,True,pooled_reference_u,0.01002476397537706
50738,2016-05-20 21:00:04,True,pooled_reference_u,-0.002823505864856102
50733,2016-05-20 21:15:11,True,pooled_reference_u,-0.002305236542763758
50737,2016-05-20 21:29:04,True,pooled_reference_u,-0.017628219689773877
50743,2016-05-20 22:26:05,True,pooled_reference_u,0.009701457914179486
50750,2016-05-20 22:40:08,True,pooled_reference_u,-0.0031966365190516308
50749,2016-05-20 22:43:05,True,pooled_reference_u,-0.013256494960886968
50745,2016-05-20 22:56:11,True,pooled_reference_u,0.0014323211240849683
50753,2016-05-20 23:00:09,True,pooled_reference_u,-0.0306458796492975
50752,2016-05-20 23:12:04,True,pooled_reference_u,0.007926666239152783
50759,2016-05-21 00:22:06,True,pooled_reference_u,-0.0019352629615758663
50763,2016-05-21 01:36:04,True,pooled_reference_u,-0.017568803397353124
50765,2016-05-21 01:50:04,True,pooled_reference_u,-0.0018312583704739975
50773,2016-05-21 02:20:03,True,pooled_reference_u,0.0023643939299697993
50779,2016-05-21 03:20:06,True,pooled_reference_u,0.0020719412637666707
50790,2016-05-21 07:19:04,True,pooled_reference_u,-0.0009394646616521646
50881,2016-05-21 19:00:04,True,pooled_reference_u,0.0013513347281339971
50875,2016-05-21 19:09:05,True,pooled_reference_u,-0.001994548016452151
50884,2016-05-21 19:37:04,True,pooled_reference_u,0.0003120278576940547
50885,2016-05-21 19:50:05,True,pooled_reference_u,-0.009316618100732005
50888,2016-05-21 20:32:07,True,pooled_reference_u,-0.0008808261828317579
50889,2016-05-21 20:37:07,True,pooled_reference_u,-0.00023102673637688913
50890,2016-05-21 20:43:06,True,pooled_reference_u,-0.005868841936198362
50893,2016-05-21 21:40:05,True,pooled_reference_u,0.0036878986972575314
50895,2016-05-21 22:10:06,True,pooled_reference_u,-0.0003414583106449709
50897,2016-05-21 23:04:06,True,pooled_reference_u,0.00043366680473571093
50901,2016-05-21 23:20:08,True,pooled_reference_u,-0.0003288570501194035
50912,2016-05-22 01:43:09,True,pooled_reference_u,-0.004384164087102932
50915,2016-05-22 02:18:08,True,pooled_reference_u,-0.0026898720659896333
50958,2016-05-22 14:54:05,True,pooled_reference_u,-0.008555299607629983
50964,2016-05-22 15:03:09,True,pooled_reference_u,-0.0027745416214482984
50959,2016-05-22 15:05:10,True,pooled_reference_u,-0.0022366716191417222
50963,2016-05-22 15:06:05,True,pooled_reference_u,-0.005224501945804573
50969,2016-05-22 15:13:07,True,pooled_reference_u,-0.0017969816760825784
50971,2016-05-22 15:20:04,True,pooled_reference_u,0.00012973500287601233
50972,2016-05-22 15:20:04,True,pooled_reference_u,0.0014345984298523226
50977,2016-05-22 17:01:04,True,pooled_reference_u,-0.00036246976838615145
50978,2016-05-22 17:08:04,True,pooled_reference_u,-0.004638590791629468
50983,2016-05-22 17:10:06,True,pooled_reference_u,0.004273385116058938
50979,2016-05-22 17:19:08,True,pooled_reference_u,0.005575780549456694
50998,2016-05-22 19:01:06,True,pooled_reference_u,-0.0001025618623555569
50996,2016-05-22 19:26:04,True,pooled_reference_u,-0.009111873200421622
50999,2016-05-22 20:02:04,True,pooled_reference_u,-0.0005154920395967818
51008,2016-05-22 20:10:09,True,pooled_reference_u,-0.0021742081433706907
51007,2016-05-22 20:59:07,True,pooled_reference_u,0.005394454179396213
51017,2016-05-22 21:52:08,True,pooled_reference_u,-0.0031658377193694532
51019,2016-05-22 22:06:04,True,pooled_reference_u,0.001133844369324153
51023,2016-05-22 22:16:09,True,pooled_reference_u,-0.0012040449542040474
51124,2016-05-23 09:39:05,True,pooled_reference_u,-0.000777009260683914
51129,2016-05-23 09:56:06,True,pooled_reference_u,-0.005503664282599657
51130,2016-05-23 09:56:10,True,pooled_reference_u,0.0004054284963677671
51133,2016-05-23 10:07:08,True,pooled_reference_u,0.002340694781199918
51128,2016-05-23 10:13:05,True,pooled_reference_u,-0.009155068920551228
51134,2016-05-23 10:20:10,True,pooled_reference_u,0.00121447085947839
51136,2016-05-23 10:47:04,True,pooled_reference_u,0.001973884785973934
51140,2016-05-23 11:00:04,True,pooled_reference_u,-0.008852939874955664
51148,2016-05-23 11:00:05,True,pooled_reference_u,-0.005673172541747561
51144,2016-05-23 11:04:09,True,pooled_reference_u,-0.0003048703328069509
51143,2016-05-23 11:17:08,True,pooled_reference_u,0.0011201704927965418
51142,2016-05-23 11:19:04,True,pooled_reference_u,-0.003636461094533387
51141,2016-05-23 11:20:04,True,pooled_reference_u,6.690302962613281e-06
51154,2016-05-23 11:40:08,True,pooled_reference_u,-0.0015391543613053433
51147,2016-05-23 11:56:04,True,pooled_reference_u,-0.0015878132178758653
51151,2016-05-23 12:07:08,True,pooled_reference_u,0.0006803842808164305
51177,2016-05-23 13:00:05,True,pooled_reference_u,-0.00042923736908739445
51165,2016-05-23 13:05:07,True,pooled_reference_u,-0.0012370446030293655
51171,2016-05-23 13:14:09,True,pooled_reference_u,-0.009243769733740012
51182,2016-05-23 13:20:08,True,pooled_reference_u,0.0014907131611074115
51176,2016-05-23 13:32:05,True,pooled_reference_u,0.007287971529434622
51175,2016-05-23 13:39:04,True,pooled_reference_u,-0.006135762807501747
51178,2016-05-23 13:40:05,True,pooled_reference_u,-0.005214981466523171
51191,2016-05-23 13:40:10,True,pooled_reference_u,0.00667254358866096
51190,2016-05-23 13:44:09,True,pooled_reference_u,-0.005709926005579926
51189,2016-05-23 14:08:05,True,pooled_reference_u,-0.0032241502344421934
51188,2016-05-23 14:23:04,True,pooled_reference_u,-0.001526864423381239
51204,2016-05-23 14:40:10,True,pooled_reference_u,-0.0011349501260213967
51200,2016-05-23 14:59:05,True,pooled_reference_u,-0.012453809501355051
51202,2016-05-23 15:06:07,True,pooled_reference_u,-0.0021464237426571165
51201,2016-05-23 15:11:06,True,pooled_reference_u,-0.0026539790672060366
51210,2016-05-23 15:20:11,True,pooled_reference_u,-0.009465408787186661
51203,2016-05-23 15:30:10,True,pooled_reference_u,0.003599940752470915
51214,2016-05-23 15:40:11,True,pooled_reference_u,0.0033166910677222793
51209,2016-05-23 15:47:09,True,pooled_reference_u,-0.002459312675777916
51208,2016-05-23 15:58:06,True,pooled_reference_u,-0.0013126781308173908
51220,2016-05-23 16:00:09,True,pooled_reference_u,-0.006232865394378697
51224,2016-05-23 16:20:04,True,pooled_reference_u,0.000146968411399974
51225,2016-05-23 16:20:07,True,pooled_reference_u,-0.005118781091617137
51226,2016-05-23 16:37:11,True,pooled_reference_u,-0.001986126725333098
51231,2016-05-23 16:40:05,True,pooled_reference_u,0.004921022720526109
51230,2016-05-23 17:03:05,True,pooled_reference_u,0.007020006701353405
51253,2016-05-23 17:21:09,True,pooled_reference_u,-0.002065989639598878
51252,2016-05-23 17:49:08,True,pooled_reference_u,-0.007074549852308766
51363,2016-05-24 04:43:06,True,pooled_reference_u,-0.0008713266742938763
51369,2016-05-24 06:16:07,True,pooled_reference_u,0.0024107745107651117
51377,2016-05-24 06:40:07,True,pooled_reference_u,-0.0055432585348646965
51378,2016-05-24 06:59:08,True,pooled_reference_u,-0.0017347626972308888
51382,2016-05-24 07:00:10,True,pooled_reference_u,-0.01731796656078697
51375,2016-05-24 07:02:04,True,pooled_reference_u,-0.01756822286054061
51383,2016-05-24 07:18:14,True,pooled_reference_u,0.01343731459696157
51376,2016-05-24 07:28:05,True,pooled_reference_u,-0.004299269056806024
51388,2016-05-24 08:15:05,True,pooled_reference_u,-0.006893486321186516
51392,2016-05-24 08:16:06,True,pooled_reference_u,0.000554905220001933
51387,2016-05-24 08:24:04,True,pooled_reference_u,0.0061161162970774785
51389,2016-05-24 08:31:05,True,pooled_reference_u,0.015115770624845336
51397,2016-05-24 08:42:05,True,pooled_reference_u,-0.008887227878290656
51401,2016-05-24 08:49:06,True,pooled_reference_u,0.0003434445967140644
51403,2016-05-24 09:20:06,True,pooled_reference_u,0.0009307722870150829
51410,2016-05-24 10:02:07,True,pooled_reference_u,0.03121510313269688
51404,2016-05-24 10:02:09,True,pooled_reference_u,0.05690237002360517
51408,2016-05-24 10:03:09,True,pooled_reference_u,-0.00027467427467059435
51407,2016-05-24 10:05:09,True,pooled_reference_u,-0.003613088348392038
51402,2016-05-24 10:16:06,True,pooled_reference_u,-0.0010405686724235252
51416,2016-05-24 10:20:07,True,pooled_reference_u,0.010520206958504254
51411,2016-05-24 10:34:09,True,pooled_reference_u,0.005550349688475945
51420,2016-05-24 10:40:06,True,pooled_reference_u,0.014299956960774012
51409,2016-05-24 10:43:05,True,pooled_reference_u,-0.00026015796133015503
51415,2016-05-24 10:59:05,True,pooled_reference_u,0.004162437261158246
51580,2016-05-24 22:03:08,True,pooled_reference_u,-0.012773314057636494
51577,2016-05-24 22:16:06,True,pooled_reference_u,-0.002515284783467697
51585,2016-05-24 23:03:04,True,pooled_reference_u,0.0028800187354358422
51594,2016-05-24 23:20:09,True,pooled_reference_u,0.003593569986891511
51593,2016-05-24 23:44:04,True,pooled_reference_u,-0.005958128875285653
51592,2016-05-24 23:59:04,True,pooled_reference_u,0.0001796038315113463
51596,2016-05-25 00:05:07,True,pooled_reference_u,0.0077887582072754535
51600,2016-05-25 00:38:09,True,pooled_reference_u,0.0014804436996295237
51599,2016-05-25 00:45:08,True,pooled_reference_u,-0.018300962011127856
51608,2016-05-25 01:00:09,True,pooled_reference_u,-0.0003203341529597601
51605,2016-05-25 01:04:07,True,pooled_reference_u,-0.006295286814085345
51613,2016-05-25 02:00:07,True,pooled_reference_u,-0.014671694453835534
51621,2016-05-25 02:40:08,True,pooled_reference_u,0.010953075586909916
51620,2016-05-25 03:17:07,True,pooled_reference_u,-0.00048646187158631087
51623,2016-05-25 03:40:06,True,pooled_reference_u,-0.0007340565967831123
51789,2016-05-25 14:32:07,True,pooled_reference_u,0.005413951948659444
51796,2016-05-25 14:40:06,True,pooled_reference_u,-0.009543776827271538
51788,2016-05-25 14:54:06,True,pooled_reference_u,0.0010828015516742028
51801,2016-05-25 15:00:10,True,pooled_reference_u,0.00022883656565073724
51802,2016-05-25 15:00:10,True,pooled_reference_u,-0.0029587918544081403
51792,2016-05-25 15:04:05,True,pooled_reference_u,-0.002407864986478712
51807,2016-05-25 15:58:05,True,pooled_reference_u,-0.00028951400211100174
51830,2016-05-25 16:40:06,True,pooled_reference_u,0.0012006706147220207
51831,2016-05-25 16:42:09,True,pooled_reference_u,0.002879635911868614
51824,2016-05-25 17:01:10,True,pooled_reference_u,0.0012362510294139277
51838,2016-05-25 17:05:05,True,pooled_reference_u,3.9684335084618915e-05
51846,2016-05-25 17:20:06,True,pooled_reference_u,-0.0025932187988486595
51848,2016-05-25 17:28:11,True,pooled_reference_u,-0.0011570386918801356
51855,2016-05-25 18:25:05,True,pooled_reference_u,0.017675437339443836
51958,2016-05-26 05:42:04,True,pooled_reference_u,0.0007060369541972702
51961,2016-05-26 05:45:04,True,pooled_reference_u,-0.008721432435974074
51969,2016-05-26 06:00:05,True,pooled_reference_u,-0.0029773419027308637
51960,2016-05-26 06:05:07,True,pooled_reference_u,-0.0002500031946948665
51972,2016-05-26 06:20:05,True,pooled_reference_u,0.015759438405902985
51975,2016-05-26 07:22:06,True,pooled_reference_u,-0.004348690797959739
51977,2016-05-26 07:38:04,True,pooled_reference_u,-0.00017529118827505185
51979,2016-05-26 07:40:05,True,pooled_reference_u,0.008044629532695696
51985,2016-05-26 08:00:05,True,pooled_reference_u,0.003453920206687274
51984,2016-05-26 08:16:04,True,pooled_reference_u,0.0019341765674636899
51990,2016-05-26 09:00:04,True,pooled_reference_u,-0.003575483991235454
51991,2016-05-26 09:00:05,True,pooled_reference_u,0.0009553348103138667
51994,2016-05-26 09:00:07,True,pooled_reference_u,0.007119132538577487
51989,2016-05-26 09:14:10,True,pooled_reference_u,-0.00014938283181110463
51998,2016-05-26 09:20:06,True,pooled_reference_u,-3.6538553776575806e-05
52000,2016-05-26 09:29:08,True,pooled_reference_u,-0.011815287088206975
51992,2016-05-26 09:32:05,True,pooled_reference_u,0.0008437014259020395
51999,2016-05-26 09:33:06,True,pooled_reference_u,0.005491992074294523
51996,2016-05-26 09:35:10,True,pooled_reference_u,-0.011720836912244605
51993,2016-05-26 09:44:05,True,pooled_reference_u,-0.0007718696354318391
52160,2016-05-26 21:05:06,True,pooled_reference_u,-0.0033731507915369585
52161,2016-05-26 21:21:10,True,pooled_reference_u,0.0004092779178116872
52159,2016-05-26 21:41:05,True,pooled_reference_u,4.672614054278268e-05
52166,2016-05-26 21:46:09,True,pooled_reference_u,-0.0002476897622916504
52164,2016-05-26 22:06:05,True,pooled_reference_u,0.00026350134502072745
52175,2016-05-26 22:20:06,True,pooled_reference_u,0.0008349606922692047
52183,2016-05-26 23:22:09,True,pooled_reference_u,0.0002447284805732683
52182,2016-05-26 23:26:07,True,pooled_reference_u,0.0019109611745575725
52187,2016-05-27 00:24:04,True,pooled_reference_u,0.006682508091526792
52193,2016-05-27 01:00:05,True,pooled_reference_u,-0.0019731988791337196
52194,2016-05-27 01:00:06,True,pooled_reference_u,-0.006924079441745792
52195,2016-05-27 01:03:10,True,pooled_reference_u,-0.01527935056588775
52310,2016-05-27 12:40:21,True,pooled_reference_u,-0.006010396079142728
52300,2016-05-27 12:46:05,True,pooled_reference_u,-0.005227680370338664
52302,2016-05-27 12:51:07,True,pooled_reference_u,0.001330707270475285
52304,2016-05-27 12:54:10,True,pooled_reference_u,0.005061468483494532
52309,2016-05-27 12:56:15,True,pooled_reference_u,0.0023679006187315027
52303,2016-05-27 13:01:10,True,pooled_reference_u,-0.0015694949945304904
52322,2016-05-27 13:20:11,True,pooled_reference_u,-0.00018095242505336215
52318,2016-05-27 13:26:11,True,pooled_reference_u,0.0011300948510241755
52308,2016-05-27 13:32:15,True,pooled_reference_u,-0.0010831696803275496
52314,2016-05-27 13:36:05,True,pooled_reference_u,-0.00029203500159845873
52321,2016-05-27 13:36:06,True,pooled_reference_u,0.0075097494267329055
52330,2016-05-27 13:40:05,True,pooled_reference_u,-0.001014966730538136
52332,2016-05-27 13:40:12,True,pooled_reference_u,-0.004685755858121686
52333,2016-05-27 13:40:12,True,pooled_reference_u,0.00892364370867911
52317,2016-05-27 13:42:10,True,pooled_reference_u,-1.853638115895431e-05
52316,2016-05-27 13:47:08,True,pooled_reference_u,-0.0019083989454456076
52329,2016-05-27 13:51:05,True,pooled_reference_u,-0.00267012338887069
52341,2016-05-27 14:00:10,True,pooled_reference_u,0.014803405345868496
52320,2016-05-27 14:07:05,True,pooled_reference_u,-0.005082639860392937
52340,2016-05-27 14:20:07,True,pooled_reference_u,-2.7655419558533442e-05
52344,2016-05-27 14:20:07,True,pooled_reference_u,0.0021074116442072613
52347,2016-05-27 14:20:10,True,pooled_reference_u,0.0038678028046988493
52351,2016-05-27 14:40:10,True,pooled_reference_u,0.0003138837915657475
52354,2016-05-27 15:00:10,True,pooled_reference_u,1.954858172832475e-05
52345,2016-05-27 15:15:08,True,pooled_reference_u,0.0009018558687611117
52350,2016-05-27 15:36:06,True,pooled_reference_u,-0.008838757575511447
52357,2016-05-27 15:58:14,True,pooled_reference_u,0.001001765464770958
52360,2016-05-27 16:04:08,True,pooled_reference_u,-0.022606974356563274
52466,2016-05-28 04:43:07,True,pooled_reference_u,0.0007200559855530531
52472,2016-05-28 06:11:07,True,pooled_reference_u,-0.007380562786992049
52484,2016-05-28 07:00:05,True,pooled_reference_u,-0.000840721511922108
52480,2016-05-28 07:07:05,True,pooled_reference_u,-0.007541162669608123
52483,2016-05-28 07:37:05,True,pooled_reference_u,-0.031241538692886248
52540,2016-05-28 22:08:06,True,pooled_reference_u,0.009879164088145764
52544,2016-05-28 23:00:08,True,pooled_reference_u,-0.0005354177152332006
52541,2016-05-28 23:01:05,True,pooled_reference_u,-0.003715709693942885
52546,2016-05-28 23:20:05,True,pooled_reference_u,-0.00017234291484663063
52549,2016-05-29 00:13:09,True,pooled_reference_u,0.0072553137761317
52550,2016-05-29 00:35:05,True,pooled_reference_u,-0.0017547782999148066
52551,2016-05-29 01:09:12,True,pooled_reference_u,-0.023820534281846863
52555,2016-05-29 01:21:06,True,pooled_reference_u,-0.002094900674459727
52558,2016-05-29 01:58:08,True,pooled_reference_u,-1.2573329359754154e-05
52557,2016-05-29 02:25:05,True,pooled_reference_u,-0.0005705488440082104
52561,2016-05-29 03:11:06,True,pooled_reference_u,3.4150497738828604e-05
52565,2016-05-29 03:20:09,True,pooled_reference_u,0.005067127816991385
52627,2016-05-29 16:26:05,True,pooled_reference_u,-0.005495108677601176
52636,2016-05-29 16:40:05,True,pooled_reference_u,-0.00013560744720790552
52641,2016-05-29 17:00:07,True,pooled_reference_u,-6.278879581680632e-05
52642,2016-05-29 17:00:09,True,pooled_reference_u,0.0009168070047740138
52632,2016-05-29 17:04:05,True,pooled_reference_u,0.0031715886778206706
52645,2016-05-29 17:20:07,True,pooled_reference_u,-0.002921494653245326
52653,2016-05-29 18:02:07,True,pooled_reference_u,-9.553107234657262e-06
52650,2016-05-29 18:08:05,True,pooled_reference_u,0.0015957344187985095
52659,2016-05-29 18:20:10,True,pooled_reference_u,0.006385738000931847
52651,2016-05-29 18:29:05,True,pooled_reference_u,0.011775302108254497
52655,2016-05-29 18:31:05,True,pooled_reference_u,0.00042170944354190273
52661,2016-05-29 19:25:05,True,pooled_reference_u,0.00904604799762161
52664,2016-05-29 19:59:06,True,pooled_reference_u,0.0004686428270825631
52667,2016-05-29 20:00:11,True,pooled_reference_u,-0.006164051354393709
52663,2016-05-29 20:01:05,True,pooled_reference_u,0.00427516206375125
52675,2016-05-29 22:00:09,True,pooled_reference_u,-0.0019186769965956441
52673,2016-05-29 22:16:10,True,pooled_reference_u,0.008160095256814808
52674,2016-05-29 22:46:06,True,pooled_reference_u,-0.0032324789925766463
52785,2016-05-30 10:02:08,True,pooled_reference_u,-0.01141764913322005
52783,2016-05-30 10:11:06,True,pooled_reference_u,-0.015139442202471005
52784,2016-05-30 10:11:07,True,pooled_reference_u,-0.005330925688151527
52782,2016-05-30 10:16:06,True,pooled_reference_u,-0.0018674067213888205
52789,2016-05-30 10:20:07,True,pooled_reference_u,0.01166511588322169
52787,2016-05-30 10:23:06,True,pooled_reference_u,0.0005967808939159845
52791,2016-05-30 10:23:08,True,pooled_reference_u,0.00954274837200925
52795,2016-05-30 10:40:06,True,pooled_reference_u,-0.0018916765554841473
52794,2016-05-30 10:41:05,True,pooled_reference_u,-0.008649008471559057
52797,2016-05-30 11:00:05,True,pooled_reference_u,0.0003345244849664482
52790,2016-05-30 11:08:07,True,pooled_reference_u,-0.005831692505590749
52800,2016-05-30 11:20:09,True,pooled_reference_u,0.007952616608403094
52796,2016-05-30 11:23:07,True,pooled_reference_u,-0.0025699656893400195
52798,2016-05-30 11:42:07,True,pooled_reference_u,0.0021040363158941477
52804,2016-05-30 12:08:06,True,pooled_reference_u,-0.0005842842284441173
52805,2016-05-30 12:22:08,True,pooled_reference_u,0.0025560277281585497
52809,2016-05-30 12:41:08,True,pooled_reference_u,-0.006473420716688577
52815,2016-05-30 12:49:06,True,pooled_reference_u,0.0023416977735710685
52817,2016-05-30 12:56:07,True,pooled_reference_u,-0.005071427702754186
52813,2016-05-30 13:00:05,True,pooled_reference_u,-0.0002819716367140376
52820,2016-05-30 13:09:09,True,pooled_reference_u,-0.004825035356160706
52822,2016-05-30 13:20:08,True,pooled_reference_u,-0.010366853036860699
52828,2016-05-30 13:45:10,True,pooled_reference_u,0.012599316043641872
52832,2016-05-30 14:00:08,True,pooled_reference_u,-0.0008652485472035576
52826,2016-05-30 14:01:08,True,pooled_reference_u,0.010353986783028138
52827,2016-05-30 14:03:10,True,pooled_reference_u,0.0009520534644756199
52825,2016-05-30 14:17:06,True,pooled_reference_u,0.0009896669360568607
52833,2016-05-30 14:39:08,True,pooled_reference_u,-0.0036560847953664094
52838,2016-05-30 14:45:06,True,pooled_reference_u,0.0010174270485883304
52846,2016-05-30 15:00:09,True,pooled_reference_u,-0.004025078309248824
52847,2016-05-30 15:00:11,True,pooled_reference_u,0.013146713174794404
52848,2016-05-30 15:00:11,True,pooled_reference_u,0.002406723531180795
52839,2016-05-30 15:04:07,True,pooled_reference_u,-0.0007849873741103911
52840,2016-05-30 15:08:09,True,pooled_reference_u,-0.0030062471499633925
52845,2016-05-30 15:13:05,True,pooled_reference_u,-0.012735854869272655
52843,2016-05-30 15:17:06,True,pooled_reference_u,-0.006592634174803271
52841,2016-05-30 15:17:10,True,pooled_reference_u,-0.01296714390853762
52860,2016-05-30 15:42:07,True,pooled_reference_u,-0.006336064145808486
52854,2016-05-30 15:43:09,True,pooled_reference_u,-0.0012398470011506391
52856,2016-05-30 16:01:05,True,pooled_reference_u,-0.018639729173194217
52864,2016-05-30 16:20:06,True,pooled_reference_u,-0.001542306381003865
52865,2016-05-30 16:20:11,True,pooled_reference_u,-0.012955292729398448
52875,2016-05-30 17:00:06,True,pooled_reference_u,0.001963910226215605
52876,2016-05-30 17:14:07,True,pooled_reference_u,-0.0021513326111385215
52885,2016-05-30 17:20:05,True,pooled_reference_u,-0.0011179773858981668
52874,2016-05-30 17:32:05,True,pooled_reference_u,0.0012308971568191981
52878,2016-05-30 17:32:11,True,pooled_reference_u,-0.004252085254493561
52883,2016-05-30 17:37:05,True,pooled_reference_u,0.0036091375071864006
52889,2016-05-30 18:20:06,True,pooled_reference_u,-0.003623029875046941
52905,2016-05-30 18:40:08,True,pooled_reference_u,0.0013289824458584893
52906,2016-05-30 18:40:08,True,pooled_reference_u,-0.012769990148637105
52899,2016-05-30 19:14:09,True,pooled_reference_u,-0.0009743275333232958
53023,2016-05-31 06:32:06,True,pooled_reference_u,-0.020403549287993886
53019,2016-05-31 06:32:07,True,pooled_reference_u,-0.011002174735359926
53026,2016-05-31 06:38:07,True,pooled_reference_u,0.002459639232088962
53030,2016-05-31 06:40:05,True,pooled_reference_u,-0.006918247135327585
53031,2016-05-31 06:40:06,True,pooled_reference_u,-0.01597446009134348
53033,2016-05-31 07:20:07,True,pooled_reference_u,0.007545924206581163
53038,2016-05-31 07:40:05,True,pooled_reference_u,0.009589384177434851
53034,2016-05-31 07:41:08,True,pooled_reference_u,0.0005020019855402618
53041,2016-05-31 08:01:08,True,pooled_reference_u,-0.006768270703883635
53039,2016-05-31 08:05:06,True,pooled_reference_u,0.0038331633869948395
53049,2016-05-31 08:41:20,True,pooled_reference_u,0.0008806883565154362
53043,2016-05-31 08:51:06,True,pooled_reference_u,-0.005893341227105937
53058,2016-05-31 09:40:07,True,pooled_reference_u,-0.003321713856289144
53052,2016-05-31 09:49:09,True,pooled_reference_u,0.008763974247927644
53055,2016-05-31 10:05:10,True,pooled_reference_u,-0.0019554271879389383
53065,2016-05-31 10:23:06,True,pooled_reference_u,0.00476538105797894
53071,2016-05-31 10:34:08,True,pooled_reference_u,0.001137997907576905
53070,2016-05-31 10:38:07,True,pooled_reference_u,0.006441700568191629
53077,2016-05-31 10:40:10,True,pooled_reference_u,-0.0003431810472475755
53080,2016-05-31 11:00:05,True,pooled_reference_u,0.02505136024384058
53081,2016-05-31 11:00:05,True,pooled_reference_u,-0.001664115708473046
53082,2016-05-31 11:00:09,True,pooled_reference_u,0.002088014124296387
53279,2016-05-31 23:40:10,True,pooled_reference_u,-4.6080436416108105e-05
53274,2016-06-01 00:00:08,True,pooled_reference_u,0.0013221826328558995
53275,2016-06-01 00:00:10,True,pooled_reference_u,0.032729037605292305
53285,2016-06-01 00:20:06,True,pooled_reference_u,0.0020667211600572696
53277,2016-06-01 00:21:07,True,pooled_reference_u,0.0009861765415885224
53301,2016-06-01 01:00:07,True,pooled_reference_u,-1.8345364805423013e-05
53304,2016-06-01 01:20:10,True,pooled_reference_u,-0.0029195644116969503
53293,2016-06-01 01:31:09,True,pooled_reference_u,0.006696023084813618
53308,2016-06-01 01:40:07,True,pooled_reference_u,-0.0005984471133168779
53313,2016-06-01 02:00:06,True,pooled_reference_u,-0.014716342937269637
53307,2016-06-01 02:31:07,True,pooled_reference_u,-0.004886377551804437
53309,2016-06-01 02:38:09,True,pooled_reference_u,-0.000907493504205728
53314,2016-06-01 02:52:08,True,pooled_reference_u,0.0027515674219067182
53317,2016-06-01 02:57:07,True,pooled_reference_u,-0.003572868103052053
53322,2016-06-01 03:02:16,True,pooled_reference_u,-0.00019736900035418562
53316,2016-06-01 03:08:06,True,pooled_reference_u,-0.010840980151123818
53333,2016-06-01 03:25:06,True,pooled_reference_u,0.003751710741149086
53329,2016-06-01 03:26:08,True,pooled_reference_u,0.0032663584780720915
53328,2016-06-01 03:39:07,True,pooled_reference_u,-0.0029494687813601543
53332,2016-06-01 04:04:05,True,pooled_reference_u,-0.0002672896314809517
53337,2016-06-01 04:12:06,True,pooled_reference_u,0.009757376407753694
53688,2016-06-02 05:31:06,True,pooled_reference_u,-0.004192347796597447
53690,2016-06-02 06:09:09,True,pooled_reference_u,-0.0011584879397579743
53699,2016-06-02 06:53:11,True,pooled_reference_u,-0.0021407359965365403
53710,2016-06-02 08:00:06,True,pooled_reference_u,0.0028424381989196855
53720,2016-06-02 09:00:07,True,pooled_reference_u,0.0022181623855801087
53721,2016-06-02 09:10:07,True,pooled_reference_u,0.0023317069230861763
53875,2016-06-02 22:08:08,True,pooled_reference_u,0.0004150476579546611
53878,2016-06-02 22:40:08,True,pooled_reference_u,-0.00043914054640525543
53879,2016-06-02 22:40:09,True,pooled_reference_u,0.000867588897470161
53876,2016-06-02 22:58:06,True,pooled_reference_u,0.00116231919488851
53880,2016-06-02 23:00:07,True,pooled_reference_u,0.0031991470370921933
53887,2016-06-02 23:40:08,True,pooled_reference_u,0.0023877466826827
53886,2016-06-02 23:45:06,True,pooled_reference_u,0.06659479862075662
53884,2016-06-02 23:55:06,True,pooled_reference_u,-0.00032185601468410737
54009,2016-06-03 12:00:06,True,pooled_reference_u,-0.006544742534209247
54013,2016-06-03 12:20:07,True,pooled_reference_u,-0.005959204380586787
54003,2016-06-03 12:23:07,True,pooled_reference_u,0.006450566733651717
54019,2016-06-03 13:00:07,True,pooled_reference_u,-0.0017996196760193157
54016,2016-06-03 13:12:08,True,pooled_reference_u,0.002520478187160946
54018,2016-06-03 13:41:06,True,pooled_reference_u,-0.011973289091869222
54029,2016-06-03 13:44:09,True,pooled_reference_u,-0.0013931637561333684
54026,2016-06-03 13:45:07,True,pooled_reference_u,0.0014620330854711787
54028,2016-06-03 13:56:09,True,pooled_reference_u,0.004158602107228101
54032,2016-06-03 14:06:06,True,pooled_reference_u,0.0020866926160509197
54040,2016-06-03 14:20:06,True,pooled_reference_u,3.848986036921316e-05
54033,2016-06-03 14:39:08,True,pooled_reference_u,-0.00036823870287231385
54041,2016-06-03 14:47:08,True,pooled_reference_u,0.013545233827459513
54051,2016-06-03 15:00:12,True,pooled_reference_u,-0.0030636725737893736
54049,2016-06-03 15:06:06,True,pooled_reference_u,-0.0005155408085256723
54047,2016-06-03 15:10:08,True,pooled_reference_u,-0.002706046388624833
54046,2016-06-03 15:16:07,True,pooled_reference_u,0.002035885702871784
54050,2016-06-03 15:36:06,True,pooled_reference_u,-0.011891387729609623
54189,2016-06-04 03:05:07,True,pooled_reference_u,0.0009228800983770965
54190,2016-06-04 03:22:11,True,pooled_reference_u,0.003764898236779301
54196,2016-06-04 05:07:24,True,pooled_reference_u,-0.0009392688184137292
54199,2016-06-04 06:14:11,True,pooled_reference_u,1.0760615346260341e-05
54201,2016-06-04 06:54:09,True,pooled_reference_u,-0.008999968307040342
54204,2016-06-04 08:15:10,True,pooled_reference_u,-8.141407142972042e-05
54266,2016-06-04 19:44:09,True,pooled_reference_u,0.006776717483179106
54276,2016-06-04 22:00:09,True,pooled_reference_u,0.001753576060484989
54273,2016-06-04 22:09:06,True,pooled_reference_u,-0.01142833449255272
54274,2016-06-04 22:17:06,True,pooled_reference_u,-0.0009818819226019085
54279,2016-06-04 23:03:11,True,pooled_reference_u,-0.011157002086528495
54278,2016-06-04 23:06:11,True,pooled_reference_u,-0.0009571724965966649
54285,2016-06-04 23:40:07,True,pooled_reference_u,-0.006052400432709477
54282,2016-06-04 23:45:06,True,pooled_reference_u,-0.0025469086867664047
54283,2016-06-05 00:01:09,True,pooled_reference_u,0.00019112584738332445
54286,2016-06-05 00:35:06,True,pooled_reference_u,-0.0017576553412729677
54289,2016-06-05 01:00:08,True,pooled_reference_u,0.0011367092349038885
54345,2016-06-05 13:01:10,True,pooled_reference_u,-0.002362866695313529
54344,2016-06-05 13:01:11,True,pooled_reference_u,-0.004458292860033159
54350,2016-06-05 14:16:06,True,pooled_reference_u,-0.01549592156276305
54349,2016-06-05 14:34:06,True,pooled_reference_u,0.0004657008010946987
54352,2016-06-05 14:34:10,True,pooled_reference_u,-0.0006108797144003064
54354,2016-06-05 15:20:06,True,pooled_reference_u,-0.0030113259441818425
54364,2016-06-05 15:40:07,True,pooled_reference_u,0.010640002573931606
54365,2016-06-05 16:18:13,True,pooled_reference_u,-0.01830606857528315
54373,2016-06-05 16:52:12,True,pooled_reference_u,-0.0014639464154583958
54369,2016-06-05 17:03:06,True,pooled_reference_u,0.0012994159166316085
54371,2016-06-05 17:06:10,True,pooled_reference_u,-0.006696011632855927
54376,2016-06-05 17:38:09,True,pooled_reference_u,-0.0005905835732790167
54381,2016-06-05 17:40:07,True,pooled_reference_u,0.00946455490717675
54380,2016-06-05 17:55:06,True,pooled_reference_u,-0.0110271897126328
54383,2016-06-05 18:00:07,True,pooled_reference_u,0.008409349298456813
54379,2016-06-05 18:02:06,True,pooled_reference_u,0.011607761924828167
54378,2016-06-05 18:05:06,True,pooled_reference_u,0.00031983163276354563
54386,2016-06-05 18:20:12,True,pooled_reference_u,-0.00635800102606986
54382,2016-06-05 18:35:07,True,pooled_reference_u,-0.005603832453171441
54391,2016-06-05 19:10:11,True,pooled_reference_u,0.0013252051720083011
54390,2016-06-05 19:19:07,True,pooled_reference_u,0.0014661440562671103
54394,2016-06-05 19:34:08,True,pooled_reference_u,0.00023094161447589115
54396,2016-06-05 20:02:06,True,pooled_reference_u,-0.0012528381297265286
54485,2016-06-06 07:01:06,True,pooled_reference_u,0.01286418303933783
54493,2016-06-06 08:40:07,True,pooled_reference_u,-0.0014488351013442965
54497,2016-06-06 09:00:07,True,pooled_reference_u,0.003562089412427176
54500,2016-06-06 09:20:06,True,pooled_reference_u,-0.0028716310514487094
54507,2016-06-06 10:03:12,True,pooled_reference_u,0.00016190094762072205
54504,2016-06-06 10:16:06,True,pooled_reference_u,0.029172907987466537
54519,2016-06-06 10:40:09,True,pooled_reference_u,0.0006186670050129307
54512,2016-06-06 10:55:07,True,pooled_reference_u,-0.003090068579385321
54523,2016-06-06 11:00:06,True,pooled_reference_u,-0.0003583918597441123
54524,2016-06-06 11:00:07,True,pooled_reference_u,0.01049892674627216
54525,2016-06-06 11:01:07,True,pooled_reference_u,0.015368739993930234
54513,2016-06-06 11:02:09,True,pooled_reference_u,-0.007864656558979062
54518,2016-06-06 11:26:07,True,pooled_reference_u,-0.0034693963035955875
54522,2016-06-06 11:28:06,True,pooled_reference_u,0.0071031542480466045
54529,2016-06-06 11:32:07,True,pooled_reference_u,-0.006387529679574882
54531,2016-06-06 11:32:08,True,pooled_reference_u,0.0016855435781046998
54530,2016-06-06 11:42:07,True,pooled_reference_u,0.00019382481898701665
54537,2016-06-06 11:45:08,True,pooled_reference_u,-0.0014771986806283717
54539,2016-06-06 12:00:07,True,pooled_reference_u,-0.0026735481126296517
54536,2016-06-06 12:10:07,True,pooled_reference_u,0.00038059011784034175
54532,2016-06-06 12:17:09,True,pooled_reference_u,0.0029013209947022223
54549,2016-06-06 12:20:12,True,pooled_reference_u,-0.020079551075376297
54543,2016-06-06 12:31:09,True,pooled_reference_u,0.0028637712383071797
54545,2016-06-06 12:32:11,True,pooled_reference_u,-0.004531940439909614
54542,2016-06-06 12:42:08,True,pooled_reference_u,-0.0064607994153601175
54552,2016-06-06 12:53:08,True,pooled_reference_u,0.005505715148422024
54558,2016-06-06 13:00:08,True,pooled_reference_u,-1.316365129658617e-06
54548,2016-06-06 13:05:08,True,pooled_reference_u,-0.00738364697695572
54547,2016-06-06 13:08:08,True,pooled_reference_u,-0.001157381259461441
54565,2016-06-06 13:20:07,True,pooled_reference_u,-9.952485717656598e-05
54553,2016-06-06 13:36:08,True,pooled_reference_u,0.004202669533284086
54572,2016-06-06 13:40:11,True,pooled_reference_u,0.00601229499975057
54564,2016-06-06 13:54:06,True,pooled_reference_u,-0.0038534025559724613
54577,2016-06-06 14:32:11,True,pooled_reference_u,0.006541402734041139
54581,2016-06-06 14:59:07,True,pooled_reference_u,-0.007302120768198445
54582,2016-06-06 15:04:11,True,pooled_reference_u,-0.010472853937213403
54590,2016-06-06 15:15:08,True,pooled_reference_u,-0.006740188493896586
54596,2016-06-06 15:23:07,True,pooled_reference_u,-0.005283213218844941
54597,2016-06-06 15:38:07,True,pooled_reference_u,-0.0005614029765135696
54598,2016-06-06 15:38:08,True,pooled_reference_u,-0.002027289542862809
54599,2016-06-06 15:40:09,True,pooled_reference_u,-0.00504966292345159
54612,2016-06-06 16:00:10,True,pooled_reference_u,0.012742592959593388
54604,2016-06-06 16:00:23,True,pooled_reference_u,-0.003187747882653624
54609,2016-06-06 16:10:12,True,pooled_reference_u,0.004016363199189549
54608,2016-06-06 16:16:10,True,pooled_reference_u,0.008665060214195063
54606,2016-06-06 16:37:08,True,pooled_reference_u,0.004426039046337609
54618,2016-06-06 16:43:06,True,pooled_reference_u,-0.00495994205813962
54620,2016-06-06 16:59:07,True,pooled_reference_u,5.574224351580934e-06
54619,2016-06-06 17:02:07,True,pooled_reference_u,-0.002045881440170802
54754,2016-06-07 05:26:22,True,pooled_reference_u,-0.002343887967269925
54761,2016-06-07 06:20:06,True,pooled_reference_u,-0.004238136815124615
54762,2016-06-07 06:26:07,True,pooled_reference_u,-0.002692139925328834
54772,2016-06-07 07:00:08,True,pooled_reference_u,0.002188783242715893
54778,2016-06-07 07:41:11,True,pooled_reference_u,0.008012633069565149
54777,2016-06-07 07:53:09,True,pooled_reference_u,0.0013384215460874975
54774,2016-06-07 07:58:07,True,pooled_reference_u,0.000738573346085785
54775,2016-06-07 08:03:08,True,pooled_reference_u,0.00022086451082161881
54785,2016-06-07 09:08:09,True,pooled_reference_u,-0.0068498698628515695
54792,2016-06-07 09:36:08,True,pooled_reference_u,-0.0073784034804533945
54793,2016-06-07 09:45:10,True,pooled_reference_u,0.0023844380725032456
54794,2016-06-07 10:02:12,True,pooled_reference_u,0.006018281662252524
54790,2016-06-07 10:17:06,True,pooled_reference_u,0.006171526774102149
54798,2016-06-07 10:18:08,True,pooled_reference_u,-0.000786105196265739
54924,2016-06-07 21:01:06,True,pooled_reference_u,-0.003955682512914161
54933,2016-06-07 21:20:12,True,pooled_reference_u,0.0016853449693843385
54932,2016-06-07 22:06:08,True,pooled_reference_u,-0.003185155256544445
54939,2016-06-07 22:27:12,True,pooled_reference_u,0.0036319683435546935
54949,2016-06-07 22:50:14,True,pooled_reference_u,0.007393466740312275
55212,2016-06-08 21:46:08,True,pooled_reference_u,-0.00023537296765815258
55225,2016-06-08 22:04:13,True,pooled_reference_u,-0.004406623299788706
55227,2016-06-08 22:20:07,True,pooled_reference_u,0.00045193001736431844
55232,2016-06-08 22:45:09,True,pooled_reference_u,0.0005056740220002031
55231,2016-06-08 23:31:07,True,pooled_reference_u,0.004483668383223539
55234,2016-06-08 23:40:07,True,pooled_reference_u,0.0077085253384256616
55236,2016-06-08 23:50:11,True,pooled_reference_u,0.0011242379949464448
55235,2016-06-08 23:59:10,True,pooled_reference_u,0.0030005315725255433
55238,2016-06-09 00:20:06,True,pooled_reference_u,0.00826538518697444
55241,2016-06-09 00:20:07,True,pooled_reference_u,0.018340436916135756
55242,2016-06-09 00:20:07,True,pooled_reference_u,0.020206525002587388
55245,2016-06-09 00:40:07,True,pooled_reference_u,-0.007257465871360093
55239,2016-06-09 00:47:09,True,pooled_reference_u,-3.3457810184454005e-05
55251,2016-06-09 01:00:09,True,pooled_reference_u,-0.0015774421101982274
55250,2016-06-09 01:41:07,True,pooled_reference_u,0.01810011415896467
55255,2016-06-09 02:28:10,True,pooled_reference_u,0.006648807543146829
55253,2016-06-09 02:35:09,True,pooled_reference_u,0.007279451179721907
55661,2016-06-10 19:40:07,True,pooled_reference_u,-0.002472374061499305
55663,2016-06-10 19:49:12,True,pooled_reference_u,0.009729198517212476
55659,2016-06-10 20:13:07,True,pooled_reference_u,-0.017504991432792244
57577,2016-06-18 21:15:03,True,pooled_reference_u,0.00015056964221044902
57588,2016-06-18 21:40:03,True,pooled_reference_u,-0.01416705228468923
57585,2016-06-18 22:13:10,True,pooled_reference_u,-0.013446151184676257
57591,2016-06-18 22:40:03,True,pooled_reference_u,0.0029191098848868613
57592,2016-06-18 22:40:07,True,pooled_reference_u,-0.00516318536458691
57612,2016-06-19 05:32:04,True,pooled_reference_u,-2.5233764529679416e-05
57629,2016-06-19 07:05:04,True,pooled_reference_u,-0.004026240588455771
57624,2016-06-19 07:20:03,True,pooled_reference_u,0.007449122244938797
57625,2016-06-19 07:24:04,True,pooled_reference_u,0.002651987293774469
57635,2016-06-19 07:52:03,True,pooled_reference_u,0.004474943499885498
57641,2016-06-19 08:20:08,True,pooled_reference_u,2.8765045231202505e-05
57640,2016-06-19 09:04:06,True,pooled_reference_u,0.008459924930897214
57638,2016-06-19 09:13:03,True,pooled_reference_u,-0.0001285762570305789
57645,2016-06-19 09:16:03,True,pooled_reference_u,-0.006501514746890915
57659,2016-06-19 10:40:13,True,pooled_reference_u,0.005719197589141053
57664,2016-06-19 11:00:04,True,pooled_reference_u,-0.0011473939227151925
57660,2016-06-19 11:06:13,True,pooled_reference_u,-0.0113544509443332
57665,2016-06-19 11:31:06,True,pooled_reference_u,-0.006463410646928926
57668,2016-06-19 11:40:03,True,pooled_reference_u,0.04794343131198481
57672,2016-06-19 12:00:07,True,pooled_reference_u,-0.010452508227637474
57708,2016-06-19 20:36:03,True,pooled_reference_u,0.020791552240797706
57719,2016-06-19 22:02:03,True,pooled_reference_u,0.017552978929878088
57721,2016-06-19 22:11:07,True,pooled_reference_u,-0.004929969258753462
57723,2016-06-19 22:36:03,True,pooled_reference_u,0.00019856617260459073
57725,2016-06-19 22:44:14,True,pooled_reference_u,0.013524724238908187
57726,2016-06-19 22:55:15,True,pooled_reference_u,0.0001463534791292866
57727,2016-06-19 22:56:04,True,pooled_reference_u,-0.009201620821924491
57730,2016-06-19 23:03:03,True,pooled_reference_u,0.01478317437708513
57737,2016-06-19 23:20:06,True,pooled_reference_u,-0.008293290851715419
57735,2016-06-20 00:03:03,True,pooled_reference_u,-0.005779499200336154
57738,2016-06-20 00:05:03,True,pooled_reference_u,-0.012884077978471194
57744,2016-06-20 00:40:03,True,pooled_reference_u,-0.005663462457591008
57739,2016-06-20 00:49:05,True,pooled_reference_u,-0.009628382627327098
57743,2016-06-20 01:17:03,True,pooled_reference_u,0.04967534557910745
57747,2016-06-20 01:17:03,True,pooled_reference_u,0.0011089065266675358
57749,2016-06-20 01:20:06,True,pooled_reference_u,-0.01820014685507531
57751,2016-06-20 01:40:04,True,pooled_reference_u,-0.009941321715302064
57752,2016-06-20 01:40:05,True,pooled_reference_u,0.004260355288928139
57755,2016-06-20 02:42:06,True,pooled_reference_u,0.004370628021144865
57758,2016-06-20 03:40:04,True,pooled_reference_u,-1.1642793743679367e-06
57761,2016-06-20 03:40:07,True,pooled_reference_u,-0.00839767186910004
57759,2016-06-20 03:56:04,True,pooled_reference_u,0.0050200402484203155
57766,2016-06-20 04:42:07,True,pooled_reference_u,-0.00048460449969916944
57770,2016-06-20 05:34:04,True,pooled_reference_u,0.00326842089092445
57778,2016-06-20 06:35:04,True,pooled_reference_u,0.003868311337456687
57791,2016-06-20 07:20:04,True,pooled_reference_u,0.007105863877103987
57784,2016-06-20 07:35:09,True,pooled_reference_u,0.001632620444115072
57785,2016-06-20 07:46:04,True,pooled_reference_u,5.6958310823464046e-05
57794,2016-06-20 08:01:05,True,pooled_reference_u,0.0011755168035381893
57798,2016-06-20 08:22:04,True,pooled_reference_u,-0.008149006302505365
57793,2016-06-20 08:25:04,True,pooled_reference_u,-0.0011589076637633774
57799,2016-06-20 08:29:04,True,pooled_reference_u,0.02515321243464394
57800,2016-06-20 08:33:06,True,pooled_reference_u,-0.0016660140117484498
57820,2016-06-20 10:00:09,True,pooled_reference_u,-0.010058390697413964
57811,2016-06-20 10:06:05,True,pooled_reference_u,-0.0035267100831936557
57809,2016-06-20 10:09:03,True,pooled_reference_u,-0.00034489378685506264
57818,2016-06-20 10:19:03,True,pooled_reference_u,0.0004493758964110098
57829,2016-06-20 10:40:10,True,pooled_reference_u,0.00358887399509154
57830,2016-06-20 10:40:10,True,pooled_reference_u,-0.0008517471417950032
57822,2016-06-20 10:58:04,True,pooled_reference_u,0.01279410084019069
57824,2016-06-20 11:03:07,True,pooled_reference_u,0.0031990938281633227
57827,2016-06-20 11:04:05,True,pooled_reference_u,0.005226844775645563
57838,2016-06-20 11:20:04,True,pooled_reference_u,-0.0038522007906975075
57834,2016-06-20 11:21:06,True,pooled_reference_u,0.0008784622296162739
57845,2016-06-20 12:07:04,True,pooled_reference_u,0.00013881613344926503
57848,2016-06-20 12:10:04,True,pooled_reference_u,0.00033831202083218354
57855,2016-06-20 12:20:10,True,pooled_reference_u,0.003496400914490879
57858,2016-06-20 13:07:03,True,pooled_reference_u,0.002026051686890809
57854,2016-06-20 13:08:06,True,pooled_reference_u,0.00033470853199557213
57859,2016-06-20 13:19:06,True,pooled_reference_u,0.006784411860261651
57864,2016-06-20 13:33:06,True,pooled_reference_u,-0.0015180151578373536
57875,2016-06-20 14:00:11,True,pooled_reference_u,0.014062556782512971
57873,2016-06-20 14:20:04,True,pooled_reference_u,0.0011447459496684922
57879,2016-06-20 14:20:07,True,pooled_reference_u,-0.00019090742086914567
57870,2016-06-20 14:30:05,True,pooled_reference_u,0.0007767779226432884
57869,2016-06-20 14:38:05,True,pooled_reference_u,-0.007385051301194757
57878,2016-06-20 14:45:06,True,pooled_reference_u,0.011780116059910417
57874,2016-06-20 14:49:06,True,pooled_reference_u,0.015751084313375123
57877,2016-06-20 15:17:05,True,pooled_reference_u,-0.00403817949348334
57883,2016-06-20 15:34:05,True,pooled_reference_u,-0.0037290472743179703
57894,2016-06-20 15:50:03,True,pooled_reference_u,-0.005934755020650587
57889,2016-06-20 15:59:03,True,pooled_reference_u,-0.008520305536530213
57902,2016-06-20 16:02:09,True,pooled_reference_u,-0.004772311816729442
57923,2016-06-20 17:17:07,True,pooled_reference_u,0.0014249972324481934
57920,2016-06-20 17:32:04,True,pooled_reference_u,0.011765125259208767
57930,2016-06-20 17:32:08,True,pooled_reference_u,-0.005382358739800877
57929,2016-06-20 17:52:04,True,pooled_reference_u,-0.0013390577151664758
57936,2016-06-20 18:00:05,True,pooled_reference_u,-0.0005557148000012099
57949,2016-06-20 18:43:04,True,pooled_reference_u,-0.004670025249062994
57970,2016-06-20 20:00:08,True,pooled_reference_u,0.014275297603423519
57960,2016-06-20 20:01:06,True,pooled_reference_u,-0.003778009085162258
46414,2016-05-01 00:40:15,True,pooled_reference_betting,0.0
46420,2016-05-01 01:40:16,True,pooled_reference_betting,0.0
46425,2016-05-01 02:20:20,True,pooled_reference_betting,0.0
46426,2016-05-01 02:20:20,True,pooled_reference_betting,0.0
46428,2016-05-01 02:40:14,True,pooled_reference_betting,0.0
46435,2016-05-01 04:57:15,True,pooled_reference_betting,0.0
46434,2016-05-01 05:06:20,True,pooled_reference_betting,0.0
46437,2016-05-01 05:38:29,True,pooled_reference_betting,0.0
46444,2016-05-01 06:00:16,True,pooled_reference_betting,0.0
46446,2016-05-01 06:00:20,True,pooled_reference_betting,0.0
46440,2016-05-01 06:05:19,True,pooled_reference_betting,0.0
46445,2016-05-01 06:11:19,True,pooled_reference_betting,0.0
46454,2016-05-01 07:00:14,True,pooled_reference_betting,0.0
46455,2016-05-01 07:02:16,True,pooled_reference_betting,0.0
46451,2016-05-01 07:06:17,True,pooled_reference_betting,0.0
46531,2016-05-01 18:40:14,True,pooled_reference_betting,0.0
46534,2016-05-01 18:40:14,True,pooled_reference_betting,0.0
46536,2016-05-01 19:16:18,True,pooled_reference_betting,0.0
46535,2016-05-01 19:24:16,True,pooled_reference_betting,0.0
46544,2016-05-01 20:16:14,True,pooled_reference_betting,0.0
46548,2016-05-01 20:42:16,True,pooled_reference_betting,0.0
46554,2016-05-01 21:00:21,True,pooled_reference_betting,0.0
46553,2016-05-01 21:06:17,True,pooled_reference_betting,0.0
46549,2016-05-01 21:14:22,True,pooled_reference_betting,0.0
46552,2016-05-01 21:40:14,True,pooled_reference_betting,0.0
46559,2016-05-01 21:40:15,True,pooled_reference_betting,0.0
46555,2016-05-01 21:51:16,True,pooled_reference_betting,0.0
46563,2016-05-01 22:00:15,True,pooled_reference_betting,0.0
46560,2016-05-01 22:03:17,True,pooled_reference_betting,0.0
46561,2016-05-01 22:03:18,True,pooled_reference_betting,0.0
46564,2016-05-01 22:58:16,True,pooled_reference_betting,0.0
46574,2016-05-01 23:40:15,True,pooled_reference_betting,0.0
46575,2016-05-02 00:04:18,True,pooled_reference_betting,0.0
46578,2016-05-02 00:17:16,True,pooled_reference_betting,0.0
46581,2016-05-02 00:37:19,True,pooled_reference_betting,0.0
46588,2016-05-02 01:11:14,True,pooled_reference_betting,0.0
46582,2016-05-02 01:11:20,True,pooled_reference_betting,0.0
46592,2016-05-02 01:40:15,True,pooled_reference_betting,0.0
46589,2016-05-02 01:41:15,True,pooled_reference_betting,0.0
46594,2016-05-02 02:41:17,True,pooled_reference_betting,0.0
46596,2016-05-02 02:42:19,True,pooled_reference_betting,0.0
46608,2016-05-02 04:38:20,True,pooled_reference_betting,0.0
46725,2016-05-02 15:24:14,True,pooled_reference_betting,0.0
46726,2016-05-02 15:29:14,True,pooled_reference_betting,0.0
46740,2016-05-02 15:40:16,True,pooled_reference_betting,0.0
46743,2016-05-02 16:00:15,True,pooled_reference_betting,0.0
46745,2016-05-02 16:00:15,True,pooled_reference_betting,0.0
46744,2016-05-02 16:27:15,True,pooled_reference_betting,0.0
46756,2016-05-02 16:40:16,True,pooled_reference_betting,0.0
46755,2016-05-02 16:57:15,True,pooled_reference_betting,0.0
46762,2016-05-02 17:00:18,True,pooled_reference_betting,0.0
46763,2016-05-02 17:11:20,True,pooled_reference_betting,0.0
46770,2016-05-02 17:20:19,True,pooled_reference_betting,0.0
46759,2016-05-02 17:31:15,True,pooled_reference_betting,0.0
46778,2016-05-02 17:40:17,True,pooled_reference_betting,0.0
46760,2016-05-02 17:43:16,True,pooled_reference_betting,0.0
46775,2016-05-02 17:44:15,True,pooled_reference_betting,0.0
46761,2016-05-02 17:46:16,True,pooled_reference_betting,0.0
46767,2016-05-02 17:47:16,True,pooled_reference_betting,0.0
46776,2016-05-02 18:04:15,True,pooled_reference_betting,0.0
46781,2016-05-02 18:26:18,True,pooled_reference_betting,0.0
46777,2016-05-02 18:37:16,True,pooled_reference_betting,0.0
46788,2016-05-02 18:40:14,True,pooled_reference_betting,0.0
46789,2016-05-02 18:40:15,True,pooled_reference_betting,0.0
46787,2016-05-02 19:02:17,True,pooled_reference_betting,0.0
46790,2016-05-02 19:07:15,True,pooled_reference_betting,0.0
46792,2016-05-02 19:51:14,True,pooled_reference_betting,0.0
46805,2016-05-02 20:00:24,True,pooled_reference_betting,0.0
46798,2016-05-02 20:02:15,True,pooled_reference_betting,0.0
46797,2016-05-02 20:03:15,True,pooled_reference_betting,0.0
46793,2016-05-02 20:11:19,True,pooled_reference_betting,0.0
46799,2016-05-02 20:13:17,True,pooled_reference_betting,0.0
46808,2016-05-02 20:20:31,True,pooled_reference_betting,0.0
46806,2016-05-02 20:29:27,True,pooled_reference_betting,0.0
46818,2016-05-02 20:56:21,True,pooled_reference_betting,0.0
46820,2016-05-02 21:00:19,True,pooled_reference_betting,0.0
46816,2016-05-02 21:01:16,True,pooled_reference_betting,0.0
46819,2016-05-02 21:21:19,True,pooled_reference_betting,0.0
46933,2016-05-03 09:00:19,True,pooled_reference_betting,0.0
46930,2016-05-03 09:16:16,True,pooled_reference_betting,0.0
46937,2016-05-03 09:49:21,True,pooled_reference_betting,0.0
46936,2016-05-03 09:52:15,True,pooled_reference_betting,0.0
46940,2016-05-03 10:00:15,True,pooled_reference_betting,0.0
46935,2016-05-03 10:02:15,True,pooled_reference_betting,0.0
46941,2016-05-03 10:28:16,True,pooled_reference_betting,0.0
46944,2016-05-03 10:33:15,True,pooled_reference_betting,0.0
46949,2016-05-03 10:42:21,True,pooled_reference_betting,0.0
46946,2016-05-03 10:48:15,True,pooled_reference_betting,0.0
46948,2016-05-03 11:01:18,True,pooled_reference_betting,0.0
46947,2016-05-03 11:19:15,True,pooled_reference_betting,0.0
46952,2016-05-03 11:20:21,True,pooled_reference_betting,0.0
46953,2016-05-03 11:40:15,True,pooled_reference_betting,0.0
46956,2016-05-03 12:08:15,True,pooled_reference_betting,0.0
46959,2016-05-03 12:20:15,True,pooled_reference_betting,0.0
46965,2016-05-03 12:40:19,True,pooled_reference_betting,0.0
46960,2016-05-03 12:44:20,True,pooled_reference_betting,0.0
46969,2016-05-03 13:00:15,True,pooled_reference_betting,0.0
46971,2016-05-03 13:13:18,True,pooled_reference_betting,0.0
46962,2016-05-03 13:14:18,True,pooled_reference_betting,0.0
46978,2016-05-03 13:26:16,True,pooled_reference_betting,0.0
46982,2016-05-03 13:40:15,True,pooled_reference_betting,0.0
46984,2016-05-03 13:40:21,True,pooled_reference_betting,0.0
46979,2016-05-03 13:52:16,True,pooled_reference_betting,0.0
46983,2016-05-03 13:54:18,True,pooled_reference_betting,0.0
46980,2016-05-03 13:59:21,True,pooled_reference_betting,0.0
47118,2016-05-04 01:47:20,True,pooled_reference_betting,0.0
47122,2016-05-04 02:00:16,True,pooled_reference_betting,0.0
47120,2016-05-04 02:04:18,True,pooled_reference_betting,0.0
47125,2016-05-04 02:20:20,True,pooled_reference_betting,0.0
47124,2016-05-04 02:46:16,True,pooled_reference_betting,0.0
47128,2016-05-04 03:41:19,True,pooled_reference_betting,0.0
47127,2016-05-04 03:46:16,True,pooled_reference_betting,0.0
47129,2016-05-04 04:01:15,True,pooled_reference_betting,0.0
47134,2016-05-04 04:37:16,True,pooled_reference_betting,0.0
47133,2016-05-04 04:42:16,True,pooled_reference_betting,0.0
47143,2016-05-04 05:00:25,True,pooled_reference_betting,0.0
47144,2016-05-04 05:12:27,True,pooled_reference_betting,0.0
47150,2016-05-04 05:55:17,True,pooled_reference_betting,0.0
47284,2016-05-04 18:07:20,True,pooled_reference_betting,0.0
47288,2016-05-04 18:18:17,True,pooled_reference_betting,0.0
47297,2016-05-04 18:20:19,True,pooled_reference_betting,0.0
47296,2016-05-04 18:40:19,True,pooled_reference_betting,0.0
47302,2016-05-04 18:43:15,True,pooled_reference_betting,0.0
47292,2016-05-04 18:48:15,True,pooled_reference_betting,0.0
47295,2016-05-04 18:56:14,True,pooled_reference_betting,0.0
47306,2016-05-04 19:00:15,True,pooled_reference_betting,0.0
47313,2016-05-04 19:40:17,True,pooled_reference_betting,0.0
47314,2016-05-04 19:40:23,True,pooled_reference_betting,0.0
47310,2016-05-04 19:44:31,True,pooled_reference_betting,0.0
47317,2016-05-04 20:00:18,True,pooled_reference_betting,0.0
47311,2016-05-04 20:02:31,True,pooled_reference_betting,0.0
47320,2016-05-04 20:25:18,True,pooled_reference_betting,0.0
47325,2016-05-04 20:40:14,True,pooled_reference_betting,0.0
47326,2016-05-04 20:40:19,True,pooled_reference_betting,0.0
47321,2016-05-04 21:15:19,True,pooled_reference_betting,0.0
47411,2016-05-05 09:10:15,True,pooled_reference_betting,0.0
47419,2016-05-05 09:20:20,True,pooled_reference_betting,0.0
47415,2016-05-05 09:47:25,True,pooled_reference_betting,0.0
47414,2016-05-05 09:52:25,True,pooled_reference_betting,0.0
47422,2016-05-05 10:06:15,True,pooled_reference_betting,0.0
47418,2016-05-05 10:08:16,True,pooled_reference_betting,0.0
47427,2016-05-05 10:38:16,True,pooled_reference_betting,0.0
47428,2016-05-05 11:00:16,True,pooled_reference_betting,0.0
47440,2016-05-05 11:40:18,True,pooled_reference_betting,0.0
47436,2016-05-05 12:05:25,True,pooled_reference_betting,0.0
47437,2016-05-05 12:10:27,True,pooled_reference_betting,0.0
47439,2016-05-05 12:32:14,True,pooled_reference_betting,0.0
47444,2016-05-05 12:38:16,True,pooled_reference_betting,0.0
47454,2016-05-05 13:02:30,True,pooled_reference_betting,0.0
47449,2016-05-05 13:04:18,True,pooled_reference_betting,0.0
47463,2016-05-05 13:20:15,True,pooled_reference_betting,0.0
47464,2016-05-05 13:20:20,True,pooled_reference_betting,0.0
47460,2016-05-05 13:31:19,True,pooled_reference_betting,0.0
47468,2016-05-05 13:40:17,True,pooled_reference_betting,0.0
47469,2016-05-05 13:40:17,True,pooled_reference_betting,0.0
47470,2016-05-05 13:40:19,True,pooled_reference_betting,0.0
47611,2016-05-06 02:38:19,True,pooled_reference_betting,0.0
47618,2016-05-06 03:00:18,True,pooled_reference_betting,0.0
47619,2016-05-06 03:00:20,True,pooled_reference_betting,0.0
47622,2016-05-06 03:30:16,True,pooled_reference_betting,0.0
47630,2016-05-06 04:40:18,True,pooled_reference_betting,0.0
47631,2016-05-06 06:04:16,True,pooled_reference_betting,0.0
47774,2016-05-06 18:29:16,True,pooled_reference_betting,0.0
47772,2016-05-06 18:31:19,True,pooled_reference_betting,0.0
47777,2016-05-06 18:31:23,True,pooled_reference_betting,0.0
47771,2016-05-06 18:39:16,True,pooled_reference_betting,0.0
47781,2016-05-06 19:11:20,True,pooled_reference_betting,0.0
47805,2016-05-06 21:22:19,True,pooled_reference_betting,0.0
47804,2016-05-06 21:27:16,True,pooled_reference_betting,0.0
47809,2016-05-06 21:51:19,True,pooled_reference_betting,0.0
47882,2016-05-07 10:29:16,True,pooled_reference_betting,0.0
47888,2016-05-07 12:00:15,True,pooled_reference_betting,0.0
47893,2016-05-07 12:33:18,True,pooled_reference_betting,0.0
47897,2016-05-07 14:08:14,True,pooled_reference_betting,0.0
47903,2016-05-07 14:20:15,True,pooled_reference_betting,0.0
47901,2016-05-07 14:32:16,True,pooled_reference_betting,0.0
47905,2016-05-07 14:40:16,True,pooled_reference_betting,0.0
47906,2016-05-07 14:40:18,True,pooled_reference_betting,0.0
47955,2016-05-08 02:57:17,True,pooled_reference_betting,0.0
47954,2016-05-08 03:04:16,True,pooled_reference_betting,0.0
47957,2016-05-08 03:05:15,True,pooled_reference_betting,0.0
47958,2016-05-08 03:06:18,True,pooled_reference_betting,0.0
47960,2016-05-08 03:32:16,True,pooled_reference_betting,0.0
47961,2016-05-08 03:48:16,True,pooled_reference_betting,0.0
47967,2016-05-08 04:27:17,True,pooled_reference_betting,0.0
47964,2016-05-08 04:38:16,True,pooled_reference_betting,0.0
47971,2016-05-08 05:40:17,True,pooled_reference_betting,0.0
47972,2016-05-08 05:49:19,True,pooled_reference_betting,0.0
47970,2016-05-08 06:13:15,True,pooled_reference_betting,0.0
47969,2016-05-08 06:15:16,True,pooled_reference_betting,0.0
47973,2016-05-08 06:17:15,True,pooled_reference_betting,0.0
47978,2016-05-08 06:51:15,True,pooled_reference_betting,0.0
47982,2016-05-08 07:24:17,True,pooled_reference_betting,0.0
47990,2016-05-08 08:20:14,True,pooled_reference_betting,0.0
47987,2016-05-08 08:21:17,True,pooled_reference_betting,0.0
47992,2016-05-08 08:40:16,True,pooled_reference_betting,0.0
47996,2016-05-08 09:00:24,True,pooled_reference_betting,0.0
48001,2016-05-08 09:20:18,True,pooled_reference_betting,0.0
48003,2016-05-08 09:40:15,True,pooled_reference_betting,0.0
48005,2016-05-08 10:08:15,True,pooled_reference_betting,0.0
47999,2016-05-08 10:13:15,True,pooled_reference_betting,0.0
48007,2016-05-08 11:04:16,True,pooled_reference_betting,0.0
48009,2016-05-08 11:08:15,True,pooled_reference_betting,0.0
48010,2016-05-08 11:55:25,True,pooled_reference_betting,0.0
48077,2016-05-08 23:17:19,True,pooled_reference_betting,0.0
48078,2016-05-08 23:43:15,True,pooled_reference_betting,0.0
48082,2016-05-09 00:01:15,True,pooled_reference_betting,0.0
48079,2016-05-09 00:06:17,True,pooled_reference_betting,0.0
48088,2016-05-09 00:40:16,True,pooled_reference_betting,0.0
48091,2016-05-09 01:00:15,True,pooled_reference_betting,0.0
48092,2016-05-09 01:00:16,True,pooled_reference_betting,0.0
48094,2016-05-09 01:00:20,True,pooled_reference_betting,0.0
48093,2016-05-09 01:04:18,True,pooled_reference_betting,0.0
48084,2016-05-09 01:14:15,True,pooled_reference_betting,0.0
48098,2016-05-09 01:20:16,True,pooled_reference_betting,0.0
48086,2016-05-09 01:31:16,True,pooled_reference_betting,0.0
48100,2016-05-09 01:40:15,True,pooled_reference_betting,0.0
48104,2016-05-09 02:00:18,True,pooled_reference_betting,0.0
48105,2016-05-09 02:00:20,True,pooled_reference_betting,0.0
48097,2016-05-09 02:10:15,True,pooled_reference_betting,0.0
48111,2016-05-09 03:04:16,True,pooled_reference_betting,0.0
48113,2016-05-09 03:20:15,True,pooled_reference_betting,0.0
48115,2016-05-09 03:39:19,True,pooled_reference_betting,0.0
48119,2016-05-09 04:00:18,True,pooled_reference_betting,0.0
48114,2016-05-09 04:13:15,True,pooled_reference_betting,0.0
48122,2016-05-09 04:57:17,True,pooled_reference_betting,0.0
48126,2016-05-09 05:04:15,True,pooled_reference_betting,0.0
48121,2016-05-09 05:16:15,True,pooled_reference_betting,0.0
48139,2016-05-09 05:20:16,True,pooled_reference_betting,0.0
48135,2016-05-09 05:36:15,True,pooled_reference_betting,0.0
48142,2016-05-09 05:40:15,True,pooled_reference_betting,0.0
48143,2016-05-09 05:47:17,True,pooled_reference_betting,0.0
48147,2016-05-09 06:00:15,True,pooled_reference_betting,0.0
48148,2016-05-09 06:23:20,True,pooled_reference_betting,0.0
48160,2016-05-09 07:05:15,True,pooled_reference_betting,0.0
48153,2016-05-09 07:13:18,True,pooled_reference_betting,0.0
48157,2016-05-09 07:25:16,True,pooled_reference_betting,0.0
48172,2016-05-09 08:25:16,True,pooled_reference_betting,0.0
48175,2016-05-09 08:40:21,True,pooled_reference_betting,0.0
48170,2016-05-09 08:41:16,True,pooled_reference_betting,0.0
48171,2016-05-09 08:44:16,True,pooled_reference_betting,0.0
48174,2016-05-09 08:55:16,True,pooled_reference_betting,0.0
48182,2016-05-09 09:20:20,True,pooled_reference_betting,0.0
48180,2016-05-09 09:28:15,True,pooled_reference_betting,0.0
48192,2016-05-09 10:40:16,True,pooled_reference_betting,0.0
48188,2016-05-09 11:01:16,True,pooled_reference_betting,0.0
48189,2016-05-09 11:01:17,True,pooled_reference_betting,0.0
48190,2016-05-09 11:04:17,True,pooled_reference_betting,0.0
48200,2016-05-09 11:38:19,True,pooled_reference_betting,0.0
48195,2016-05-09 11:42:17,True,pooled_reference_betting,0.0
48199,2016-05-09 11:55:17,True,pooled_reference_betting,0.0
48208,2016-05-09 12:03:17,True,pooled_reference_betting,0.0
48213,2016-05-09 12:19:28,True,pooled_reference_betting,0.0
48207,2016-05-09 12:38:17,True,pooled_reference_betting,0.0
48367,2016-05-09 23:40:19,True,pooled_reference_betting,0.0
48361,2016-05-10 00:01:17,True,pooled_reference_betting,0.0
48366,2016-05-10 00:09:16,True,pooled_reference_betting,0.0
48374,2016-05-10 00:40:17,True,pooled_reference_betting,0.0
48376,2016-05-10 00:40:19,True,pooled_reference_betting,0.0
48382,2016-05-10 01:00:19,True,pooled_reference_betting,0.0
48384,2016-05-10 01:42:18,True,pooled_reference_betting,0.0
48389,2016-05-10 02:20:17,True,pooled_reference_betting,0.0
48391,2016-05-10 02:20:18,True,pooled_reference_betting,0.0
48399,2016-05-10 03:17:20,True,pooled_reference_betting,0.0
48400,2016-05-10 03:17:20,True,pooled_reference_betting,0.0
48398,2016-05-10 03:19:18,True,pooled_reference_betting,0.0
48396,2016-05-10 03:27:16,True,pooled_reference_betting,0.0
48402,2016-05-10 03:27:18,True,pooled_reference_betting,0.0
48403,2016-05-10 03:29:18,True,pooled_reference_betting,0.0
48397,2016-05-10 03:48:18,True,pooled_reference_betting,0.0
48409,2016-05-10 04:20:19,True,pooled_reference_betting,0.0
48413,2016-05-10 05:00:26,True,pooled_reference_betting,0.0
48411,2016-05-10 05:01:15,True,pooled_reference_betting,0.0
48414,2016-05-10 05:02:26,True,pooled_reference_betting,0.0
48408,2016-05-10 05:05:16,True,pooled_reference_betting,0.0
48416,2016-05-10 06:04:16,True,pooled_reference_betting,0.0
48423,2016-05-10 06:40:20,True,pooled_reference_betting,0.0
48417,2016-05-10 06:49:17,True,pooled_reference_betting,0.0
48427,2016-05-10 07:14:30,True,pooled_reference_betting,0.0
48434,2016-05-10 07:20:16,True,pooled_reference_betting,0.0
48433,2016-05-10 07:25:15,True,pooled_reference_betting,0.0
48426,2016-05-10 07:49:26,True,pooled_reference_betting,0.0
48437,2016-05-10 07:59:15,True,pooled_reference_betting,0.0
48449,2016-05-10 08:00:17,True,pooled_reference_betting,0.0
48448,2016-05-10 08:03:17,True,pooled_reference_betting,0.0
48447,2016-05-10 08:36:16,True,pooled_reference_betting,0.0
48438,2016-05-10 08:38:16,True,pooled_reference_betting,0.0
48456,2016-05-10 09:00:20,True,pooled_reference_betting,0.0
48457,2016-05-10 09:31:21,True,pooled_reference_betting,0.0
48462,2016-05-10 10:00:21,True,pooled_reference_betting,0.0
48464,2016-05-10 10:20:18,True,pooled_reference_betting,0.0
48466,2016-05-10 10:40:16,True,pooled_reference_betting,0.0
48471,2016-05-10 11:08:15,True,pooled_reference_betting,0.0
48472,2016-05-10 11:11:16,True,pooled_reference_betting,0.0
48475,2016-05-10 11:20:14,True,pooled_reference_betting,0.0
48481,2016-05-10 11:40:16,True,pooled_reference_betting,0.0
48482,2016-05-10 11:40:21,True,pooled_reference_betting,0.0
48477,2016-05-10 11:47:19,True,pooled_reference_betting,0.0
48474,2016-05-10 12:04:14,True,pooled_reference_betting,0.0
48480,2016-05-10 12:27:16,True,pooled_reference_betting,0.0
48627,2016-05-10 23:44:16,True,pooled_reference_betting,0.0
48640,2016-05-11 00:17:15,True,pooled_reference_betting,0.0
48646,2016-05-11 00:20:15,True,pooled_reference_betting,0.0
48633,2016-05-11 00:30:15,True,pooled_reference_betting,0.0
48649,2016-05-11 00:40:15,True,pooled_reference_betting,0.0
48650,2016-05-11 01:00:15,True,pooled_reference_betting,0.0
48654,2016-05-11 01:49:18,True,pooled_reference_betting,0.0
48656,2016-05-11 02:01:19,True,pooled_reference_betting,0.0
48657,2016-05-11 02:31:16,True,pooled_reference_betting,0.0
48663,2016-05-11 03:20:17,True,pooled_reference_betting,0.0
48662,2016-05-11 03:55:17,True,pooled_reference_betting,0.0
48666,2016-05-11 04:20:19,True,pooled_reference_betting,0.0
48774,2016-05-11 15:53:19,True,pooled_reference_betting,0.0
48788,2016-05-11 16:00:17,True,pooled_reference_betting,0.0
48789,2016-05-11 16:01:19,True,pooled_reference_betting,0.0
48780,2016-05-11 16:03:16,True,pooled_reference_betting,0.0
48790,2016-05-11 16:20:20,True,pooled_reference_betting,0.0
48781,2016-05-11 16:33:18,True,pooled_reference_betting,0.0
48798,2016-05-11 16:40:15,True,pooled_reference_betting,0.0
48802,2016-05-11 17:00:16,True,pooled_reference_betting,0.0
48805,2016-05-11 17:20:15,True,pooled_reference_betting,0.0
48815,2016-05-11 18:00:18,True,pooled_reference_betting,0.0
48818,2016-05-11 18:20:23,True,pooled_reference_betting,0.0
48810,2016-05-11 18:29:17,True,pooled_reference_betting,0.0
48817,2016-05-11 19:07:17,True,pooled_reference_betting,0.0
48827,2016-05-11 19:12:16,True,pooled_reference_betting,0.0
48835,2016-05-11 19:20:22,True,pooled_reference_betting,0.0
48831,2016-05-11 19:41:15,True,pooled_reference_betting,0.0
48832,2016-05-11 19:43:16,True,pooled_reference_betting,0.0
48945,2016-05-12 07:22:16,True,pooled_reference_betting,0.0
48944,2016-05-12 07:46:15,True,pooled_reference_betting,0.0
48949,2016-05-12 07:55:19,True,pooled_reference_betting,0.0
48953,2016-05-12 08:02:19,True,pooled_reference_betting,0.0
48948,2016-05-12 08:25:16,True,pooled_reference_betting,0.0
48958,2016-05-12 08:40:15,True,pooled_reference_betting,0.0
48959,2016-05-12 09:06:16,True,pooled_reference_betting,0.0
48964,2016-05-12 09:14:17,True,pooled_reference_betting,0.0
48960,2016-05-12 09:23:18,True,pooled_reference_betting,0.0
48968,2016-05-12 10:02:20,True,pooled_reference_betting,0.0
48974,2016-05-12 10:20:31,True,pooled_reference_betting,0.0
48975,2016-05-12 10:40:22,True,pooled_reference_betting,0.0
48976,2016-05-12 10:40:22,True,pooled_reference_betting,0.0
48970,2016-05-12 10:49:20,True,pooled_reference_betting,0.0
48981,2016-05-12 11:00:16,True,pooled_reference_betting,0.0
48982,2016-05-12 11:03:18,True,pooled_reference_betting,0.0
48972,2016-05-12 11:15:26,True,pooled_reference_betting,0.0
48986,2016-05-12 12:04:16,True,pooled_reference_betting,0.0
49140,2016-05-12 23:46:15,True,pooled_reference_betting,0.0
49136,2016-05-12 23:52:16,True,pooled_reference_betting,0.0
49145,2016-05-13 00:00:19,True,pooled_reference_betting,0.0
49146,2016-05-13 00:20:16,True,pooled_reference_betting,0.0
49147,2016-05-13 00:20:19,True,pooled_reference_betting,0.0
49150,2016-05-13 00:40:16,True,pooled_reference_betting,0.0
49151,2016-05-13 00:40:20,True,pooled_reference_betting,0.0
49153,2016-05-13 00:40:21,True,pooled_reference_betting,0.0
49152,2016-05-13 01:04:20,True,pooled_reference_betting,0.0
49159,2016-05-13 01:06:20,True,pooled_reference_betting,0.0
49158,2016-05-13 01:34:20,True,pooled_reference_betting,0.0
49160,2016-05-13 01:40:21,True,pooled_reference_betting,0.0
49166,2016-05-13 01:52:19,True,pooled_reference_betting,0.0
49167,2016-05-13 01:57:19,True,pooled_reference_betting,0.0
49171,2016-05-13 02:00:18,True,pooled_reference_betting,0.0
49172,2016-05-13 02:09:21,True,pooled_reference_betting,0.0
49181,2016-05-13 03:40:17,True,pooled_reference_betting,0.0
49189,2016-05-13 04:39:20,True,pooled_reference_betting,0.0
49184,2016-05-13 04:42:16,True,pooled_reference_betting,0.0
49374,2016-05-13 16:00:19,True,pooled_reference_betting,0.0
49375,2016-05-13 16:01:21,True,pooled_reference_betting,0.0
49366,2016-05-13 16:05:17,True,pooled_reference_betting,0.0
49364,2016-05-13 16:20:15,True,pooled_reference_betting,0.0
49381,2016-05-13 16:20:17,True,pooled_reference_betting,0.0
49382,2016-05-13 16:20:22,True,pooled_reference_betting,0.0
49380,2016-05-13 16:44:17,True,pooled_reference_betting,0.0
49386,2016-05-13 17:00:16,True,pooled_reference_betting,0.0
49392,2016-05-13 17:00:17,True,pooled_reference_betting,0.0
49397,2016-05-13 17:20:19,True,pooled_reference_betting,0.0
49387,2016-05-13 17:23:18,True,pooled_reference_betting,0.0
49401,2016-05-13 17:40:17,True,pooled_reference_betting,0.0
49402,2016-05-13 17:40:17,True,pooled_reference_betting,0.0
49398,2016-05-13 18:08:19,True,pooled_reference_betting,0.0
49403,2016-05-13 18:08:20,True,pooled_reference_betting,0.0
49413,2016-05-13 19:03:20,True,pooled_reference_betting,0.0
49416,2016-05-13 19:10:23,True,pooled_reference_betting,0.0
49415,2016-05-13 19:13:22,True,pooled_reference_betting,0.0
49407,2016-05-13 19:25:20,True,pooled_reference_betting,0.0
49541,2016-05-14 09:00:21,True,pooled_reference_betting,0.0
49543,2016-05-14 09:33:16,True,pooled_reference_betting,0.0
49544,2016-05-14 09:53:17,True,pooled_reference_betting,0.0
49546,2016-05-14 11:07:21,True,pooled_reference_betting,0.0
49618,2016-05-14 22:54:15,True,pooled_reference_betting,0.0
49621,2016-05-14 23:20:20,True,pooled_reference_betting,0.0
49625,2016-05-15 01:31:16,True,pooled_reference_betting,0.0
49630,2016-05-15 02:03:17,True,pooled_reference_betting,0.0
49641,2016-05-15 04:40:20,True,pooled_reference_betting,0.0
49638,2016-05-15 05:01:18,True,pooled_reference_betting,0.0
49640,2016-05-15 05:01:19,True,pooled_reference_betting,0.0
49642,2016-05-15 05:01:25,True,pooled_reference_betting,0.0
49643,2016-05-15 05:01:30,True,pooled_reference_betting,0.0
49709,2016-05-15 17:00:16,True,pooled_reference_betting,0.0
49700,2016-05-15 17:11:16,True,pooled_reference_betting,0.0
49713,2016-05-15 17:40:17,True,pooled_reference_betting,0.0
49718,2016-05-15 18:20:22,True,pooled_reference_betting,0.0
49712,2016-05-15 18:25:17,True,pooled_reference_betting,0.0
49717,2016-05-15 18:49:17,True,pooled_reference_betting,0.0
49719,2016-05-15 19:12:22,True,pooled_reference_betting,0.0
49723,2016-05-15 19:40:32,True,pooled_reference_betting,0.0
49722,2016-05-15 19:41:21,True,pooled_reference_betting,0.0
49725,2016-05-15 20:23:16,True,pooled_reference_betting,0.0
49727,2016-05-15 20:23:16,True,pooled_reference_betting,0.0
49728,2016-05-15 21:00:21,True,pooled_reference_betting,0.0
49729,2016-05-15 21:20:22,True,pooled_reference_betting,0.0
49730,2016-05-15 22:05:21,True,pooled_reference_betting,0.0
49825,2016-05-16 09:45:17,True,pooled_reference_betting,0.0
49832,2016-05-16 10:03:18,True,pooled_reference_betting,0.0
49830,2016-05-16 10:07:20,True,pooled_reference_betting,0.0
49841,2016-05-16 11:01:17,True,pooled_reference_betting,0.0
49849,2016-05-16 11:04:18,True,pooled_reference_betting,0.0
49839,2016-05-16 11:06:24,True,pooled_reference_betting,0.0
49840,2016-05-16 11:14:17,True,pooled_reference_betting,0.0
49848,2016-05-16 11:34:17,True,pooled_reference_betting,0.0
49853,2016-05-16 12:07:18,True,pooled_reference_betting,0.0
49854,2016-05-16 12:11:23,True,pooled_reference_betting,0.0
49863,2016-05-16 12:20:22,True,pooled_reference_betting,0.0
49867,2016-05-16 12:40:20,True,pooled_reference_betting,0.0
49862,2016-05-16 12:57:21,True,pooled_reference_betting,0.0
49872,2016-05-16 13:00:16,True,pooled_reference_betting,0.0
49873,2016-05-16 13:00:19,True,pooled_reference_betting,0.0
49874,2016-05-16 13:00:19,True,pooled_reference_betting,0.0
49875,2016-05-16 13:00:22,True,pooled_reference_betting,0.0
49884,2016-05-16 13:20:17,True,pooled_reference_betting,0.0
49876,2016-05-16 13:23:22,True,pooled_reference_betting,0.0
49881,2016-05-16 13:34:16,True,pooled_reference_betting,0.0
49868,2016-05-16 13:35:21,True,pooled_reference_betting,0.0
49883,2016-05-16 13:43:17,True,pooled_reference_betting,0.0
49891,2016-05-16 13:49:18,True,pooled_reference_betting,0.0
49882,2016-05-16 14:09:16,True,pooled_reference_betting,0.0
49900,2016-05-16 14:38:22,True,pooled_reference_betting,0.0
49915,2016-05-16 14:40:18,True,pooled_reference_betting,0.0
49912,2016-05-16 14:45:16,True,pooled_reference_betting,0.0
49898,2016-05-16 14:46:16,True,pooled_reference_betting,0.0
49907,2016-05-16 14:50:21,True,pooled_reference_betting,0.0
49913,2016-05-16 14:55:16,True,pooled_reference_betting,0.0
49914,2016-05-16 15:05:16,True,pooled_reference_betting,0.0
49916,2016-05-16 15:16:18,True,pooled_reference_betting,0.0
49917,2016-05-16 15:16:21,True,pooled_reference_betting,0.0
49928,2016-05-16 15:27:16,True,pooled_reference_betting,0.0
49922,2016-05-16 15:40:18,True,pooled_reference_betting,0.0
49939,2016-05-16 16:31:16,True,pooled_reference_betting,0.0
49947,2016-05-16 17:00:19,True,pooled_reference_betting,0.0
49943,2016-05-16 17:19:16,True,pooled_reference_betting,0.0
49951,2016-05-16 17:20:22,True,pooled_reference_betting,0.0
49950,2016-05-16 17:37:16,True,pooled_reference_betting,0.0
49955,2016-05-16 17:40:17,True,pooled_reference_betting,0.0
50066,2016-05-17 05:20:19,True,pooled_reference_betting,0.0
50065,2016-05-17 05:27:16,True,pooled_reference_betting,0.0
50068,2016-05-17 05:40:17,True,pooled_reference_betting,0.0
50070,2016-05-17 06:00:16,True,pooled_reference_betting,0.0
50071,2016-05-17 06:27:17,True,pooled_reference_betting,0.0
50075,2016-05-17 06:43:20,True,pooled_reference_betting,0.0
50076,2016-05-17 07:00:16,True,pooled_reference_betting,0.0
50079,2016-05-17 07:03:17,True,pooled_reference_betting,0.0
50082,2016-05-17 07:41:16,True,pooled_reference_betting,0.0
50080,2016-05-17 07:56:18,True,pooled_reference_betting,0.0
50087,2016-05-17 08:01:21,True,pooled_reference_betting,0.0
50094,2016-05-17 09:10:20,True,pooled_reference_betting,0.0
50100,2016-05-17 09:20:16,True,pooled_reference_betting,0.0
50093,2016-05-17 09:27:19,True,pooled_reference_betting,0.0
50106,2016-05-17 09:40:23,True,pooled_reference_betting,0.0
50112,2016-05-17 10:00:19,True,pooled_reference_betting,0.0
50111,2016-05-17 10:20:17,True,pooled_reference_betting,0.0
50110,2016-05-17 10:35:17,True,pooled_reference_betting,0.0
50121,2016-05-17 11:00:17,True,pooled_reference_betting,0.0
50124,2016-05-17 11:20:22,True,pooled_reference_betting,0.0
50123,2016-05-17 12:01:18,True,pooled_reference_betting,0.0
50266,2016-05-17 23:18:18,True,pooled_reference_betting,0.0
50270,2016-05-17 23:20:19,True,pooled_reference_betting,0.0
50269,2016-05-17 23:24:16,True,pooled_reference_betting,0.0
50275,2016-05-17 23:40:18,True,pooled_reference_betting,0.0
50272,2016-05-17 23:42:20,True,pooled_reference_betting,0.0
50271,2016-05-17 23:47:18,True,pooled_reference_betting,0.0
50274,2016-05-17 23:48:18,True,pooled_reference_betting,0.0
50282,2016-05-18 00:20:17,True,pooled_reference_betting,0.0
50281,2016-05-18 01:04:17,True,pooled_reference_betting,0.0
50291,2016-05-18 01:13:16,True,pooled_reference_betting,0.0
50299,2016-05-18 01:32:19,True,pooled_reference_betting,0.0
50295,2016-05-18 01:38:20,True,pooled_reference_betting,0.0
50304,2016-05-18 01:41:17,True,pooled_reference_betting,0.0
50310,2016-05-18 02:20:20,True,pooled_reference_betting,0.0
50309,2016-05-18 02:23:19,True,pooled_reference_betting,0.0
50307,2016-05-18 02:24:17,True,pooled_reference_betting,0.0
50312,2016-05-18 02:40:21,True,pooled_reference_betting,0.0
50308,2016-05-18 02:49:20,True,pooled_reference_betting,0.0
50315,2016-05-18 03:53:18,True,pooled_reference_betting,0.0
50318,2016-05-18 04:33:22,True,pooled_reference_betting,0.0
50400,2016-05-20 14:00:04,True,pooled_reference_betting,0.0
50423,2016-05-20 14:00:06,True,pooled_reference_betting,0.0
50437,2016-05-20 14:00:08,True,pooled_reference_betting,0.0
50450,2016-05-20 14:00:09,True,pooled_reference_betting,0.0
50414,2016-05-20 14:03:05,True,pooled_reference_betting,0.0
50605,2016-05-20 14:20:09,True,pooled_reference_betting,0.0
50601,2016-05-20 14:45:04,True,pooled_reference_betting,0.0
50627,2016-05-20 15:00:10,True,pooled_reference_betting,0.0
50636,2016-05-20 15:22:06,True,pooled_reference_betting,0.0
50639,2016-05-20 15:31:09,True,pooled_reference_betting,0.0
50651,2016-05-20 15:40:09,True,pooled_reference_betting,0.0
50663,2016-05-20 16:10:07,True,pooled_reference_betting,0.0
50673,2016-05-20 16:20:10,True,pooled_reference_betting,0.0
50672,2016-05-20 16:25:09,True,pooled_reference_betting,0.0
50671,2016-05-20 16:41:06,True,pooled_reference_betting,0.0
50664,2016-05-20 16:54:09,True,pooled_reference_betting,0.0
50697,2016-05-20 17:40:04,True,pooled_reference_betting,0.0
50690,2016-05-20 18:00:07,True,pooled_reference_betting,0.0
50699,2016-05-20 18:03:08,True,pooled_reference_betting,0.0
50698,2016-05-20 18:11:05,True,pooled_reference_betting,0.0
50691,2016-05-20 18:12:08,True,pooled_reference_betting,0.0
50705,2016-05-20 18:28:05,True,pooled_reference_betting,0.0
50707,2016-05-20 18:36:04,True,pooled_reference_betting,0.0
50710,2016-05-20 18:40:06,True,pooled_reference_betting,0.0
50709,2016-05-20 19:07:04,True,pooled_reference_betting,0.0
50719,2016-05-20 19:40:05,True,pooled_reference_betting,0.0
50721,2016-05-20 19:50:10,True,pooled_reference_betting,0.0
50718,2016-05-20 19:55:06,True,pooled_reference_betting,0.0
50729,2016-05-20 20:20:05,True,pooled_reference_betting,0.0
50731,2016-05-20 20:24:10,True,pooled_reference_betting,0.0
50738,2016-05-20 21:00:04,True,pooled_reference_betting,0.0
50733,2016-05-20 21:15:11,True,pooled_reference_betting,0.0
50737,2016-05-20 21:29:04,True,pooled_reference_betting,0.0
50743,2016-05-20 22:26:05,True,pooled_reference_betting,0.0
50750,2016-05-20 22:40:08,True,pooled_reference_betting,0.0
50749,2016-05-20 22:43:05,True,pooled_reference_betting,0.0
50745,2016-05-20 22:56:11,True,pooled_reference_betting,0.0
50753,2016-05-20 23:00:09,True,pooled_reference_betting,0.0
50752,2016-05-20 23:12:04,True,pooled_reference_betting,0.0
50759,2016-05-21 00:22:06,True,pooled_reference_betting,0.0
50763,2016-05-21 01:36:04,True,pooled_reference_betting,0.0
50765,2016-05-21 01:50:04,True,pooled_reference_betting,0.0
50773,2016-05-21 02:20:03,True,pooled_reference_betting,0.0
50779,2016-05-21 03:20:06,True,pooled_reference_betting,0.0
50790,2016-05-21 07:19:04,True,pooled_reference_betting,0.0
50881,2016-05-21 19:00:04,True,pooled_reference_betting,0.0
50875,2016-05-21 19:09:05,True,pooled_reference_betting,0.0
50884,2016-05-21 19:37:04,True,pooled_reference_betting,0.0
50885,2016-05-21 19:50:05,True,pooled_reference_betting,0.0
50888,2016-05-21 20:32:07,True,pooled_reference_betting,0.0
50889,2016-05-21 20:37:07,True,pooled_reference_betting,0.0
50890,2016-05-21 20:43:06,True,pooled_reference_betting,0.0
50893,2016-05-21 21:40:05,True,pooled_reference_betting,0.0
50895,2016-05-21 22:10:06,True,pooled_reference_betting,0.0
50897,2016-05-21 23:04:06,True,pooled_reference_betting,0.0
50901,2016-05-21 23:20:08,True,pooled_reference_betting,0.0
50912,2016-05-22 01:43:09,True,pooled_reference_betting,0.0
50915,2016-05-22 02:18:08,True,pooled_reference_betting,0.0
50958,2016-05-22 14:54:05,True,pooled_reference_betting,0.0
50964,2016-05-22 15:03:09,True,pooled_reference_betting,0.0
50959,2016-05-22 15:05:10,True,pooled_reference_betting,0.0
50963,2016-05-22 15:06:05,True,pooled_reference_betting,0.0
50969,2016-05-22 15:13:07,True,pooled_reference_betting,0.0
50971,2016-05-22 15:20:04,True,pooled_reference_betting,0.0
50972,2016-05-22 15:20:04,True,pooled_reference_betting,0.0
50977,2016-05-22 17:01:04,True,pooled_reference_betting,0.0
50978,2016-05-22 17:08:04,True,pooled_reference_betting,0.0
50983,2016-05-22 17:10:06,True,pooled_reference_betting,0.0
50979,2016-05-22 17:19:08,True,pooled_reference_betting,0.0
50998,2016-05-22 19:01:06,True,pooled_reference_betting,0.0
50996,2016-05-22 19:26:04,True,pooled_reference_betting,0.0
50999,2016-05-22 20:02:04,True,pooled_reference_betting,0.0
51008,2016-05-22 20:10:09,True,pooled_reference_betting,0.0
51007,2016-05-22 20:59:07,True,pooled_reference_betting,0.0
51017,2016-05-22 21:52:08,True,pooled_reference_betting,0.0
51019,2016-05-22 22:06:04,True,pooled_reference_betting,0.0
51023,2016-05-22 22:16:09,True,pooled_reference_betting,0.0
51124,2016-05-23 09:39:05,True,pooled_reference_betting,0.0
51129,2016-05-23 09:56:06,True,pooled_reference_betting,0.0
51130,2016-05-23 09:56:10,True,pooled_reference_betting,0.0
51133,2016-05-23 10:07:08,True,pooled_reference_betting,0.0
51128,2016-05-23 10:13:05,True,pooled_reference_betting,0.0
51134,2016-05-23 10:20:10,True,pooled_reference_betting,0.0
51136,2016-05-23 10:47:04,True,pooled_reference_betting,0.0
51140,2016-05-23 11:00:04,True,pooled_reference_betting,0.0
51148,2016-05-23 11:00:05,True,pooled_reference_betting,0.0
51144,2016-05-23 11:04:09,True,pooled_reference_betting,0.0
51143,2016-05-23 11:17:08,True,pooled_reference_betting,0.0
51142,2016-05-23 11:19:04,True,pooled_reference_betting,0.0
51141,2016-05-23 11:20:04,True,pooled_reference_betting,0.0
51154,2016-05-23 11:40:08,True,pooled_reference_betting,0.0
51147,2016-05-23 11:56:04,True,pooled_reference_betting,0.0
51151,2016-05-23 12:07:08,True,pooled_reference_betting,0.0
51177,2016-05-23 13:00:05,True,pooled_reference_betting,0.0
51165,2016-05-23 13:05:07,True,pooled_reference_betting,0.0
51171,2016-05-23 13:14:09,True,pooled_reference_betting,0.0
51182,2016-05-23 13:20:08,True,pooled_reference_betting,0.0
51176,2016-05-23 13:32:05,True,pooled_reference_betting,0.0
51175,2016-05-23 13:39:04,True,pooled_reference_betting,0.0
51178,2016-05-23 13:40:05,True,pooled_reference_betting,0.0
51191,2016-05-23 13:40:10,True,pooled_reference_betting,0.0
51190,2016-05-23 13:44:09,True,pooled_reference_betting,0.0
51189,2016-05-23 14:08:05,True,pooled_reference_betting,0.0
51188,2016-05-23 14:23:04,True,pooled_reference_betting,0.0
51204,2016-05-23 14:40:10,True,pooled_reference_betting,0.0
51200,2016-05-23 14:59:05,True,pooled_reference_betting,0.0
51202,2016-05-23 15:06:07,True,pooled_reference_betting,0.0
51201,2016-05-23 15:11:06,True,pooled_reference_betting,0.0
51210,2016-05-23 15:20:11,True,pooled_reference_betting,0.0
51203,2016-05-23 15:30:10,True,pooled_reference_betting,0.0
51214,2016-05-23 15:40:11,True,pooled_reference_betting,0.0
51209,2016-05-23 15:47:09,True,pooled_reference_betting,0.0
51208,2016-05-23 15:58:06,True,pooled_reference_betting,0.0
51220,2016-05-23 16:00:09,True,pooled_reference_betting,0.0
51224,2016-05-23 16:20:04,True,pooled_reference_betting,0.0
51225,2016-05-23 16:20:07,True,pooled_reference_betting,0.0
51226,2016-05-23 16:37:11,True,pooled_reference_betting,0.0
51231,2016-05-23 16:40:05,True,pooled_reference_betting,0.0
51230,2016-05-23 17:03:05,True,pooled_reference_betting,0.0
51253,2016-05-23 17:21:09,True,pooled_reference_betting,0.0
51252,2016-05-23 17:49:08,True,pooled_reference_betting,0.0
51363,2016-05-24 04:43:06,True,pooled_reference_betting,0.0
51369,2016-05-24 06:16:07,True,pooled_reference_betting,0.0
51377,2016-05-24 06:40:07,True,pooled_reference_betting,0.0
51378,2016-05-24 06:59:08,True,pooled_reference_betting,0.0
51382,2016-05-24 07:00:10,True,pooled_reference_betting,0.0
51375,2016-05-24 07:02:04,True,pooled_reference_betting,0.0
51383,2016-05-24 07:18:14,True,pooled_reference_betting,0.0
51376,2016-05-24 07:28:05,True,pooled_reference_betting,0.0
51388,2016-05-24 08:15:05,True,pooled_reference_betting,0.0
51392,2016-05-24 08:16:06,True,pooled_reference_betting,0.0
51387,2016-05-24 08:24:04,True,pooled_reference_betting,0.0
51389,2016-05-24 08:31:05,True,pooled_reference_betting,0.0
51397,2016-05-24 08:42:05,True,pooled_reference_betting,0.0
51401,2016-05-24 08:49:06,True,pooled_reference_betting,0.0
51403,2016-05-24 09:20:06,True,pooled_reference_betting,0.0
51410,2016-05-24 10:02:07,True,pooled_reference_betting,0.0
51404,2016-05-24 10:02:09,True,pooled_reference_betting,0.0
51408,2016-05-24 10:03:09,True,pooled_reference_betting,0.0
51407,2016-05-24 10:05:09,True,pooled_reference_betting,0.0
51402,2016-05-24 10:16:06,True,pooled_reference_betting,0.0
51416,2016-05-24 10:20:07,True,pooled_reference_betting,0.0
51411,2016-05-24 10:34:09,True,pooled_reference_betting,0.0
51420,2016-05-24 10:40:06,True,pooled_reference_betting,0.0
51409,2016-05-24 10:43:05,True,pooled_reference_betting,0.0
51415,2016-05-24 10:59:05,True,pooled_reference_betting,0.0
51580,2016-05-24 22:03:08,True,pooled_reference_betting,0.0
51577,2016-05-24 22:16:06,True,pooled_reference_betting,0.0
51585,2016-05-24 23:03:04,True,pooled_reference_betting,0.0
51594,2016-05-24 23:20:09,True,pooled_reference_betting,0.0
51593,2016-05-24 23:44:04,True,pooled_reference_betting,0.0
51592,2016-05-24 23:59:04,True,pooled_reference_betting,0.0
51596,2016-05-25 00:05:07,True,pooled_reference_betting,0.0
51600,2016-05-25 00:38:09,True,pooled_reference_betting,0.0
51599,2016-05-25 00:45:08,True,pooled_reference_betting,0.0
51608,2016-05-25 01:00:09,True,pooled_reference_betting,0.0
51605,2016-05-25 01:04:07,True,pooled_reference_betting,0.0
51613,2016-05-25 02:00:07,True,pooled_reference_betting,0.0
51621,2016-05-25 02:40:08,True,pooled_reference_betting,0.0
51620,2016-05-25 03:17:07,True,pooled_reference_betting,0.0
51623,2016-05-25 03:40:06,True,pooled_reference_betting,0.0
51789,2016-05-25 14:32:07,True,pooled_reference_betting,0.0
51796,2016-05-25 14:40:06,True,pooled_reference_betting,0.0
51788,2016-05-25 14:54:06,True,pooled_reference_betting,0.0
51801,2016-05-25 15:00:10,True,pooled_reference_betting,0.0
51802,2016-05-25 15:00:10,True,pooled_reference_betting,0.0
51792,2016-05-25 15:04:05,True,pooled_reference_betting,0.0
51807,2016-05-25 15:58:05,True,pooled_reference_betting,0.0
51830,2016-05-25 16:40:06,True,pooled_reference_betting,0.0
51831,2016-05-25 16:42:09,True,pooled_reference_betting,0.0
51824,2016-05-25 17:01:10,True,pooled_reference_betting,0.0
51838,2016-05-25 17:05:05,True,pooled_reference_betting,0.0
51846,2016-05-25 17:20:06,True,pooled_reference_betting,0.0
51848,2016-05-25 17:28:11,True,pooled_reference_betting,0.0
51855,2016-05-25 18:25:05,True,pooled_reference_betting,0.0
51958,2016-05-26 05:42:04,True,pooled_reference_betting,0.0
51961,2016-05-26 05:45:04,True,pooled_reference_betting,0.0
51969,2016-05-26 06:00:05,True,pooled_reference_betting,0.0
51960,2016-05-26 06:05:07,True,pooled_reference_betting,0.0
51972,2016-05-26 06:20:05,True,pooled_reference_betting,0.0
51975,2016-05-26 07:22:06,True,pooled_reference_betting,0.0
51977,2016-05-26 07:38:04,True,pooled_reference_betting,0.0
51979,2016-05-26 07:40:05,True,pooled_reference_betting,0.0
51985,2016-05-26 08:00:05,True,pooled_reference_betting,0.0
51984,2016-05-26 08:16:04,True,pooled_reference_betting,0.0
51990,2016-05-26 09:00:04,True,pooled_reference_betting,0.0
51991,2016-05-26 09:00:05,True,pooled_reference_betting,0.0
51994,2016-05-26 09:00:07,True,pooled_reference_betting,0.0
51989,2016-05-26 09:14:10,True,pooled_reference_betting,0.0
51998,2016-05-26 09:20:06,True,pooled_reference_betting,0.0
52000,2016-05-26 09:29:08,True,pooled_reference_betting,0.0
51992,2016-05-26 09:32:05,True,pooled_reference_betting,0.0
51999,2016-05-26 09:33:06,True,pooled_reference_betting,0.0
51996,2016-05-26 09:35:10,True,pooled_reference_betting,0.0
51993,2016-05-26 09:44:05,True,pooled_reference_betting,0.0
52160,2016-05-26 21:05:06,True,pooled_reference_betting,0.0
52161,2016-05-26 21:21:10,True,pooled_reference_betting,0.0
52159,2016-05-26 21:41:05,True,pooled_reference_betting,0.0
52166,2016-05-26 21:46:09,True,pooled_reference_betting,0.0
52164,2016-05-26 22:06:05,True,pooled_reference_betting,0.0
52175,2016-05-26 22:20:06,True,pooled_reference_betting,0.0
52183,2016-05-26 23:22:09,True,pooled_reference_betting,0.0
52182,2016-05-26 23:26:07,True,pooled_reference_betting,0.0
52187,2016-05-27 00:24:04,True,pooled_reference_betting,0.0
52193,2016-05-27 01:00:05,True,pooled_reference_betting,0.0
52194,2016-05-27 01:00:06,True,pooled_reference_betting,0.0
52195,2016-05-27 01:03:10,True,pooled_reference_betting,0.0
52310,2016-05-27 12:40:21,True,pooled_reference_betting,0.0
52300,2016-05-27 12:46:05,True,pooled_reference_betting,0.0
52302,2016-05-27 12:51:07,True,pooled_reference_betting,0.0
52304,2016-05-27 12:54:10,True,pooled_reference_betting,0.0
52309,2016-05-27 12:56:15,True,pooled_reference_betting,0.0
52303,2016-05-27 13:01:10,True,pooled_reference_betting,0.0
52322,2016-05-27 13:20:11,True,pooled_reference_betting,0.0
52318,2016-05-27 13:26:11,True,pooled_reference_betting,0.0
52308,2016-05-27 13:32:15,True,pooled_reference_betting,0.0
52314,2016-05-27 13:36:05,True,pooled_reference_betting,0.0
52321,2016-05-27 13:36:06,True,pooled_reference_betting,0.0
52330,2016-05-27 13:40:05,True,pooled_reference_betting,0.0
52332,2016-05-27 13:40:12,True,pooled_reference_betting,0.0
52333,2016-05-27 13:40:12,True,pooled_reference_betting,0.0
52317,2016-05-27 13:42:10,True,pooled_reference_betting,0.0
52316,2016-05-27 13:47:08,True,pooled_reference_betting,0.0
52329,2016-05-27 13:51:05,True,pooled_reference_betting,0.0
52341,2016-05-27 14:00:10,True,pooled_reference_betting,0.0
52320,2016-05-27 14:07:05,True,pooled_reference_betting,0.0
52340,2016-05-27 14:20:07,True,pooled_reference_betting,0.0
52344,2016-05-27 14:20:07,True,pooled_reference_betting,0.0
52347,2016-05-27 14:20:10,True,pooled_reference_betting,0.0
52351,2016-05-27 14:40:10,True,pooled_reference_betting,0.0
52354,2016-05-27 15:00:10,True,pooled_reference_betting,0.0
52345,2016-05-27 15:15:08,True,pooled_reference_betting,0.0
52350,2016-05-27 15:36:06,True,pooled_reference_betting,0.0
52357,2016-05-27 15:58:14,True,pooled_reference_betting,0.0
52360,2016-05-27 16:04:08,True,pooled_reference_betting,0.0
52466,2016-05-28 04:43:07,True,pooled_reference_betting,0.0
52472,2016-05-28 06:11:07,True,pooled_reference_betting,0.0
52484,2016-05-28 07:00:05,True,pooled_reference_betting,0.0
52480,2016-05-28 07:07:05,True,pooled_reference_betting,0.0
52483,2016-05-28 07:37:05,True,pooled_reference_betting,0.0
52540,2016-05-28 22:08:06,True,pooled_reference_betting,0.0
52544,2016-05-28 23:00:08,True,pooled_reference_betting,0.0
52541,2016-05-28 23:01:05,True,pooled_reference_betting,0.0
52546,2016-05-28 23:20:05,True,pooled_reference_betting,0.0
52549,2016-05-29 00:13:09,True,pooled_reference_betting,0.0
52550,2016-05-29 00:35:05,True,pooled_reference_betting,0.0
52551,2016-05-29 01:09:12,True,pooled_reference_betting,0.0
52555,2016-05-29 01:21:06,True,pooled_reference_betting,0.0
52558,2016-05-29 01:58:08,True,pooled_reference_betting,0.0
52557,2016-05-29 02:25:05,True,pooled_reference_betting,0.0
52561,2016-05-29 03:11:06,True,pooled_reference_betting,0.0
52565,2016-05-29 03:20:09,True,pooled_reference_betting,0.0
52627,2016-05-29 16:26:05,True,pooled_reference_betting,0.0
52636,2016-05-29 16:40:05,True,pooled_reference_betting,0.0
52641,2016-05-29 17:00:07,True,pooled_reference_betting,0.0
52642,2016-05-29 17:00:09,True,pooled_reference_betting,0.0
52632,2016-05-29 17:04:05,True,pooled_reference_betting,0.0
52645,2016-05-29 17:20:07,True,pooled_reference_betting,0.0
52653,2016-05-29 18:02:07,True,pooled_reference_betting,0.0
52650,2016-05-29 18:08:05,True,pooled_reference_betting,0.0
52659,2016-05-29 18:20:10,True,pooled_reference_betting,0.0
52651,2016-05-29 18:29:05,True,pooled_reference_betting,0.0
52655,2016-05-29 18:31:05,True,pooled_reference_betting,0.0
52661,2016-05-29 19:25:05,True,pooled_reference_betting,0.0
52664,2016-05-29 19:59:06,True,pooled_reference_betting,0.0
52667,2016-05-29 20:00:11,True,pooled_reference_betting,0.0
52663,2016-05-29 20:01:05,True,pooled_reference_betting,0.0
52675,2016-05-29 22:00:09,True,pooled_reference_betting,0.0
52673,2016-05-29 22:16:10,True,pooled_reference_betting,0.0
52674,2016-05-29 22:46:06,True,pooled_reference_betting,0.0
52785,2016-05-30 10:02:08,True,pooled_reference_betting,0.0
52783,2016-05-30 10:11:06,True,pooled_reference_betting,0.0
52784,2016-05-30 10:11:07,True,pooled_reference_betting,0.0
52782,2016-05-30 10:16:06,True,pooled_reference_betting,0.0
52789,2016-05-30 10:20:07,True,pooled_reference_betting,0.0
52787,2016-05-30 10:23:06,True,pooled_reference_betting,0.0
52791,2016-05-30 10:23:08,True,pooled_reference_betting,0.0
52795,2016-05-30 10:40:06,True,pooled_reference_betting,0.0
52794,2016-05-30 10:41:05,True,pooled_reference_betting,0.0
52797,2016-05-30 11:00:05,True,pooled_reference_betting,0.0
52790,2016-05-30 11:08:07,True,pooled_reference_betting,0.0
52800,2016-05-30 11:20:09,True,pooled_reference_betting,0.0
52796,2016-05-30 11:23:07,True,pooled_reference_betting,0.0
52798,2016-05-30 11:42:07,True,pooled_reference_betting,0.0
52804,2016-05-30 12:08:06,True,pooled_reference_betting,0.0
52805,2016-05-30 12:22:08,True,pooled_reference_betting,0.0
52809,2016-05-30 12:41:08,True,pooled_reference_betting,0.0
52815,2016-05-30 12:49:06,True,pooled_reference_betting,0.0
52817,2016-05-30 12:56:07,True,pooled_reference_betting,0.0
52813,2016-05-30 13:00:05,True,pooled_reference_betting,0.0
52820,2016-05-30 13:09:09,True,pooled_reference_betting,0.0
52822,2016-05-30 13:20:08,True,pooled_reference_betting,0.0
52828,2016-05-30 13:45:10,True,pooled_reference_betting,0.0
52832,2016-05-30 14:00:08,True,pooled_reference_betting,0.0
52826,2016-05-30 14:01:08,True,pooled_reference_betting,0.0
52827,2016-05-30 14:03:10,True,pooled_reference_betting,0.0
52825,2016-05-30 14:17:06,True,pooled_reference_betting,0.0
52833,2016-05-30 14:39:08,True,pooled_reference_betting,0.0
52838,2016-05-30 14:45:06,True,pooled_reference_betting,0.0
52846,2016-05-30 15:00:09,True,pooled_reference_betting,0.0
52847,2016-05-30 15:00:11,True,pooled_reference_betting,0.0
52848,2016-05-30 15:00:11,True,pooled_reference_betting,0.0
52839,2016-05-30 15:04:07,True,pooled_reference_betting,0.0
52840,2016-05-30 15:08:09,True,pooled_reference_betting,0.0
52845,2016-05-30 15:13:05,True,pooled_reference_betting,0.0
52843,2016-05-30 15:17:06,True,pooled_reference_betting,0.0
52841,2016-05-30 15:17:10,True,pooled_reference_betting,0.0
52860,2016-05-30 15:42:07,True,pooled_reference_betting,0.0
52854,2016-05-30 15:43:09,True,pooled_reference_betting,0.0
52856,2016-05-30 16:01:05,True,pooled_reference_betting,0.0
52864,2016-05-30 16:20:06,True,pooled_reference_betting,0.0
52865,2016-05-30 16:20:11,True,pooled_reference_betting,0.0
52875,2016-05-30 17:00:06,True,pooled_reference_betting,0.0
52876,2016-05-30 17:14:07,True,pooled_reference_betting,0.0
52885,2016-05-30 17:20:05,True,pooled_reference_betting,0.0
52874,2016-05-30 17:32:05,True,pooled_reference_betting,0.0
52878,2016-05-30 17:32:11,True,pooled_reference_betting,0.0
52883,2016-05-30 17:37:05,True,pooled_reference_betting,0.0
52889,2016-05-30 18:20:06,True,pooled_reference_betting,0.0
52905,2016-05-30 18:40:08,True,pooled_reference_betting,0.0
52906,2016-05-30 18:40:08,True,pooled_reference_betting,0.0
52899,2016-05-30 19:14:09,True,pooled_reference_betting,0.0
53023,2016-05-31 06:32:06,True,pooled_reference_betting,0.0
53019,2016-05-31 06:32:07,True,pooled_reference_betting,0.0
53026,2016-05-31 06:38:07,True,pooled_reference_betting,0.0
53030,2016-05-31 06:40:05,True,pooled_reference_betting,0.0
53031,2016-05-31 06:40:06,True,pooled_reference_betting,0.0
53033,2016-05-31 07:20:07,True,pooled_reference_betting,0.0
53038,2016-05-31 07:40:05,True,pooled_reference_betting,0.0
53034,2016-05-31 07:41:08,True,pooled_reference_betting,0.0
53041,2016-05-31 08:01:08,True,pooled_reference_betting,0.0
53039,2016-05-31 08:05:06,True,pooled_reference_betting,0.0
53049,2016-05-31 08:41:20,True,pooled_reference_betting,0.0
53043,2016-05-31 08:51:06,True,pooled_reference_betting,0.0
53058,2016-05-31 09:40:07,True,pooled_reference_betting,0.0
53052,2016-05-31 09:49:09,True,pooled_reference_betting,0.0
53055,2016-05-31 10:05:10,True,pooled_reference_betting,0.0
53065,2016-05-31 10:23:06,True,pooled_reference_betting,0.0
53071,2016-05-31 10:34:08,True,pooled_reference_betting,0.0
53070,2016-05-31 10:38:07,True,pooled_reference_betting,0.0
53077,2016-05-31 10:40:10,True,pooled_reference_betting,0.0
53080,2016-05-31 11:00:05,True,pooled_reference_betting,0.0
53081,2016-05-31 11:00:05,True,pooled_reference_betting,0.0
53082,2016-05-31 11:00:09,True,pooled_reference_betting,0.0
53279,2016-05-31 23:40:10,True,pooled_reference_betting,0.0
53274,2016-06-01 00:00:08,True,pooled_reference_betting,0.0
53275,2016-06-01 00:00:10,True,pooled_reference_betting,0.0
53285,2016-06-01 00:20:06,True,pooled_reference_betting,0.0
53277,2016-06-01 00:21:07,True,pooled_reference_betting,0.0
53301,2016-06-01 01:00:07,True,pooled_reference_betting,0.0
53304,2016-06-01 01:20:10,True,pooled_reference_betting,0.0
53293,2016-06-01 01:31:09,True,pooled_reference_betting,0.0
53308,2016-06-01 01:40:07,True,pooled_reference_betting,0.0
53313,2016-06-01 02:00:06,True,pooled_reference_betting,0.0
53307,2016-06-01 02:31:07,True,pooled_reference_betting,0.0
53309,2016-06-01 02:38:09,True,pooled_reference_betting,0.0
53314,2016-06-01 02:52:08,True,pooled_reference_betting,0.0
53317,2016-06-01 02:57:07,True,pooled_reference_betting,0.0
53322,2016-06-01 03:02:16,True,pooled_reference_betting,0.0
53316,2016-06-01 03:08:06,True,pooled_reference_betting,0.0
53333,2016-06-01 03:25:06,True,pooled_reference_betting,0.0
53329,2016-06-01 03:26:08,True,pooled_reference_betting,0.0
53328,2016-06-01 03:39:07,True,pooled_reference_betting,0.0
53332,2016-06-01 04:04:05,True,pooled_reference_betting,0.0
53337,2016-06-01 04:12:06,True,pooled_reference_betting,0.0
53688,2016-06-02 05:31:06,True,pooled_reference_betting,0.0
53690,2016-06-02 06:09:09,True,pooled_reference_betting,0.0
53699,2016-06-02 06:53:11,True,pooled_reference_betting,0.0
53710,2016-06-02 08:00:06,True,pooled_reference_betting,0.0
53720,2016-06-02 09:00:07,True,pooled_reference_betting,0.0
53721,2016-06-02 09:10:07,True,pooled_reference_betting,0.0
53875,2016-06-02 22:08:08,True,pooled_reference_betting,0.0
53878,2016-06-02 22:40:08,True,pooled_reference_betting,0.0
53879,2016-06-02 22:40:09,True,pooled_reference_betting,0.0
53876,2016-06-02 22:58:06,True,pooled_reference_betting,0.0
53880,2016-06-02 23:00:07,True,pooled_reference_betting,0.0
53887,2016-06-02 23:40:08,True,pooled_reference_betting,0.0
53886,2016-06-02 23:45:06,True,pooled_reference_betting,0.0
53884,2016-06-02 23:55:06,True,pooled_reference_betting,0.0
54009,2016-06-03 12:00:06,True,pooled_reference_betting,0.0
54013,2016-06-03 12:20:07,True,pooled_reference_betting,0.0
54003,2016-06-03 12:23:07,True,pooled_reference_betting,0.0
54019,2016-06-03 13:00:07,True,pooled_reference_betting,0.0
54016,2016-06-03 13:12:08,True,pooled_reference_betting,0.0
54018,2016-06-03 13:41:06,True,pooled_reference_betting,0.0
54029,2016-06-03 13:44:09,True,pooled_reference_betting,0.0
54026,2016-06-03 13:45:07,True,pooled_reference_betting,0.0
54028,2016-06-03 13:56:09,True,pooled_reference_betting,0.0
54032,2016-06-03 14:06:06,True,pooled_reference_betting,0.0
54040,2016-06-03 14:20:06,True,pooled_reference_betting,0.0
54033,2016-06-03 14:39:08,True,pooled_reference_betting,0.0
54041,2016-06-03 14:47:08,True,pooled_reference_betting,0.0
54051,2016-06-03 15:00:12,True,pooled_reference_betting,0.0
54049,2016-06-03 15:06:06,True,pooled_reference_betting,0.0
54047,2016-06-03 15:10:08,True,pooled_reference_betting,0.0
54046,2016-06-03 15:16:07,True,pooled_reference_betting,0.0
54050,2016-06-03 15:36:06,True,pooled_reference_betting,0.0
54189,2016-06-04 03:05:07,True,pooled_reference_betting,0.0
54190,2016-06-04 03:22:11,True,pooled_reference_betting,0.0
54196,2016-06-04 05:07:24,True,pooled_reference_betting,0.0
54199,2016-06-04 06:14:11,True,pooled_reference_betting,0.0
54201,2016-06-04 06:54:09,True,pooled_reference_betting,0.0
54204,2016-06-04 08:15:10,True,pooled_reference_betting,0.0
54266,2016-06-04 19:44:09,True,pooled_reference_betting,0.0
54276,2016-06-04 22:00:09,True,pooled_reference_betting,0.0
54273,2016-06-04 22:09:06,True,pooled_reference_betting,0.0
54274,2016-06-04 22:17:06,True,pooled_reference_betting,0.0
54279,2016-06-04 23:03:11,True,pooled_reference_betting,0.0
54278,2016-06-04 23:06:11,True,pooled_reference_betting,0.0
54285,2016-06-04 23:40:07,True,pooled_reference_betting,0.0
54282,2016-06-04 23:45:06,True,pooled_reference_betting,0.0
54283,2016-06-05 00:01:09,True,pooled_reference_betting,0.0
54286,2016-06-05 00:35:06,True,pooled_reference_betting,0.0
54289,2016-06-05 01:00:08,True,pooled_reference_betting,0.0
54345,2016-06-05 13:01:10,True,pooled_reference_betting,0.0
54344,2016-06-05 13:01:11,True,pooled_reference_betting,0.0
54350,2016-06-05 14:16:06,True,pooled_reference_betting,0.0
54349,2016-06-05 14:34:06,True,pooled_reference_betting,0.0
54352,2016-06-05 14:34:10,True,pooled_reference_betting,0.0
54354,2016-06-05 15:20:06,True,pooled_reference_betting,0.0
54364,2016-06-05 15:40:07,True,pooled_reference_betting,0.0
54365,2016-06-05 16:18:13,True,pooled_reference_betting,0.0
54373,2016-06-05 16:52:12,True,pooled_reference_betting,0.0
54369,2016-06-05 17:03:06,True,pooled_reference_betting,0.0
54371,2016-06-05 17:06:10,True,pooled_reference_betting,0.0
54376,2016-06-05 17:38:09,True,pooled_reference_betting,0.0
54381,2016-06-05 17:40:07,True,pooled_reference_betting,0.0
54380,2016-06-05 17:55:06,True,pooled_reference_betting,0.0
54383,2016-06-05 18:00:07,True,pooled_reference_betting,0.0
54379,2016-06-05 18:02:06,True,pooled_reference_betting,0.0
54378,2016-06-05 18:05:06,True,pooled_reference_betting,0.0
54386,2016-06-05 18:20:12,True,pooled_reference_betting,0.0
54382,2016-06-05 18:35:07,True,pooled_reference_betting,0.0
54391,2016-06-05 19:10:11,True,pooled_reference_betting,0.0
54390,2016-06-05 19:19:07,True,pooled_reference_betting,0.0
54394,2016-06-05 19:34:08,True,pooled_reference_betting,0.0
54396,2016-06-05 20:02:06,True,pooled_reference_betting,0.0
54485,2016-06-06 07:01:06,True,pooled_reference_betting,0.0
54493,2016-06-06 08:40:07,True,pooled_reference_betting,0.0
54497,2016-06-06 09:00:07,True,pooled_reference_betting,0.0
54500,2016-06-06 09:20:06,True,pooled_reference_betting,0.0
54507,2016-06-06 10:03:12,True,pooled_reference_betting,0.0
54504,2016-06-06 10:16:06,True,pooled_reference_betting,0.0
54519,2016-06-06 10:40:09,True,pooled_reference_betting,0.0
54512,2016-06-06 10:55:07,True,pooled_reference_betting,0.0
54523,2016-06-06 11:00:06,True,pooled_reference_betting,0.0
54524,2016-06-06 11:00:07,True,pooled_reference_betting,0.0
54525,2016-06-06 11:01:07,True,pooled_reference_betting,0.0
54513,2016-06-06 11:02:09,True,pooled_reference_betting,0.0
54518,2016-06-06 11:26:07,True,pooled_reference_betting,0.0
54522,2016-06-06 11:28:06,True,pooled_reference_betting,0.0
54529,2016-06-06 11:32:07,True,pooled_reference_betting,0.0
54531,2016-06-06 11:32:08,True,pooled_reference_betting,0.0
54530,2016-06-06 11:42:07,True,pooled_reference_betting,0.0
54537,2016-06-06 11:45:08,True,pooled_reference_betting,0.0
54539,2016-06-06 12:00:07,True,pooled_reference_betting,0.0
54536,2016-06-06 12:10:07,True,pooled_reference_betting,0.0
54532,2016-06-06 12:17:09,True,pooled_reference_betting,0.0
54549,2016-06-06 12:20:12,True,pooled_reference_betting,0.0
54543,2016-06-06 12:31:09,True,pooled_reference_betting,0.0
54545,2016-06-06 12:32:11,True,pooled_reference_betting,0.0
54542,2016-06-06 12:42:08,True,pooled_reference_betting,0.0
54552,2016-06-06 12:53:08,True,pooled_reference_betting,0.0
54558,2016-06-06 13:00:08,True,pooled_reference_betting,0.0
54548,2016-06-06 13:05:08,True,pooled_reference_betting,0.0
54547,2016-06-06 13:08:08,True,pooled_reference_betting,0.0
54565,2016-06-06 13:20:07,True,pooled_reference_betting,0.0
54553,2016-06-06 13:36:08,True,pooled_reference_betting,0.0
54572,2016-06-06 13:40:11,True,pooled_reference_betting,0.0
54564,2016-06-06 13:54:06,True,pooled_reference_betting,0.0
54577,2016-06-06 14:32:11,True,pooled_reference_betting,0.0
54581,2016-06-06 14:59:07,True,pooled_reference_betting,0.0
54582,2016-06-06 15:04:11,True,pooled_reference_betting,0.0
54590,2016-06-06 15:15:08,True,pooled_reference_betting,0.0
54596,2016-06-06 15:23:07,True,pooled_reference_betting,0.0
54597,2016-06-06 15:38:07,True,pooled_reference_betting,0.0
54598,2016-06-06 15:38:08,True,pooled_reference_betting,0.0
54599,2016-06-06 15:40:09,True,pooled_reference_betting,0.0
54612,2016-06-06 16:00:10,True,pooled_reference_betting,0.0
54604,2016-06-06 16:00:23,True,pooled_reference_betting,0.0
54609,2016-06-06 16:10:12,True,pooled_reference_betting,0.0
54608,2016-06-06 16:16:10,True,pooled_reference_betting,0.0
54606,2016-06-06 16:37:08,True,pooled_reference_betting,0.0
54618,2016-06-06 16:43:06,True,pooled_reference_betting,0.0
54620,2016-06-06 16:59:07,True,pooled_reference_betting,0.0
54619,2016-06-06 17:02:07,True,pooled_reference_betting,0.0
54754,2016-06-07 05:26:22,True,pooled_reference_betting,0.0
54761,2016-06-07 06:20:06,True,pooled_reference_betting,0.0
54762,2016-06-07 06:26:07,True,pooled_reference_betting,0.0
54772,2016-06-07 07:00:08,True,pooled_reference_betting,0.0
54778,2016-06-07 07:41:11,True,pooled_reference_betting,0.0
54777,2016-06-07 07:53:09,True,pooled_reference_betting,0.0
54774,2016-06-07 07:58:07,True,pooled_reference_betting,0.0
54775,2016-06-07 08:03:08,True,pooled_reference_betting,0.0
54785,2016-06-07 09:08:09,True,pooled_reference_betting,0.0
54792,2016-06-07 09:36:08,True,pooled_reference_betting,0.0
54793,2016-06-07 09:45:10,True,pooled_reference_betting,0.0
54794,2016-06-07 10:02:12,True,pooled_reference_betting,0.0
54790,2016-06-07 10:17:06,True,pooled_reference_betting,0.0
54798,2016-06-07 10:18:08,True,pooled_reference_betting,0.0
54924,2016-06-07 21:01:06,True,pooled_reference_betting,0.0
54933,2016-06-07 21:20:12,True,pooled_reference_betting,0.0
54932,2016-06-07 22:06:08,True,pooled_reference_betting,0.0
54939,2016-06-07 22:27:12,True,pooled_reference_betting,0.0
54949,2016-06-07 22:50:14,True,pooled_reference_betting,0.0
55212,2016-06-08 21:46:08,True,pooled_reference_betting,0.0
55225,2016-06-08 22:04:13,True,pooled_reference_betting,0.0
55227,2016-06-08 22:20:07,True,pooled_reference_betting,0.0
55232,2016-06-08 22:45:09,True,pooled_reference_betting,0.0
55231,2016-06-08 23:31:07,True,pooled_reference_betting,0.0
55234,2016-06-08 23:40:07,True,pooled_reference_betting,0.0
55236,2016-06-08 23:50:11,True,pooled_reference_betting,0.0
55235,2016-06-08 23:59:10,True,pooled_reference_betting,0.0
55238,2016-06-09 00:20:06,True,pooled_reference_betting,0.0
55241,2016-06-09 00:20:07,True,pooled_reference_betting,0.0
55242,2016-06-09 00:20:07,True,pooled_reference_betting,0.0
55245,2016-06-09 00:40:07,True,pooled_reference_betting,0.0
55239,2016-06-09 00:47:09,True,pooled_reference_betting,0.0
55251,2016-06-09 01:00:09,True,pooled_reference_betting,0.0
55250,2016-06-09 01:41:07,True,pooled_reference_betting,0.0
55255,2016-06-09 02:28:10,True,pooled_reference_betting,0.0
55253,2016-06-09 02:35:09,True,pooled_reference_betting,0.0
55661,2016-06-10 19:40:07,True,pooled_reference_betting,0.0
55663,2016-06-10 19:49:12,True,pooled_reference_betting,0.0
55659,2016-06-10 20:13:07,True,pooled_reference_betting,0.0
57577,2016-06-18 21:15:03,True,pooled_reference_betting,0.0
57588,2016-06-18 21:40:03,True,pooled_reference_betting,0.0
57585,2016-06-18 22:13:10,True,pooled_reference_betting,0.0
57591,2016-06-18 22:40:03,True,pooled_reference_betting,0.0
57592,2016-06-18 22:40:07,True,pooled_reference_betting,0.0
57612,2016-06-19 05:32:04,True,pooled_reference_betting,0.0
57629,2016-06-19 07:05:04,True,pooled_reference_betting,0.0
57624,2016-06-19 07:20:03,True,pooled_reference_betting,0.0
57625,2016-06-19 07:24:04,True,pooled_reference_betting,0.0
57635,2016-06-19 07:52:03,True,pooled_reference_betting,0.0
57641,2016-06-19 08:20:08,True,pooled_reference_betting,0.0
57640,2016-06-19 09:04:06,True,pooled_reference_betting,0.0
57638,2016-06-19 09:13:03,True,pooled_reference_betting,0.0
57645,2016-06-19 09:16:03,True,pooled_reference_betting,0.0
57659,2016-06-19 10:40:13,True,pooled_reference_betting,0.0
57664,2016-06-19 11:00:04,True,pooled_reference_betting,0.0
57660,2016-06-19 11:06:13,True,pooled_reference_betting,0.0
57665,2016-06-19 11:31:06,True,pooled_reference_betting,0.0
57668,2016-06-19 11:40:03,True,pooled_reference_betting,0.0
57672,2016-06-19 12:00:07,True,pooled_reference_betting,0.0
57708,2016-06-19 20:36:03,True,pooled_reference_betting,0.0
57719,2016-06-19 22:02:03,True,pooled_reference_betting,0.0
57721,2016-06-19 22:11:07,True,pooled_reference_betting,0.0
57723,2016-06-19 22:36:03,True,pooled_reference_betting,0.0
57725,2016-06-19 22:44:14,True,pooled_reference_betting,0.0
57726,2016-06-19 22:55:15,True,pooled_reference_betting,0.0
57727,2016-06-19 22:56:04,True,pooled_reference_betting,0.0
57730,2016-06-19 23:03:03,True,pooled_reference_betting,0.0
57737,2016-06-19 23:20:06,True,pooled_reference_betting,0.0
57735,2016-06-20 00:03:03,True,pooled_reference_betting,0.0
57738,2016-06-20 00:05:03,True,pooled_reference_betting,0.0
57744,2016-06-20 00:40:03,True,pooled_reference_betting,0.0
57739,2016-06-20 00:49:05,True,pooled_reference_betting,0.0
57743,2016-06-20 01:17:03,True,pooled_reference_betting,0.0
57747,2016-06-20 01:17:03,True,pooled_reference_betting,0.0
57749,2016-06-20 01:20:06,True,pooled_reference_betting,0.0
57751,2016-06-20 01:40:04,True,pooled_reference_betting,0.0
57752,2016-06-20 01:40:05,True,pooled_reference_betting,0.0
57755,2016-06-20 02:42:06,True,pooled_reference_betting,0.0
57758,2016-06-20 03:40:04,True,pooled_reference_betting,0.0
57761,2016-06-20 03:40:07,True,pooled_reference_betting,0.0
57759,2016-06-20 03:56:04,True,pooled_reference_betting,0.0
57766,2016-06-20 04:42:07,True,pooled_reference_betting,0.0
57770,2016-06-20 05:34:04,True,pooled_reference_betting,0.0
57778,2016-06-20 06:35:04,True,pooled_reference_betting,0.0
57791,2016-06-20 07:20:04,True,pooled_reference_betting,0.0
57784,2016-06-20 07:35:09,True,pooled_reference_betting,0.0
57785,2016-06-20 07:46:04,True,pooled_reference_betting,0.0
57794,2016-06-20 08:01:05,True,pooled_reference_betting,0.0
57798,2016-06-20 08:22:04,True,pooled_reference_betting,0.0
57793,2016-06-20 08:25:04,True,pooled_reference_betting,0.0
57799,2016-06-20 08:29:04,True,pooled_reference_betting,0.0
57800,2016-06-20 08:33:06,True,pooled_reference_betting,0.0
57820,2016-06-20 10:00:09,True,pooled_reference_betting,0.0
57811,2016-06-20 10:06:05,True,pooled_reference_betting,0.0
57809,2016-06-20 10:09:03,True,pooled_reference_betting,0.0
57818,2016-06-20 10:19:03,True,pooled_reference_betting,0.0
57829,2016-06-20 10:40:10,True,pooled_reference_betting,0.0
57830,2016-06-20 10:40:10,True,pooled_reference_betting,0.0
57822,2016-06-20 10:58:04,True,pooled_reference_betting,0.0
57824,2016-06-20 11:03:07,True,pooled_reference_betting,0.0
57827,2016-06-20 11:04:05,True,pooled_reference_betting,0.0
57838,2016-06-20 11:20:04,True,pooled_reference_betting,0.0
57834,2016-06-20 11:21:06,True,pooled_reference_betting,0.0
57845,2016-06-20 12:07:04,True,pooled_reference_betting,0.0
57848,2016-06-20 12:10:04,True,pooled_reference_betting,0.0
57855,2016-06-20 12:20:10,True,pooled_reference_betting,0.0
57858,2016-06-20 13:07:03,True,pooled_reference_betting,0.0
57854,2016-06-20 13:08:06,True,pooled_reference_betting,0.0
57859,2016-06-20 13:19:06,True,pooled_reference_betting,0.0
57864,2016-06-20 13:33:06,True,pooled_reference_betting,0.0
57875,2016-06-20 14:00:11,True,pooled_reference_betting,0.0
57873,2016-06-20 14:20:04,True,pooled_reference_betting,0.0
57879,2016-06-20 14:20:07,True,pooled_reference_betting,0.0
57870,2016-06-20 14:30:05,True,pooled_reference_betting,0.0
57869,2016-06-20 14:38:05,True,pooled_reference_betting,0.0
57878,2016-06-20 14:45:06,True,pooled_reference_betting,0.0
57874,2016-06-20 14:49:06,True,pooled_reference_betting,0.0
57877,2016-06-20 15:17:05,True,pooled_reference_betting,0.0
57883,2016-06-20 15:34:05,True,pooled_reference_betting,0.0
57894,2016-06-20 15:50:03,True,pooled_reference_betting,0.0
57889,2016-06-20 15:59:03,True,pooled_reference_betting,0.0
57902,2016-06-20 16:02:09,True,pooled_reference_betting,0.0
57923,2016-06-20 17:17:07,True,pooled_reference_betting,0.0
57920,2016-06-20 17:32:04,True,pooled_reference_betting,0.0
57930,2016-06-20 17:32:08,True,pooled_reference_betting,0.0
57929,2016-06-20 17:52:04,True,pooled_reference_betting,0.0
57936,2016-06-20 18:00:05,True,pooled_reference_betting,0.0
57949,2016-06-20 18:43:04,True,pooled_reference_betting,0.0
57970,2016-06-20 20:00:08,True,pooled_reference_betting,0.0
57960,2016-06-20 20:01:06,True,pooled_reference_betting,0.0
46414,2016-05-01 00:40:15,True,direct_loss,0.0
46420,2016-05-01 01:40:16,True,direct_loss,0.0
46425,2016-05-01 02:20:20,True,direct_loss,0.0
46426,2016-05-01 02:20:20,True,direct_loss,0.0
46428,2016-05-01 02:40:14,True,direct_loss,0.0
46435,2016-05-01 04:57:15,True,direct_loss,0.0
46434,2016-05-01 05:06:20,True,direct_loss,0.0
46437,2016-05-01 05:38:29,True,direct_loss,0.0
46444,2016-05-01 06:00:16,True,direct_loss,0.0
46446,2016-05-01 06:00:20,True,direct_loss,0.0
46440,2016-05-01 06:05:19,True,direct_loss,0.0
46445,2016-05-01 06:11:19,True,direct_loss,0.0
46454,2016-05-01 07:00:14,True,direct_loss,0.0
46455,2016-05-01 07:02:16,True,direct_loss,0.0
46451,2016-05-01 07:06:17,True,direct_loss,0.0
46531,2016-05-01 18:40:14,True,direct_loss,0.0
46534,2016-05-01 18:40:14,True,direct_loss,0.0
46536,2016-05-01 19:16:18,True,direct_loss,0.0
46535,2016-05-01 19:24:16,True,direct_loss,0.0
46544,2016-05-01 20:16:14,True,direct_loss,0.0
46548,2016-05-01 20:42:16,True,direct_loss,0.0
46554,2016-05-01 21:00:21,True,direct_loss,0.0
46553,2016-05-01 21:06:17,True,direct_loss,0.0
46549,2016-05-01 21:14:22,True,direct_loss,0.0
46552,2016-05-01 21:40:14,True,direct_loss,0.0
46559,2016-05-01 21:40:15,True,direct_loss,0.0
46555,2016-05-01 21:51:16,True,direct_loss,0.0
46563,2016-05-01 22:00:15,True,direct_loss,0.0
46560,2016-05-01 22:03:17,True,direct_loss,0.0
46561,2016-05-01 22:03:18,True,direct_loss,0.0
46564,2016-05-01 22:58:16,True,direct_loss,0.0
46574,2016-05-01 23:40:15,True,direct_loss,0.0
46575,2016-05-02 00:04:18,True,direct_loss,0.0
46578,2016-05-02 00:17:16,True,direct_loss,0.0
46581,2016-05-02 00:37:19,True,direct_loss,0.0
46588,2016-05-02 01:11:14,True,direct_loss,0.0
46582,2016-05-02 01:11:20,True,direct_loss,0.0
46592,2016-05-02 01:40:15,True,direct_loss,0.0
46589,2016-05-02 01:41:15,True,direct_loss,0.0
46594,2016-05-02 02:41:17,True,direct_loss,0.0
46596,2016-05-02 02:42:19,True,direct_loss,0.0
46608,2016-05-02 04:38:20,True,direct_loss,0.0
46725,2016-05-02 15:24:14,True,direct_loss,0.0
46726,2016-05-02 15:29:14,True,direct_loss,0.0
46740,2016-05-02 15:40:16,True,direct_loss,0.0
46743,2016-05-02 16:00:15,True,direct_loss,0.0
46745,2016-05-02 16:00:15,True,direct_loss,0.0
46744,2016-05-02 16:27:15,True,direct_loss,0.0
46756,2016-05-02 16:40:16,True,direct_loss,0.0
46755,2016-05-02 16:57:15,True,direct_loss,0.0
46762,2016-05-02 17:00:18,True,direct_loss,0.0
46763,2016-05-02 17:11:20,True,direct_loss,0.0
46770,2016-05-02 17:20:19,True,direct_loss,0.0
46759,2016-05-02 17:31:15,True,direct_loss,0.0
46778,2016-05-02 17:40:17,True,direct_loss,0.0
46760,2016-05-02 17:43:16,True,direct_loss,0.0
46775,2016-05-02 17:44:15,True,direct_loss,0.0
46761,2016-05-02 17:46:16,True,direct_loss,0.0
46767,2016-05-02 17:47:16,True,direct_loss,0.0
46776,2016-05-02 18:04:15,True,direct_loss,0.0
46781,2016-05-02 18:26:18,True,direct_loss,0.0
46777,2016-05-02 18:37:16,True,direct_loss,0.0
46788,2016-05-02 18:40:14,True,direct_loss,0.0
46789,2016-05-02 18:40:15,True,direct_loss,0.0
46787,2016-05-02 19:02:17,True,direct_loss,0.0
46790,2016-05-02 19:07:15,True,direct_loss,0.0
46792,2016-05-02 19:51:14,True,direct_loss,0.0
46805,2016-05-02 20:00:24,True,direct_loss,0.0
46798,2016-05-02 20:02:15,True,direct_loss,0.0
46797,2016-05-02 20:03:15,True,direct_loss,0.0
46793,2016-05-02 20:11:19,True,direct_loss,0.0
46799,2016-05-02 20:13:17,True,direct_loss,0.0
46808,2016-05-02 20:20:31,True,direct_loss,0.0
46806,2016-05-02 20:29:27,True,direct_loss,0.0
46818,2016-05-02 20:56:21,True,direct_loss,0.0
46820,2016-05-02 21:00:19,True,direct_loss,0.0
46816,2016-05-02 21:01:16,True,direct_loss,0.0
46819,2016-05-02 21:21:19,True,direct_loss,0.0
46933,2016-05-03 09:00:19,True,direct_loss,0.0
46930,2016-05-03 09:16:16,True,direct_loss,0.0
46937,2016-05-03 09:49:21,True,direct_loss,0.0
46936,2016-05-03 09:52:15,True,direct_loss,0.0
46940,2016-05-03 10:00:15,True,direct_loss,0.0
46935,2016-05-03 10:02:15,True,direct_loss,0.0
46941,2016-05-03 10:28:16,True,direct_loss,0.0
46944,2016-05-03 10:33:15,True,direct_loss,0.0
46949,2016-05-03 10:42:21,True,direct_loss,0.0
46946,2016-05-03 10:48:15,True,direct_loss,0.0
46948,2016-05-03 11:01:18,True,direct_loss,0.0
46947,2016-05-03 11:19:15,True,direct_loss,0.0
46952,2016-05-03 11:20:21,True,direct_loss,0.0
46953,2016-05-03 11:40:15,True,direct_loss,0.0
46956,2016-05-03 12:08:15,True,direct_loss,0.0
46959,2016-05-03 12:20:15,True,direct_loss,0.0
46965,2016-05-03 12:40:19,True,direct_loss,0.0
46960,2016-05-03 12:44:20,True,direct_loss,0.0
46969,2016-05-03 13:00:15,True,direct_loss,0.0
46971,2016-05-03 13:13:18,True,direct_loss,0.0
46962,2016-05-03 13:14:18,True,direct_loss,0.0
46978,2016-05-03 13:26:16,True,direct_loss,0.0
46982,2016-05-03 13:40:15,True,direct_loss,0.0
46984,2016-05-03 13:40:21,True,direct_loss,0.0
46979,2016-05-03 13:52:16,True,direct_loss,0.0
46983,2016-05-03 13:54:18,True,direct_loss,0.0
46980,2016-05-03 13:59:21,True,direct_loss,0.0
47118,2016-05-04 01:47:20,True,direct_loss,0.0
47122,2016-05-04 02:00:16,True,direct_loss,0.0
47120,2016-05-04 02:04:18,True,direct_loss,0.0
47125,2016-05-04 02:20:20,True,direct_loss,0.0
47124,2016-05-04 02:46:16,True,direct_loss,0.0
47128,2016-05-04 03:41:19,True,direct_loss,0.0
47127,2016-05-04 03:46:16,True,direct_loss,0.0
47129,2016-05-04 04:01:15,True,direct_loss,0.0
47134,2016-05-04 04:37:16,True,direct_loss,0.0
47133,2016-05-04 04:42:16,True,direct_loss,0.0
47143,2016-05-04 05:00:25,True,direct_loss,0.0
47144,2016-05-04 05:12:27,True,direct_loss,0.0
47150,2016-05-04 05:55:17,True,direct_loss,0.0
47284,2016-05-04 18:07:20,True,direct_loss,0.0
47288,2016-05-04 18:18:17,True,direct_loss,0.0
47297,2016-05-04 18:20:19,True,direct_loss,0.0
47296,2016-05-04 18:40:19,True,direct_loss,0.0
47302,2016-05-04 18:43:15,True,direct_loss,0.0
47292,2016-05-04 18:48:15,True,direct_loss,0.0
47295,2016-05-04 18:56:14,True,direct_loss,0.0
47306,2016-05-04 19:00:15,True,direct_loss,0.0
47313,2016-05-04 19:40:17,True,direct_loss,0.0
47314,2016-05-04 19:40:23,True,direct_loss,0.0
47310,2016-05-04 19:44:31,True,direct_loss,0.0
47317,2016-05-04 20:00:18,True,direct_loss,0.0
47311,2016-05-04 20:02:31,True,direct_loss,0.0
47320,2016-05-04 20:25:18,True,direct_loss,0.0
47325,2016-05-04 20:40:14,True,direct_loss,0.0
47326,2016-05-04 20:40:19,True,direct_loss,0.0
47321,2016-05-04 21:15:19,True,direct_loss,0.0
47411,2016-05-05 09:10:15,True,direct_loss,0.0
47419,2016-05-05 09:20:20,True,direct_loss,0.0
47415,2016-05-05 09:47:25,True,direct_loss,0.0
47414,2016-05-05 09:52:25,True,direct_loss,0.0
47422,2016-05-05 10:06:15,True,direct_loss,0.0
47418,2016-05-05 10:08:16,True,direct_loss,0.0
47427,2016-05-05 10:38:16,True,direct_loss,0.0
47428,2016-05-05 11:00:16,True,direct_loss,0.0
47440,2016-05-05 11:40:18,True,direct_loss,0.0
47436,2016-05-05 12:05:25,True,direct_loss,0.0
47437,2016-05-05 12:10:27,True,direct_loss,0.0
47439,2016-05-05 12:32:14,True,direct_loss,0.0
47444,2016-05-05 12:38:16,True,direct_loss,0.0
47454,2016-05-05 13:02:30,True,direct_loss,0.0
47449,2016-05-05 13:04:18,True,direct_loss,0.0
47463,2016-05-05 13:20:15,True,direct_loss,0.0
47464,2016-05-05 13:20:20,True,direct_loss,0.0
47460,2016-05-05 13:31:19,True,direct_loss,0.0
47468,2016-05-05 13:40:17,True,direct_loss,0.0
47469,2016-05-05 13:40:17,True,direct_loss,0.0
47470,2016-05-05 13:40:19,True,direct_loss,0.0
47611,2016-05-06 02:38:19,True,direct_loss,0.0
47618,2016-05-06 03:00:18,True,direct_loss,0.0
47619,2016-05-06 03:00:20,True,direct_loss,0.0
47622,2016-05-06 03:30:16,True,direct_loss,0.0
47630,2016-05-06 04:40:18,True,direct_loss,0.0
47631,2016-05-06 06:04:16,True,direct_loss,0.0
47774,2016-05-06 18:29:16,True,direct_loss,0.0
47772,2016-05-06 18:31:19,True,direct_loss,0.0
47777,2016-05-06 18:31:23,True,direct_loss,0.0
47771,2016-05-06 18:39:16,True,direct_loss,0.0
47781,2016-05-06 19:11:20,True,direct_loss,0.0
47805,2016-05-06 21:22:19,True,direct_loss,0.0
47804,2016-05-06 21:27:16,True,direct_loss,0.0
47809,2016-05-06 21:51:19,True,direct_loss,0.0
47882,2016-05-07 10:29:16,True,direct_loss,0.0
47888,2016-05-07 12:00:15,True,direct_loss,0.0
47893,2016-05-07 12:33:18,True,direct_loss,0.0
47897,2016-05-07 14:08:14,True,direct_loss,0.0
47903,2016-05-07 14:20:15,True,direct_loss,0.0
47901,2016-05-07 14:32:16,True,direct_loss,0.0
47905,2016-05-07 14:40:16,True,direct_loss,0.0
47906,2016-05-07 14:40:18,True,direct_loss,0.0
47955,2016-05-08 02:57:17,True,direct_loss,0.0
47954,2016-05-08 03:04:16,True,direct_loss,0.0
47957,2016-05-08 03:05:15,True,direct_loss,0.0
47958,2016-05-08 03:06:18,True,direct_loss,0.0
47960,2016-05-08 03:32:16,True,direct_loss,0.0
47961,2016-05-08 03:48:16,True,direct_loss,0.0
47967,2016-05-08 04:27:17,True,direct_loss,0.0
47964,2016-05-08 04:38:16,True,direct_loss,0.0
47971,2016-05-08 05:40:17,True,direct_loss,0.0
47972,2016-05-08 05:49:19,True,direct_loss,0.0
47970,2016-05-08 06:13:15,True,direct_loss,0.0
47969,2016-05-08 06:15:16,True,direct_loss,0.0
47973,2016-05-08 06:17:15,True,direct_loss,0.0
47978,2016-05-08 06:51:15,True,direct_loss,0.0
47982,2016-05-08 07:24:17,True,direct_loss,0.0
47990,2016-05-08 08:20:14,True,direct_loss,0.0
47987,2016-05-08 08:21:17,True,direct_loss,0.0
47992,2016-05-08 08:40:16,True,direct_loss,0.0
47996,2016-05-08 09:00:24,True,direct_loss,0.0
48001,2016-05-08 09:20:18,True,direct_loss,0.0
48003,2016-05-08 09:40:15,True,direct_loss,0.0
48005,2016-05-08 10:08:15,True,direct_loss,0.0
47999,2016-05-08 10:13:15,True,direct_loss,0.0
48007,2016-05-08 11:04:16,True,direct_loss,0.0
48009,2016-05-08 11:08:15,True,direct_loss,0.0
48010,2016-05-08 11:55:25,True,direct_loss,0.0
48077,2016-05-08 23:17:19,True,direct_loss,0.0
48078,2016-05-08 23:43:15,True,direct_loss,0.0
48082,2016-05-09 00:01:15,True,direct_loss,0.0
48079,2016-05-09 00:06:17,True,direct_loss,0.0
48088,2016-05-09 00:40:16,True,direct_loss,0.0
48091,2016-05-09 01:00:15,True,direct_loss,0.0
48092,2016-05-09 01:00:16,True,direct_loss,0.0
48094,2016-05-09 01:00:20,True,direct_loss,0.0
48093,2016-05-09 01:04:18,True,direct_loss,0.0
48084,2016-05-09 01:14:15,True,direct_loss,0.0
48098,2016-05-09 01:20:16,True,direct_loss,0.0
48086,2016-05-09 01:31:16,True,direct_loss,0.0
48100,2016-05-09 01:40:15,True,direct_loss,0.0
48104,2016-05-09 02:00:18,True,direct_loss,0.0
48105,2016-05-09 02:00:20,True,direct_loss,0.0
48097,2016-05-09 02:10:15,True,direct_loss,0.0
48111,2016-05-09 03:04:16,True,direct_loss,0.0
48113,2016-05-09 03:20:15,True,direct_loss,0.0
48115,2016-05-09 03:39:19,True,direct_loss,0.0
48119,2016-05-09 04:00:18,True,direct_loss,0.0
48114,2016-05-09 04:13:15,True,direct_loss,0.0
48122,2016-05-09 04:57:17,True,direct_loss,0.0
48126,2016-05-09 05:04:15,True,direct_loss,0.0
48121,2016-05-09 05:16:15,True,direct_loss,0.0
48139,2016-05-09 05:20:16,True,direct_loss,0.0
48135,2016-05-09 05:36:15,True,direct_loss,0.0
48142,2016-05-09 05:40:15,True,direct_loss,0.0
48143,2016-05-09 05:47:17,True,direct_loss,0.0
48147,2016-05-09 06:00:15,True,direct_loss,0.0
48148,2016-05-09 06:23:20,True,direct_loss,0.0
48160,2016-05-09 07:05:15,True,direct_loss,0.0
48153,2016-05-09 07:13:18,True,direct_loss,0.0
48157,2016-05-09 07:25:16,True,direct_loss,0.0
48172,2016-05-09 08:25:16,True,direct_loss,0.0
48175,2016-05-09 08:40:21,True,direct_loss,0.0
48170,2016-05-09 08:41:16,True,direct_loss,0.0
48171,2016-05-09 08:44:16,True,direct_loss,0.0
48174,2016-05-09 08:55:16,True,direct_loss,0.0
48182,2016-05-09 09:20:20,True,direct_loss,0.0
48180,2016-05-09 09:28:15,True,direct_loss,0.0
48192,2016-05-09 10:40:16,True,direct_loss,0.0
48188,2016-05-09 11:01:16,True,direct_loss,0.0
48189,2016-05-09 11:01:17,True,direct_loss,0.0
48190,2016-05-09 11:04:17,True,direct_loss,0.0
48200,2016-05-09 11:38:19,True,direct_loss,0.0
48195,2016-05-09 11:42:17,True,direct_loss,0.0
48199,2016-05-09 11:55:17,True,direct_loss,0.0
48208,2016-05-09 12:03:17,True,direct_loss,0.0
48213,2016-05-09 12:19:28,True,direct_loss,0.0
48207,2016-05-09 12:38:17,True,direct_loss,0.0
48367,2016-05-09 23:40:19,True,direct_loss,0.0
48361,2016-05-10 00:01:17,True,direct_loss,0.0
48366,2016-05-10 00:09:16,True,direct_loss,0.0
48374,2016-05-10 00:40:17,True,direct_loss,0.0
48376,2016-05-10 00:40:19,True,direct_loss,0.0
48382,2016-05-10 01:00:19,True,direct_loss,0.0
48384,2016-05-10 01:42:18,True,direct_loss,0.0
48389,2016-05-10 02:20:17,True,direct_loss,0.0
48391,2016-05-10 02:20:18,True,direct_loss,0.0
48399,2016-05-10 03:17:20,True,direct_loss,0.0
48400,2016-05-10 03:17:20,True,direct_loss,0.0
48398,2016-05-10 03:19:18,True,direct_loss,0.0
48396,2016-05-10 03:27:16,True,direct_loss,0.0
48402,2016-05-10 03:27:18,True,direct_loss,0.0
48403,2016-05-10 03:29:18,True,direct_loss,0.0
48397,2016-05-10 03:48:18,True,direct_loss,0.0
48409,2016-05-10 04:20:19,True,direct_loss,0.0
48413,2016-05-10 05:00:26,True,direct_loss,0.0
48411,2016-05-10 05:01:15,True,direct_loss,0.0
48414,2016-05-10 05:02:26,True,direct_loss,0.0
48408,2016-05-10 05:05:16,True,direct_loss,0.0
48416,2016-05-10 06:04:16,True,direct_loss,0.0
48423,2016-05-10 06:40:20,True,direct_loss,0.0
48417,2016-05-10 06:49:17,True,direct_loss,0.0
48427,2016-05-10 07:14:30,True,direct_loss,0.0
48434,2016-05-10 07:20:16,True,direct_loss,0.0
48433,2016-05-10 07:25:15,True,direct_loss,0.0
48426,2016-05-10 07:49:26,True,direct_loss,0.0
48437,2016-05-10 07:59:15,True,direct_loss,0.0
48449,2016-05-10 08:00:17,True,direct_loss,0.0
48448,2016-05-10 08:03:17,True,direct_loss,0.0
48447,2016-05-10 08:36:16,True,direct_loss,0.0
48438,2016-05-10 08:38:16,True,direct_loss,0.0
48456,2016-05-10 09:00:20,True,direct_loss,0.0
48457,2016-05-10 09:31:21,True,direct_loss,0.0
48462,2016-05-10 10:00:21,True,direct_loss,0.0
48464,2016-05-10 10:20:18,True,direct_loss,0.0
48466,2016-05-10 10:40:16,True,direct_loss,0.0
48471,2016-05-10 11:08:15,True,direct_loss,0.0
48472,2016-05-10 11:11:16,True,direct_loss,0.0
48475,2016-05-10 11:20:14,True,direct_loss,0.0
48481,2016-05-10 11:40:16,True,direct_loss,0.0
48482,2016-05-10 11:40:21,True,direct_loss,0.0
48477,2016-05-10 11:47:19,True,direct_loss,0.0
48474,2016-05-10 12:04:14,True,direct_loss,0.0
48480,2016-05-10 12:27:16,True,direct_loss,0.0
48627,2016-05-10 23:44:16,True,direct_loss,0.0
48640,2016-05-11 00:17:15,True,direct_loss,0.0
48646,2016-05-11 00:20:15,True,direct_loss,0.0
48633,2016-05-11 00:30:15,True,direct_loss,0.0
48649,2016-05-11 00:40:15,True,direct_loss,0.0
48650,2016-05-11 01:00:15,True,direct_loss,0.0
48654,2016-05-11 01:49:18,True,direct_loss,0.0
48656,2016-05-11 02:01:19,True,direct_loss,0.0
48657,2016-05-11 02:31:16,True,direct_loss,0.0
48663,2016-05-11 03:20:17,True,direct_loss,0.0
48662,2016-05-11 03:55:17,True,direct_loss,0.0
48666,2016-05-11 04:20:19,True,direct_loss,0.0
48774,2016-05-11 15:53:19,True,direct_loss,0.0
48788,2016-05-11 16:00:17,True,direct_loss,0.0
48789,2016-05-11 16:01:19,True,direct_loss,0.0
48780,2016-05-11 16:03:16,True,direct_loss,0.0
48790,2016-05-11 16:20:20,True,direct_loss,0.0
48781,2016-05-11 16:33:18,True,direct_loss,0.0
48798,2016-05-11 16:40:15,True,direct_loss,0.0
48802,2016-05-11 17:00:16,True,direct_loss,0.0
48805,2016-05-11 17:20:15,True,direct_loss,0.0
48815,2016-05-11 18:00:18,True,direct_loss,0.0
48818,2016-05-11 18:20:23,True,direct_loss,0.0
48810,2016-05-11 18:29:17,True,direct_loss,0.0
48817,2016-05-11 19:07:17,True,direct_loss,0.0
48827,2016-05-11 19:12:16,True,direct_loss,0.0
48835,2016-05-11 19:20:22,True,direct_loss,0.0
48831,2016-05-11 19:41:15,True,direct_loss,0.0
48832,2016-05-11 19:43:16,True,direct_loss,0.0
48945,2016-05-12 07:22:16,True,direct_loss,0.0
48944,2016-05-12 07:46:15,True,direct_loss,0.0
48949,2016-05-12 07:55:19,True,direct_loss,0.0
48953,2016-05-12 08:02:19,True,direct_loss,0.0
48948,2016-05-12 08:25:16,True,direct_loss,0.0
48958,2016-05-12 08:40:15,True,direct_loss,0.0
48959,2016-05-12 09:06:16,True,direct_loss,0.0
48964,2016-05-12 09:14:17,True,direct_loss,0.0
48960,2016-05-12 09:23:18,True,direct_loss,0.0
48968,2016-05-12 10:02:20,True,direct_loss,0.0
48974,2016-05-12 10:20:31,True,direct_loss,0.0
48975,2016-05-12 10:40:22,True,direct_loss,0.0
48976,2016-05-12 10:40:22,True,direct_loss,0.0
48970,2016-05-12 10:49:20,True,direct_loss,0.0
48981,2016-05-12 11:00:16,True,direct_loss,0.0
48982,2016-05-12 11:03:18,True,direct_loss,0.0
48972,2016-05-12 11:15:26,True,direct_loss,0.0
48986,2016-05-12 12:04:16,True,direct_loss,0.0
49140,2016-05-12 23:46:15,True,direct_loss,0.0
49136,2016-05-12 23:52:16,True,direct_loss,0.0
49145,2016-05-13 00:00:19,True,direct_loss,0.0
49146,2016-05-13 00:20:16,True,direct_loss,0.0
49147,2016-05-13 00:20:19,True,direct_loss,0.0
49150,2016-05-13 00:40:16,True,direct_loss,0.0
49151,2016-05-13 00:40:20,True,direct_loss,0.0
49153,2016-05-13 00:40:21,True,direct_loss,0.0
49152,2016-05-13 01:04:20,True,direct_loss,0.0
49159,2016-05-13 01:06:20,True,direct_loss,0.0
49158,2016-05-13 01:34:20,True,direct_loss,0.0
49160,2016-05-13 01:40:21,True,direct_loss,0.0
49166,2016-05-13 01:52:19,True,direct_loss,0.0
49167,2016-05-13 01:57:19,True,direct_loss,0.0
49171,2016-05-13 02:00:18,True,direct_loss,0.0
49172,2016-05-13 02:09:21,True,direct_loss,0.0
49181,2016-05-13 03:40:17,True,direct_loss,0.0
49189,2016-05-13 04:39:20,True,direct_loss,0.0
49184,2016-05-13 04:42:16,True,direct_loss,0.0
49374,2016-05-13 16:00:19,True,direct_loss,0.0
49375,2016-05-13 16:01:21,True,direct_loss,0.0
49366,2016-05-13 16:05:17,True,direct_loss,0.0
49364,2016-05-13 16:20:15,True,direct_loss,0.0
49381,2016-05-13 16:20:17,True,direct_loss,0.0
49382,2016-05-13 16:20:22,True,direct_loss,0.0
49380,2016-05-13 16:44:17,True,direct_loss,0.0
49386,2016-05-13 17:00:16,True,direct_loss,0.0
49392,2016-05-13 17:00:17,True,direct_loss,0.0
49397,2016-05-13 17:20:19,True,direct_loss,0.0
49387,2016-05-13 17:23:18,True,direct_loss,0.0
49401,2016-05-13 17:40:17,True,direct_loss,0.0
49402,2016-05-13 17:40:17,True,direct_loss,0.0
49398,2016-05-13 18:08:19,True,direct_loss,0.0
49403,2016-05-13 18:08:20,True,direct_loss,0.0
49413,2016-05-13 19:03:20,True,direct_loss,0.0
49416,2016-05-13 19:10:23,True,direct_loss,0.0
49415,2016-05-13 19:13:22,True,direct_loss,0.0
49407,2016-05-13 19:25:20,True,direct_loss,0.0
49541,2016-05-14 09:00:21,True,direct_loss,0.0
49543,2016-05-14 09:33:16,True,direct_loss,0.0
49544,2016-05-14 09:53:17,True,direct_loss,0.0
49546,2016-05-14 11:07:21,True,direct_loss,0.0
49618,2016-05-14 22:54:15,True,direct_loss,0.0
49621,2016-05-14 23:20:20,True,direct_loss,0.0
49625,2016-05-15 01:31:16,True,direct_loss,0.0
49630,2016-05-15 02:03:17,True,direct_loss,0.0
49641,2016-05-15 04:40:20,True,direct_loss,0.0
49638,2016-05-15 05:01:18,True,direct_loss,0.0
49640,2016-05-15 05:01:19,True,direct_loss,0.0
49642,2016-05-15 05:01:25,True,direct_loss,0.0
49643,2016-05-15 05:01:30,True,direct_loss,0.0
49709,2016-05-15 17:00:16,True,direct_loss,0.0
49700,2016-05-15 17:11:16,True,direct_loss,0.0
49713,2016-05-15 17:40:17,True,direct_loss,0.0
49718,2016-05-15 18:20:22,True,direct_loss,0.0
49712,2016-05-15 18:25:17,True,direct_loss,0.0
49717,2016-05-15 18:49:17,True,direct_loss,0.0
49719,2016-05-15 19:12:22,True,direct_loss,0.0
49723,2016-05-15 19:40:32,True,direct_loss,0.0
49722,2016-05-15 19:41:21,True,direct_loss,0.0
49725,2016-05-15 20:23:16,True,direct_loss,0.0
49727,2016-05-15 20:23:16,True,direct_loss,0.0
49728,2016-05-15 21:00:21,True,direct_loss,0.0
49729,2016-05-15 21:20:22,True,direct_loss,0.0
49730,2016-05-15 22:05:21,True,direct_loss,0.0
49825,2016-05-16 09:45:17,True,direct_loss,0.0
49832,2016-05-16 10:03:18,True,direct_loss,0.0
49830,2016-05-16 10:07:20,True,direct_loss,0.0
49841,2016-05-16 11:01:17,True,direct_loss,0.0
49849,2016-05-16 11:04:18,True,direct_loss,0.0
49839,2016-05-16 11:06:24,True,direct_loss,0.0
49840,2016-05-16 11:14:17,True,direct_loss,0.0
49848,2016-05-16 11:34:17,True,direct_loss,0.0
49853,2016-05-16 12:07:18,True,direct_loss,0.0
49854,2016-05-16 12:11:23,True,direct_loss,0.0
49863,2016-05-16 12:20:22,True,direct_loss,0.0
49867,2016-05-16 12:40:20,True,direct_loss,0.0
49862,2016-05-16 12:57:21,True,direct_loss,0.0
49872,2016-05-16 13:00:16,True,direct_loss,0.0
49873,2016-05-16 13:00:19,True,direct_loss,0.0
49874,2016-05-16 13:00:19,True,direct_loss,0.0
49875,2016-05-16 13:00:22,True,direct_loss,0.0
49884,2016-05-16 13:20:17,True,direct_loss,0.0
49876,2016-05-16 13:23:22,True,direct_loss,0.0
49881,2016-05-16 13:34:16,True,direct_loss,0.0
49868,2016-05-16 13:35:21,True,direct_loss,0.0
49883,2016-05-16 13:43:17,True,direct_loss,0.0
49891,2016-05-16 13:49:18,True,direct_loss,0.0
49882,2016-05-16 14:09:16,True,direct_loss,0.0
49900,2016-05-16 14:38:22,True,direct_loss,0.0
49915,2016-05-16 14:40:18,True,direct_loss,0.0
49912,2016-05-16 14:45:16,True,direct_loss,0.0
49898,2016-05-16 14:46:16,True,direct_loss,0.0
49907,2016-05-16 14:50:21,True,direct_loss,0.0
49913,2016-05-16 14:55:16,True,direct_loss,0.0
49914,2016-05-16 15:05:16,True,direct_loss,0.0
49916,2016-05-16 15:16:18,True,direct_loss,0.0
49917,2016-05-16 15:16:21,True,direct_loss,0.0
49928,2016-05-16 15:27:16,True,direct_loss,0.0
49922,2016-05-16 15:40:18,True,direct_loss,0.0
49939,2016-05-16 16:31:16,True,direct_loss,0.0
49947,2016-05-16 17:00:19,True,direct_loss,0.0
49943,2016-05-16 17:19:16,True,direct_loss,0.0
49951,2016-05-16 17:20:22,True,direct_loss,0.0
49950,2016-05-16 17:37:16,True,direct_loss,0.0
49955,2016-05-16 17:40:17,True,direct_loss,0.0
50066,2016-05-17 05:20:19,True,direct_loss,0.0
50065,2016-05-17 05:27:16,True,direct_loss,0.0
50068,2016-05-17 05:40:17,True,direct_loss,0.0
50070,2016-05-17 06:00:16,True,direct_loss,0.0
50071,2016-05-17 06:27:17,True,direct_loss,0.0
50075,2016-05-17 06:43:20,True,direct_loss,0.0
50076,2016-05-17 07:00:16,True,direct_loss,0.0
50079,2016-05-17 07:03:17,True,direct_loss,0.0
50082,2016-05-17 07:41:16,True,direct_loss,0.0
50080,2016-05-17 07:56:18,True,direct_loss,0.0
50087,2016-05-17 08:01:21,True,direct_loss,0.0
50094,2016-05-17 09:10:20,True,direct_loss,0.0
50100,2016-05-17 09:20:16,True,direct_loss,0.0
50093,2016-05-17 09:27:19,True,direct_loss,0.0
50106,2016-05-17 09:40:23,True,direct_loss,0.0
50112,2016-05-17 10:00:19,True,direct_loss,0.0
50111,2016-05-17 10:20:17,True,direct_loss,0.0
50110,2016-05-17 10:35:17,True,direct_loss,0.0
50121,2016-05-17 11:00:17,True,direct_loss,0.0
50124,2016-05-17 11:20:22,True,direct_loss,0.0
50123,2016-05-17 12:01:18,True,direct_loss,0.0
50266,2016-05-17 23:18:18,True,direct_loss,0.0
50270,2016-05-17 23:20:19,True,direct_loss,0.0
50269,2016-05-17 23:24:16,True,direct_loss,0.0
50275,2016-05-17 23:40:18,True,direct_loss,0.0
50272,2016-05-17 23:42:20,True,direct_loss,0.0
50271,2016-05-17 23:47:18,True,direct_loss,0.0
50274,2016-05-17 23:48:18,True,direct_loss,0.0
50282,2016-05-18 00:20:17,True,direct_loss,0.0
50281,2016-05-18 01:04:17,True,direct_loss,0.0
50291,2016-05-18 01:13:16,True,direct_loss,0.0
50299,2016-05-18 01:32:19,True,direct_loss,0.0
50295,2016-05-18 01:38:20,True,direct_loss,0.0
50304,2016-05-18 01:41:17,True,direct_loss,0.0
50310,2016-05-18 02:20:20,True,direct_loss,0.0
50309,2016-05-18 02:23:19,True,direct_loss,0.0
50307,2016-05-18 02:24:17,True,direct_loss,0.0
50312,2016-05-18 02:40:21,True,direct_loss,0.0
50308,2016-05-18 02:49:20,True,direct_loss,0.0
50315,2016-05-18 03:53:18,True,direct_loss,0.0
50318,2016-05-18 04:33:22,True,direct_loss,0.0
50400,2016-05-20 14:00:04,True,direct_loss,0.0
50423,2016-05-20 14:00:06,True,direct_loss,0.0
50437,2016-05-20 14:00:08,True,direct_loss,0.0
50450,2016-05-20 14:00:09,True,direct_loss,0.0
50414,2016-05-20 14:03:05,True,direct_loss,0.0
50605,2016-05-20 14:20:09,True,direct_loss,0.0
50601,2016-05-20 14:45:04,True,direct_loss,0.0
50627,2016-05-20 15:00:10,True,direct_loss,0.0
50636,2016-05-20 15:22:06,True,direct_loss,0.0
50639,2016-05-20 15:31:09,True,direct_loss,0.0
50651,2016-05-20 15:40:09,True,direct_loss,0.0
50663,2016-05-20 16:10:07,True,direct_loss,0.0
50673,2016-05-20 16:20:10,True,direct_loss,0.0
50672,2016-05-20 16:25:09,True,direct_loss,0.0
50671,2016-05-20 16:41:06,True,direct_loss,0.0
50664,2016-05-20 16:54:09,True,direct_loss,0.0
50697,2016-05-20 17:40:04,True,direct_loss,0.0
50690,2016-05-20 18:00:07,True,direct_loss,0.0
50699,2016-05-20 18:03:08,True,direct_loss,0.0
50698,2016-05-20 18:11:05,True,direct_loss,0.0
50691,2016-05-20 18:12:08,True,direct_loss,0.0
50705,2016-05-20 18:28:05,True,direct_loss,0.0
50707,2016-05-20 18:36:04,True,direct_loss,0.0
50710,2016-05-20 18:40:06,True,direct_loss,0.0
50709,2016-05-20 19:07:04,True,direct_loss,0.0
50719,2016-05-20 19:40:05,True,direct_loss,0.0
50721,2016-05-20 19:50:10,True,direct_loss,0.0
50718,2016-05-20 19:55:06,True,direct_loss,0.0
50729,2016-05-20 20:20:05,True,direct_loss,0.0
50731,2016-05-20 20:24:10,True,direct_loss,0.0
50738,2016-05-20 21:00:04,True,direct_loss,0.0
50733,2016-05-20 21:15:11,True,direct_loss,0.0
50737,2016-05-20 21:29:04,True,direct_loss,0.0
50743,2016-05-20 22:26:05,True,direct_loss,0.0
50750,2016-05-20 22:40:08,True,direct_loss,0.0
50749,2016-05-20 22:43:05,True,direct_loss,0.0
50745,2016-05-20 22:56:11,True,direct_loss,0.0
50753,2016-05-20 23:00:09,True,direct_loss,0.0
50752,2016-05-20 23:12:04,True,direct_loss,0.0
50759,2016-05-21 00:22:06,True,direct_loss,0.0
50763,2016-05-21 01:36:04,True,direct_loss,0.0
50765,2016-05-21 01:50:04,True,direct_loss,0.0
50773,2016-05-21 02:20:03,True,direct_loss,0.0
50779,2016-05-21 03:20:06,True,direct_loss,0.0
50790,2016-05-21 07:19:04,True,direct_loss,0.0
50881,2016-05-21 19:00:04,True,direct_loss,0.0
50875,2016-05-21 19:09:05,True,direct_loss,0.0
50884,2016-05-21 19:37:04,True,direct_loss,0.0
50885,2016-05-21 19:50:05,True,direct_loss,0.0
50888,2016-05-21 20:32:07,True,direct_loss,0.0
50889,2016-05-21 20:37:07,True,direct_loss,0.0
50890,2016-05-21 20:43:06,True,direct_loss,0.0
50893,2016-05-21 21:40:05,True,direct_loss,0.0
50895,2016-05-21 22:10:06,True,direct_loss,0.0
50897,2016-05-21 23:04:06,True,direct_loss,0.0
50901,2016-05-21 23:20:08,True,direct_loss,0.0
50912,2016-05-22 01:43:09,True,direct_loss,0.0
50915,2016-05-22 02:18:08,True,direct_loss,0.0
50958,2016-05-22 14:54:05,True,direct_loss,0.0
50964,2016-05-22 15:03:09,True,direct_loss,0.0
50959,2016-05-22 15:05:10,True,direct_loss,0.0
50963,2016-05-22 15:06:05,True,direct_loss,0.0
50969,2016-05-22 15:13:07,True,direct_loss,0.0
50971,2016-05-22 15:20:04,True,direct_loss,0.0
50972,2016-05-22 15:20:04,True,direct_loss,0.0
50977,2016-05-22 17:01:04,True,direct_loss,0.0
50978,2016-05-22 17:08:04,True,direct_loss,0.0
50983,2016-05-22 17:10:06,True,direct_loss,0.0
50979,2016-05-22 17:19:08,True,direct_loss,0.0
50998,2016-05-22 19:01:06,True,direct_loss,0.0
50996,2016-05-22 19:26:04,True,direct_loss,0.0
50999,2016-05-22 20:02:04,True,direct_loss,0.0
51008,2016-05-22 20:10:09,True,direct_loss,0.0
51007,2016-05-22 20:59:07,True,direct_loss,0.0
51017,2016-05-22 21:52:08,True,direct_loss,0.0
51019,2016-05-22 22:06:04,True,direct_loss,0.0
51023,2016-05-22 22:16:09,True,direct_loss,0.0
51124,2016-05-23 09:39:05,True,direct_loss,0.0
51129,2016-05-23 09:56:06,True,direct_loss,0.0
51130,2016-05-23 09:56:10,True,direct_loss,0.0
51133,2016-05-23 10:07:08,True,direct_loss,0.0
51128,2016-05-23 10:13:05,True,direct_loss,0.0
51134,2016-05-23 10:20:10,True,direct_loss,0.0
51136,2016-05-23 10:47:04,True,direct_loss,0.0
51140,2016-05-23 11:00:04,True,direct_loss,0.0
51148,2016-05-23 11:00:05,True,direct_loss,0.0
51144,2016-05-23 11:04:09,True,direct_loss,0.0
51143,2016-05-23 11:17:08,True,direct_loss,0.0
51142,2016-05-23 11:19:04,True,direct_loss,0.0
51141,2016-05-23 11:20:04,True,direct_loss,0.0
51154,2016-05-23 11:40:08,True,direct_loss,0.0
51147,2016-05-23 11:56:04,True,direct_loss,0.0
51151,2016-05-23 12:07:08,True,direct_loss,0.0
51177,2016-05-23 13:00:05,True,direct_loss,0.0
51165,2016-05-23 13:05:07,True,direct_loss,0.0
51171,2016-05-23 13:14:09,True,direct_loss,0.0
51182,2016-05-23 13:20:08,True,direct_loss,0.0
51176,2016-05-23 13:32:05,True,direct_loss,0.0
51175,2016-05-23 13:39:04,True,direct_loss,0.0
51178,2016-05-23 13:40:05,True,direct_loss,0.0
51191,2016-05-23 13:40:10,True,direct_loss,0.0
51190,2016-05-23 13:44:09,True,direct_loss,0.0
51189,2016-05-23 14:08:05,True,direct_loss,0.0
51188,2016-05-23 14:23:04,True,direct_loss,0.0
51204,2016-05-23 14:40:10,True,direct_loss,0.0
51200,2016-05-23 14:59:05,True,direct_loss,0.0
51202,2016-05-23 15:06:07,True,direct_loss,0.0
51201,2016-05-23 15:11:06,True,direct_loss,0.0
51210,2016-05-23 15:20:11,True,direct_loss,0.0
51203,2016-05-23 15:30:10,True,direct_loss,0.0
51214,2016-05-23 15:40:11,True,direct_loss,0.0
51209,2016-05-23 15:47:09,True,direct_loss,0.0
51208,2016-05-23 15:58:06,True,direct_loss,0.0
51220,2016-05-23 16:00:09,True,direct_loss,0.0
51224,2016-05-23 16:20:04,True,direct_loss,0.0
51225,2016-05-23 16:20:07,True,direct_loss,0.0
51226,2016-05-23 16:37:11,True,direct_loss,0.0
51231,2016-05-23 16:40:05,True,direct_loss,0.0
51230,2016-05-23 17:03:05,True,direct_loss,0.0
51253,2016-05-23 17:21:09,True,direct_loss,0.0
51252,2016-05-23 17:49:08,True,direct_loss,0.0
51363,2016-05-24 04:43:06,True,direct_loss,0.0
51369,2016-05-24 06:16:07,True,direct_loss,0.0
51377,2016-05-24 06:40:07,True,direct_loss,0.0
51378,2016-05-24 06:59:08,True,direct_loss,0.0
51382,2016-05-24 07:00:10,True,direct_loss,0.0
51375,2016-05-24 07:02:04,True,direct_loss,0.0
51383,2016-05-24 07:18:14,True,direct_loss,0.0
51376,2016-05-24 07:28:05,True,direct_loss,0.0
51388,2016-05-24 08:15:05,True,direct_loss,0.0
51392,2016-05-24 08:16:06,True,direct_loss,0.0
51387,2016-05-24 08:24:04,True,direct_loss,0.0
51389,2016-05-24 08:31:05,True,direct_loss,0.0
51397,2016-05-24 08:42:05,True,direct_loss,0.0
51401,2016-05-24 08:49:06,True,direct_loss,0.0
51403,2016-05-24 09:20:06,True,direct_loss,0.0
51410,2016-05-24 10:02:07,True,direct_loss,0.0
51404,2016-05-24 10:02:09,True,direct_loss,0.0
51408,2016-05-24 10:03:09,True,direct_loss,0.0
51407,2016-05-24 10:05:09,True,direct_loss,0.0
51402,2016-05-24 10:16:06,True,direct_loss,0.0
51416,2016-05-24 10:20:07,True,direct_loss,0.0
51411,2016-05-24 10:34:09,True,direct_loss,0.0
51420,2016-05-24 10:40:06,True,direct_loss,0.0
51409,2016-05-24 10:43:05,True,direct_loss,0.0
51415,2016-05-24 10:59:05,True,direct_loss,0.0
51580,2016-05-24 22:03:08,True,direct_loss,0.0
51577,2016-05-24 22:16:06,True,direct_loss,0.0
51585,2016-05-24 23:03:04,True,direct_loss,0.0
51594,2016-05-24 23:20:09,True,direct_loss,0.0
51593,2016-05-24 23:44:04,True,direct_loss,0.0
51592,2016-05-24 23:59:04,True,direct_loss,0.0
51596,2016-05-25 00:05:07,True,direct_loss,0.0
51600,2016-05-25 00:38:09,True,direct_loss,0.0
51599,2016-05-25 00:45:08,True,direct_loss,0.0
51608,2016-05-25 01:00:09,True,direct_loss,0.0
51605,2016-05-25 01:04:07,True,direct_loss,0.0
51613,2016-05-25 02:00:07,True,direct_loss,0.0
51621,2016-05-25 02:40:08,True,direct_loss,0.0
51620,2016-05-25 03:17:07,True,direct_loss,0.0
51623,2016-05-25 03:40:06,True,direct_loss,0.0
51789,2016-05-25 14:32:07,True,direct_loss,0.0
51796,2016-05-25 14:40:06,True,direct_loss,0.0
51788,2016-05-25 14:54:06,True,direct_loss,0.0
51801,2016-05-25 15:00:10,True,direct_loss,0.0
51802,2016-05-25 15:00:10,True,direct_loss,0.0
51792,2016-05-25 15:04:05,True,direct_loss,0.0
51807,2016-05-25 15:58:05,True,direct_loss,0.0
51830,2016-05-25 16:40:06,True,direct_loss,0.0
51831,2016-05-25 16:42:09,True,direct_loss,0.0
51824,2016-05-25 17:01:10,True,direct_loss,0.0
51838,2016-05-25 17:05:05,True,direct_loss,0.0
51846,2016-05-25 17:20:06,True,direct_loss,0.0
51848,2016-05-25 17:28:11,True,direct_loss,0.0
51855,2016-05-25 18:25:05,True,direct_loss,0.0
51958,2016-05-26 05:42:04,True,direct_loss,0.0
51961,2016-05-26 05:45:04,True,direct_loss,0.0
51969,2016-05-26 06:00:05,True,direct_loss,0.0
51960,2016-05-26 06:05:07,True,direct_loss,0.0
51972,2016-05-26 06:20:05,True,direct_loss,0.0
51975,2016-05-26 07:22:06,True,direct_loss,0.0
51977,2016-05-26 07:38:04,True,direct_loss,0.0
51979,2016-05-26 07:40:05,True,direct_loss,0.0
51985,2016-05-26 08:00:05,True,direct_loss,0.0
51984,2016-05-26 08:16:04,True,direct_loss,0.0
51990,2016-05-26 09:00:04,True,direct_loss,0.0
51991,2016-05-26 09:00:05,True,direct_loss,0.0
51994,2016-05-26 09:00:07,True,direct_loss,0.0
51989,2016-05-26 09:14:10,True,direct_loss,0.0
51998,2016-05-26 09:20:06,True,direct_loss,0.0
52000,2016-05-26 09:29:08,True,direct_loss,0.0
51992,2016-05-26 09:32:05,True,direct_loss,0.0
51999,2016-05-26 09:33:06,True,direct_loss,0.0
51996,2016-05-26 09:35:10,True,direct_loss,0.0
51993,2016-05-26 09:44:05,True,direct_loss,0.0
52160,2016-05-26 21:05:06,True,direct_loss,0.0
52161,2016-05-26 21:21:10,True,direct_loss,0.0
52159,2016-05-26 21:41:05,True,direct_loss,0.0
52166,2016-05-26 21:46:09,True,direct_loss,0.0
52164,2016-05-26 22:06:05,True,direct_loss,0.0
52175,2016-05-26 22:20:06,True,direct_loss,0.0
52183,2016-05-26 23:22:09,True,direct_loss,0.0
52182,2016-05-26 23:26:07,True,direct_loss,0.0
52187,2016-05-27 00:24:04,True,direct_loss,0.0
52193,2016-05-27 01:00:05,True,direct_loss,0.0
52194,2016-05-27 01:00:06,True,direct_loss,0.0
52195,2016-05-27 01:03:10,True,direct_loss,0.0
52310,2016-05-27 12:40:21,True,direct_loss,0.0
52300,2016-05-27 12:46:05,True,direct_loss,0.0
52302,2016-05-27 12:51:07,True,direct_loss,0.0
52304,2016-05-27 12:54:10,True,direct_loss,0.0
52309,2016-05-27 12:56:15,True,direct_loss,0.0
52303,2016-05-27 13:01:10,True,direct_loss,0.0
52322,2016-05-27 13:20:11,True,direct_loss,0.0
52318,2016-05-27 13:26:11,True,direct_loss,0.0
52308,2016-05-27 13:32:15,True,direct_loss,0.0
52314,2016-05-27 13:36:05,True,direct_loss,0.0
52321,2016-05-27 13:36:06,True,direct_loss,0.0
52330,2016-05-27 13:40:05,True,direct_loss,0.0
52332,2016-05-27 13:40:12,True,direct_loss,0.0
52333,2016-05-27 13:40:12,True,direct_loss,0.0
52317,2016-05-27 13:42:10,True,direct_loss,0.0
52316,2016-05-27 13:47:08,True,direct_loss,0.0
52329,2016-05-27 13:51:05,True,direct_loss,0.0
52341,2016-05-27 14:00:10,True,direct_loss,0.0
52320,2016-05-27 14:07:05,True,direct_loss,0.0
52340,2016-05-27 14:20:07,True,direct_loss,0.0
52344,2016-05-27 14:20:07,True,direct_loss,0.0
52347,2016-05-27 14:20:10,True,direct_loss,0.0
52351,2016-05-27 14:40:10,True,direct_loss,0.0
52354,2016-05-27 15:00:10,True,direct_loss,0.0
52345,2016-05-27 15:15:08,True,direct_loss,0.0
52350,2016-05-27 15:36:06,True,direct_loss,0.0
52357,2016-05-27 15:58:14,True,direct_loss,0.0
52360,2016-05-27 16:04:08,True,direct_loss,0.0
52466,2016-05-28 04:43:07,True,direct_loss,0.0
52472,2016-05-28 06:11:07,True,direct_loss,0.0
52484,2016-05-28 07:00:05,True,direct_loss,0.0
52480,2016-05-28 07:07:05,True,direct_loss,0.0
52483,2016-05-28 07:37:05,True,direct_loss,0.0
52540,2016-05-28 22:08:06,True,direct_loss,0.0
52544,2016-05-28 23:00:08,True,direct_loss,0.0
52541,2016-05-28 23:01:05,True,direct_loss,0.0
52546,2016-05-28 23:20:05,True,direct_loss,0.0
52549,2016-05-29 00:13:09,True,direct_loss,0.0
52550,2016-05-29 00:35:05,True,direct_loss,0.0
52551,2016-05-29 01:09:12,True,direct_loss,0.0
52555,2016-05-29 01:21:06,True,direct_loss,0.0
52558,2016-05-29 01:58:08,True,direct_loss,0.0
52557,2016-05-29 02:25:05,True,direct_loss,0.0
52561,2016-05-29 03:11:06,True,direct_loss,0.0
52565,2016-05-29 03:20:09,True,direct_loss,0.0
52627,2016-05-29 16:26:05,True,direct_loss,0.0
52636,2016-05-29 16:40:05,True,direct_loss,0.0
52641,2016-05-29 17:00:07,True,direct_loss,0.0
52642,2016-05-29 17:00:09,True,direct_loss,0.0
52632,2016-05-29 17:04:05,True,direct_loss,0.0
52645,2016-05-29 17:20:07,True,direct_loss,0.0
52653,2016-05-29 18:02:07,True,direct_loss,0.0
52650,2016-05-29 18:08:05,True,direct_loss,0.0
52659,2016-05-29 18:20:10,True,direct_loss,0.0
52651,2016-05-29 18:29:05,True,direct_loss,0.0
52655,2016-05-29 18:31:05,True,direct_loss,0.0
52661,2016-05-29 19:25:05,True,direct_loss,0.0
52664,2016-05-29 19:59:06,True,direct_loss,0.0
52667,2016-05-29 20:00:11,True,direct_loss,0.0
52663,2016-05-29 20:01:05,True,direct_loss,0.0
52675,2016-05-29 22:00:09,True,direct_loss,0.0
52673,2016-05-29 22:16:10,True,direct_loss,0.0
52674,2016-05-29 22:46:06,True,direct_loss,0.0
52785,2016-05-30 10:02:08,True,direct_loss,0.0
52783,2016-05-30 10:11:06,True,direct_loss,0.0
52784,2016-05-30 10:11:07,True,direct_loss,0.0
52782,2016-05-30 10:16:06,True,direct_loss,0.0
52789,2016-05-30 10:20:07,True,direct_loss,0.0
52787,2016-05-30 10:23:06,True,direct_loss,0.0
52791,2016-05-30 10:23:08,True,direct_loss,0.0
52795,2016-05-30 10:40:06,True,direct_loss,0.0
52794,2016-05-30 10:41:05,True,direct_loss,0.0
52797,2016-05-30 11:00:05,True,direct_loss,0.0
52790,2016-05-30 11:08:07,True,direct_loss,0.0
52800,2016-05-30 11:20:09,True,direct_loss,0.0
52796,2016-05-30 11:23:07,True,direct_loss,0.0
52798,2016-05-30 11:42:07,True,direct_loss,0.0
52804,2016-05-30 12:08:06,True,direct_loss,0.0
52805,2016-05-30 12:22:08,True,direct_loss,0.0
52809,2016-05-30 12:41:08,True,direct_loss,0.0
52815,2016-05-30 12:49:06,True,direct_loss,0.0
52817,2016-05-30 12:56:07,True,direct_loss,0.0
52813,2016-05-30 13:00:05,True,direct_loss,0.0
52820,2016-05-30 13:09:09,True,direct_loss,0.0
52822,2016-05-30 13:20:08,True,direct_loss,0.0
52828,2016-05-30 13:45:10,True,direct_loss,0.0
52832,2016-05-30 14:00:08,True,direct_loss,0.0
52826,2016-05-30 14:01:08,True,direct_loss,0.0
52827,2016-05-30 14:03:10,True,direct_loss,0.0
52825,2016-05-30 14:17:06,True,direct_loss,0.0
52833,2016-05-30 14:39:08,True,direct_loss,0.0
52838,2016-05-30 14:45:06,True,direct_loss,0.0
52846,2016-05-30 15:00:09,True,direct_loss,0.0
52847,2016-05-30 15:00:11,True,direct_loss,0.0
52848,2016-05-30 15:00:11,True,direct_loss,0.0
52839,2016-05-30 15:04:07,True,direct_loss,0.0
52840,2016-05-30 15:08:09,True,direct_loss,0.0
52845,2016-05-30 15:13:05,True,direct_loss,0.0
52843,2016-05-30 15:17:06,True,direct_loss,0.0
52841,2016-05-30 15:17:10,True,direct_loss,0.0
52860,2016-05-30 15:42:07,True,direct_loss,0.0
52854,2016-05-30 15:43:09,True,direct_loss,0.0
52856,2016-05-30 16:01:05,True,direct_loss,0.0
52864,2016-05-30 16:20:06,True,direct_loss,0.0
52865,2016-05-30 16:20:11,True,direct_loss,0.0
52875,2016-05-30 17:00:06,True,direct_loss,0.0
52876,2016-05-30 17:14:07,True,direct_loss,0.0
52885,2016-05-30 17:20:05,True,direct_loss,0.0
52874,2016-05-30 17:32:05,True,direct_loss,0.0
52878,2016-05-30 17:32:11,True,direct_loss,0.0
52883,2016-05-30 17:37:05,True,direct_loss,0.0
52889,2016-05-30 18:20:06,True,direct_loss,0.0
52905,2016-05-30 18:40:08,True,direct_loss,0.0
52906,2016-05-30 18:40:08,True,direct_loss,0.0
52899,2016-05-30 19:14:09,True,direct_loss,0.0
53023,2016-05-31 06:32:06,True,direct_loss,0.0
53019,2016-05-31 06:32:07,True,direct_loss,0.0
53026,2016-05-31 06:38:07,True,direct_loss,0.0
53030,2016-05-31 06:40:05,True,direct_loss,0.0
53031,2016-05-31 06:40:06,True,direct_loss,0.0
53033,2016-05-31 07:20:07,True,direct_loss,0.0
53038,2016-05-31 07:40:05,True,direct_loss,0.0
53034,2016-05-31 07:41:08,True,direct_loss,0.0
53041,2016-05-31 08:01:08,True,direct_loss,0.0
53039,2016-05-31 08:05:06,True,direct_loss,0.0
53049,2016-05-31 08:41:20,True,direct_loss,0.0
53043,2016-05-31 08:51:06,True,direct_loss,0.0
53058,2016-05-31 09:40:07,True,direct_loss,0.0
53052,2016-05-31 09:49:09,True,direct_loss,0.0
53055,2016-05-31 10:05:10,True,direct_loss,0.0
53065,2016-05-31 10:23:06,True,direct_loss,0.0
53071,2016-05-31 10:34:08,True,direct_loss,0.0
53070,2016-05-31 10:38:07,True,direct_loss,0.0
53077,2016-05-31 10:40:10,True,direct_loss,0.0
53080,2016-05-31 11:00:05,True,direct_loss,0.0
53081,2016-05-31 11:00:05,True,direct_loss,0.0
53082,2016-05-31 11:00:09,True,direct_loss,0.0
53279,2016-05-31 23:40:10,True,direct_loss,0.0
53274,2016-06-01 00:00:08,True,direct_loss,0.0
53275,2016-06-01 00:00:10,True,direct_loss,0.0
53285,2016-06-01 00:20:06,True,direct_loss,0.0
53277,2016-06-01 00:21:07,True,direct_loss,0.0
53301,2016-06-01 01:00:07,True,direct_loss,0.0
53304,2016-06-01 01:20:10,True,direct_loss,0.0
53293,2016-06-01 01:31:09,True,direct_loss,0.0
53308,2016-06-01 01:40:07,True,direct_loss,0.0
53313,2016-06-01 02:00:06,True,direct_loss,0.0
53307,2016-06-01 02:31:07,True,direct_loss,0.0
53309,2016-06-01 02:38:09,True,direct_loss,0.0
53314,2016-06-01 02:52:08,True,direct_loss,0.0
53317,2016-06-01 02:57:07,True,direct_loss,0.0
53322,2016-06-01 03:02:16,True,direct_loss,0.0
53316,2016-06-01 03:08:06,True,direct_loss,0.0
53333,2016-06-01 03:25:06,True,direct_loss,0.0
53329,2016-06-01 03:26:08,True,direct_loss,0.0
53328,2016-06-01 03:39:07,True,direct_loss,0.0
53332,2016-06-01 04:04:05,True,direct_loss,0.0
53337,2016-06-01 04:12:06,True,direct_loss,0.0
53688,2016-06-02 05:31:06,True,direct_loss,0.0
53690,2016-06-02 06:09:09,True,direct_loss,0.0
53699,2016-06-02 06:53:11,True,direct_loss,0.0
53710,2016-06-02 08:00:06,True,direct_loss,0.0
53720,2016-06-02 09:00:07,True,direct_loss,0.0
53721,2016-06-02 09:10:07,True,direct_loss,0.0
53875,2016-06-02 22:08:08,True,direct_loss,0.0
53878,2016-06-02 22:40:08,True,direct_loss,0.0
53879,2016-06-02 22:40:09,True,direct_loss,0.0
53876,2016-06-02 22:58:06,True,direct_loss,0.0
53880,2016-06-02 23:00:07,True,direct_loss,0.0
53887,2016-06-02 23:40:08,True,direct_loss,0.0
53886,2016-06-02 23:45:06,True,direct_loss,0.0
53884,2016-06-02 23:55:06,True,direct_loss,0.0
54009,2016-06-03 12:00:06,True,direct_loss,0.0
54013,2016-06-03 12:20:07,True,direct_loss,0.0
54003,2016-06-03 12:23:07,True,direct_loss,0.0
54019,2016-06-03 13:00:07,True,direct_loss,0.0
54016,2016-06-03 13:12:08,True,direct_loss,0.0
54018,2016-06-03 13:41:06,True,direct_loss,0.0
54029,2016-06-03 13:44:09,True,direct_loss,0.0
54026,2016-06-03 13:45:07,True,direct_loss,0.0
54028,2016-06-03 13:56:09,True,direct_loss,0.0
54032,2016-06-03 14:06:06,True,direct_loss,0.0
54040,2016-06-03 14:20:06,True,direct_loss,0.0
54033,2016-06-03 14:39:08,True,direct_loss,0.0
54041,2016-06-03 14:47:08,True,direct_loss,0.0
54051,2016-06-03 15:00:12,True,direct_loss,0.0
54049,2016-06-03 15:06:06,True,direct_loss,0.0
54047,2016-06-03 15:10:08,True,direct_loss,0.0
54046,2016-06-03 15:16:07,True,direct_loss,0.0
54050,2016-06-03 15:36:06,True,direct_loss,0.0
54189,2016-06-04 03:05:07,True,direct_loss,0.0
54190,2016-06-04 03:22:11,True,direct_loss,0.0
54196,2016-06-04 05:07:24,True,direct_loss,0.0
54199,2016-06-04 06:14:11,True,direct_loss,0.0
54201,2016-06-04 06:54:09,True,direct_loss,0.0
54204,2016-06-04 08:15:10,True,direct_loss,0.0
54266,2016-06-04 19:44:09,True,direct_loss,0.0
54276,2016-06-04 22:00:09,True,direct_loss,0.0
54273,2016-06-04 22:09:06,True,direct_loss,0.0
54274,2016-06-04 22:17:06,True,direct_loss,0.0
54279,2016-06-04 23:03:11,True,direct_loss,0.0
54278,2016-06-04 23:06:11,True,direct_loss,0.0
54285,2016-06-04 23:40:07,True,direct_loss,0.0
54282,2016-06-04 23:45:06,True,direct_loss,0.0
54283,2016-06-05 00:01:09,True,direct_loss,0.0
54286,2016-06-05 00:35:06,True,direct_loss,0.0
54289,2016-06-05 01:00:08,True,direct_loss,0.0
54345,2016-06-05 13:01:10,True,direct_loss,0.0
54344,2016-06-05 13:01:11,True,direct_loss,0.0
54350,2016-06-05 14:16:06,True,direct_loss,0.0
54349,2016-06-05 14:34:06,True,direct_loss,0.0
54352,2016-06-05 14:34:10,True,direct_loss,0.0
54354,2016-06-05 15:20:06,True,direct_loss,0.0
54364,2016-06-05 15:40:07,True,direct_loss,0.0
54365,2016-06-05 16:18:13,True,direct_loss,0.0
54373,2016-06-05 16:52:12,True,direct_loss,0.0
54369,2016-06-05 17:03:06,True,direct_loss,0.0
54371,2016-06-05 17:06:10,True,direct_loss,0.0
54376,2016-06-05 17:38:09,True,direct_loss,0.0
54381,2016-06-05 17:40:07,True,direct_loss,0.0
54380,2016-06-05 17:55:06,True,direct_loss,0.0
54383,2016-06-05 18:00:07,True,direct_loss,0.0
54379,2016-06-05 18:02:06,True,direct_loss,0.0
54378,2016-06-05 18:05:06,True,direct_loss,0.0
54386,2016-06-05 18:20:12,True,direct_loss,0.0
54382,2016-06-05 18:35:07,True,direct_loss,0.0
54391,2016-06-05 19:10:11,True,direct_loss,0.0
54390,2016-06-05 19:19:07,True,direct_loss,0.0
54394,2016-06-05 19:34:08,True,direct_loss,0.0
54396,2016-06-05 20:02:06,True,direct_loss,0.0
54485,2016-06-06 07:01:06,True,direct_loss,0.0
54493,2016-06-06 08:40:07,True,direct_loss,0.0
54497,2016-06-06 09:00:07,True,direct_loss,0.0
54500,2016-06-06 09:20:06,True,direct_loss,0.0
54507,2016-06-06 10:03:12,True,direct_loss,0.0
54504,2016-06-06 10:16:06,True,direct_loss,0.0
54519,2016-06-06 10:40:09,True,direct_loss,0.0
54512,2016-06-06 10:55:07,True,direct_loss,0.0
54523,2016-06-06 11:00:06,True,direct_loss,0.0
54524,2016-06-06 11:00:07,True,direct_loss,0.0
54525,2016-06-06 11:01:07,True,direct_loss,0.0
54513,2016-06-06 11:02:09,True,direct_loss,0.0
54518,2016-06-06 11:26:07,True,direct_loss,0.0
54522,2016-06-06 11:28:06,True,direct_loss,0.0
54529,2016-06-06 11:32:07,True,direct_loss,0.0
54531,2016-06-06 11:32:08,True,direct_loss,0.0
54530,2016-06-06 11:42:07,True,direct_loss,0.0
54537,2016-06-06 11:45:08,True,direct_loss,0.0
54539,2016-06-06 12:00:07,True,direct_loss,0.0
54536,2016-06-06 12:10:07,True,direct_loss,0.0
54532,2016-06-06 12:17:09,True,direct_loss,0.0
54549,2016-06-06 12:20:12,True,direct_loss,0.0
54543,2016-06-06 12:31:09,True,direct_loss,0.0
54545,2016-06-06 12:32:11,True,direct_loss,0.0
54542,2016-06-06 12:42:08,True,direct_loss,0.0
54552,2016-06-06 12:53:08,True,direct_loss,0.0
54558,2016-06-06 13:00:08,True,direct_loss,0.0
54548,2016-06-06 13:05:08,True,direct_loss,0.0
54547,2016-06-06 13:08:08,True,direct_loss,0.0
54565,2016-06-06 13:20:07,True,direct_loss,0.0
54553,2016-06-06 13:36:08,True,direct_loss,0.0
54572,2016-06-06 13:40:11,True,direct_loss,0.0
54564,2016-06-06 13:54:06,True,direct_loss,0.0
54577,2016-06-06 14:32:11,True,direct_loss,0.0
54581,2016-06-06 14:59:07,True,direct_loss,0.0
54582,2016-06-06 15:04:11,True,direct_loss,0.0
54590,2016-06-06 15:15:08,True,direct_loss,0.0
54596,2016-06-06 15:23:07,True,direct_loss,0.0
54597,2016-06-06 15:38:07,True,direct_loss,0.0
54598,2016-06-06 15:38:08,True,direct_loss,0.0
54599,2016-06-06 15:40:09,True,direct_loss,0.0
54612,2016-06-06 16:00:10,True,direct_loss,0.0
54604,2016-06-06 16:00:23,True,direct_loss,0.0
54609,2016-06-06 16:10:12,True,direct_loss,0.0
54608,2016-06-06 16:16:10,True,direct_loss,0.0
54606,2016-06-06 16:37:08,True,direct_loss,0.0
54618,2016-06-06 16:43:06,True,direct_loss,0.0
54620,2016-06-06 16:59:07,True,direct_loss,0.0
54619,2016-06-06 17:02:07,True,direct_loss,0.0
54754,2016-06-07 05:26:22,True,direct_loss,0.0
54761,2016-06-07 06:20:06,True,direct_loss,0.0
54762,2016-06-07 06:26:07,True,direct_loss,0.0
54772,2016-06-07 07:00:08,True,direct_loss,0.0
54778,2016-06-07 07:41:11,True,direct_loss,0.0
54777,2016-06-07 07:53:09,True,direct_loss,0.0
54774,2016-06-07 07:58:07,True,direct_loss,0.0
54775,2016-06-07 08:03:08,True,direct_loss,0.0
54785,2016-06-07 09:08:09,True,direct_loss,0.0
54792,2016-06-07 09:36:08,True,direct_loss,0.0
54793,2016-06-07 09:45:10,True,direct_loss,0.0
54794,2016-06-07 10:02:12,True,direct_loss,0.0
54790,2016-06-07 10:17:06,True,direct_loss,0.0
54798,2016-06-07 10:18:08,True,direct_loss,0.0
54924,2016-06-07 21:01:06,True,direct_loss,0.0
54933,2016-06-07 21:20:12,True,direct_loss,0.0
54932,2016-06-07 22:06:08,True,direct_loss,0.0
54939,2016-06-07 22:27:12,True,direct_loss,0.0
54949,2016-06-07 22:50:14,True,direct_loss,0.0
55212,2016-06-08 21:46:08,True,direct_loss,0.0
55225,2016-06-08 22:04:13,True,direct_loss,0.0
55227,2016-06-08 22:20:07,True,direct_loss,0.0
55232,2016-06-08 22:45:09,True,direct_loss,0.0
55231,2016-06-08 23:31:07,True,direct_loss,0.0
55234,2016-06-08 23:40:07,True,direct_loss,0.0
55236,2016-06-08 23:50:11,True,direct_loss,0.0
55235,2016-06-08 23:59:10,True,direct_loss,0.0
55238,2016-06-09 00:20:06,True,direct_loss,0.0
55241,2016-06-09 00:20:07,True,direct_loss,0.0
55242,2016-06-09 00:20:07,True,direct_loss,0.0
55245,2016-06-09 00:40:07,True,direct_loss,0.0
55239,2016-06-09 00:47:09,True,direct_loss,0.0
55251,2016-06-09 01:00:09,True,direct_loss,0.0
55250,2016-06-09 01:41:07,True,direct_loss,0.0
55255,2016-06-09 02:28:10,True,direct_loss,0.0
55253,2016-06-09 02:35:09,True,direct_loss,0.0
55661,2016-06-10 19:40:07,True,direct_loss,0.0
55663,2016-06-10 19:49:12,True,direct_loss,0.0
55659,2016-06-10 20:13:07,True,direct_loss,0.0
57577,2016-06-18 21:15:03,True,direct_loss,0.0
57588,2016-06-18 21:40:03,True,direct_loss,0.0
57585,2016-06-18 22:13:10,True,direct_loss,0.0
57591,2016-06-18 22:40:03,True,direct_loss,0.0
57592,2016-06-18 22:40:07,True,direct_loss,0.0
57612,2016-06-19 05:32:04,True,direct_loss,0.0
57629,2016-06-19 07:05:04,True,direct_loss,0.0
57624,2016-06-19 07:20:03,True,direct_loss,0.0
57625,2016-06-19 07:24:04,True,direct_loss,0.0
57635,2016-06-19 07:52:03,True,direct_loss,0.0
57641,2016-06-19 08:20:08,True,direct_loss,0.0
57640,2016-06-19 09:04:06,True,direct_loss,0.0
57638,2016-06-19 09:13:03,True,direct_loss,0.0
57645,2016-06-19 09:16:03,True,direct_loss,0.0
57659,2016-06-19 10:40:13,True,direct_loss,0.0
57664,2016-06-19 11:00:04,True,direct_loss,0.0
57660,2016-06-19 11:06:13,True,direct_loss,0.0
57665,2016-06-19 11:31:06,True,direct_loss,0.0
57668,2016-06-19 11:40:03,True,direct_loss,0.0
57672,2016-06-19 12:00:07,True,direct_loss,0.0
57708,2016-06-19 20:36:03,True,direct_loss,0.0
57719,2016-06-19 22:02:03,True,direct_loss,0.0
57721,2016-06-19 22:11:07,True,direct_loss,0.0
57723,2016-06-19 22:36:03,True,direct_loss,0.0
57725,2016-06-19 22:44:14,True,direct_loss,0.0
57726,2016-06-19 22:55:15,True,direct_loss,0.0
57727,2016-06-19 22:56:04,True,direct_loss,0.0
57730,2016-06-19 23:03:03,True,direct_loss,0.0
57737,2016-06-19 23:20:06,True,direct_loss,0.0
57735,2016-06-20 00:03:03,True,direct_loss,0.0
57738,2016-06-20 00:05:03,True,direct_loss,0.0
57744,2016-06-20 00:40:03,True,direct_loss,0.0
57739,2016-06-20 00:49:05,True,direct_loss,0.0
57743,2016-06-20 01:17:03,True,direct_loss,0.0
57747,2016-06-20 01:17:03,True,direct_loss,0.0
57749,2016-06-20 01:20:06,True,direct_loss,0.0
57751,2016-06-20 01:40:04,True,direct_loss,0.0
57752,2016-06-20 01:40:05,True,direct_loss,0.0
57755,2016-06-20 02:42:06,True,direct_loss,0.0
57758,2016-06-20 03:40:04,True,direct_loss,0.0
57761,2016-06-20 03:40:07,True,direct_loss,0.0
57759,2016-06-20 03:56:04,True,direct_loss,0.0
57766,2016-06-20 04:42:07,True,direct_loss,0.0
57770,2016-06-20 05:34:04,True,direct_loss,0.0
57778,2016-06-20 06:35:04,True,direct_loss,0.0
57791,2016-06-20 07:20:04,True,direct_loss,0.0
57784,2016-06-20 07:35:09,True,direct_loss,0.0
57785,2016-06-20 07:46:04,True,direct_loss,0.0
57794,2016-06-20 08:01:05,True,direct_loss,0.0
57798,2016-06-20 08:22:04,True,direct_loss,0.0
57793,2016-06-20 08:25:04,True,direct_loss,0.0
57799,2016-06-20 08:29:04,True,direct_loss,0.0
57800,2016-06-20 08:33:06,True,direct_loss,0.0
57820,2016-06-20 10:00:09,True,direct_loss,0.0
57811,2016-06-20 10:06:05,True,direct_loss,0.0
57809,2016-06-20 10:09:03,True,direct_loss,0.0
57818,2016-06-20 10:19:03,True,direct_loss,0.0
57829,2016-06-20 10:40:10,True,direct_loss,0.0
57830,2016-06-20 10:40:10,True,direct_loss,0.0
57822,2016-06-20 10:58:04,True,direct_loss,0.0
57824,2016-06-20 11:03:07,True,direct_loss,0.0
57827,2016-06-20 11:04:05,True,direct_loss,0.0
57838,2016-06-20 11:20:04,True,direct_loss,0.0
57834,2016-06-20 11:21:06,True,direct_loss,0.0
57845,2016-06-20 12:07:04,True,direct_loss,0.0
57848,2016-06-20 12:10:04,True,direct_loss,0.0
57855,2016-06-20 12:20:10,True,direct_loss,0.0
57858,2016-06-20 13:07:03,True,direct_loss,0.0
57854,2016-06-20 13:08:06,True,direct_loss,0.0
57859,2016-06-20 13:19:06,True,direct_loss,0.0
57864,2016-06-20 13:33:06,True,direct_loss,0.0
57875,2016-06-20 14:00:11,True,direct_loss,0.0
57873,2016-06-20 14:20:04,True,direct_loss,0.0
57879,2016-06-20 14:20:07,True,direct_loss,0.0
57870,2016-06-20 14:30:05,True,direct_loss,0.0
57869,2016-06-20 14:38:05,True,direct_loss,0.0
57878,2016-06-20 14:45:06,True,direct_loss,0.0
57874,2016-06-20 14:49:06,True,direct_loss,0.0
57877,2016-06-20 15:17:05,True,direct_loss,0.0
57883,2016-06-20 15:34:05,True,direct_loss,0.0
57894,2016-06-20 15:50:03,True,direct_loss,0.0
57889,2016-06-20 15:59:03,True,direct_loss,0.0
57902,2016-06-20 16:02:09,True,direct_loss,0.0
57923,2016-06-20 17:17:07,True,direct_loss,0.0
57920,2016-06-20 17:32:04,True,direct_loss,0.0
57930,2016-06-20 17:32:08,True,direct_loss,0.0
57929,2016-06-20 17:52:04,True,direct_loss,0.0
57936,2016-06-20 18:00:05,True,direct_loss,0.0
57949,2016-06-20 18:43:04,True,direct_loss,0.0
57970,2016-06-20 20:00:08,True,direct_loss,0.0
57960,2016-06-20 20:01:06,True,direct_loss,0.0
