law,budget,replication,method,rule,family_noncoverage,false_certification
biased_zero_rank_contrast,3072,0,shared_correction,range,False,False
biased_zero_rank_contrast,3072,0,shared_correction,hybrid,False,False
biased_zero_rank_contrast,3072,0,disjoint_triple_u,range,False,False
biased_zero_rank_contrast,3072,0,disjoint_triple_u,hybrid,False,False
biased_zero_rank_contrast,3072,0,complete_u,range,False,False
biased_zero_rank_contrast,3072,0,complete_u,hybrid,False,False
biased_zero_rank_contrast,3072,1,shared_correction,range,False,False
biased_zero_rank_contrast,3072,1,shared_correction,hybrid,False,False
biased_zero_rank_contrast,3072,1,disjoint_triple_u,range,False,False
biased_zero_rank_contrast,3072,1,disjoint_triple_u,hybrid,False,False
biased_zero_rank_contrast,3072,1,complete_u,range,False,False
biased_zero_rank_contrast,3072,1,complete_u,hybrid,False,False
biased_zero_rank_contrast,3072,2,shared_correction,range,False,False
biased_zero_rank_contrast,3072,2,shared_correction,hybrid,False,False
biased_zero_rank_contrast,3072,2,disjoint_triple_u,range,False,False
biased_zero_rank_contrast,3072,2,disjoint_triple_u,hybrid,False,False
biased_zero_rank_contrast,3072,2,complete_u,range,False,False
biased_zero_rank_contrast,3072,2,complete_u,hybrid,False,False
biased_zero_rank_contrast,3072,3,shared_correction,range,False,False
biased_zero_rank_contrast,3072,3,shared_correction,hybrid,False,False
biased_zero_rank_contrast,3072,3,disjoint_triple_u,range,False,False
biased_zero_rank_contrast,3072,3,disjoint_triple_u,hybrid,False,False
biased_zero_rank_contrast,3072,3,complete_u,range,False,False
biased_zero_rank_contrast,3072,3,complete_u,hybrid,False,False
biased_zero_rank_contrast,3072,4,shared_correction,range,False,False
biased_zero_rank_contrast,3072,4,shared_correction,hybrid,False,False
biased_zero_rank_contrast,3072,4,disjoint_triple_u,range,False,False
biased_zero_rank_contrast,3072,4,disjoint_triple_u,hybrid,False,False
biased_zero_rank_contrast,3072,4,complete_u,range,False,False
biased_zero_rank_contrast,3072,4,complete_u,hybrid,False,False
biased_zero_rank_contrast,3072,5,shared_correction,range,False,False
biased_zero_rank_contrast,3072,5,shared_correction,hybrid,False,False
biased_zero_rank_contrast,3072,5,disjoint_triple_u,range,False,False
biased_zero_rank_contrast,3072,5,disjoint_triple_u,hybrid,False,False
biased_zero_rank_contrast,3072,5,complete_u,range,False,False
biased_zero_rank_contrast,3072,5,complete_u,hybrid,False,False
biased_zero_rank_contrast,3072,6,shared_correction,range,False,False
biased_zero_rank_contrast,3072,6,shared_correction,hybrid,False,False
biased_zero_rank_contrast,3072,6,disjoint_triple_u,range,False,False
biased_zero_rank_contrast,3072,6,disjoint_triple_u,hybrid,False,False
biased_zero_rank_contrast,3072,6,complete_u,range,False,False
biased_zero_rank_contrast,3072,6,complete_u,hybrid,False,False
biased_zero_rank_contrast,3072,7,shared_correction,range,False,False
biased_zero_rank_contrast,3072,7,shared_correction,hybrid,False,False
biased_zero_rank_contrast,3072,7,disjoint_triple_u,range,False,False
biased_zero_rank_contrast,3072,7,disjoint_triple_u,hybrid,False,False
biased_zero_rank_contrast,3072,7,complete_u,range,False,False
biased_zero_rank_contrast,3072,7,complete_u,hybrid,False,False
biased_zero_rank_contrast,3072,8,shared_correction,range,False,False
biased_zero_rank_contrast,3072,8,shared_correction,hybrid,False,False
biased_zero_rank_contrast,3072,8,disjoint_triple_u,range,False,False
biased_zero_rank_contrast,3072,8,disjoint_triple_u,hybrid,False,False
biased_zero_rank_contrast,3072,8,complete_u,range,False,False
biased_zero_rank_contrast,3072,8,complete_u,hybrid,False,False
biased_zero_rank_contrast,3072,9,shared_correction,range,False,False
biased_zero_rank_contrast,3072,9,shared_correction,hybrid,False,False
biased_zero_rank_contrast,3072,9,disjoint_triple_u,range,False,False
biased_zero_rank_contrast,3072,9,disjoint_triple_u,hybrid,False,False
biased_zero_rank_contrast,3072,9,complete_u,range,False,False
biased_zero_rank_contrast,3072,9,complete_u,hybrid,False,False
biased_zero_rank_contrast,3072,10,shared_correction,range,False,False
biased_zero_rank_contrast,3072,10,shared_correction,hybrid,False,False
biased_zero_rank_contrast,3072,10,disjoint_triple_u,range,False,False
biased_zero_rank_contrast,3072,10,disjoint_triple_u,hybrid,False,False
biased_zero_rank_contrast,3072,10,complete_u,range,False,False
biased_zero_rank_contrast,3072,10,complete_u,hybrid,False,False
biased_zero_rank_contrast,3072,11,shared_correction,range,False,False
biased_zero_rank_contrast,3072,11,shared_correction,hybrid,False,False
biased_zero_rank_contrast,3072,11,disjoint_triple_u,range,False,False
biased_zero_rank_contrast,3072,11,disjoint_triple_u,hybrid,False,False
biased_zero_rank_contrast,3072,11,complete_u,range,False,False
biased_zero_rank_contrast,3072,11,complete_u,hybrid,False,False
biased_zero_rank_contrast,3072,12,shared_correction,range,False,False
biased_zero_rank_contrast,3072,12,shared_correction,hybrid,False,False
biased_zero_rank_contrast,3072,12,disjoint_triple_u,range,False,False
biased_zero_rank_contrast,3072,12,disjoint_triple_u,hybrid,False,False
biased_zero_rank_contrast,3072,12,complete_u,range,False,False
biased_zero_rank_contrast,3072,12,complete_u,hybrid,False,False
biased_zero_rank_contrast,3072,13,shared_correction,range,False,False
biased_zero_rank_contrast,3072,13,shared_correction,hybrid,False,False
biased_zero_rank_contrast,3072,13,disjoint_triple_u,range,False,False
biased_zero_rank_contrast,3072,13,disjoint_triple_u,hybrid,False,False
biased_zero_rank_contrast,3072,13,complete_u,range,False,False
biased_zero_rank_contrast,3072,13,complete_u,hybrid,False,False
biased_zero_rank_contrast,3072,14,shared_correction,range,False,False
biased_zero_rank_contrast,3072,14,shared_correction,hybrid,False,False
biased_zero_rank_contrast,3072,14,disjoint_triple_u,range,False,False
biased_zero_rank_contrast,3072,14,disjoint_triple_u,hybrid,False,False
biased_zero_rank_contrast,3072,14,complete_u,range,False,False
biased_zero_rank_contrast,3072,14,complete_u,hybrid,False,False
biased_zero_rank_contrast,3072,15,shared_correction,range,False,False
biased_zero_rank_contrast,3072,15,shared_correction,hybrid,False,False
biased_zero_rank_contrast,3072,15,disjoint_triple_u,range,False,False
biased_zero_rank_contrast,3072,15,disjoint_triple_u,hybrid,False,False
biased_zero_rank_contrast,3072,15,complete_u,range,False,False
biased_zero_rank_contrast,3072,15,complete_u,hybrid,False,False
biased_zero_rank_contrast,3072,16,shared_correction,range,False,False
biased_zero_rank_contrast,3072,16,shared_correction,hybrid,False,False
biased_zero_rank_contrast,3072,16,disjoint_triple_u,range,False,False
biased_zero_rank_contrast,3072,16,disjoint_triple_u,hybrid,False,False
biased_zero_rank_contrast,3072,16,complete_u,range,False,False
biased_zero_rank_contrast,3072,16,complete_u,hybrid,False,False
biased_zero_rank_contrast,3072,17,shared_correction,range,False,False
biased_zero_rank_contrast,3072,17,shared_correction,hybrid,False,False
biased_zero_rank_contrast,3072,17,disjoint_triple_u,range,False,False
biased_zero_rank_contrast,3072,17,disjoint_triple_u,hybrid,False,False
biased_zero_rank_contrast,3072,17,complete_u,range,False,False
biased_zero_rank_contrast,3072,17,complete_u,hybrid,False,False
biased_zero_rank_contrast,3072,18,shared_correction,range,False,False
biased_zero_rank_contrast,3072,18,shared_correction,hybrid,False,False
biased_zero_rank_contrast,3072,18,disjoint_triple_u,range,False,False
biased_zero_rank_contrast,3072,18,disjoint_triple_u,hybrid,False,False
biased_zero_rank_contrast,3072,18,complete_u,range,False,False
biased_zero_rank_contrast,3072,18,complete_u,hybrid,False,False
biased_zero_rank_contrast,3072,19,shared_correction,range,False,False
biased_zero_rank_contrast,3072,19,shared_correction,hybrid,False,False
biased_zero_rank_contrast,3072,19,disjoint_triple_u,range,False,False
biased_zero_rank_contrast,3072,19,disjoint_triple_u,hybrid,False,False
biased_zero_rank_contrast,3072,19,complete_u,range,False,False
biased_zero_rank_contrast,3072,19,complete_u,hybrid,False,False
biased_zero_rank_contrast,3072,20,shared_correction,range,False,False
biased_zero_rank_contrast,3072,20,shared_correction,hybrid,False,False
biased_zero_rank_contrast,3072,20,disjoint_triple_u,range,False,False
biased_zero_rank_contrast,3072,20,disjoint_triple_u,hybrid,False,False
biased_zero_rank_contrast,3072,20,complete_u,range,False,False
biased_zero_rank_contrast,3072,20,complete_u,hybrid,False,False
biased_zero_rank_contrast,3072,21,shared_correction,range,False,False
biased_zero_rank_contrast,3072,21,shared_correction,hybrid,False,False
biased_zero_rank_contrast,3072,21,disjoint_triple_u,range,False,False
biased_zero_rank_contrast,3072,21,disjoint_triple_u,hybrid,False,False
biased_zero_rank_contrast,3072,21,complete_u,range,False,False
biased_zero_rank_contrast,3072,21,complete_u,hybrid,False,False
biased_zero_rank_contrast,3072,22,shared_correction,range,False,False
biased_zero_rank_contrast,3072,22,shared_correction,hybrid,False,False
biased_zero_rank_contrast,3072,22,disjoint_triple_u,range,False,False
biased_zero_rank_contrast,3072,22,disjoint_triple_u,hybrid,False,False
biased_zero_rank_contrast,3072,22,complete_u,range,False,False
biased_zero_rank_contrast,3072,22,complete_u,hybrid,False,False
biased_zero_rank_contrast,3072,23,shared_correction,range,False,False
biased_zero_rank_contrast,3072,23,shared_correction,hybrid,False,False
biased_zero_rank_contrast,3072,23,disjoint_triple_u,range,False,False
biased_zero_rank_contrast,3072,23,disjoint_triple_u,hybrid,False,False
biased_zero_rank_contrast,3072,23,complete_u,range,False,False
biased_zero_rank_contrast,3072,23,complete_u,hybrid,False,False
biased_zero_rank_contrast,3072,24,shared_correction,range,False,False
biased_zero_rank_contrast,3072,24,shared_correction,hybrid,False,False
biased_zero_rank_contrast,3072,24,disjoint_triple_u,range,False,False
biased_zero_rank_contrast,3072,24,disjoint_triple_u,hybrid,False,False
biased_zero_rank_contrast,3072,24,complete_u,range,False,False
biased_zero_rank_contrast,3072,24,complete_u,hybrid,False,False
biased_zero_rank_contrast,3072,25,shared_correction,range,False,False
biased_zero_rank_contrast,3072,25,shared_correction,hybrid,False,False
biased_zero_rank_contrast,3072,25,disjoint_triple_u,range,False,False
biased_zero_rank_contrast,3072,25,disjoint_triple_u,hybrid,False,False
biased_zero_rank_contrast,3072,25,complete_u,range,False,False
biased_zero_rank_contrast,3072,25,complete_u,hybrid,False,False
biased_zero_rank_contrast,3072,26,shared_correction,range,False,False
biased_zero_rank_contrast,3072,26,shared_correction,hybrid,False,False
biased_zero_rank_contrast,3072,26,disjoint_triple_u,range,False,False
biased_zero_rank_contrast,3072,26,disjoint_triple_u,hybrid,False,False
biased_zero_rank_contrast,3072,26,complete_u,range,False,False
biased_zero_rank_contrast,3072,26,complete_u,hybrid,False,False
biased_zero_rank_contrast,3072,27,shared_correction,range,False,False
biased_zero_rank_contrast,3072,27,shared_correction,hybrid,False,False
biased_zero_rank_contrast,3072,27,disjoint_triple_u,range,False,False
biased_zero_rank_contrast,3072,27,disjoint_triple_u,hybrid,False,False
biased_zero_rank_contrast,3072,27,complete_u,range,False,False
biased_zero_rank_contrast,3072,27,complete_u,hybrid,False,False
biased_zero_rank_contrast,3072,28,shared_correction,range,False,False
biased_zero_rank_contrast,3072,28,shared_correction,hybrid,False,False
biased_zero_rank_contrast,3072,28,disjoint_triple_u,range,False,False
biased_zero_rank_contrast,3072,28,disjoint_triple_u,hybrid,False,False
biased_zero_rank_contrast,3072,28,complete_u,range,False,False
biased_zero_rank_contrast,3072,28,complete_u,hybrid,False,False
biased_zero_rank_contrast,3072,29,shared_correction,range,False,False
biased_zero_rank_contrast,3072,29,shared_correction,hybrid,False,False
biased_zero_rank_contrast,3072,29,disjoint_triple_u,range,False,False
biased_zero_rank_contrast,3072,29,disjoint_triple_u,hybrid,False,False
biased_zero_rank_contrast,3072,29,complete_u,range,False,False
biased_zero_rank_contrast,3072,29,complete_u,hybrid,False,False
biased_zero_rank_contrast,3072,30,shared_correction,range,False,False
biased_zero_rank_contrast,3072,30,shared_correction,hybrid,False,False
biased_zero_rank_contrast,3072,30,disjoint_triple_u,range,False,False
biased_zero_rank_contrast,3072,30,disjoint_triple_u,hybrid,False,False
biased_zero_rank_contrast,3072,30,complete_u,range,False,False
biased_zero_rank_contrast,3072,30,complete_u,hybrid,False,False
biased_zero_rank_contrast,3072,31,shared_correction,range,False,False
biased_zero_rank_contrast,3072,31,shared_correction,hybrid,False,False
biased_zero_rank_contrast,3072,31,disjoint_triple_u,range,False,False
biased_zero_rank_contrast,3072,31,disjoint_triple_u,hybrid,False,False
biased_zero_rank_contrast,3072,31,complete_u,range,False,False
biased_zero_rank_contrast,3072,31,complete_u,hybrid,False,False
biased_zero_rank_contrast,3072,32,shared_correction,range,False,False
biased_zero_rank_contrast,3072,32,shared_correction,hybrid,False,False
biased_zero_rank_contrast,3072,32,disjoint_triple_u,range,False,False
biased_zero_rank_contrast,3072,32,disjoint_triple_u,hybrid,False,False
biased_zero_rank_contrast,3072,32,complete_u,range,False,False
biased_zero_rank_contrast,3072,32,complete_u,hybrid,False,False
biased_zero_rank_contrast,3072,33,shared_correction,range,False,False
biased_zero_rank_contrast,3072,33,shared_correction,hybrid,False,False
biased_zero_rank_contrast,3072,33,disjoint_triple_u,range,False,False
biased_zero_rank_contrast,3072,33,disjoint_triple_u,hybrid,False,False
biased_zero_rank_contrast,3072,33,complete_u,range,False,False
biased_zero_rank_contrast,3072,33,complete_u,hybrid,False,False
biased_zero_rank_contrast,3072,34,shared_correction,range,False,False
biased_zero_rank_contrast,3072,34,shared_correction,hybrid,False,False
biased_zero_rank_contrast,3072,34,disjoint_triple_u,range,False,False
biased_zero_rank_contrast,3072,34,disjoint_triple_u,hybrid,False,False
biased_zero_rank_contrast,3072,34,complete_u,range,False,False
biased_zero_rank_contrast,3072,34,complete_u,hybrid,False,False
biased_zero_rank_contrast,3072,35,shared_correction,range,False,False
biased_zero_rank_contrast,3072,35,shared_correction,hybrid,False,False
biased_zero_rank_contrast,3072,35,disjoint_triple_u,range,False,False
biased_zero_rank_contrast,3072,35,disjoint_triple_u,hybrid,False,False
biased_zero_rank_contrast,3072,35,complete_u,range,False,False
biased_zero_rank_contrast,3072,35,complete_u,hybrid,False,False
biased_zero_rank_contrast,3072,36,shared_correction,range,False,False
biased_zero_rank_contrast,3072,36,shared_correction,hybrid,False,False
biased_zero_rank_contrast,3072,36,disjoint_triple_u,range,False,False
biased_zero_rank_contrast,3072,36,disjoint_triple_u,hybrid,False,False
biased_zero_rank_contrast,3072,36,complete_u,range,False,False
biased_zero_rank_contrast,3072,36,complete_u,hybrid,False,False
biased_zero_rank_contrast,3072,37,shared_correction,range,False,False
biased_zero_rank_contrast,3072,37,shared_correction,hybrid,False,False
biased_zero_rank_contrast,3072,37,disjoint_triple_u,range,False,False
biased_zero_rank_contrast,3072,37,disjoint_triple_u,hybrid,False,False
biased_zero_rank_contrast,3072,37,complete_u,range,False,False
biased_zero_rank_contrast,3072,37,complete_u,hybrid,False,False
biased_zero_rank_contrast,3072,38,shared_correction,range,False,False
biased_zero_rank_contrast,3072,38,shared_correction,hybrid,False,False
biased_zero_rank_contrast,3072,38,disjoint_triple_u,range,False,False
biased_zero_rank_contrast,3072,38,disjoint_triple_u,hybrid,False,False
biased_zero_rank_contrast,3072,38,complete_u,range,False,False
biased_zero_rank_contrast,3072,38,complete_u,hybrid,False,False
biased_zero_rank_contrast,3072,39,shared_correction,range,False,False
biased_zero_rank_contrast,3072,39,shared_correction,hybrid,False,False
biased_zero_rank_contrast,3072,39,disjoint_triple_u,range,False,False
biased_zero_rank_contrast,3072,39,disjoint_triple_u,hybrid,False,False
biased_zero_rank_contrast,3072,39,complete_u,range,False,False
biased_zero_rank_contrast,3072,39,complete_u,hybrid,False,False
biased_zero_rank_contrast,3072,40,shared_correction,range,False,False
biased_zero_rank_contrast,3072,40,shared_correction,hybrid,False,False
biased_zero_rank_contrast,3072,40,disjoint_triple_u,range,False,False
biased_zero_rank_contrast,3072,40,disjoint_triple_u,hybrid,False,False
biased_zero_rank_contrast,3072,40,complete_u,range,False,False
biased_zero_rank_contrast,3072,40,complete_u,hybrid,False,False
biased_zero_rank_contrast,3072,41,shared_correction,range,False,False
biased_zero_rank_contrast,3072,41,shared_correction,hybrid,False,False
biased_zero_rank_contrast,3072,41,disjoint_triple_u,range,False,False
biased_zero_rank_contrast,3072,41,disjoint_triple_u,hybrid,False,False
biased_zero_rank_contrast,3072,41,complete_u,range,False,False
biased_zero_rank_contrast,3072,41,complete_u,hybrid,False,False
biased_zero_rank_contrast,3072,42,shared_correction,range,False,False
biased_zero_rank_contrast,3072,42,shared_correction,hybrid,False,False
biased_zero_rank_contrast,3072,42,disjoint_triple_u,range,False,False
biased_zero_rank_contrast,3072,42,disjoint_triple_u,hybrid,False,False
biased_zero_rank_contrast,3072,42,complete_u,range,False,False
biased_zero_rank_contrast,3072,42,complete_u,hybrid,False,False
biased_zero_rank_contrast,3072,43,shared_correction,range,False,False
biased_zero_rank_contrast,3072,43,shared_correction,hybrid,False,False
biased_zero_rank_contrast,3072,43,disjoint_triple_u,range,False,False
biased_zero_rank_contrast,3072,43,disjoint_triple_u,hybrid,False,False
biased_zero_rank_contrast,3072,43,complete_u,range,False,False
biased_zero_rank_contrast,3072,43,complete_u,hybrid,False,False
biased_zero_rank_contrast,3072,44,shared_correction,range,False,False
biased_zero_rank_contrast,3072,44,shared_correction,hybrid,False,False
biased_zero_rank_contrast,3072,44,disjoint_triple_u,range,False,False
biased_zero_rank_contrast,3072,44,disjoint_triple_u,hybrid,False,False
biased_zero_rank_contrast,3072,44,complete_u,range,False,False
biased_zero_rank_contrast,3072,44,complete_u,hybrid,False,False
biased_zero_rank_contrast,3072,45,shared_correction,range,False,False
biased_zero_rank_contrast,3072,45,shared_correction,hybrid,False,False
biased_zero_rank_contrast,3072,45,disjoint_triple_u,range,False,False
biased_zero_rank_contrast,3072,45,disjoint_triple_u,hybrid,False,False
biased_zero_rank_contrast,3072,45,complete_u,range,False,False
biased_zero_rank_contrast,3072,45,complete_u,hybrid,False,False
biased_zero_rank_contrast,3072,46,shared_correction,range,False,False
biased_zero_rank_contrast,3072,46,shared_correction,hybrid,False,False
biased_zero_rank_contrast,3072,46,disjoint_triple_u,range,False,False
biased_zero_rank_contrast,3072,46,disjoint_triple_u,hybrid,False,False
biased_zero_rank_contrast,3072,46,complete_u,range,False,False
biased_zero_rank_contrast,3072,46,complete_u,hybrid,False,False
biased_zero_rank_contrast,3072,47,shared_correction,range,False,False
biased_zero_rank_contrast,3072,47,shared_correction,hybrid,False,False
biased_zero_rank_contrast,3072,47,disjoint_triple_u,range,False,False
biased_zero_rank_contrast,3072,47,disjoint_triple_u,hybrid,False,False
biased_zero_rank_contrast,3072,47,complete_u,range,False,False
biased_zero_rank_contrast,3072,47,complete_u,hybrid,False,False
biased_zero_rank_contrast,3072,48,shared_correction,range,False,False
biased_zero_rank_contrast,3072,48,shared_correction,hybrid,False,False
biased_zero_rank_contrast,3072,48,disjoint_triple_u,range,False,False
biased_zero_rank_contrast,3072,48,disjoint_triple_u,hybrid,False,False
biased_zero_rank_contrast,3072,48,complete_u,range,False,False
biased_zero_rank_contrast,3072,48,complete_u,hybrid,False,False
biased_zero_rank_contrast,3072,49,shared_correction,range,False,False
biased_zero_rank_contrast,3072,49,shared_correction,hybrid,False,False
biased_zero_rank_contrast,3072,49,disjoint_triple_u,range,False,False
biased_zero_rank_contrast,3072,49,disjoint_triple_u,hybrid,False,False
biased_zero_rank_contrast,3072,49,complete_u,range,False,False
biased_zero_rank_contrast,3072,49,complete_u,hybrid,False,False
biased_zero_rank_contrast,3072,50,shared_correction,range,False,False
biased_zero_rank_contrast,3072,50,shared_correction,hybrid,False,False
biased_zero_rank_contrast,3072,50,disjoint_triple_u,range,False,False
biased_zero_rank_contrast,3072,50,disjoint_triple_u,hybrid,False,False
biased_zero_rank_contrast,3072,50,complete_u,range,False,False
biased_zero_rank_contrast,3072,50,complete_u,hybrid,False,False
biased_zero_rank_contrast,3072,51,shared_correction,range,False,False
biased_zero_rank_contrast,3072,51,shared_correction,hybrid,False,False
biased_zero_rank_contrast,3072,51,disjoint_triple_u,range,False,False
biased_zero_rank_contrast,3072,51,disjoint_triple_u,hybrid,False,False
biased_zero_rank_contrast,3072,51,complete_u,range,False,False
biased_zero_rank_contrast,3072,51,complete_u,hybrid,False,False
biased_zero_rank_contrast,3072,52,shared_correction,range,False,False
biased_zero_rank_contrast,3072,52,shared_correction,hybrid,False,False
biased_zero_rank_contrast,3072,52,disjoint_triple_u,range,False,False
biased_zero_rank_contrast,3072,52,disjoint_triple_u,hybrid,False,False
biased_zero_rank_contrast,3072,52,complete_u,range,False,False
biased_zero_rank_contrast,3072,52,complete_u,hybrid,False,False
biased_zero_rank_contrast,3072,53,shared_correction,range,False,False
biased_zero_rank_contrast,3072,53,shared_correction,hybrid,False,False
biased_zero_rank_contrast,3072,53,disjoint_triple_u,range,False,False
biased_zero_rank_contrast,3072,53,disjoint_triple_u,hybrid,False,False
biased_zero_rank_contrast,3072,53,complete_u,range,False,False
biased_zero_rank_contrast,3072,53,complete_u,hybrid,False,False
biased_zero_rank_contrast,3072,54,shared_correction,range,False,False
biased_zero_rank_contrast,3072,54,shared_correction,hybrid,False,False
biased_zero_rank_contrast,3072,54,disjoint_triple_u,range,False,False
biased_zero_rank_contrast,3072,54,disjoint_triple_u,hybrid,False,False
biased_zero_rank_contrast,3072,54,complete_u,range,False,False
biased_zero_rank_contrast,3072,54,complete_u,hybrid,False,False
biased_zero_rank_contrast,3072,55,shared_correction,range,False,False
biased_zero_rank_contrast,3072,55,shared_correction,hybrid,False,False
biased_zero_rank_contrast,3072,55,disjoint_triple_u,range,False,False
biased_zero_rank_contrast,3072,55,disjoint_triple_u,hybrid,False,False
biased_zero_rank_contrast,3072,55,complete_u,range,False,False
biased_zero_rank_contrast,3072,55,complete_u,hybrid,False,False
biased_zero_rank_contrast,3072,56,shared_correction,range,False,False
biased_zero_rank_contrast,3072,56,shared_correction,hybrid,False,False
biased_zero_rank_contrast,3072,56,disjoint_triple_u,range,False,False
biased_zero_rank_contrast,3072,56,disjoint_triple_u,hybrid,False,False
biased_zero_rank_contrast,3072,56,complete_u,range,False,False
biased_zero_rank_contrast,3072,56,complete_u,hybrid,False,False
biased_zero_rank_contrast,3072,57,shared_correction,range,False,False
biased_zero_rank_contrast,3072,57,shared_correction,hybrid,False,False
biased_zero_rank_contrast,3072,57,disjoint_triple_u,range,False,False
biased_zero_rank_contrast,3072,57,disjoint_triple_u,hybrid,False,False
biased_zero_rank_contrast,3072,57,complete_u,range,False,False
biased_zero_rank_contrast,3072,57,complete_u,hybrid,False,False
biased_zero_rank_contrast,3072,58,shared_correction,range,False,False
biased_zero_rank_contrast,3072,58,shared_correction,hybrid,False,False
biased_zero_rank_contrast,3072,58,disjoint_triple_u,range,False,False
biased_zero_rank_contrast,3072,58,disjoint_triple_u,hybrid,False,False
biased_zero_rank_contrast,3072,58,complete_u,range,False,False
biased_zero_rank_contrast,3072,58,complete_u,hybrid,False,False
biased_zero_rank_contrast,3072,59,shared_correction,range,False,False
biased_zero_rank_contrast,3072,59,shared_correction,hybrid,False,False
biased_zero_rank_contrast,3072,59,disjoint_triple_u,range,False,False
biased_zero_rank_contrast,3072,59,disjoint_triple_u,hybrid,False,False
biased_zero_rank_contrast,3072,59,complete_u,range,False,False
biased_zero_rank_contrast,3072,59,complete_u,hybrid,False,False
biased_zero_rank_contrast,3072,60,shared_correction,range,False,False
biased_zero_rank_contrast,3072,60,shared_correction,hybrid,False,False
biased_zero_rank_contrast,3072,60,disjoint_triple_u,range,False,False
biased_zero_rank_contrast,3072,60,disjoint_triple_u,hybrid,False,False
biased_zero_rank_contrast,3072,60,complete_u,range,False,False
biased_zero_rank_contrast,3072,60,complete_u,hybrid,False,False
biased_zero_rank_contrast,3072,61,shared_correction,range,False,False
biased_zero_rank_contrast,3072,61,shared_correction,hybrid,False,False
biased_zero_rank_contrast,3072,61,disjoint_triple_u,range,False,False
biased_zero_rank_contrast,3072,61,disjoint_triple_u,hybrid,False,False
biased_zero_rank_contrast,3072,61,complete_u,range,False,False
biased_zero_rank_contrast,3072,61,complete_u,hybrid,False,False
biased_zero_rank_contrast,3072,62,shared_correction,range,False,False
biased_zero_rank_contrast,3072,62,shared_correction,hybrid,False,False
biased_zero_rank_contrast,3072,62,disjoint_triple_u,range,False,False
biased_zero_rank_contrast,3072,62,disjoint_triple_u,hybrid,False,False
biased_zero_rank_contrast,3072,62,complete_u,range,False,False
biased_zero_rank_contrast,3072,62,complete_u,hybrid,False,False
biased_zero_rank_contrast,3072,63,shared_correction,range,False,False
biased_zero_rank_contrast,3072,63,shared_correction,hybrid,False,False
biased_zero_rank_contrast,3072,63,disjoint_triple_u,range,False,False
biased_zero_rank_contrast,3072,63,disjoint_triple_u,hybrid,False,False
biased_zero_rank_contrast,3072,63,complete_u,range,False,False
biased_zero_rank_contrast,3072,63,complete_u,hybrid,False,False
biased_zero_rank_contrast,3072,64,shared_correction,range,False,False
biased_zero_rank_contrast,3072,64,shared_correction,hybrid,False,False
biased_zero_rank_contrast,3072,64,disjoint_triple_u,range,False,False
biased_zero_rank_contrast,3072,64,disjoint_triple_u,hybrid,False,False
biased_zero_rank_contrast,3072,64,complete_u,range,False,False
biased_zero_rank_contrast,3072,64,complete_u,hybrid,False,False
biased_zero_rank_contrast,3072,65,shared_correction,range,False,False
biased_zero_rank_contrast,3072,65,shared_correction,hybrid,False,False
biased_zero_rank_contrast,3072,65,disjoint_triple_u,range,False,False
biased_zero_rank_contrast,3072,65,disjoint_triple_u,hybrid,False,False
biased_zero_rank_contrast,3072,65,complete_u,range,False,False
biased_zero_rank_contrast,3072,65,complete_u,hybrid,False,False
biased_zero_rank_contrast,3072,66,shared_correction,range,False,False
biased_zero_rank_contrast,3072,66,shared_correction,hybrid,False,False
biased_zero_rank_contrast,3072,66,disjoint_triple_u,range,False,False
biased_zero_rank_contrast,3072,66,disjoint_triple_u,hybrid,False,False
biased_zero_rank_contrast,3072,66,complete_u,range,False,False
biased_zero_rank_contrast,3072,66,complete_u,hybrid,False,False
biased_zero_rank_contrast,3072,67,shared_correction,range,False,False
biased_zero_rank_contrast,3072,67,shared_correction,hybrid,False,False
biased_zero_rank_contrast,3072,67,disjoint_triple_u,range,False,False
biased_zero_rank_contrast,3072,67,disjoint_triple_u,hybrid,False,False
biased_zero_rank_contrast,3072,67,complete_u,range,False,False
biased_zero_rank_contrast,3072,67,complete_u,hybrid,False,False
biased_zero_rank_contrast,3072,68,shared_correction,range,False,False
biased_zero_rank_contrast,3072,68,shared_correction,hybrid,False,False
biased_zero_rank_contrast,3072,68,disjoint_triple_u,range,False,False
biased_zero_rank_contrast,3072,68,disjoint_triple_u,hybrid,False,False
biased_zero_rank_contrast,3072,68,complete_u,range,False,False
biased_zero_rank_contrast,3072,68,complete_u,hybrid,False,False
biased_zero_rank_contrast,3072,69,shared_correction,range,False,False
biased_zero_rank_contrast,3072,69,shared_correction,hybrid,False,False
biased_zero_rank_contrast,3072,69,disjoint_triple_u,range,False,False
biased_zero_rank_contrast,3072,69,disjoint_triple_u,hybrid,False,False
biased_zero_rank_contrast,3072,69,complete_u,range,False,False
biased_zero_rank_contrast,3072,69,complete_u,hybrid,False,False
biased_zero_rank_contrast,3072,70,shared_correction,range,False,False
biased_zero_rank_contrast,3072,70,shared_correction,hybrid,False,False
biased_zero_rank_contrast,3072,70,disjoint_triple_u,range,False,False
biased_zero_rank_contrast,3072,70,disjoint_triple_u,hybrid,False,False
biased_zero_rank_contrast,3072,70,complete_u,range,False,False
biased_zero_rank_contrast,3072,70,complete_u,hybrid,False,False
biased_zero_rank_contrast,3072,71,shared_correction,range,False,False
biased_zero_rank_contrast,3072,71,shared_correction,hybrid,False,False
biased_zero_rank_contrast,3072,71,disjoint_triple_u,range,False,False
biased_zero_rank_contrast,3072,71,disjoint_triple_u,hybrid,False,False
biased_zero_rank_contrast,3072,71,complete_u,range,False,False
biased_zero_rank_contrast,3072,71,complete_u,hybrid,False,False
biased_zero_rank_contrast,3072,72,shared_correction,range,False,False
biased_zero_rank_contrast,3072,72,shared_correction,hybrid,False,False
biased_zero_rank_contrast,3072,72,disjoint_triple_u,range,False,False
biased_zero_rank_contrast,3072,72,disjoint_triple_u,hybrid,False,False
biased_zero_rank_contrast,3072,72,complete_u,range,False,False
biased_zero_rank_contrast,3072,72,complete_u,hybrid,False,False
biased_zero_rank_contrast,3072,73,shared_correction,range,False,False
biased_zero_rank_contrast,3072,73,shared_correction,hybrid,False,False
biased_zero_rank_contrast,3072,73,disjoint_triple_u,range,False,False
biased_zero_rank_contrast,3072,73,disjoint_triple_u,hybrid,False,False
biased_zero_rank_contrast,3072,73,complete_u,range,False,False
biased_zero_rank_contrast,3072,73,complete_u,hybrid,False,False
biased_zero_rank_contrast,3072,74,shared_correction,range,False,False
biased_zero_rank_contrast,3072,74,shared_correction,hybrid,False,False
biased_zero_rank_contrast,3072,74,disjoint_triple_u,range,False,False
biased_zero_rank_contrast,3072,74,disjoint_triple_u,hybrid,False,False
biased_zero_rank_contrast,3072,74,complete_u,range,False,False
biased_zero_rank_contrast,3072,74,complete_u,hybrid,False,False
biased_zero_rank_contrast,3072,75,shared_correction,range,False,False
biased_zero_rank_contrast,3072,75,shared_correction,hybrid,False,False
biased_zero_rank_contrast,3072,75,disjoint_triple_u,range,False,False
biased_zero_rank_contrast,3072,75,disjoint_triple_u,hybrid,False,False
biased_zero_rank_contrast,3072,75,complete_u,range,False,False
biased_zero_rank_contrast,3072,75,complete_u,hybrid,False,False
biased_zero_rank_contrast,3072,76,shared_correction,range,False,False
biased_zero_rank_contrast,3072,76,shared_correction,hybrid,False,False
biased_zero_rank_contrast,3072,76,disjoint_triple_u,range,False,False
biased_zero_rank_contrast,3072,76,disjoint_triple_u,hybrid,False,False
biased_zero_rank_contrast,3072,76,complete_u,range,False,False
biased_zero_rank_contrast,3072,76,complete_u,hybrid,False,False
biased_zero_rank_contrast,3072,77,shared_correction,range,False,False
biased_zero_rank_contrast,3072,77,shared_correction,hybrid,False,False
biased_zero_rank_contrast,3072,77,disjoint_triple_u,range,False,False
biased_zero_rank_contrast,3072,77,disjoint_triple_u,hybrid,False,False
biased_zero_rank_contrast,3072,77,complete_u,range,False,False
biased_zero_rank_contrast,3072,77,complete_u,hybrid,False,False
biased_zero_rank_contrast,3072,78,shared_correction,range,False,False
biased_zero_rank_contrast,3072,78,shared_correction,hybrid,False,False
biased_zero_rank_contrast,3072,78,disjoint_triple_u,range,False,False
biased_zero_rank_contrast,3072,78,disjoint_triple_u,hybrid,False,False
biased_zero_rank_contrast,3072,78,complete_u,range,False,False
biased_zero_rank_contrast,3072,78,complete_u,hybrid,False,False
biased_zero_rank_contrast,3072,79,shared_correction,range,False,False
biased_zero_rank_contrast,3072,79,shared_correction,hybrid,False,False
biased_zero_rank_contrast,3072,79,disjoint_triple_u,range,False,False
biased_zero_rank_contrast,3072,79,disjoint_triple_u,hybrid,False,False
biased_zero_rank_contrast,3072,79,complete_u,range,False,False
biased_zero_rank_contrast,3072,79,complete_u,hybrid,False,False
biased_zero_rank_contrast,3072,80,shared_correction,range,False,False
biased_zero_rank_contrast,3072,80,shared_correction,hybrid,False,False
biased_zero_rank_contrast,3072,80,disjoint_triple_u,range,False,False
biased_zero_rank_contrast,3072,80,disjoint_triple_u,hybrid,False,False
biased_zero_rank_contrast,3072,80,complete_u,range,False,False
biased_zero_rank_contrast,3072,80,complete_u,hybrid,False,False
biased_zero_rank_contrast,3072,81,shared_correction,range,False,False
biased_zero_rank_contrast,3072,81,shared_correction,hybrid,False,False
biased_zero_rank_contrast,3072,81,disjoint_triple_u,range,False,False
biased_zero_rank_contrast,3072,81,disjoint_triple_u,hybrid,False,False
biased_zero_rank_contrast,3072,81,complete_u,range,False,False
biased_zero_rank_contrast,3072,81,complete_u,hybrid,False,False
biased_zero_rank_contrast,3072,82,shared_correction,range,False,False
biased_zero_rank_contrast,3072,82,shared_correction,hybrid,False,False
biased_zero_rank_contrast,3072,82,disjoint_triple_u,range,False,False
biased_zero_rank_contrast,3072,82,disjoint_triple_u,hybrid,False,False
biased_zero_rank_contrast,3072,82,complete_u,range,False,False
biased_zero_rank_contrast,3072,82,complete_u,hybrid,False,False
biased_zero_rank_contrast,3072,83,shared_correction,range,False,False
biased_zero_rank_contrast,3072,83,shared_correction,hybrid,False,False
biased_zero_rank_contrast,3072,83,disjoint_triple_u,range,False,False
biased_zero_rank_contrast,3072,83,disjoint_triple_u,hybrid,False,False
biased_zero_rank_contrast,3072,83,complete_u,range,False,False
biased_zero_rank_contrast,3072,83,complete_u,hybrid,False,False
biased_zero_rank_contrast,3072,84,shared_correction,range,False,False
biased_zero_rank_contrast,3072,84,shared_correction,hybrid,False,False
biased_zero_rank_contrast,3072,84,disjoint_triple_u,range,False,False
biased_zero_rank_contrast,3072,84,disjoint_triple_u,hybrid,False,False
biased_zero_rank_contrast,3072,84,complete_u,range,False,False
biased_zero_rank_contrast,3072,84,complete_u,hybrid,False,False
biased_zero_rank_contrast,3072,85,shared_correction,range,False,False
biased_zero_rank_contrast,3072,85,shared_correction,hybrid,False,False
biased_zero_rank_contrast,3072,85,disjoint_triple_u,range,False,False
biased_zero_rank_contrast,3072,85,disjoint_triple_u,hybrid,False,False
biased_zero_rank_contrast,3072,85,complete_u,range,False,False
biased_zero_rank_contrast,3072,85,complete_u,hybrid,False,False
biased_zero_rank_contrast,3072,86,shared_correction,range,False,False
biased_zero_rank_contrast,3072,86,shared_correction,hybrid,False,False
biased_zero_rank_contrast,3072,86,disjoint_triple_u,range,False,False
biased_zero_rank_contrast,3072,86,disjoint_triple_u,hybrid,False,False
biased_zero_rank_contrast,3072,86,complete_u,range,False,False
biased_zero_rank_contrast,3072,86,complete_u,hybrid,False,False
biased_zero_rank_contrast,3072,87,shared_correction,range,False,False
biased_zero_rank_contrast,3072,87,shared_correction,hybrid,False,False
biased_zero_rank_contrast,3072,87,disjoint_triple_u,range,False,False
biased_zero_rank_contrast,3072,87,disjoint_triple_u,hybrid,False,False
biased_zero_rank_contrast,3072,87,complete_u,range,False,False
biased_zero_rank_contrast,3072,87,complete_u,hybrid,False,False
biased_zero_rank_contrast,3072,88,shared_correction,range,False,False
biased_zero_rank_contrast,3072,88,shared_correction,hybrid,False,False
biased_zero_rank_contrast,3072,88,disjoint_triple_u,range,False,False
biased_zero_rank_contrast,3072,88,disjoint_triple_u,hybrid,False,False
biased_zero_rank_contrast,3072,88,complete_u,range,False,False
biased_zero_rank_contrast,3072,88,complete_u,hybrid,False,False
biased_zero_rank_contrast,3072,89,shared_correction,range,False,False
biased_zero_rank_contrast,3072,89,shared_correction,hybrid,False,False
biased_zero_rank_contrast,3072,89,disjoint_triple_u,range,False,False
biased_zero_rank_contrast,3072,89,disjoint_triple_u,hybrid,False,False
biased_zero_rank_contrast,3072,89,complete_u,range,False,False
biased_zero_rank_contrast,3072,89,complete_u,hybrid,False,False
biased_zero_rank_contrast,3072,90,shared_correction,range,False,False
biased_zero_rank_contrast,3072,90,shared_correction,hybrid,False,False
biased_zero_rank_contrast,3072,90,disjoint_triple_u,range,False,False
biased_zero_rank_contrast,3072,90,disjoint_triple_u,hybrid,False,False
biased_zero_rank_contrast,3072,90,complete_u,range,False,False
biased_zero_rank_contrast,3072,90,complete_u,hybrid,False,False
biased_zero_rank_contrast,3072,91,shared_correction,range,False,False
biased_zero_rank_contrast,3072,91,shared_correction,hybrid,False,False
biased_zero_rank_contrast,3072,91,disjoint_triple_u,range,False,False
biased_zero_rank_contrast,3072,91,disjoint_triple_u,hybrid,False,False
biased_zero_rank_contrast,3072,91,complete_u,range,False,False
biased_zero_rank_contrast,3072,91,complete_u,hybrid,False,False
biased_zero_rank_contrast,3072,92,shared_correction,range,False,False
biased_zero_rank_contrast,3072,92,shared_correction,hybrid,False,False
biased_zero_rank_contrast,3072,92,disjoint_triple_u,range,False,False
biased_zero_rank_contrast,3072,92,disjoint_triple_u,hybrid,False,False
biased_zero_rank_contrast,3072,92,complete_u,range,False,False
biased_zero_rank_contrast,3072,92,complete_u,hybrid,False,False
biased_zero_rank_contrast,3072,93,shared_correction,range,False,False
biased_zero_rank_contrast,3072,93,shared_correction,hybrid,False,False
biased_zero_rank_contrast,3072,93,disjoint_triple_u,range,False,False
biased_zero_rank_contrast,3072,93,disjoint_triple_u,hybrid,False,False
biased_zero_rank_contrast,3072,93,complete_u,range,False,False
biased_zero_rank_contrast,3072,93,complete_u,hybrid,False,False
biased_zero_rank_contrast,3072,94,shared_correction,range,False,False
biased_zero_rank_contrast,3072,94,shared_correction,hybrid,False,False
biased_zero_rank_contrast,3072,94,disjoint_triple_u,range,False,False
biased_zero_rank_contrast,3072,94,disjoint_triple_u,hybrid,False,False
biased_zero_rank_contrast,3072,94,complete_u,range,False,False
biased_zero_rank_contrast,3072,94,complete_u,hybrid,False,False
biased_zero_rank_contrast,3072,95,shared_correction,range,False,False
biased_zero_rank_contrast,3072,95,shared_correction,hybrid,False,False
biased_zero_rank_contrast,3072,95,disjoint_triple_u,range,False,False
biased_zero_rank_contrast,3072,95,disjoint_triple_u,hybrid,False,False
biased_zero_rank_contrast,3072,95,complete_u,range,False,False
biased_zero_rank_contrast,3072,95,complete_u,hybrid,False,False
biased_zero_rank_contrast,3072,96,shared_correction,range,False,False
biased_zero_rank_contrast,3072,96,shared_correction,hybrid,False,False
biased_zero_rank_contrast,3072,96,disjoint_triple_u,range,False,False
biased_zero_rank_contrast,3072,96,disjoint_triple_u,hybrid,False,False
biased_zero_rank_contrast,3072,96,complete_u,range,False,False
biased_zero_rank_contrast,3072,96,complete_u,hybrid,False,False
biased_zero_rank_contrast,3072,97,shared_correction,range,False,False
biased_zero_rank_contrast,3072,97,shared_correction,hybrid,False,False
biased_zero_rank_contrast,3072,97,disjoint_triple_u,range,False,False
biased_zero_rank_contrast,3072,97,disjoint_triple_u,hybrid,False,False
biased_zero_rank_contrast,3072,97,complete_u,range,False,False
biased_zero_rank_contrast,3072,97,complete_u,hybrid,False,False
biased_zero_rank_contrast,3072,98,shared_correction,range,False,False
biased_zero_rank_contrast,3072,98,shared_correction,hybrid,False,False
biased_zero_rank_contrast,3072,98,disjoint_triple_u,range,False,False
biased_zero_rank_contrast,3072,98,disjoint_triple_u,hybrid,False,False
biased_zero_rank_contrast,3072,98,complete_u,range,False,False
biased_zero_rank_contrast,3072,98,complete_u,hybrid,False,False
biased_zero_rank_contrast,3072,99,shared_correction,range,False,False
biased_zero_rank_contrast,3072,99,shared_correction,hybrid,False,False
biased_zero_rank_contrast,3072,99,disjoint_triple_u,range,False,False
biased_zero_rank_contrast,3072,99,disjoint_triple_u,hybrid,False,False
biased_zero_rank_contrast,3072,99,complete_u,range,False,False
biased_zero_rank_contrast,3072,99,complete_u,hybrid,False,False
biased_zero_rank_contrast,3072,100,shared_correction,range,False,False
biased_zero_rank_contrast,3072,100,shared_correction,hybrid,False,False
biased_zero_rank_contrast,3072,100,disjoint_triple_u,range,False,False
biased_zero_rank_contrast,3072,100,disjoint_triple_u,hybrid,False,False
biased_zero_rank_contrast,3072,100,complete_u,range,False,False
biased_zero_rank_contrast,3072,100,complete_u,hybrid,False,False
biased_zero_rank_contrast,3072,101,shared_correction,range,False,False
biased_zero_rank_contrast,3072,101,shared_correction,hybrid,False,False
biased_zero_rank_contrast,3072,101,disjoint_triple_u,range,False,False
biased_zero_rank_contrast,3072,101,disjoint_triple_u,hybrid,False,False
biased_zero_rank_contrast,3072,101,complete_u,range,False,False
biased_zero_rank_contrast,3072,101,complete_u,hybrid,False,False
biased_zero_rank_contrast,3072,102,shared_correction,range,False,False
biased_zero_rank_contrast,3072,102,shared_correction,hybrid,False,False
biased_zero_rank_contrast,3072,102,disjoint_triple_u,range,False,False
biased_zero_rank_contrast,3072,102,disjoint_triple_u,hybrid,False,False
biased_zero_rank_contrast,3072,102,complete_u,range,False,False
biased_zero_rank_contrast,3072,102,complete_u,hybrid,False,False
biased_zero_rank_contrast,3072,103,shared_correction,range,False,False
biased_zero_rank_contrast,3072,103,shared_correction,hybrid,False,False
biased_zero_rank_contrast,3072,103,disjoint_triple_u,range,False,False
biased_zero_rank_contrast,3072,103,disjoint_triple_u,hybrid,False,False
biased_zero_rank_contrast,3072,103,complete_u,range,False,False
biased_zero_rank_contrast,3072,103,complete_u,hybrid,False,False
biased_zero_rank_contrast,3072,104,shared_correction,range,False,False
biased_zero_rank_contrast,3072,104,shared_correction,hybrid,False,False
biased_zero_rank_contrast,3072,104,disjoint_triple_u,range,False,False
biased_zero_rank_contrast,3072,104,disjoint_triple_u,hybrid,False,False
biased_zero_rank_contrast,3072,104,complete_u,range,False,False
biased_zero_rank_contrast,3072,104,complete_u,hybrid,False,False
biased_zero_rank_contrast,3072,105,shared_correction,range,False,False
biased_zero_rank_contrast,3072,105,shared_correction,hybrid,False,False
biased_zero_rank_contrast,3072,105,disjoint_triple_u,range,False,False
biased_zero_rank_contrast,3072,105,disjoint_triple_u,hybrid,False,False
biased_zero_rank_contrast,3072,105,complete_u,range,False,False
biased_zero_rank_contrast,3072,105,complete_u,hybrid,False,False
biased_zero_rank_contrast,3072,106,shared_correction,range,False,False
biased_zero_rank_contrast,3072,106,shared_correction,hybrid,False,False
biased_zero_rank_contrast,3072,106,disjoint_triple_u,range,False,False
biased_zero_rank_contrast,3072,106,disjoint_triple_u,hybrid,False,False
biased_zero_rank_contrast,3072,106,complete_u,range,False,False
biased_zero_rank_contrast,3072,106,complete_u,hybrid,False,False
biased_zero_rank_contrast,3072,107,shared_correction,range,False,False
biased_zero_rank_contrast,3072,107,shared_correction,hybrid,False,False
biased_zero_rank_contrast,3072,107,disjoint_triple_u,range,False,False
biased_zero_rank_contrast,3072,107,disjoint_triple_u,hybrid,False,False
biased_zero_rank_contrast,3072,107,complete_u,range,False,False
biased_zero_rank_contrast,3072,107,complete_u,hybrid,False,False
biased_zero_rank_contrast,3072,108,shared_correction,range,False,False
biased_zero_rank_contrast,3072,108,shared_correction,hybrid,False,False
biased_zero_rank_contrast,3072,108,disjoint_triple_u,range,False,False
biased_zero_rank_contrast,3072,108,disjoint_triple_u,hybrid,False,False
biased_zero_rank_contrast,3072,108,complete_u,range,False,False
biased_zero_rank_contrast,3072,108,complete_u,hybrid,False,False
biased_zero_rank_contrast,3072,109,shared_correction,range,False,False
biased_zero_rank_contrast,3072,109,shared_correction,hybrid,False,False
biased_zero_rank_contrast,3072,109,disjoint_triple_u,range,False,False
biased_zero_rank_contrast,3072,109,disjoint_triple_u,hybrid,False,False
biased_zero_rank_contrast,3072,109,complete_u,range,False,False
biased_zero_rank_contrast,3072,109,complete_u,hybrid,False,False
biased_zero_rank_contrast,3072,110,shared_correction,range,False,False
biased_zero_rank_contrast,3072,110,shared_correction,hybrid,False,False
biased_zero_rank_contrast,3072,110,disjoint_triple_u,range,False,False
biased_zero_rank_contrast,3072,110,disjoint_triple_u,hybrid,False,False
biased_zero_rank_contrast,3072,110,complete_u,range,False,False
biased_zero_rank_contrast,3072,110,complete_u,hybrid,False,False
biased_zero_rank_contrast,3072,111,shared_correction,range,False,False
biased_zero_rank_contrast,3072,111,shared_correction,hybrid,False,False
biased_zero_rank_contrast,3072,111,disjoint_triple_u,range,False,False
biased_zero_rank_contrast,3072,111,disjoint_triple_u,hybrid,False,False
biased_zero_rank_contrast,3072,111,complete_u,range,False,False
biased_zero_rank_contrast,3072,111,complete_u,hybrid,False,False
biased_zero_rank_contrast,3072,112,shared_correction,range,False,False
biased_zero_rank_contrast,3072,112,shared_correction,hybrid,False,False
biased_zero_rank_contrast,3072,112,disjoint_triple_u,range,False,False
biased_zero_rank_contrast,3072,112,disjoint_triple_u,hybrid,False,False
biased_zero_rank_contrast,3072,112,complete_u,range,False,False
biased_zero_rank_contrast,3072,112,complete_u,hybrid,False,False
biased_zero_rank_contrast,3072,113,shared_correction,range,False,False
biased_zero_rank_contrast,3072,113,shared_correction,hybrid,False,False
biased_zero_rank_contrast,3072,113,disjoint_triple_u,range,False,False
biased_zero_rank_contrast,3072,113,disjoint_triple_u,hybrid,False,False
biased_zero_rank_contrast,3072,113,complete_u,range,False,False
biased_zero_rank_contrast,3072,113,complete_u,hybrid,False,False
biased_zero_rank_contrast,3072,114,shared_correction,range,False,False
biased_zero_rank_contrast,3072,114,shared_correction,hybrid,False,False
biased_zero_rank_contrast,3072,114,disjoint_triple_u,range,False,False
biased_zero_rank_contrast,3072,114,disjoint_triple_u,hybrid,False,False
biased_zero_rank_contrast,3072,114,complete_u,range,False,False
biased_zero_rank_contrast,3072,114,complete_u,hybrid,False,False
biased_zero_rank_contrast,3072,115,shared_correction,range,False,False
biased_zero_rank_contrast,3072,115,shared_correction,hybrid,False,False
biased_zero_rank_contrast,3072,115,disjoint_triple_u,range,False,False
biased_zero_rank_contrast,3072,115,disjoint_triple_u,hybrid,False,False
biased_zero_rank_contrast,3072,115,complete_u,range,False,False
biased_zero_rank_contrast,3072,115,complete_u,hybrid,False,False
biased_zero_rank_contrast,3072,116,shared_correction,range,False,False
biased_zero_rank_contrast,3072,116,shared_correction,hybrid,False,False
biased_zero_rank_contrast,3072,116,disjoint_triple_u,range,False,False
biased_zero_rank_contrast,3072,116,disjoint_triple_u,hybrid,False,False
biased_zero_rank_contrast,3072,116,complete_u,range,False,False
biased_zero_rank_contrast,3072,116,complete_u,hybrid,False,False
biased_zero_rank_contrast,3072,117,shared_correction,range,False,False
biased_zero_rank_contrast,3072,117,shared_correction,hybrid,False,False
biased_zero_rank_contrast,3072,117,disjoint_triple_u,range,False,False
biased_zero_rank_contrast,3072,117,disjoint_triple_u,hybrid,False,False
biased_zero_rank_contrast,3072,117,complete_u,range,False,False
biased_zero_rank_contrast,3072,117,complete_u,hybrid,False,False
biased_zero_rank_contrast,3072,118,shared_correction,range,False,False
biased_zero_rank_contrast,3072,118,shared_correction,hybrid,False,False
biased_zero_rank_contrast,3072,118,disjoint_triple_u,range,False,False
biased_zero_rank_contrast,3072,118,disjoint_triple_u,hybrid,False,False
biased_zero_rank_contrast,3072,118,complete_u,range,False,False
biased_zero_rank_contrast,3072,118,complete_u,hybrid,False,False
biased_zero_rank_contrast,3072,119,shared_correction,range,False,False
biased_zero_rank_contrast,3072,119,shared_correction,hybrid,False,False
biased_zero_rank_contrast,3072,119,disjoint_triple_u,range,False,False
biased_zero_rank_contrast,3072,119,disjoint_triple_u,hybrid,False,False
biased_zero_rank_contrast,3072,119,complete_u,range,False,False
biased_zero_rank_contrast,3072,119,complete_u,hybrid,False,False
biased_zero_rank_contrast,3072,120,shared_correction,range,False,False
biased_zero_rank_contrast,3072,120,shared_correction,hybrid,False,False
biased_zero_rank_contrast,3072,120,disjoint_triple_u,range,False,False
biased_zero_rank_contrast,3072,120,disjoint_triple_u,hybrid,False,False
biased_zero_rank_contrast,3072,120,complete_u,range,False,False
biased_zero_rank_contrast,3072,120,complete_u,hybrid,False,False
biased_zero_rank_contrast,3072,121,shared_correction,range,False,False
biased_zero_rank_contrast,3072,121,shared_correction,hybrid,False,False
biased_zero_rank_contrast,3072,121,disjoint_triple_u,range,False,False
biased_zero_rank_contrast,3072,121,disjoint_triple_u,hybrid,False,False
biased_zero_rank_contrast,3072,121,complete_u,range,False,False
biased_zero_rank_contrast,3072,121,complete_u,hybrid,False,False
biased_zero_rank_contrast,3072,122,shared_correction,range,False,False
biased_zero_rank_contrast,3072,122,shared_correction,hybrid,False,False
biased_zero_rank_contrast,3072,122,disjoint_triple_u,range,False,False
biased_zero_rank_contrast,3072,122,disjoint_triple_u,hybrid,False,False
biased_zero_rank_contrast,3072,122,complete_u,range,False,False
biased_zero_rank_contrast,3072,122,complete_u,hybrid,False,False
biased_zero_rank_contrast,3072,123,shared_correction,range,False,False
biased_zero_rank_contrast,3072,123,shared_correction,hybrid,False,False
biased_zero_rank_contrast,3072,123,disjoint_triple_u,range,False,False
biased_zero_rank_contrast,3072,123,disjoint_triple_u,hybrid,False,False
biased_zero_rank_contrast,3072,123,complete_u,range,False,False
biased_zero_rank_contrast,3072,123,complete_u,hybrid,False,False
biased_zero_rank_contrast,3072,124,shared_correction,range,False,False
biased_zero_rank_contrast,3072,124,shared_correction,hybrid,False,False
biased_zero_rank_contrast,3072,124,disjoint_triple_u,range,False,False
biased_zero_rank_contrast,3072,124,disjoint_triple_u,hybrid,False,False
biased_zero_rank_contrast,3072,124,complete_u,range,False,False
biased_zero_rank_contrast,3072,124,complete_u,hybrid,False,False
biased_zero_rank_contrast,3072,125,shared_correction,range,False,False
biased_zero_rank_contrast,3072,125,shared_correction,hybrid,False,False
biased_zero_rank_contrast,3072,125,disjoint_triple_u,range,False,False
biased_zero_rank_contrast,3072,125,disjoint_triple_u,hybrid,False,False
biased_zero_rank_contrast,3072,125,complete_u,range,False,False
biased_zero_rank_contrast,3072,125,complete_u,hybrid,False,False
biased_zero_rank_contrast,3072,126,shared_correction,range,False,False
biased_zero_rank_contrast,3072,126,shared_correction,hybrid,False,False
biased_zero_rank_contrast,3072,126,disjoint_triple_u,range,False,False
biased_zero_rank_contrast,3072,126,disjoint_triple_u,hybrid,False,False
biased_zero_rank_contrast,3072,126,complete_u,range,False,False
biased_zero_rank_contrast,3072,126,complete_u,hybrid,False,False
biased_zero_rank_contrast,3072,127,shared_correction,range,False,False
biased_zero_rank_contrast,3072,127,shared_correction,hybrid,False,False
biased_zero_rank_contrast,3072,127,disjoint_triple_u,range,False,False
biased_zero_rank_contrast,3072,127,disjoint_triple_u,hybrid,False,False
biased_zero_rank_contrast,3072,127,complete_u,range,False,False
biased_zero_rank_contrast,3072,127,complete_u,hybrid,False,False
biased_zero_rank_contrast,3072,128,shared_correction,range,False,False
biased_zero_rank_contrast,3072,128,shared_correction,hybrid,False,False
biased_zero_rank_contrast,3072,128,disjoint_triple_u,range,False,False
biased_zero_rank_contrast,3072,128,disjoint_triple_u,hybrid,False,False
biased_zero_rank_contrast,3072,128,complete_u,range,False,False
biased_zero_rank_contrast,3072,128,complete_u,hybrid,False,False
biased_zero_rank_contrast,3072,129,shared_correction,range,False,False
biased_zero_rank_contrast,3072,129,shared_correction,hybrid,False,False
biased_zero_rank_contrast,3072,129,disjoint_triple_u,range,False,False
biased_zero_rank_contrast,3072,129,disjoint_triple_u,hybrid,False,False
biased_zero_rank_contrast,3072,129,complete_u,range,False,False
biased_zero_rank_contrast,3072,129,complete_u,hybrid,False,False
biased_zero_rank_contrast,3072,130,shared_correction,range,False,False
biased_zero_rank_contrast,3072,130,shared_correction,hybrid,False,False
biased_zero_rank_contrast,3072,130,disjoint_triple_u,range,False,False
biased_zero_rank_contrast,3072,130,disjoint_triple_u,hybrid,False,False
biased_zero_rank_contrast,3072,130,complete_u,range,False,False
biased_zero_rank_contrast,3072,130,complete_u,hybrid,False,False
biased_zero_rank_contrast,3072,131,shared_correction,range,False,False
biased_zero_rank_contrast,3072,131,shared_correction,hybrid,False,False
biased_zero_rank_contrast,3072,131,disjoint_triple_u,range,False,False
biased_zero_rank_contrast,3072,131,disjoint_triple_u,hybrid,False,False
biased_zero_rank_contrast,3072,131,complete_u,range,False,False
biased_zero_rank_contrast,3072,131,complete_u,hybrid,False,False
biased_zero_rank_contrast,3072,132,shared_correction,range,False,False
biased_zero_rank_contrast,3072,132,shared_correction,hybrid,False,False
biased_zero_rank_contrast,3072,132,disjoint_triple_u,range,False,False
biased_zero_rank_contrast,3072,132,disjoint_triple_u,hybrid,False,False
biased_zero_rank_contrast,3072,132,complete_u,range,False,False
biased_zero_rank_contrast,3072,132,complete_u,hybrid,False,False
biased_zero_rank_contrast,3072,133,shared_correction,range,False,False
biased_zero_rank_contrast,3072,133,shared_correction,hybrid,False,False
biased_zero_rank_contrast,3072,133,disjoint_triple_u,range,False,False
biased_zero_rank_contrast,3072,133,disjoint_triple_u,hybrid,False,False
biased_zero_rank_contrast,3072,133,complete_u,range,False,False
biased_zero_rank_contrast,3072,133,complete_u,hybrid,False,False
biased_zero_rank_contrast,3072,134,shared_correction,range,False,False
biased_zero_rank_contrast,3072,134,shared_correction,hybrid,False,False
biased_zero_rank_contrast,3072,134,disjoint_triple_u,range,False,False
biased_zero_rank_contrast,3072,134,disjoint_triple_u,hybrid,False,False
biased_zero_rank_contrast,3072,134,complete_u,range,False,False
biased_zero_rank_contrast,3072,134,complete_u,hybrid,False,False
biased_zero_rank_contrast,3072,135,shared_correction,range,False,False
biased_zero_rank_contrast,3072,135,shared_correction,hybrid,False,False
biased_zero_rank_contrast,3072,135,disjoint_triple_u,range,False,False
biased_zero_rank_contrast,3072,135,disjoint_triple_u,hybrid,False,False
biased_zero_rank_contrast,3072,135,complete_u,range,False,False
biased_zero_rank_contrast,3072,135,complete_u,hybrid,False,False
biased_zero_rank_contrast,3072,136,shared_correction,range,False,False
biased_zero_rank_contrast,3072,136,shared_correction,hybrid,False,False
biased_zero_rank_contrast,3072,136,disjoint_triple_u,range,False,False
biased_zero_rank_contrast,3072,136,disjoint_triple_u,hybrid,False,False
biased_zero_rank_contrast,3072,136,complete_u,range,False,False
biased_zero_rank_contrast,3072,136,complete_u,hybrid,False,False
biased_zero_rank_contrast,3072,137,shared_correction,range,False,False
biased_zero_rank_contrast,3072,137,shared_correction,hybrid,False,False
biased_zero_rank_contrast,3072,137,disjoint_triple_u,range,False,False
biased_zero_rank_contrast,3072,137,disjoint_triple_u,hybrid,False,False
biased_zero_rank_contrast,3072,137,complete_u,range,False,False
biased_zero_rank_contrast,3072,137,complete_u,hybrid,False,False
biased_zero_rank_contrast,3072,138,shared_correction,range,False,False
biased_zero_rank_contrast,3072,138,shared_correction,hybrid,False,False
biased_zero_rank_contrast,3072,138,disjoint_triple_u,range,False,False
biased_zero_rank_contrast,3072,138,disjoint_triple_u,hybrid,False,False
biased_zero_rank_contrast,3072,138,complete_u,range,False,False
biased_zero_rank_contrast,3072,138,complete_u,hybrid,False,False
biased_zero_rank_contrast,3072,139,shared_correction,range,False,False
biased_zero_rank_contrast,3072,139,shared_correction,hybrid,False,False
biased_zero_rank_contrast,3072,139,disjoint_triple_u,range,False,False
biased_zero_rank_contrast,3072,139,disjoint_triple_u,hybrid,False,False
biased_zero_rank_contrast,3072,139,complete_u,range,False,False
biased_zero_rank_contrast,3072,139,complete_u,hybrid,False,False
biased_zero_rank_contrast,3072,140,shared_correction,range,False,False
biased_zero_rank_contrast,3072,140,shared_correction,hybrid,False,False
biased_zero_rank_contrast,3072,140,disjoint_triple_u,range,False,False
biased_zero_rank_contrast,3072,140,disjoint_triple_u,hybrid,False,False
biased_zero_rank_contrast,3072,140,complete_u,range,False,False
biased_zero_rank_contrast,3072,140,complete_u,hybrid,False,False
biased_zero_rank_contrast,3072,141,shared_correction,range,False,False
biased_zero_rank_contrast,3072,141,shared_correction,hybrid,False,False
biased_zero_rank_contrast,3072,141,disjoint_triple_u,range,False,False
biased_zero_rank_contrast,3072,141,disjoint_triple_u,hybrid,False,False
biased_zero_rank_contrast,3072,141,complete_u,range,False,False
biased_zero_rank_contrast,3072,141,complete_u,hybrid,False,False
biased_zero_rank_contrast,3072,142,shared_correction,range,False,False
biased_zero_rank_contrast,3072,142,shared_correction,hybrid,False,False
biased_zero_rank_contrast,3072,142,disjoint_triple_u,range,False,False
biased_zero_rank_contrast,3072,142,disjoint_triple_u,hybrid,False,False
biased_zero_rank_contrast,3072,142,complete_u,range,False,False
biased_zero_rank_contrast,3072,142,complete_u,hybrid,False,False
biased_zero_rank_contrast,3072,143,shared_correction,range,False,False
biased_zero_rank_contrast,3072,143,shared_correction,hybrid,False,False
biased_zero_rank_contrast,3072,143,disjoint_triple_u,range,False,False
biased_zero_rank_contrast,3072,143,disjoint_triple_u,hybrid,False,False
biased_zero_rank_contrast,3072,143,complete_u,range,False,False
biased_zero_rank_contrast,3072,143,complete_u,hybrid,False,False
biased_zero_rank_contrast,3072,144,shared_correction,range,False,False
biased_zero_rank_contrast,3072,144,shared_correction,hybrid,False,False
biased_zero_rank_contrast,3072,144,disjoint_triple_u,range,False,False
biased_zero_rank_contrast,3072,144,disjoint_triple_u,hybrid,False,False
biased_zero_rank_contrast,3072,144,complete_u,range,False,False
biased_zero_rank_contrast,3072,144,complete_u,hybrid,False,False
biased_zero_rank_contrast,3072,145,shared_correction,range,False,False
biased_zero_rank_contrast,3072,145,shared_correction,hybrid,False,False
biased_zero_rank_contrast,3072,145,disjoint_triple_u,range,False,False
biased_zero_rank_contrast,3072,145,disjoint_triple_u,hybrid,False,False
biased_zero_rank_contrast,3072,145,complete_u,range,False,False
biased_zero_rank_contrast,3072,145,complete_u,hybrid,False,False
biased_zero_rank_contrast,3072,146,shared_correction,range,False,False
biased_zero_rank_contrast,3072,146,shared_correction,hybrid,False,False
biased_zero_rank_contrast,3072,146,disjoint_triple_u,range,False,False
biased_zero_rank_contrast,3072,146,disjoint_triple_u,hybrid,False,False
biased_zero_rank_contrast,3072,146,complete_u,range,False,False
biased_zero_rank_contrast,3072,146,complete_u,hybrid,False,False
biased_zero_rank_contrast,3072,147,shared_correction,range,False,False
biased_zero_rank_contrast,3072,147,shared_correction,hybrid,False,False
biased_zero_rank_contrast,3072,147,disjoint_triple_u,range,False,False
biased_zero_rank_contrast,3072,147,disjoint_triple_u,hybrid,False,False
biased_zero_rank_contrast,3072,147,complete_u,range,False,False
biased_zero_rank_contrast,3072,147,complete_u,hybrid,False,False
biased_zero_rank_contrast,3072,148,shared_correction,range,False,False
biased_zero_rank_contrast,3072,148,shared_correction,hybrid,False,False
biased_zero_rank_contrast,3072,148,disjoint_triple_u,range,False,False
biased_zero_rank_contrast,3072,148,disjoint_triple_u,hybrid,False,False
biased_zero_rank_contrast,3072,148,complete_u,range,False,False
biased_zero_rank_contrast,3072,148,complete_u,hybrid,False,False
biased_zero_rank_contrast,3072,149,shared_correction,range,False,False
biased_zero_rank_contrast,3072,149,shared_correction,hybrid,False,False
biased_zero_rank_contrast,3072,149,disjoint_triple_u,range,False,False
biased_zero_rank_contrast,3072,149,disjoint_triple_u,hybrid,False,False
biased_zero_rank_contrast,3072,149,complete_u,range,False,False
biased_zero_rank_contrast,3072,149,complete_u,hybrid,False,False
biased_zero_rank_contrast,3072,150,shared_correction,range,False,False
biased_zero_rank_contrast,3072,150,shared_correction,hybrid,False,False
biased_zero_rank_contrast,3072,150,disjoint_triple_u,range,False,False
biased_zero_rank_contrast,3072,150,disjoint_triple_u,hybrid,False,False
biased_zero_rank_contrast,3072,150,complete_u,range,False,False
biased_zero_rank_contrast,3072,150,complete_u,hybrid,False,False
biased_zero_rank_contrast,3072,151,shared_correction,range,False,False
biased_zero_rank_contrast,3072,151,shared_correction,hybrid,False,False
biased_zero_rank_contrast,3072,151,disjoint_triple_u,range,False,False
biased_zero_rank_contrast,3072,151,disjoint_triple_u,hybrid,False,False
biased_zero_rank_contrast,3072,151,complete_u,range,False,False
biased_zero_rank_contrast,3072,151,complete_u,hybrid,False,False
biased_zero_rank_contrast,3072,152,shared_correction,range,False,False
biased_zero_rank_contrast,3072,152,shared_correction,hybrid,False,False
biased_zero_rank_contrast,3072,152,disjoint_triple_u,range,False,False
biased_zero_rank_contrast,3072,152,disjoint_triple_u,hybrid,False,False
biased_zero_rank_contrast,3072,152,complete_u,range,False,False
biased_zero_rank_contrast,3072,152,complete_u,hybrid,False,False
biased_zero_rank_contrast,3072,153,shared_correction,range,False,False
biased_zero_rank_contrast,3072,153,shared_correction,hybrid,False,False
biased_zero_rank_contrast,3072,153,disjoint_triple_u,range,False,False
biased_zero_rank_contrast,3072,153,disjoint_triple_u,hybrid,False,False
biased_zero_rank_contrast,3072,153,complete_u,range,False,False
biased_zero_rank_contrast,3072,153,complete_u,hybrid,False,False
biased_zero_rank_contrast,3072,154,shared_correction,range,False,False
biased_zero_rank_contrast,3072,154,shared_correction,hybrid,False,False
biased_zero_rank_contrast,3072,154,disjoint_triple_u,range,False,False
biased_zero_rank_contrast,3072,154,disjoint_triple_u,hybrid,False,False
biased_zero_rank_contrast,3072,154,complete_u,range,False,False
biased_zero_rank_contrast,3072,154,complete_u,hybrid,False,False
biased_zero_rank_contrast,3072,155,shared_correction,range,False,False
biased_zero_rank_contrast,3072,155,shared_correction,hybrid,False,False
biased_zero_rank_contrast,3072,155,disjoint_triple_u,range,False,False
biased_zero_rank_contrast,3072,155,disjoint_triple_u,hybrid,False,False
biased_zero_rank_contrast,3072,155,complete_u,range,False,False
biased_zero_rank_contrast,3072,155,complete_u,hybrid,False,False
biased_zero_rank_contrast,3072,156,shared_correction,range,False,False
biased_zero_rank_contrast,3072,156,shared_correction,hybrid,False,False
biased_zero_rank_contrast,3072,156,disjoint_triple_u,range,False,False
biased_zero_rank_contrast,3072,156,disjoint_triple_u,hybrid,False,False
biased_zero_rank_contrast,3072,156,complete_u,range,False,False
biased_zero_rank_contrast,3072,156,complete_u,hybrid,False,False
biased_zero_rank_contrast,3072,157,shared_correction,range,False,False
biased_zero_rank_contrast,3072,157,shared_correction,hybrid,False,False
biased_zero_rank_contrast,3072,157,disjoint_triple_u,range,False,False
biased_zero_rank_contrast,3072,157,disjoint_triple_u,hybrid,False,False
biased_zero_rank_contrast,3072,157,complete_u,range,False,False
biased_zero_rank_contrast,3072,157,complete_u,hybrid,False,False
biased_zero_rank_contrast,3072,158,shared_correction,range,False,False
biased_zero_rank_contrast,3072,158,shared_correction,hybrid,False,False
biased_zero_rank_contrast,3072,158,disjoint_triple_u,range,False,False
biased_zero_rank_contrast,3072,158,disjoint_triple_u,hybrid,False,False
biased_zero_rank_contrast,3072,158,complete_u,range,False,False
biased_zero_rank_contrast,3072,158,complete_u,hybrid,False,False
biased_zero_rank_contrast,3072,159,shared_correction,range,False,False
biased_zero_rank_contrast,3072,159,shared_correction,hybrid,False,False
biased_zero_rank_contrast,3072,159,disjoint_triple_u,range,False,False
biased_zero_rank_contrast,3072,159,disjoint_triple_u,hybrid,False,False
biased_zero_rank_contrast,3072,159,complete_u,range,False,False
biased_zero_rank_contrast,3072,159,complete_u,hybrid,False,False
biased_zero_rank_contrast,3072,160,shared_correction,range,False,False
biased_zero_rank_contrast,3072,160,shared_correction,hybrid,False,False
biased_zero_rank_contrast,3072,160,disjoint_triple_u,range,False,False
biased_zero_rank_contrast,3072,160,disjoint_triple_u,hybrid,False,False
biased_zero_rank_contrast,3072,160,complete_u,range,False,False
biased_zero_rank_contrast,3072,160,complete_u,hybrid,False,False
biased_zero_rank_contrast,3072,161,shared_correction,range,False,False
biased_zero_rank_contrast,3072,161,shared_correction,hybrid,False,False
biased_zero_rank_contrast,3072,161,disjoint_triple_u,range,False,False
biased_zero_rank_contrast,3072,161,disjoint_triple_u,hybrid,False,False
biased_zero_rank_contrast,3072,161,complete_u,range,False,False
biased_zero_rank_contrast,3072,161,complete_u,hybrid,False,False
biased_zero_rank_contrast,3072,162,shared_correction,range,False,False
biased_zero_rank_contrast,3072,162,shared_correction,hybrid,False,False
biased_zero_rank_contrast,3072,162,disjoint_triple_u,range,False,False
biased_zero_rank_contrast,3072,162,disjoint_triple_u,hybrid,False,False
biased_zero_rank_contrast,3072,162,complete_u,range,False,False
biased_zero_rank_contrast,3072,162,complete_u,hybrid,False,False
biased_zero_rank_contrast,3072,163,shared_correction,range,False,False
biased_zero_rank_contrast,3072,163,shared_correction,hybrid,False,False
biased_zero_rank_contrast,3072,163,disjoint_triple_u,range,False,False
biased_zero_rank_contrast,3072,163,disjoint_triple_u,hybrid,False,False
biased_zero_rank_contrast,3072,163,complete_u,range,False,False
biased_zero_rank_contrast,3072,163,complete_u,hybrid,False,False
biased_zero_rank_contrast,3072,164,shared_correction,range,False,False
biased_zero_rank_contrast,3072,164,shared_correction,hybrid,False,False
biased_zero_rank_contrast,3072,164,disjoint_triple_u,range,False,False
biased_zero_rank_contrast,3072,164,disjoint_triple_u,hybrid,False,False
biased_zero_rank_contrast,3072,164,complete_u,range,False,False
biased_zero_rank_contrast,3072,164,complete_u,hybrid,False,False
biased_zero_rank_contrast,3072,165,shared_correction,range,False,False
biased_zero_rank_contrast,3072,165,shared_correction,hybrid,False,False
biased_zero_rank_contrast,3072,165,disjoint_triple_u,range,False,False
biased_zero_rank_contrast,3072,165,disjoint_triple_u,hybrid,False,False
biased_zero_rank_contrast,3072,165,complete_u,range,False,False
biased_zero_rank_contrast,3072,165,complete_u,hybrid,False,False
biased_zero_rank_contrast,3072,166,shared_correction,range,False,False
biased_zero_rank_contrast,3072,166,shared_correction,hybrid,False,False
biased_zero_rank_contrast,3072,166,disjoint_triple_u,range,False,False
biased_zero_rank_contrast,3072,166,disjoint_triple_u,hybrid,False,False
biased_zero_rank_contrast,3072,166,complete_u,range,False,False
biased_zero_rank_contrast,3072,166,complete_u,hybrid,False,False
biased_zero_rank_contrast,3072,167,shared_correction,range,False,False
biased_zero_rank_contrast,3072,167,shared_correction,hybrid,False,False
biased_zero_rank_contrast,3072,167,disjoint_triple_u,range,False,False
biased_zero_rank_contrast,3072,167,disjoint_triple_u,hybrid,False,False
biased_zero_rank_contrast,3072,167,complete_u,range,False,False
biased_zero_rank_contrast,3072,167,complete_u,hybrid,False,False
biased_zero_rank_contrast,3072,168,shared_correction,range,False,False
biased_zero_rank_contrast,3072,168,shared_correction,hybrid,False,False
biased_zero_rank_contrast,3072,168,disjoint_triple_u,range,False,False
biased_zero_rank_contrast,3072,168,disjoint_triple_u,hybrid,False,False
biased_zero_rank_contrast,3072,168,complete_u,range,False,False
biased_zero_rank_contrast,3072,168,complete_u,hybrid,False,False
biased_zero_rank_contrast,3072,169,shared_correction,range,False,False
biased_zero_rank_contrast,3072,169,shared_correction,hybrid,False,False
biased_zero_rank_contrast,3072,169,disjoint_triple_u,range,False,False
biased_zero_rank_contrast,3072,169,disjoint_triple_u,hybrid,False,False
biased_zero_rank_contrast,3072,169,complete_u,range,False,False
biased_zero_rank_contrast,3072,169,complete_u,hybrid,False,False
biased_zero_rank_contrast,3072,170,shared_correction,range,False,False
biased_zero_rank_contrast,3072,170,shared_correction,hybrid,False,False
biased_zero_rank_contrast,3072,170,disjoint_triple_u,range,False,False
biased_zero_rank_contrast,3072,170,disjoint_triple_u,hybrid,False,False
biased_zero_rank_contrast,3072,170,complete_u,range,False,False
biased_zero_rank_contrast,3072,170,complete_u,hybrid,False,False
biased_zero_rank_contrast,3072,171,shared_correction,range,False,False
biased_zero_rank_contrast,3072,171,shared_correction,hybrid,False,False
biased_zero_rank_contrast,3072,171,disjoint_triple_u,range,False,False
biased_zero_rank_contrast,3072,171,disjoint_triple_u,hybrid,False,False
biased_zero_rank_contrast,3072,171,complete_u,range,False,False
biased_zero_rank_contrast,3072,171,complete_u,hybrid,False,False
biased_zero_rank_contrast,3072,172,shared_correction,range,False,False
biased_zero_rank_contrast,3072,172,shared_correction,hybrid,False,False
biased_zero_rank_contrast,3072,172,disjoint_triple_u,range,False,False
biased_zero_rank_contrast,3072,172,disjoint_triple_u,hybrid,False,False
biased_zero_rank_contrast,3072,172,complete_u,range,False,False
biased_zero_rank_contrast,3072,172,complete_u,hybrid,False,False
biased_zero_rank_contrast,3072,173,shared_correction,range,False,False
biased_zero_rank_contrast,3072,173,shared_correction,hybrid,False,False
biased_zero_rank_contrast,3072,173,disjoint_triple_u,range,False,False
biased_zero_rank_contrast,3072,173,disjoint_triple_u,hybrid,False,False
biased_zero_rank_contrast,3072,173,complete_u,range,False,False
biased_zero_rank_contrast,3072,173,complete_u,hybrid,False,False
biased_zero_rank_contrast,3072,174,shared_correction,range,False,False
biased_zero_rank_contrast,3072,174,shared_correction,hybrid,False,False
biased_zero_rank_contrast,3072,174,disjoint_triple_u,range,False,False
biased_zero_rank_contrast,3072,174,disjoint_triple_u,hybrid,False,False
biased_zero_rank_contrast,3072,174,complete_u,range,False,False
biased_zero_rank_contrast,3072,174,complete_u,hybrid,False,False
biased_zero_rank_contrast,3072,175,shared_correction,range,False,False
biased_zero_rank_contrast,3072,175,shared_correction,hybrid,False,False
biased_zero_rank_contrast,3072,175,disjoint_triple_u,range,False,False
biased_zero_rank_contrast,3072,175,disjoint_triple_u,hybrid,False,False
biased_zero_rank_contrast,3072,175,complete_u,range,False,False
biased_zero_rank_contrast,3072,175,complete_u,hybrid,False,False
biased_zero_rank_contrast,3072,176,shared_correction,range,False,False
biased_zero_rank_contrast,3072,176,shared_correction,hybrid,False,False
biased_zero_rank_contrast,3072,176,disjoint_triple_u,range,False,False
biased_zero_rank_contrast,3072,176,disjoint_triple_u,hybrid,False,False
biased_zero_rank_contrast,3072,176,complete_u,range,False,False
biased_zero_rank_contrast,3072,176,complete_u,hybrid,False,False
biased_zero_rank_contrast,3072,177,shared_correction,range,False,False
biased_zero_rank_contrast,3072,177,shared_correction,hybrid,False,False
biased_zero_rank_contrast,3072,177,disjoint_triple_u,range,False,False
biased_zero_rank_contrast,3072,177,disjoint_triple_u,hybrid,False,False
biased_zero_rank_contrast,3072,177,complete_u,range,False,False
biased_zero_rank_contrast,3072,177,complete_u,hybrid,False,False
biased_zero_rank_contrast,3072,178,shared_correction,range,False,False
biased_zero_rank_contrast,3072,178,shared_correction,hybrid,False,False
biased_zero_rank_contrast,3072,178,disjoint_triple_u,range,False,False
biased_zero_rank_contrast,3072,178,disjoint_triple_u,hybrid,False,False
biased_zero_rank_contrast,3072,178,complete_u,range,False,False
biased_zero_rank_contrast,3072,178,complete_u,hybrid,False,False
biased_zero_rank_contrast,3072,179,shared_correction,range,False,False
biased_zero_rank_contrast,3072,179,shared_correction,hybrid,False,False
biased_zero_rank_contrast,3072,179,disjoint_triple_u,range,False,False
biased_zero_rank_contrast,3072,179,disjoint_triple_u,hybrid,False,False
biased_zero_rank_contrast,3072,179,complete_u,range,False,False
biased_zero_rank_contrast,3072,179,complete_u,hybrid,False,False
biased_zero_rank_contrast,3072,180,shared_correction,range,False,False
biased_zero_rank_contrast,3072,180,shared_correction,hybrid,False,False
biased_zero_rank_contrast,3072,180,disjoint_triple_u,range,False,False
biased_zero_rank_contrast,3072,180,disjoint_triple_u,hybrid,False,False
biased_zero_rank_contrast,3072,180,complete_u,range,False,False
biased_zero_rank_contrast,3072,180,complete_u,hybrid,False,False
biased_zero_rank_contrast,3072,181,shared_correction,range,False,False
biased_zero_rank_contrast,3072,181,shared_correction,hybrid,False,False
biased_zero_rank_contrast,3072,181,disjoint_triple_u,range,False,False
biased_zero_rank_contrast,3072,181,disjoint_triple_u,hybrid,False,False
biased_zero_rank_contrast,3072,181,complete_u,range,False,False
biased_zero_rank_contrast,3072,181,complete_u,hybrid,False,False
biased_zero_rank_contrast,3072,182,shared_correction,range,False,False
biased_zero_rank_contrast,3072,182,shared_correction,hybrid,False,False
biased_zero_rank_contrast,3072,182,disjoint_triple_u,range,False,False
biased_zero_rank_contrast,3072,182,disjoint_triple_u,hybrid,False,False
biased_zero_rank_contrast,3072,182,complete_u,range,False,False
biased_zero_rank_contrast,3072,182,complete_u,hybrid,False,False
biased_zero_rank_contrast,3072,183,shared_correction,range,False,False
biased_zero_rank_contrast,3072,183,shared_correction,hybrid,False,False
biased_zero_rank_contrast,3072,183,disjoint_triple_u,range,False,False
biased_zero_rank_contrast,3072,183,disjoint_triple_u,hybrid,False,False
biased_zero_rank_contrast,3072,183,complete_u,range,False,False
biased_zero_rank_contrast,3072,183,complete_u,hybrid,False,False
biased_zero_rank_contrast,3072,184,shared_correction,range,False,False
biased_zero_rank_contrast,3072,184,shared_correction,hybrid,False,False
biased_zero_rank_contrast,3072,184,disjoint_triple_u,range,False,False
biased_zero_rank_contrast,3072,184,disjoint_triple_u,hybrid,False,False
biased_zero_rank_contrast,3072,184,complete_u,range,False,False
biased_zero_rank_contrast,3072,184,complete_u,hybrid,False,False
biased_zero_rank_contrast,3072,185,shared_correction,range,False,False
biased_zero_rank_contrast,3072,185,shared_correction,hybrid,False,False
biased_zero_rank_contrast,3072,185,disjoint_triple_u,range,False,False
biased_zero_rank_contrast,3072,185,disjoint_triple_u,hybrid,False,False
biased_zero_rank_contrast,3072,185,complete_u,range,False,False
biased_zero_rank_contrast,3072,185,complete_u,hybrid,False,False
biased_zero_rank_contrast,3072,186,shared_correction,range,False,False
biased_zero_rank_contrast,3072,186,shared_correction,hybrid,False,False
biased_zero_rank_contrast,3072,186,disjoint_triple_u,range,False,False
biased_zero_rank_contrast,3072,186,disjoint_triple_u,hybrid,False,False
biased_zero_rank_contrast,3072,186,complete_u,range,False,False
biased_zero_rank_contrast,3072,186,complete_u,hybrid,False,False
biased_zero_rank_contrast,3072,187,shared_correction,range,False,False
biased_zero_rank_contrast,3072,187,shared_correction,hybrid,False,False
biased_zero_rank_contrast,3072,187,disjoint_triple_u,range,False,False
biased_zero_rank_contrast,3072,187,disjoint_triple_u,hybrid,False,False
biased_zero_rank_contrast,3072,187,complete_u,range,False,False
biased_zero_rank_contrast,3072,187,complete_u,hybrid,False,False
biased_zero_rank_contrast,3072,188,shared_correction,range,False,False
biased_zero_rank_contrast,3072,188,shared_correction,hybrid,False,False
biased_zero_rank_contrast,3072,188,disjoint_triple_u,range,False,False
biased_zero_rank_contrast,3072,188,disjoint_triple_u,hybrid,False,False
biased_zero_rank_contrast,3072,188,complete_u,range,False,False
biased_zero_rank_contrast,3072,188,complete_u,hybrid,False,False
biased_zero_rank_contrast,3072,189,shared_correction,range,False,False
biased_zero_rank_contrast,3072,189,shared_correction,hybrid,False,False
biased_zero_rank_contrast,3072,189,disjoint_triple_u,range,False,False
biased_zero_rank_contrast,3072,189,disjoint_triple_u,hybrid,False,False
biased_zero_rank_contrast,3072,189,complete_u,range,False,False
biased_zero_rank_contrast,3072,189,complete_u,hybrid,False,False
biased_zero_rank_contrast,3072,190,shared_correction,range,False,False
biased_zero_rank_contrast,3072,190,shared_correction,hybrid,False,False
biased_zero_rank_contrast,3072,190,disjoint_triple_u,range,False,False
biased_zero_rank_contrast,3072,190,disjoint_triple_u,hybrid,False,False
biased_zero_rank_contrast,3072,190,complete_u,range,False,False
biased_zero_rank_contrast,3072,190,complete_u,hybrid,False,False
biased_zero_rank_contrast,3072,191,shared_correction,range,False,False
biased_zero_rank_contrast,3072,191,shared_correction,hybrid,False,False
biased_zero_rank_contrast,3072,191,disjoint_triple_u,range,False,False
biased_zero_rank_contrast,3072,191,disjoint_triple_u,hybrid,False,False
biased_zero_rank_contrast,3072,191,complete_u,range,False,False
biased_zero_rank_contrast,3072,191,complete_u,hybrid,False,False
biased_zero_rank_contrast,3072,192,shared_correction,range,False,False
biased_zero_rank_contrast,3072,192,shared_correction,hybrid,False,False
biased_zero_rank_contrast,3072,192,disjoint_triple_u,range,False,False
biased_zero_rank_contrast,3072,192,disjoint_triple_u,hybrid,False,False
biased_zero_rank_contrast,3072,192,complete_u,range,False,False
biased_zero_rank_contrast,3072,192,complete_u,hybrid,False,False
biased_zero_rank_contrast,3072,193,shared_correction,range,False,False
biased_zero_rank_contrast,3072,193,shared_correction,hybrid,False,False
biased_zero_rank_contrast,3072,193,disjoint_triple_u,range,False,False
biased_zero_rank_contrast,3072,193,disjoint_triple_u,hybrid,False,False
biased_zero_rank_contrast,3072,193,complete_u,range,False,False
biased_zero_rank_contrast,3072,193,complete_u,hybrid,False,False
biased_zero_rank_contrast,3072,194,shared_correction,range,False,False
biased_zero_rank_contrast,3072,194,shared_correction,hybrid,False,False
biased_zero_rank_contrast,3072,194,disjoint_triple_u,range,False,False
biased_zero_rank_contrast,3072,194,disjoint_triple_u,hybrid,False,False
biased_zero_rank_contrast,3072,194,complete_u,range,False,False
biased_zero_rank_contrast,3072,194,complete_u,hybrid,False,False
biased_zero_rank_contrast,3072,195,shared_correction,range,False,False
biased_zero_rank_contrast,3072,195,shared_correction,hybrid,False,False
biased_zero_rank_contrast,3072,195,disjoint_triple_u,range,False,False
biased_zero_rank_contrast,3072,195,disjoint_triple_u,hybrid,False,False
biased_zero_rank_contrast,3072,195,complete_u,range,False,False
biased_zero_rank_contrast,3072,195,complete_u,hybrid,False,False
biased_zero_rank_contrast,3072,196,shared_correction,range,False,False
biased_zero_rank_contrast,3072,196,shared_correction,hybrid,False,False
biased_zero_rank_contrast,3072,196,disjoint_triple_u,range,False,False
biased_zero_rank_contrast,3072,196,disjoint_triple_u,hybrid,False,False
biased_zero_rank_contrast,3072,196,complete_u,range,False,False
biased_zero_rank_contrast,3072,196,complete_u,hybrid,False,False
biased_zero_rank_contrast,3072,197,shared_correction,range,False,False
biased_zero_rank_contrast,3072,197,shared_correction,hybrid,False,False
biased_zero_rank_contrast,3072,197,disjoint_triple_u,range,False,False
biased_zero_rank_contrast,3072,197,disjoint_triple_u,hybrid,False,False
biased_zero_rank_contrast,3072,197,complete_u,range,False,False
biased_zero_rank_contrast,3072,197,complete_u,hybrid,False,False
biased_zero_rank_contrast,3072,198,shared_correction,range,False,False
biased_zero_rank_contrast,3072,198,shared_correction,hybrid,False,False
biased_zero_rank_contrast,3072,198,disjoint_triple_u,range,False,False
biased_zero_rank_contrast,3072,198,disjoint_triple_u,hybrid,False,False
biased_zero_rank_contrast,3072,198,complete_u,range,False,False
biased_zero_rank_contrast,3072,198,complete_u,hybrid,False,False
biased_zero_rank_contrast,3072,199,shared_correction,range,False,False
biased_zero_rank_contrast,3072,199,shared_correction,hybrid,False,False
biased_zero_rank_contrast,3072,199,disjoint_triple_u,range,False,False
biased_zero_rank_contrast,3072,199,disjoint_triple_u,hybrid,False,False
biased_zero_rank_contrast,3072,199,complete_u,range,False,False
biased_zero_rank_contrast,3072,199,complete_u,hybrid,False,False
biased_zero_rank_contrast,3072,200,shared_correction,range,False,False
biased_zero_rank_contrast,3072,200,shared_correction,hybrid,False,False
biased_zero_rank_contrast,3072,200,disjoint_triple_u,range,False,False
biased_zero_rank_contrast,3072,200,disjoint_triple_u,hybrid,False,False
biased_zero_rank_contrast,3072,200,complete_u,range,False,False
biased_zero_rank_contrast,3072,200,complete_u,hybrid,False,False
biased_zero_rank_contrast,3072,201,shared_correction,range,False,False
biased_zero_rank_contrast,3072,201,shared_correction,hybrid,False,False
biased_zero_rank_contrast,3072,201,disjoint_triple_u,range,False,False
biased_zero_rank_contrast,3072,201,disjoint_triple_u,hybrid,False,False
biased_zero_rank_contrast,3072,201,complete_u,range,False,False
biased_zero_rank_contrast,3072,201,complete_u,hybrid,False,False
biased_zero_rank_contrast,3072,202,shared_correction,range,False,False
biased_zero_rank_contrast,3072,202,shared_correction,hybrid,False,False
biased_zero_rank_contrast,3072,202,disjoint_triple_u,range,False,False
biased_zero_rank_contrast,3072,202,disjoint_triple_u,hybrid,False,False
biased_zero_rank_contrast,3072,202,complete_u,range,False,False
biased_zero_rank_contrast,3072,202,complete_u,hybrid,False,False
biased_zero_rank_contrast,3072,203,shared_correction,range,False,False
biased_zero_rank_contrast,3072,203,shared_correction,hybrid,False,False
biased_zero_rank_contrast,3072,203,disjoint_triple_u,range,False,False
biased_zero_rank_contrast,3072,203,disjoint_triple_u,hybrid,False,False
biased_zero_rank_contrast,3072,203,complete_u,range,False,False
biased_zero_rank_contrast,3072,203,complete_u,hybrid,False,False
biased_zero_rank_contrast,3072,204,shared_correction,range,False,False
biased_zero_rank_contrast,3072,204,shared_correction,hybrid,False,False
biased_zero_rank_contrast,3072,204,disjoint_triple_u,range,False,False
biased_zero_rank_contrast,3072,204,disjoint_triple_u,hybrid,False,False
biased_zero_rank_contrast,3072,204,complete_u,range,False,False
biased_zero_rank_contrast,3072,204,complete_u,hybrid,False,False
biased_zero_rank_contrast,3072,205,shared_correction,range,False,False
biased_zero_rank_contrast,3072,205,shared_correction,hybrid,False,False
biased_zero_rank_contrast,3072,205,disjoint_triple_u,range,False,False
biased_zero_rank_contrast,3072,205,disjoint_triple_u,hybrid,False,False
biased_zero_rank_contrast,3072,205,complete_u,range,False,False
biased_zero_rank_contrast,3072,205,complete_u,hybrid,False,False
biased_zero_rank_contrast,3072,206,shared_correction,range,False,False
biased_zero_rank_contrast,3072,206,shared_correction,hybrid,False,False
biased_zero_rank_contrast,3072,206,disjoint_triple_u,range,False,False
biased_zero_rank_contrast,3072,206,disjoint_triple_u,hybrid,False,False
biased_zero_rank_contrast,3072,206,complete_u,range,False,False
biased_zero_rank_contrast,3072,206,complete_u,hybrid,False,False
biased_zero_rank_contrast,3072,207,shared_correction,range,False,False
biased_zero_rank_contrast,3072,207,shared_correction,hybrid,False,False
biased_zero_rank_contrast,3072,207,disjoint_triple_u,range,False,False
biased_zero_rank_contrast,3072,207,disjoint_triple_u,hybrid,False,False
biased_zero_rank_contrast,3072,207,complete_u,range,False,False
biased_zero_rank_contrast,3072,207,complete_u,hybrid,False,False
biased_zero_rank_contrast,3072,208,shared_correction,range,False,False
biased_zero_rank_contrast,3072,208,shared_correction,hybrid,False,False
biased_zero_rank_contrast,3072,208,disjoint_triple_u,range,False,False
biased_zero_rank_contrast,3072,208,disjoint_triple_u,hybrid,False,False
biased_zero_rank_contrast,3072,208,complete_u,range,False,False
biased_zero_rank_contrast,3072,208,complete_u,hybrid,False,False
biased_zero_rank_contrast,3072,209,shared_correction,range,False,False
biased_zero_rank_contrast,3072,209,shared_correction,hybrid,False,False
biased_zero_rank_contrast,3072,209,disjoint_triple_u,range,False,False
biased_zero_rank_contrast,3072,209,disjoint_triple_u,hybrid,False,False
biased_zero_rank_contrast,3072,209,complete_u,range,False,False
biased_zero_rank_contrast,3072,209,complete_u,hybrid,False,False
biased_zero_rank_contrast,3072,210,shared_correction,range,False,False
biased_zero_rank_contrast,3072,210,shared_correction,hybrid,False,False
biased_zero_rank_contrast,3072,210,disjoint_triple_u,range,False,False
biased_zero_rank_contrast,3072,210,disjoint_triple_u,hybrid,False,False
biased_zero_rank_contrast,3072,210,complete_u,range,False,False
biased_zero_rank_contrast,3072,210,complete_u,hybrid,False,False
biased_zero_rank_contrast,3072,211,shared_correction,range,False,False
biased_zero_rank_contrast,3072,211,shared_correction,hybrid,False,False
biased_zero_rank_contrast,3072,211,disjoint_triple_u,range,False,False
biased_zero_rank_contrast,3072,211,disjoint_triple_u,hybrid,False,False
biased_zero_rank_contrast,3072,211,complete_u,range,False,False
biased_zero_rank_contrast,3072,211,complete_u,hybrid,False,False
biased_zero_rank_contrast,3072,212,shared_correction,range,False,False
biased_zero_rank_contrast,3072,212,shared_correction,hybrid,False,False
biased_zero_rank_contrast,3072,212,disjoint_triple_u,range,False,False
biased_zero_rank_contrast,3072,212,disjoint_triple_u,hybrid,False,False
biased_zero_rank_contrast,3072,212,complete_u,range,False,False
biased_zero_rank_contrast,3072,212,complete_u,hybrid,False,False
biased_zero_rank_contrast,3072,213,shared_correction,range,False,False
biased_zero_rank_contrast,3072,213,shared_correction,hybrid,False,False
biased_zero_rank_contrast,3072,213,disjoint_triple_u,range,False,False
biased_zero_rank_contrast,3072,213,disjoint_triple_u,hybrid,False,False
biased_zero_rank_contrast,3072,213,complete_u,range,False,False
biased_zero_rank_contrast,3072,213,complete_u,hybrid,False,False
biased_zero_rank_contrast,3072,214,shared_correction,range,False,False
biased_zero_rank_contrast,3072,214,shared_correction,hybrid,False,False
biased_zero_rank_contrast,3072,214,disjoint_triple_u,range,False,False
biased_zero_rank_contrast,3072,214,disjoint_triple_u,hybrid,False,False
biased_zero_rank_contrast,3072,214,complete_u,range,False,False
biased_zero_rank_contrast,3072,214,complete_u,hybrid,False,False
biased_zero_rank_contrast,3072,215,shared_correction,range,False,False
biased_zero_rank_contrast,3072,215,shared_correction,hybrid,False,False
biased_zero_rank_contrast,3072,215,disjoint_triple_u,range,False,False
biased_zero_rank_contrast,3072,215,disjoint_triple_u,hybrid,False,False
biased_zero_rank_contrast,3072,215,complete_u,range,False,False
biased_zero_rank_contrast,3072,215,complete_u,hybrid,False,False
biased_zero_rank_contrast,3072,216,shared_correction,range,False,False
biased_zero_rank_contrast,3072,216,shared_correction,hybrid,False,False
biased_zero_rank_contrast,3072,216,disjoint_triple_u,range,False,False
biased_zero_rank_contrast,3072,216,disjoint_triple_u,hybrid,False,False
biased_zero_rank_contrast,3072,216,complete_u,range,False,False
biased_zero_rank_contrast,3072,216,complete_u,hybrid,False,False
biased_zero_rank_contrast,3072,217,shared_correction,range,False,False
biased_zero_rank_contrast,3072,217,shared_correction,hybrid,False,False
biased_zero_rank_contrast,3072,217,disjoint_triple_u,range,False,False
biased_zero_rank_contrast,3072,217,disjoint_triple_u,hybrid,False,False
biased_zero_rank_contrast,3072,217,complete_u,range,False,False
biased_zero_rank_contrast,3072,217,complete_u,hybrid,False,False
biased_zero_rank_contrast,3072,218,shared_correction,range,False,False
biased_zero_rank_contrast,3072,218,shared_correction,hybrid,False,False
biased_zero_rank_contrast,3072,218,disjoint_triple_u,range,False,False
biased_zero_rank_contrast,3072,218,disjoint_triple_u,hybrid,False,False
biased_zero_rank_contrast,3072,218,complete_u,range,False,False
biased_zero_rank_contrast,3072,218,complete_u,hybrid,False,False
biased_zero_rank_contrast,3072,219,shared_correction,range,False,False
biased_zero_rank_contrast,3072,219,shared_correction,hybrid,False,False
biased_zero_rank_contrast,3072,219,disjoint_triple_u,range,False,False
biased_zero_rank_contrast,3072,219,disjoint_triple_u,hybrid,False,False
biased_zero_rank_contrast,3072,219,complete_u,range,False,False
biased_zero_rank_contrast,3072,219,complete_u,hybrid,False,False
biased_zero_rank_contrast,3072,220,shared_correction,range,False,False
biased_zero_rank_contrast,3072,220,shared_correction,hybrid,False,False
biased_zero_rank_contrast,3072,220,disjoint_triple_u,range,False,False
biased_zero_rank_contrast,3072,220,disjoint_triple_u,hybrid,False,False
biased_zero_rank_contrast,3072,220,complete_u,range,False,False
biased_zero_rank_contrast,3072,220,complete_u,hybrid,False,False
biased_zero_rank_contrast,3072,221,shared_correction,range,False,False
biased_zero_rank_contrast,3072,221,shared_correction,hybrid,False,False
biased_zero_rank_contrast,3072,221,disjoint_triple_u,range,False,False
biased_zero_rank_contrast,3072,221,disjoint_triple_u,hybrid,False,False
biased_zero_rank_contrast,3072,221,complete_u,range,False,False
biased_zero_rank_contrast,3072,221,complete_u,hybrid,False,False
biased_zero_rank_contrast,3072,222,shared_correction,range,False,False
biased_zero_rank_contrast,3072,222,shared_correction,hybrid,False,False
biased_zero_rank_contrast,3072,222,disjoint_triple_u,range,False,False
biased_zero_rank_contrast,3072,222,disjoint_triple_u,hybrid,False,False
biased_zero_rank_contrast,3072,222,complete_u,range,False,False
biased_zero_rank_contrast,3072,222,complete_u,hybrid,False,False
biased_zero_rank_contrast,3072,223,shared_correction,range,False,False
biased_zero_rank_contrast,3072,223,shared_correction,hybrid,False,False
biased_zero_rank_contrast,3072,223,disjoint_triple_u,range,False,False
biased_zero_rank_contrast,3072,223,disjoint_triple_u,hybrid,False,False
biased_zero_rank_contrast,3072,223,complete_u,range,False,False
biased_zero_rank_contrast,3072,223,complete_u,hybrid,False,False
biased_zero_rank_contrast,3072,224,shared_correction,range,False,False
biased_zero_rank_contrast,3072,224,shared_correction,hybrid,False,False
biased_zero_rank_contrast,3072,224,disjoint_triple_u,range,False,False
biased_zero_rank_contrast,3072,224,disjoint_triple_u,hybrid,False,False
biased_zero_rank_contrast,3072,224,complete_u,range,False,False
biased_zero_rank_contrast,3072,224,complete_u,hybrid,False,False
biased_zero_rank_contrast,3072,225,shared_correction,range,False,False
biased_zero_rank_contrast,3072,225,shared_correction,hybrid,False,False
biased_zero_rank_contrast,3072,225,disjoint_triple_u,range,False,False
biased_zero_rank_contrast,3072,225,disjoint_triple_u,hybrid,False,False
biased_zero_rank_contrast,3072,225,complete_u,range,False,False
biased_zero_rank_contrast,3072,225,complete_u,hybrid,False,False
biased_zero_rank_contrast,3072,226,shared_correction,range,False,False
biased_zero_rank_contrast,3072,226,shared_correction,hybrid,False,False
biased_zero_rank_contrast,3072,226,disjoint_triple_u,range,False,False
biased_zero_rank_contrast,3072,226,disjoint_triple_u,hybrid,False,False
biased_zero_rank_contrast,3072,226,complete_u,range,False,False
biased_zero_rank_contrast,3072,226,complete_u,hybrid,False,False
biased_zero_rank_contrast,3072,227,shared_correction,range,False,False
biased_zero_rank_contrast,3072,227,shared_correction,hybrid,False,False
biased_zero_rank_contrast,3072,227,disjoint_triple_u,range,False,False
biased_zero_rank_contrast,3072,227,disjoint_triple_u,hybrid,False,False
biased_zero_rank_contrast,3072,227,complete_u,range,False,False
biased_zero_rank_contrast,3072,227,complete_u,hybrid,False,False
biased_zero_rank_contrast,3072,228,shared_correction,range,False,False
biased_zero_rank_contrast,3072,228,shared_correction,hybrid,False,False
biased_zero_rank_contrast,3072,228,disjoint_triple_u,range,False,False
biased_zero_rank_contrast,3072,228,disjoint_triple_u,hybrid,False,False
biased_zero_rank_contrast,3072,228,complete_u,range,False,False
biased_zero_rank_contrast,3072,228,complete_u,hybrid,False,False
biased_zero_rank_contrast,3072,229,shared_correction,range,False,False
biased_zero_rank_contrast,3072,229,shared_correction,hybrid,False,False
biased_zero_rank_contrast,3072,229,disjoint_triple_u,range,False,False
biased_zero_rank_contrast,3072,229,disjoint_triple_u,hybrid,False,False
biased_zero_rank_contrast,3072,229,complete_u,range,False,False
biased_zero_rank_contrast,3072,229,complete_u,hybrid,False,False
biased_zero_rank_contrast,3072,230,shared_correction,range,False,False
biased_zero_rank_contrast,3072,230,shared_correction,hybrid,False,False
biased_zero_rank_contrast,3072,230,disjoint_triple_u,range,False,False
biased_zero_rank_contrast,3072,230,disjoint_triple_u,hybrid,False,False
biased_zero_rank_contrast,3072,230,complete_u,range,False,False
biased_zero_rank_contrast,3072,230,complete_u,hybrid,False,False
biased_zero_rank_contrast,3072,231,shared_correction,range,False,False
biased_zero_rank_contrast,3072,231,shared_correction,hybrid,False,False
biased_zero_rank_contrast,3072,231,disjoint_triple_u,range,False,False
biased_zero_rank_contrast,3072,231,disjoint_triple_u,hybrid,False,False
biased_zero_rank_contrast,3072,231,complete_u,range,False,False
biased_zero_rank_contrast,3072,231,complete_u,hybrid,False,False
biased_zero_rank_contrast,3072,232,shared_correction,range,False,False
biased_zero_rank_contrast,3072,232,shared_correction,hybrid,False,False
biased_zero_rank_contrast,3072,232,disjoint_triple_u,range,False,False
biased_zero_rank_contrast,3072,232,disjoint_triple_u,hybrid,False,False
biased_zero_rank_contrast,3072,232,complete_u,range,False,False
biased_zero_rank_contrast,3072,232,complete_u,hybrid,False,False
biased_zero_rank_contrast,3072,233,shared_correction,range,False,False
biased_zero_rank_contrast,3072,233,shared_correction,hybrid,False,False
biased_zero_rank_contrast,3072,233,disjoint_triple_u,range,False,False
biased_zero_rank_contrast,3072,233,disjoint_triple_u,hybrid,False,False
biased_zero_rank_contrast,3072,233,complete_u,range,False,False
biased_zero_rank_contrast,3072,233,complete_u,hybrid,False,False
biased_zero_rank_contrast,3072,234,shared_correction,range,False,False
biased_zero_rank_contrast,3072,234,shared_correction,hybrid,False,False
biased_zero_rank_contrast,3072,234,disjoint_triple_u,range,False,False
biased_zero_rank_contrast,3072,234,disjoint_triple_u,hybrid,False,False
biased_zero_rank_contrast,3072,234,complete_u,range,False,False
biased_zero_rank_contrast,3072,234,complete_u,hybrid,False,False
biased_zero_rank_contrast,3072,235,shared_correction,range,False,False
biased_zero_rank_contrast,3072,235,shared_correction,hybrid,False,False
biased_zero_rank_contrast,3072,235,disjoint_triple_u,range,False,False
biased_zero_rank_contrast,3072,235,disjoint_triple_u,hybrid,False,False
biased_zero_rank_contrast,3072,235,complete_u,range,False,False
biased_zero_rank_contrast,3072,235,complete_u,hybrid,False,False
biased_zero_rank_contrast,3072,236,shared_correction,range,False,False
biased_zero_rank_contrast,3072,236,shared_correction,hybrid,False,False
biased_zero_rank_contrast,3072,236,disjoint_triple_u,range,False,False
biased_zero_rank_contrast,3072,236,disjoint_triple_u,hybrid,False,False
biased_zero_rank_contrast,3072,236,complete_u,range,False,False
biased_zero_rank_contrast,3072,236,complete_u,hybrid,False,False
biased_zero_rank_contrast,3072,237,shared_correction,range,False,False
biased_zero_rank_contrast,3072,237,shared_correction,hybrid,False,False
biased_zero_rank_contrast,3072,237,disjoint_triple_u,range,False,False
biased_zero_rank_contrast,3072,237,disjoint_triple_u,hybrid,False,False
biased_zero_rank_contrast,3072,237,complete_u,range,False,False
biased_zero_rank_contrast,3072,237,complete_u,hybrid,False,False
biased_zero_rank_contrast,3072,238,shared_correction,range,False,False
biased_zero_rank_contrast,3072,238,shared_correction,hybrid,False,False
biased_zero_rank_contrast,3072,238,disjoint_triple_u,range,False,False
biased_zero_rank_contrast,3072,238,disjoint_triple_u,hybrid,False,False
biased_zero_rank_contrast,3072,238,complete_u,range,False,False
biased_zero_rank_contrast,3072,238,complete_u,hybrid,False,False
biased_zero_rank_contrast,3072,239,shared_correction,range,False,False
biased_zero_rank_contrast,3072,239,shared_correction,hybrid,False,False
biased_zero_rank_contrast,3072,239,disjoint_triple_u,range,False,False
biased_zero_rank_contrast,3072,239,disjoint_triple_u,hybrid,False,False
biased_zero_rank_contrast,3072,239,complete_u,range,False,False
biased_zero_rank_contrast,3072,239,complete_u,hybrid,False,False
biased_zero_rank_contrast,3072,240,shared_correction,range,False,False
biased_zero_rank_contrast,3072,240,shared_correction,hybrid,False,False
biased_zero_rank_contrast,3072,240,disjoint_triple_u,range,False,False
biased_zero_rank_contrast,3072,240,disjoint_triple_u,hybrid,False,False
biased_zero_rank_contrast,3072,240,complete_u,range,False,False
biased_zero_rank_contrast,3072,240,complete_u,hybrid,False,False
biased_zero_rank_contrast,3072,241,shared_correction,range,False,False
biased_zero_rank_contrast,3072,241,shared_correction,hybrid,False,False
biased_zero_rank_contrast,3072,241,disjoint_triple_u,range,False,False
biased_zero_rank_contrast,3072,241,disjoint_triple_u,hybrid,False,False
biased_zero_rank_contrast,3072,241,complete_u,range,False,False
biased_zero_rank_contrast,3072,241,complete_u,hybrid,False,False
biased_zero_rank_contrast,3072,242,shared_correction,range,False,False
biased_zero_rank_contrast,3072,242,shared_correction,hybrid,False,False
biased_zero_rank_contrast,3072,242,disjoint_triple_u,range,False,False
biased_zero_rank_contrast,3072,242,disjoint_triple_u,hybrid,False,False
biased_zero_rank_contrast,3072,242,complete_u,range,False,False
biased_zero_rank_contrast,3072,242,complete_u,hybrid,False,False
biased_zero_rank_contrast,3072,243,shared_correction,range,False,False
biased_zero_rank_contrast,3072,243,shared_correction,hybrid,False,False
biased_zero_rank_contrast,3072,243,disjoint_triple_u,range,False,False
biased_zero_rank_contrast,3072,243,disjoint_triple_u,hybrid,False,False
biased_zero_rank_contrast,3072,243,complete_u,range,False,False
biased_zero_rank_contrast,3072,243,complete_u,hybrid,False,False
biased_zero_rank_contrast,3072,244,shared_correction,range,False,False
biased_zero_rank_contrast,3072,244,shared_correction,hybrid,False,False
biased_zero_rank_contrast,3072,244,disjoint_triple_u,range,False,False
biased_zero_rank_contrast,3072,244,disjoint_triple_u,hybrid,False,False
biased_zero_rank_contrast,3072,244,complete_u,range,False,False
biased_zero_rank_contrast,3072,244,complete_u,hybrid,False,False
biased_zero_rank_contrast,3072,245,shared_correction,range,False,False
biased_zero_rank_contrast,3072,245,shared_correction,hybrid,False,False
biased_zero_rank_contrast,3072,245,disjoint_triple_u,range,False,False
biased_zero_rank_contrast,3072,245,disjoint_triple_u,hybrid,False,False
biased_zero_rank_contrast,3072,245,complete_u,range,False,False
biased_zero_rank_contrast,3072,245,complete_u,hybrid,False,False
biased_zero_rank_contrast,3072,246,shared_correction,range,False,False
biased_zero_rank_contrast,3072,246,shared_correction,hybrid,False,False
biased_zero_rank_contrast,3072,246,disjoint_triple_u,range,False,False
biased_zero_rank_contrast,3072,246,disjoint_triple_u,hybrid,False,False
biased_zero_rank_contrast,3072,246,complete_u,range,False,False
biased_zero_rank_contrast,3072,246,complete_u,hybrid,False,False
biased_zero_rank_contrast,3072,247,shared_correction,range,False,False
biased_zero_rank_contrast,3072,247,shared_correction,hybrid,False,False
biased_zero_rank_contrast,3072,247,disjoint_triple_u,range,False,False
biased_zero_rank_contrast,3072,247,disjoint_triple_u,hybrid,False,False
biased_zero_rank_contrast,3072,247,complete_u,range,False,False
biased_zero_rank_contrast,3072,247,complete_u,hybrid,False,False
biased_zero_rank_contrast,3072,248,shared_correction,range,False,False
biased_zero_rank_contrast,3072,248,shared_correction,hybrid,False,False
biased_zero_rank_contrast,3072,248,disjoint_triple_u,range,False,False
biased_zero_rank_contrast,3072,248,disjoint_triple_u,hybrid,False,False
biased_zero_rank_contrast,3072,248,complete_u,range,False,False
biased_zero_rank_contrast,3072,248,complete_u,hybrid,False,False
biased_zero_rank_contrast,3072,249,shared_correction,range,False,False
biased_zero_rank_contrast,3072,249,shared_correction,hybrid,False,False
biased_zero_rank_contrast,3072,249,disjoint_triple_u,range,False,False
biased_zero_rank_contrast,3072,249,disjoint_triple_u,hybrid,False,False
biased_zero_rank_contrast,3072,249,complete_u,range,False,False
biased_zero_rank_contrast,3072,249,complete_u,hybrid,False,False
biased_zero_rank_contrast,3072,250,shared_correction,range,False,False
biased_zero_rank_contrast,3072,250,shared_correction,hybrid,False,False
biased_zero_rank_contrast,3072,250,disjoint_triple_u,range,False,False
biased_zero_rank_contrast,3072,250,disjoint_triple_u,hybrid,False,False
biased_zero_rank_contrast,3072,250,complete_u,range,False,False
biased_zero_rank_contrast,3072,250,complete_u,hybrid,False,False
biased_zero_rank_contrast,3072,251,shared_correction,range,False,False
biased_zero_rank_contrast,3072,251,shared_correction,hybrid,False,False
biased_zero_rank_contrast,3072,251,disjoint_triple_u,range,False,False
biased_zero_rank_contrast,3072,251,disjoint_triple_u,hybrid,False,False
biased_zero_rank_contrast,3072,251,complete_u,range,False,False
biased_zero_rank_contrast,3072,251,complete_u,hybrid,False,False
biased_zero_rank_contrast,3072,252,shared_correction,range,False,False
biased_zero_rank_contrast,3072,252,shared_correction,hybrid,False,False
biased_zero_rank_contrast,3072,252,disjoint_triple_u,range,False,False
biased_zero_rank_contrast,3072,252,disjoint_triple_u,hybrid,False,False
biased_zero_rank_contrast,3072,252,complete_u,range,False,False
biased_zero_rank_contrast,3072,252,complete_u,hybrid,False,False
biased_zero_rank_contrast,3072,253,shared_correction,range,False,False
biased_zero_rank_contrast,3072,253,shared_correction,hybrid,False,False
biased_zero_rank_contrast,3072,253,disjoint_triple_u,range,False,False
biased_zero_rank_contrast,3072,253,disjoint_triple_u,hybrid,False,False
biased_zero_rank_contrast,3072,253,complete_u,range,False,False
biased_zero_rank_contrast,3072,253,complete_u,hybrid,False,False
biased_zero_rank_contrast,3072,254,shared_correction,range,False,False
biased_zero_rank_contrast,3072,254,shared_correction,hybrid,False,False
biased_zero_rank_contrast,3072,254,disjoint_triple_u,range,False,False
biased_zero_rank_contrast,3072,254,disjoint_triple_u,hybrid,False,False
biased_zero_rank_contrast,3072,254,complete_u,range,False,False
biased_zero_rank_contrast,3072,254,complete_u,hybrid,False,False
biased_zero_rank_contrast,3072,255,shared_correction,range,False,False
biased_zero_rank_contrast,3072,255,shared_correction,hybrid,False,False
biased_zero_rank_contrast,3072,255,disjoint_triple_u,range,False,False
biased_zero_rank_contrast,3072,255,disjoint_triple_u,hybrid,False,False
biased_zero_rank_contrast,3072,255,complete_u,range,False,False
biased_zero_rank_contrast,3072,255,complete_u,hybrid,False,False
biased_zero_rank_contrast,3072,256,shared_correction,range,False,False
biased_zero_rank_contrast,3072,256,shared_correction,hybrid,False,False
biased_zero_rank_contrast,3072,256,disjoint_triple_u,range,False,False
biased_zero_rank_contrast,3072,256,disjoint_triple_u,hybrid,False,False
biased_zero_rank_contrast,3072,256,complete_u,range,False,False
biased_zero_rank_contrast,3072,256,complete_u,hybrid,False,False
biased_zero_rank_contrast,3072,257,shared_correction,range,False,False
biased_zero_rank_contrast,3072,257,shared_correction,hybrid,False,False
biased_zero_rank_contrast,3072,257,disjoint_triple_u,range,False,False
biased_zero_rank_contrast,3072,257,disjoint_triple_u,hybrid,False,False
biased_zero_rank_contrast,3072,257,complete_u,range,False,False
biased_zero_rank_contrast,3072,257,complete_u,hybrid,False,False
biased_zero_rank_contrast,3072,258,shared_correction,range,False,False
biased_zero_rank_contrast,3072,258,shared_correction,hybrid,False,False
biased_zero_rank_contrast,3072,258,disjoint_triple_u,range,False,False
biased_zero_rank_contrast,3072,258,disjoint_triple_u,hybrid,False,False
biased_zero_rank_contrast,3072,258,complete_u,range,False,False
biased_zero_rank_contrast,3072,258,complete_u,hybrid,False,False
biased_zero_rank_contrast,3072,259,shared_correction,range,False,False
biased_zero_rank_contrast,3072,259,shared_correction,hybrid,False,False
biased_zero_rank_contrast,3072,259,disjoint_triple_u,range,False,False
biased_zero_rank_contrast,3072,259,disjoint_triple_u,hybrid,False,False
biased_zero_rank_contrast,3072,259,complete_u,range,False,False
biased_zero_rank_contrast,3072,259,complete_u,hybrid,False,False
biased_zero_rank_contrast,3072,260,shared_correction,range,False,False
biased_zero_rank_contrast,3072,260,shared_correction,hybrid,False,False
biased_zero_rank_contrast,3072,260,disjoint_triple_u,range,False,False
biased_zero_rank_contrast,3072,260,disjoint_triple_u,hybrid,False,False
biased_zero_rank_contrast,3072,260,complete_u,range,False,False
biased_zero_rank_contrast,3072,260,complete_u,hybrid,False,False
biased_zero_rank_contrast,3072,261,shared_correction,range,False,False
biased_zero_rank_contrast,3072,261,shared_correction,hybrid,False,False
biased_zero_rank_contrast,3072,261,disjoint_triple_u,range,False,False
biased_zero_rank_contrast,3072,261,disjoint_triple_u,hybrid,False,False
biased_zero_rank_contrast,3072,261,complete_u,range,False,False
biased_zero_rank_contrast,3072,261,complete_u,hybrid,False,False
biased_zero_rank_contrast,3072,262,shared_correction,range,False,False
biased_zero_rank_contrast,3072,262,shared_correction,hybrid,False,False
biased_zero_rank_contrast,3072,262,disjoint_triple_u,range,False,False
biased_zero_rank_contrast,3072,262,disjoint_triple_u,hybrid,False,False
biased_zero_rank_contrast,3072,262,complete_u,range,False,False
biased_zero_rank_contrast,3072,262,complete_u,hybrid,False,False
biased_zero_rank_contrast,3072,263,shared_correction,range,False,False
biased_zero_rank_contrast,3072,263,shared_correction,hybrid,False,False
biased_zero_rank_contrast,3072,263,disjoint_triple_u,range,False,False
biased_zero_rank_contrast,3072,263,disjoint_triple_u,hybrid,False,False
biased_zero_rank_contrast,3072,263,complete_u,range,False,False
biased_zero_rank_contrast,3072,263,complete_u,hybrid,False,False
biased_zero_rank_contrast,3072,264,shared_correction,range,False,False
biased_zero_rank_contrast,3072,264,shared_correction,hybrid,False,False
biased_zero_rank_contrast,3072,264,disjoint_triple_u,range,False,False
biased_zero_rank_contrast,3072,264,disjoint_triple_u,hybrid,False,False
biased_zero_rank_contrast,3072,264,complete_u,range,False,False
biased_zero_rank_contrast,3072,264,complete_u,hybrid,False,False
biased_zero_rank_contrast,3072,265,shared_correction,range,False,False
biased_zero_rank_contrast,3072,265,shared_correction,hybrid,False,False
biased_zero_rank_contrast,3072,265,disjoint_triple_u,range,False,False
biased_zero_rank_contrast,3072,265,disjoint_triple_u,hybrid,False,False
biased_zero_rank_contrast,3072,265,complete_u,range,False,False
biased_zero_rank_contrast,3072,265,complete_u,hybrid,False,False
biased_zero_rank_contrast,3072,266,shared_correction,range,False,False
biased_zero_rank_contrast,3072,266,shared_correction,hybrid,False,False
biased_zero_rank_contrast,3072,266,disjoint_triple_u,range,False,False
biased_zero_rank_contrast,3072,266,disjoint_triple_u,hybrid,False,False
biased_zero_rank_contrast,3072,266,complete_u,range,False,False
biased_zero_rank_contrast,3072,266,complete_u,hybrid,False,False
biased_zero_rank_contrast,3072,267,shared_correction,range,False,False
biased_zero_rank_contrast,3072,267,shared_correction,hybrid,False,False
biased_zero_rank_contrast,3072,267,disjoint_triple_u,range,False,False
biased_zero_rank_contrast,3072,267,disjoint_triple_u,hybrid,False,False
biased_zero_rank_contrast,3072,267,complete_u,range,False,False
biased_zero_rank_contrast,3072,267,complete_u,hybrid,False,False
biased_zero_rank_contrast,3072,268,shared_correction,range,False,False
biased_zero_rank_contrast,3072,268,shared_correction,hybrid,False,False
biased_zero_rank_contrast,3072,268,disjoint_triple_u,range,False,False
biased_zero_rank_contrast,3072,268,disjoint_triple_u,hybrid,False,False
biased_zero_rank_contrast,3072,268,complete_u,range,False,False
biased_zero_rank_contrast,3072,268,complete_u,hybrid,False,False
biased_zero_rank_contrast,3072,269,shared_correction,range,False,False
biased_zero_rank_contrast,3072,269,shared_correction,hybrid,False,False
biased_zero_rank_contrast,3072,269,disjoint_triple_u,range,False,False
biased_zero_rank_contrast,3072,269,disjoint_triple_u,hybrid,False,False
biased_zero_rank_contrast,3072,269,complete_u,range,False,False
biased_zero_rank_contrast,3072,269,complete_u,hybrid,False,False
biased_zero_rank_contrast,3072,270,shared_correction,range,False,False
biased_zero_rank_contrast,3072,270,shared_correction,hybrid,False,False
biased_zero_rank_contrast,3072,270,disjoint_triple_u,range,False,False
biased_zero_rank_contrast,3072,270,disjoint_triple_u,hybrid,False,False
biased_zero_rank_contrast,3072,270,complete_u,range,False,False
biased_zero_rank_contrast,3072,270,complete_u,hybrid,False,False
biased_zero_rank_contrast,3072,271,shared_correction,range,False,False
biased_zero_rank_contrast,3072,271,shared_correction,hybrid,False,False
biased_zero_rank_contrast,3072,271,disjoint_triple_u,range,False,False
biased_zero_rank_contrast,3072,271,disjoint_triple_u,hybrid,False,False
biased_zero_rank_contrast,3072,271,complete_u,range,False,False
biased_zero_rank_contrast,3072,271,complete_u,hybrid,False,False
biased_zero_rank_contrast,3072,272,shared_correction,range,False,False
biased_zero_rank_contrast,3072,272,shared_correction,hybrid,False,False
biased_zero_rank_contrast,3072,272,disjoint_triple_u,range,False,False
biased_zero_rank_contrast,3072,272,disjoint_triple_u,hybrid,False,False
biased_zero_rank_contrast,3072,272,complete_u,range,False,False
biased_zero_rank_contrast,3072,272,complete_u,hybrid,False,False
biased_zero_rank_contrast,3072,273,shared_correction,range,False,False
biased_zero_rank_contrast,3072,273,shared_correction,hybrid,False,False
biased_zero_rank_contrast,3072,273,disjoint_triple_u,range,False,False
biased_zero_rank_contrast,3072,273,disjoint_triple_u,hybrid,False,False
biased_zero_rank_contrast,3072,273,complete_u,range,False,False
biased_zero_rank_contrast,3072,273,complete_u,hybrid,False,False
biased_zero_rank_contrast,3072,274,shared_correction,range,False,False
biased_zero_rank_contrast,3072,274,shared_correction,hybrid,False,False
biased_zero_rank_contrast,3072,274,disjoint_triple_u,range,False,False
biased_zero_rank_contrast,3072,274,disjoint_triple_u,hybrid,False,False
biased_zero_rank_contrast,3072,274,complete_u,range,False,False
biased_zero_rank_contrast,3072,274,complete_u,hybrid,False,False
biased_zero_rank_contrast,3072,275,shared_correction,range,False,False
biased_zero_rank_contrast,3072,275,shared_correction,hybrid,False,False
biased_zero_rank_contrast,3072,275,disjoint_triple_u,range,False,False
biased_zero_rank_contrast,3072,275,disjoint_triple_u,hybrid,False,False
biased_zero_rank_contrast,3072,275,complete_u,range,False,False
biased_zero_rank_contrast,3072,275,complete_u,hybrid,False,False
biased_zero_rank_contrast,3072,276,shared_correction,range,False,False
biased_zero_rank_contrast,3072,276,shared_correction,hybrid,False,False
biased_zero_rank_contrast,3072,276,disjoint_triple_u,range,False,False
biased_zero_rank_contrast,3072,276,disjoint_triple_u,hybrid,False,False
biased_zero_rank_contrast,3072,276,complete_u,range,False,False
biased_zero_rank_contrast,3072,276,complete_u,hybrid,False,False
biased_zero_rank_contrast,3072,277,shared_correction,range,False,False
biased_zero_rank_contrast,3072,277,shared_correction,hybrid,False,False
biased_zero_rank_contrast,3072,277,disjoint_triple_u,range,False,False
biased_zero_rank_contrast,3072,277,disjoint_triple_u,hybrid,False,False
biased_zero_rank_contrast,3072,277,complete_u,range,False,False
biased_zero_rank_contrast,3072,277,complete_u,hybrid,False,False
biased_zero_rank_contrast,3072,278,shared_correction,range,False,False
biased_zero_rank_contrast,3072,278,shared_correction,hybrid,False,False
biased_zero_rank_contrast,3072,278,disjoint_triple_u,range,False,False
biased_zero_rank_contrast,3072,278,disjoint_triple_u,hybrid,False,False
biased_zero_rank_contrast,3072,278,complete_u,range,False,False
biased_zero_rank_contrast,3072,278,complete_u,hybrid,False,False
biased_zero_rank_contrast,3072,279,shared_correction,range,False,False
biased_zero_rank_contrast,3072,279,shared_correction,hybrid,False,False
biased_zero_rank_contrast,3072,279,disjoint_triple_u,range,False,False
biased_zero_rank_contrast,3072,279,disjoint_triple_u,hybrid,False,False
biased_zero_rank_contrast,3072,279,complete_u,range,False,False
biased_zero_rank_contrast,3072,279,complete_u,hybrid,False,False
biased_zero_rank_contrast,3072,280,shared_correction,range,False,False
biased_zero_rank_contrast,3072,280,shared_correction,hybrid,False,False
biased_zero_rank_contrast,3072,280,disjoint_triple_u,range,False,False
biased_zero_rank_contrast,3072,280,disjoint_triple_u,hybrid,False,False
biased_zero_rank_contrast,3072,280,complete_u,range,False,False
biased_zero_rank_contrast,3072,280,complete_u,hybrid,False,False
biased_zero_rank_contrast,3072,281,shared_correction,range,False,False
biased_zero_rank_contrast,3072,281,shared_correction,hybrid,False,False
biased_zero_rank_contrast,3072,281,disjoint_triple_u,range,False,False
biased_zero_rank_contrast,3072,281,disjoint_triple_u,hybrid,False,False
biased_zero_rank_contrast,3072,281,complete_u,range,False,False
biased_zero_rank_contrast,3072,281,complete_u,hybrid,False,False
biased_zero_rank_contrast,3072,282,shared_correction,range,False,False
biased_zero_rank_contrast,3072,282,shared_correction,hybrid,False,False
biased_zero_rank_contrast,3072,282,disjoint_triple_u,range,False,False
biased_zero_rank_contrast,3072,282,disjoint_triple_u,hybrid,False,False
biased_zero_rank_contrast,3072,282,complete_u,range,False,False
biased_zero_rank_contrast,3072,282,complete_u,hybrid,False,False
biased_zero_rank_contrast,3072,283,shared_correction,range,False,False
biased_zero_rank_contrast,3072,283,shared_correction,hybrid,False,False
biased_zero_rank_contrast,3072,283,disjoint_triple_u,range,False,False
biased_zero_rank_contrast,3072,283,disjoint_triple_u,hybrid,False,False
biased_zero_rank_contrast,3072,283,complete_u,range,False,False
biased_zero_rank_contrast,3072,283,complete_u,hybrid,False,False
biased_zero_rank_contrast,3072,284,shared_correction,range,False,False
biased_zero_rank_contrast,3072,284,shared_correction,hybrid,False,False
biased_zero_rank_contrast,3072,284,disjoint_triple_u,range,False,False
biased_zero_rank_contrast,3072,284,disjoint_triple_u,hybrid,False,False
biased_zero_rank_contrast,3072,284,complete_u,range,False,False
biased_zero_rank_contrast,3072,284,complete_u,hybrid,False,False
biased_zero_rank_contrast,3072,285,shared_correction,range,False,False
biased_zero_rank_contrast,3072,285,shared_correction,hybrid,False,False
biased_zero_rank_contrast,3072,285,disjoint_triple_u,range,False,False
biased_zero_rank_contrast,3072,285,disjoint_triple_u,hybrid,False,False
biased_zero_rank_contrast,3072,285,complete_u,range,False,False
biased_zero_rank_contrast,3072,285,complete_u,hybrid,False,False
biased_zero_rank_contrast,3072,286,shared_correction,range,False,False
biased_zero_rank_contrast,3072,286,shared_correction,hybrid,False,False
biased_zero_rank_contrast,3072,286,disjoint_triple_u,range,False,False
biased_zero_rank_contrast,3072,286,disjoint_triple_u,hybrid,False,False
biased_zero_rank_contrast,3072,286,complete_u,range,False,False
biased_zero_rank_contrast,3072,286,complete_u,hybrid,False,False
biased_zero_rank_contrast,3072,287,shared_correction,range,False,False
biased_zero_rank_contrast,3072,287,shared_correction,hybrid,False,False
biased_zero_rank_contrast,3072,287,disjoint_triple_u,range,False,False
biased_zero_rank_contrast,3072,287,disjoint_triple_u,hybrid,False,False
biased_zero_rank_contrast,3072,287,complete_u,range,False,False
biased_zero_rank_contrast,3072,287,complete_u,hybrid,False,False
biased_zero_rank_contrast,3072,288,shared_correction,range,False,False
biased_zero_rank_contrast,3072,288,shared_correction,hybrid,False,False
biased_zero_rank_contrast,3072,288,disjoint_triple_u,range,False,False
biased_zero_rank_contrast,3072,288,disjoint_triple_u,hybrid,False,False
biased_zero_rank_contrast,3072,288,complete_u,range,False,False
biased_zero_rank_contrast,3072,288,complete_u,hybrid,False,False
biased_zero_rank_contrast,3072,289,shared_correction,range,False,False
biased_zero_rank_contrast,3072,289,shared_correction,hybrid,False,False
biased_zero_rank_contrast,3072,289,disjoint_triple_u,range,False,False
biased_zero_rank_contrast,3072,289,disjoint_triple_u,hybrid,False,False
biased_zero_rank_contrast,3072,289,complete_u,range,False,False
biased_zero_rank_contrast,3072,289,complete_u,hybrid,False,False
biased_zero_rank_contrast,3072,290,shared_correction,range,False,False
biased_zero_rank_contrast,3072,290,shared_correction,hybrid,False,False
biased_zero_rank_contrast,3072,290,disjoint_triple_u,range,False,False
biased_zero_rank_contrast,3072,290,disjoint_triple_u,hybrid,False,False
biased_zero_rank_contrast,3072,290,complete_u,range,False,False
biased_zero_rank_contrast,3072,290,complete_u,hybrid,False,False
biased_zero_rank_contrast,3072,291,shared_correction,range,False,False
biased_zero_rank_contrast,3072,291,shared_correction,hybrid,False,False
biased_zero_rank_contrast,3072,291,disjoint_triple_u,range,False,False
biased_zero_rank_contrast,3072,291,disjoint_triple_u,hybrid,False,False
biased_zero_rank_contrast,3072,291,complete_u,range,False,False
biased_zero_rank_contrast,3072,291,complete_u,hybrid,False,False
biased_zero_rank_contrast,3072,292,shared_correction,range,False,False
biased_zero_rank_contrast,3072,292,shared_correction,hybrid,False,False
biased_zero_rank_contrast,3072,292,disjoint_triple_u,range,False,False
biased_zero_rank_contrast,3072,292,disjoint_triple_u,hybrid,False,False
biased_zero_rank_contrast,3072,292,complete_u,range,False,False
biased_zero_rank_contrast,3072,292,complete_u,hybrid,False,False
biased_zero_rank_contrast,3072,293,shared_correction,range,False,False
biased_zero_rank_contrast,3072,293,shared_correction,hybrid,False,False
biased_zero_rank_contrast,3072,293,disjoint_triple_u,range,False,False
biased_zero_rank_contrast,3072,293,disjoint_triple_u,hybrid,False,False
biased_zero_rank_contrast,3072,293,complete_u,range,False,False
biased_zero_rank_contrast,3072,293,complete_u,hybrid,False,False
biased_zero_rank_contrast,3072,294,shared_correction,range,False,False
biased_zero_rank_contrast,3072,294,shared_correction,hybrid,False,False
biased_zero_rank_contrast,3072,294,disjoint_triple_u,range,False,False
biased_zero_rank_contrast,3072,294,disjoint_triple_u,hybrid,False,False
biased_zero_rank_contrast,3072,294,complete_u,range,False,False
biased_zero_rank_contrast,3072,294,complete_u,hybrid,False,False
biased_zero_rank_contrast,3072,295,shared_correction,range,False,False
biased_zero_rank_contrast,3072,295,shared_correction,hybrid,False,False
biased_zero_rank_contrast,3072,295,disjoint_triple_u,range,False,False
biased_zero_rank_contrast,3072,295,disjoint_triple_u,hybrid,False,False
biased_zero_rank_contrast,3072,295,complete_u,range,False,False
biased_zero_rank_contrast,3072,295,complete_u,hybrid,False,False
biased_zero_rank_contrast,3072,296,shared_correction,range,False,False
biased_zero_rank_contrast,3072,296,shared_correction,hybrid,False,False
biased_zero_rank_contrast,3072,296,disjoint_triple_u,range,False,False
biased_zero_rank_contrast,3072,296,disjoint_triple_u,hybrid,False,False
biased_zero_rank_contrast,3072,296,complete_u,range,False,False
biased_zero_rank_contrast,3072,296,complete_u,hybrid,False,False
biased_zero_rank_contrast,3072,297,shared_correction,range,False,False
biased_zero_rank_contrast,3072,297,shared_correction,hybrid,False,False
biased_zero_rank_contrast,3072,297,disjoint_triple_u,range,False,False
biased_zero_rank_contrast,3072,297,disjoint_triple_u,hybrid,False,False
biased_zero_rank_contrast,3072,297,complete_u,range,False,False
biased_zero_rank_contrast,3072,297,complete_u,hybrid,False,False
biased_zero_rank_contrast,3072,298,shared_correction,range,False,False
biased_zero_rank_contrast,3072,298,shared_correction,hybrid,False,False
biased_zero_rank_contrast,3072,298,disjoint_triple_u,range,False,False
biased_zero_rank_contrast,3072,298,disjoint_triple_u,hybrid,False,False
biased_zero_rank_contrast,3072,298,complete_u,range,False,False
biased_zero_rank_contrast,3072,298,complete_u,hybrid,False,False
biased_zero_rank_contrast,3072,299,shared_correction,range,False,False
biased_zero_rank_contrast,3072,299,shared_correction,hybrid,False,False
biased_zero_rank_contrast,3072,299,disjoint_triple_u,range,False,False
biased_zero_rank_contrast,3072,299,disjoint_triple_u,hybrid,False,False
biased_zero_rank_contrast,3072,299,complete_u,range,False,False
biased_zero_rank_contrast,3072,299,complete_u,hybrid,False,False
biased_zero_rank_contrast,12288,0,shared_correction,range,False,False
biased_zero_rank_contrast,12288,0,shared_correction,hybrid,False,False
biased_zero_rank_contrast,12288,0,disjoint_triple_u,range,False,False
biased_zero_rank_contrast,12288,0,disjoint_triple_u,hybrid,False,False
biased_zero_rank_contrast,12288,0,complete_u,range,False,False
biased_zero_rank_contrast,12288,0,complete_u,hybrid,False,False
biased_zero_rank_contrast,12288,1,shared_correction,range,False,False
biased_zero_rank_contrast,12288,1,shared_correction,hybrid,False,False
biased_zero_rank_contrast,12288,1,disjoint_triple_u,range,False,False
biased_zero_rank_contrast,12288,1,disjoint_triple_u,hybrid,False,False
biased_zero_rank_contrast,12288,1,complete_u,range,False,False
biased_zero_rank_contrast,12288,1,complete_u,hybrid,False,False
biased_zero_rank_contrast,12288,2,shared_correction,range,False,False
biased_zero_rank_contrast,12288,2,shared_correction,hybrid,False,False
biased_zero_rank_contrast,12288,2,disjoint_triple_u,range,False,False
biased_zero_rank_contrast,12288,2,disjoint_triple_u,hybrid,False,False
biased_zero_rank_contrast,12288,2,complete_u,range,False,False
biased_zero_rank_contrast,12288,2,complete_u,hybrid,False,False
biased_zero_rank_contrast,12288,3,shared_correction,range,False,False
biased_zero_rank_contrast,12288,3,shared_correction,hybrid,False,False
biased_zero_rank_contrast,12288,3,disjoint_triple_u,range,False,False
biased_zero_rank_contrast,12288,3,disjoint_triple_u,hybrid,False,False
biased_zero_rank_contrast,12288,3,complete_u,range,False,False
biased_zero_rank_contrast,12288,3,complete_u,hybrid,False,False
biased_zero_rank_contrast,12288,4,shared_correction,range,False,False
biased_zero_rank_contrast,12288,4,shared_correction,hybrid,False,False
biased_zero_rank_contrast,12288,4,disjoint_triple_u,range,False,False
biased_zero_rank_contrast,12288,4,disjoint_triple_u,hybrid,False,False
biased_zero_rank_contrast,12288,4,complete_u,range,False,False
biased_zero_rank_contrast,12288,4,complete_u,hybrid,False,False
biased_zero_rank_contrast,12288,5,shared_correction,range,False,False
biased_zero_rank_contrast,12288,5,shared_correction,hybrid,False,False
biased_zero_rank_contrast,12288,5,disjoint_triple_u,range,False,False
biased_zero_rank_contrast,12288,5,disjoint_triple_u,hybrid,False,False
biased_zero_rank_contrast,12288,5,complete_u,range,False,False
biased_zero_rank_contrast,12288,5,complete_u,hybrid,False,False
biased_zero_rank_contrast,12288,6,shared_correction,range,False,False
biased_zero_rank_contrast,12288,6,shared_correction,hybrid,False,False
biased_zero_rank_contrast,12288,6,disjoint_triple_u,range,False,False
biased_zero_rank_contrast,12288,6,disjoint_triple_u,hybrid,False,False
biased_zero_rank_contrast,12288,6,complete_u,range,False,False
biased_zero_rank_contrast,12288,6,complete_u,hybrid,False,False
biased_zero_rank_contrast,12288,7,shared_correction,range,False,False
biased_zero_rank_contrast,12288,7,shared_correction,hybrid,False,False
biased_zero_rank_contrast,12288,7,disjoint_triple_u,range,False,False
biased_zero_rank_contrast,12288,7,disjoint_triple_u,hybrid,False,False
biased_zero_rank_contrast,12288,7,complete_u,range,False,False
biased_zero_rank_contrast,12288,7,complete_u,hybrid,False,False
biased_zero_rank_contrast,12288,8,shared_correction,range,False,False
biased_zero_rank_contrast,12288,8,shared_correction,hybrid,False,False
biased_zero_rank_contrast,12288,8,disjoint_triple_u,range,False,False
biased_zero_rank_contrast,12288,8,disjoint_triple_u,hybrid,False,False
biased_zero_rank_contrast,12288,8,complete_u,range,False,False
biased_zero_rank_contrast,12288,8,complete_u,hybrid,False,False
biased_zero_rank_contrast,12288,9,shared_correction,range,False,False
biased_zero_rank_contrast,12288,9,shared_correction,hybrid,False,False
biased_zero_rank_contrast,12288,9,disjoint_triple_u,range,False,False
biased_zero_rank_contrast,12288,9,disjoint_triple_u,hybrid,False,False
biased_zero_rank_contrast,12288,9,complete_u,range,False,False
biased_zero_rank_contrast,12288,9,complete_u,hybrid,False,False
biased_zero_rank_contrast,12288,10,shared_correction,range,False,False
biased_zero_rank_contrast,12288,10,shared_correction,hybrid,False,False
biased_zero_rank_contrast,12288,10,disjoint_triple_u,range,False,False
biased_zero_rank_contrast,12288,10,disjoint_triple_u,hybrid,False,False
biased_zero_rank_contrast,12288,10,complete_u,range,False,False
biased_zero_rank_contrast,12288,10,complete_u,hybrid,False,False
biased_zero_rank_contrast,12288,11,shared_correction,range,False,False
biased_zero_rank_contrast,12288,11,shared_correction,hybrid,False,False
biased_zero_rank_contrast,12288,11,disjoint_triple_u,range,False,False
biased_zero_rank_contrast,12288,11,disjoint_triple_u,hybrid,False,False
biased_zero_rank_contrast,12288,11,complete_u,range,False,False
biased_zero_rank_contrast,12288,11,complete_u,hybrid,False,False
biased_zero_rank_contrast,12288,12,shared_correction,range,False,False
biased_zero_rank_contrast,12288,12,shared_correction,hybrid,False,False
biased_zero_rank_contrast,12288,12,disjoint_triple_u,range,False,False
biased_zero_rank_contrast,12288,12,disjoint_triple_u,hybrid,False,False
biased_zero_rank_contrast,12288,12,complete_u,range,False,False
biased_zero_rank_contrast,12288,12,complete_u,hybrid,False,False
biased_zero_rank_contrast,12288,13,shared_correction,range,False,False
biased_zero_rank_contrast,12288,13,shared_correction,hybrid,False,False
biased_zero_rank_contrast,12288,13,disjoint_triple_u,range,False,False
biased_zero_rank_contrast,12288,13,disjoint_triple_u,hybrid,False,False
biased_zero_rank_contrast,12288,13,complete_u,range,False,False
biased_zero_rank_contrast,12288,13,complete_u,hybrid,False,False
biased_zero_rank_contrast,12288,14,shared_correction,range,False,False
biased_zero_rank_contrast,12288,14,shared_correction,hybrid,False,False
biased_zero_rank_contrast,12288,14,disjoint_triple_u,range,False,False
biased_zero_rank_contrast,12288,14,disjoint_triple_u,hybrid,False,False
biased_zero_rank_contrast,12288,14,complete_u,range,False,False
biased_zero_rank_contrast,12288,14,complete_u,hybrid,False,False
biased_zero_rank_contrast,12288,15,shared_correction,range,False,False
biased_zero_rank_contrast,12288,15,shared_correction,hybrid,False,False
biased_zero_rank_contrast,12288,15,disjoint_triple_u,range,False,False
biased_zero_rank_contrast,12288,15,disjoint_triple_u,hybrid,False,False
biased_zero_rank_contrast,12288,15,complete_u,range,False,False
biased_zero_rank_contrast,12288,15,complete_u,hybrid,False,False
biased_zero_rank_contrast,12288,16,shared_correction,range,False,False
biased_zero_rank_contrast,12288,16,shared_correction,hybrid,False,False
biased_zero_rank_contrast,12288,16,disjoint_triple_u,range,False,False
biased_zero_rank_contrast,12288,16,disjoint_triple_u,hybrid,False,False
biased_zero_rank_contrast,12288,16,complete_u,range,False,False
biased_zero_rank_contrast,12288,16,complete_u,hybrid,False,False
biased_zero_rank_contrast,12288,17,shared_correction,range,False,False
biased_zero_rank_contrast,12288,17,shared_correction,hybrid,False,False
biased_zero_rank_contrast,12288,17,disjoint_triple_u,range,False,False
biased_zero_rank_contrast,12288,17,disjoint_triple_u,hybrid,False,False
biased_zero_rank_contrast,12288,17,complete_u,range,False,False
biased_zero_rank_contrast,12288,17,complete_u,hybrid,False,False
biased_zero_rank_contrast,12288,18,shared_correction,range,False,False
biased_zero_rank_contrast,12288,18,shared_correction,hybrid,False,False
biased_zero_rank_contrast,12288,18,disjoint_triple_u,range,False,False
biased_zero_rank_contrast,12288,18,disjoint_triple_u,hybrid,False,False
biased_zero_rank_contrast,12288,18,complete_u,range,False,False
biased_zero_rank_contrast,12288,18,complete_u,hybrid,False,False
biased_zero_rank_contrast,12288,19,shared_correction,range,False,False
biased_zero_rank_contrast,12288,19,shared_correction,hybrid,False,False
biased_zero_rank_contrast,12288,19,disjoint_triple_u,range,False,False
biased_zero_rank_contrast,12288,19,disjoint_triple_u,hybrid,False,False
biased_zero_rank_contrast,12288,19,complete_u,range,False,False
biased_zero_rank_contrast,12288,19,complete_u,hybrid,False,False
biased_zero_rank_contrast,12288,20,shared_correction,range,False,False
biased_zero_rank_contrast,12288,20,shared_correction,hybrid,False,False
biased_zero_rank_contrast,12288,20,disjoint_triple_u,range,False,False
biased_zero_rank_contrast,12288,20,disjoint_triple_u,hybrid,False,False
biased_zero_rank_contrast,12288,20,complete_u,range,False,False
biased_zero_rank_contrast,12288,20,complete_u,hybrid,False,False
biased_zero_rank_contrast,12288,21,shared_correction,range,False,False
biased_zero_rank_contrast,12288,21,shared_correction,hybrid,False,False
biased_zero_rank_contrast,12288,21,disjoint_triple_u,range,False,False
biased_zero_rank_contrast,12288,21,disjoint_triple_u,hybrid,False,False
biased_zero_rank_contrast,12288,21,complete_u,range,False,False
biased_zero_rank_contrast,12288,21,complete_u,hybrid,False,False
biased_zero_rank_contrast,12288,22,shared_correction,range,False,False
biased_zero_rank_contrast,12288,22,shared_correction,hybrid,False,False
biased_zero_rank_contrast,12288,22,disjoint_triple_u,range,False,False
biased_zero_rank_contrast,12288,22,disjoint_triple_u,hybrid,False,False
biased_zero_rank_contrast,12288,22,complete_u,range,False,False
biased_zero_rank_contrast,12288,22,complete_u,hybrid,False,False
biased_zero_rank_contrast,12288,23,shared_correction,range,False,False
biased_zero_rank_contrast,12288,23,shared_correction,hybrid,False,False
biased_zero_rank_contrast,12288,23,disjoint_triple_u,range,False,False
biased_zero_rank_contrast,12288,23,disjoint_triple_u,hybrid,False,False
biased_zero_rank_contrast,12288,23,complete_u,range,False,False
biased_zero_rank_contrast,12288,23,complete_u,hybrid,False,False
biased_zero_rank_contrast,12288,24,shared_correction,range,False,False
biased_zero_rank_contrast,12288,24,shared_correction,hybrid,False,False
biased_zero_rank_contrast,12288,24,disjoint_triple_u,range,False,False
biased_zero_rank_contrast,12288,24,disjoint_triple_u,hybrid,False,False
biased_zero_rank_contrast,12288,24,complete_u,range,False,False
biased_zero_rank_contrast,12288,24,complete_u,hybrid,False,False
biased_zero_rank_contrast,12288,25,shared_correction,range,False,False
biased_zero_rank_contrast,12288,25,shared_correction,hybrid,False,False
biased_zero_rank_contrast,12288,25,disjoint_triple_u,range,False,False
biased_zero_rank_contrast,12288,25,disjoint_triple_u,hybrid,False,False
biased_zero_rank_contrast,12288,25,complete_u,range,False,False
biased_zero_rank_contrast,12288,25,complete_u,hybrid,False,False
biased_zero_rank_contrast,12288,26,shared_correction,range,False,False
biased_zero_rank_contrast,12288,26,shared_correction,hybrid,False,False
biased_zero_rank_contrast,12288,26,disjoint_triple_u,range,False,False
biased_zero_rank_contrast,12288,26,disjoint_triple_u,hybrid,False,False
biased_zero_rank_contrast,12288,26,complete_u,range,False,False
biased_zero_rank_contrast,12288,26,complete_u,hybrid,False,False
biased_zero_rank_contrast,12288,27,shared_correction,range,False,False
biased_zero_rank_contrast,12288,27,shared_correction,hybrid,False,False
biased_zero_rank_contrast,12288,27,disjoint_triple_u,range,False,False
biased_zero_rank_contrast,12288,27,disjoint_triple_u,hybrid,False,False
biased_zero_rank_contrast,12288,27,complete_u,range,False,False
biased_zero_rank_contrast,12288,27,complete_u,hybrid,False,False
biased_zero_rank_contrast,12288,28,shared_correction,range,False,False
biased_zero_rank_contrast,12288,28,shared_correction,hybrid,False,False
biased_zero_rank_contrast,12288,28,disjoint_triple_u,range,False,False
biased_zero_rank_contrast,12288,28,disjoint_triple_u,hybrid,False,False
biased_zero_rank_contrast,12288,28,complete_u,range,False,False
biased_zero_rank_contrast,12288,28,complete_u,hybrid,False,False
biased_zero_rank_contrast,12288,29,shared_correction,range,False,False
biased_zero_rank_contrast,12288,29,shared_correction,hybrid,False,False
biased_zero_rank_contrast,12288,29,disjoint_triple_u,range,False,False
biased_zero_rank_contrast,12288,29,disjoint_triple_u,hybrid,False,False
biased_zero_rank_contrast,12288,29,complete_u,range,False,False
biased_zero_rank_contrast,12288,29,complete_u,hybrid,False,False
biased_zero_rank_contrast,12288,30,shared_correction,range,False,False
biased_zero_rank_contrast,12288,30,shared_correction,hybrid,False,False
biased_zero_rank_contrast,12288,30,disjoint_triple_u,range,False,False
biased_zero_rank_contrast,12288,30,disjoint_triple_u,hybrid,False,False
biased_zero_rank_contrast,12288,30,complete_u,range,False,False
biased_zero_rank_contrast,12288,30,complete_u,hybrid,False,False
biased_zero_rank_contrast,12288,31,shared_correction,range,False,False
biased_zero_rank_contrast,12288,31,shared_correction,hybrid,False,False
biased_zero_rank_contrast,12288,31,disjoint_triple_u,range,False,False
biased_zero_rank_contrast,12288,31,disjoint_triple_u,hybrid,False,False
biased_zero_rank_contrast,12288,31,complete_u,range,False,False
biased_zero_rank_contrast,12288,31,complete_u,hybrid,False,False
biased_zero_rank_contrast,12288,32,shared_correction,range,False,False
biased_zero_rank_contrast,12288,32,shared_correction,hybrid,False,False
biased_zero_rank_contrast,12288,32,disjoint_triple_u,range,False,False
biased_zero_rank_contrast,12288,32,disjoint_triple_u,hybrid,False,False
biased_zero_rank_contrast,12288,32,complete_u,range,False,False
biased_zero_rank_contrast,12288,32,complete_u,hybrid,False,False
biased_zero_rank_contrast,12288,33,shared_correction,range,False,False
biased_zero_rank_contrast,12288,33,shared_correction,hybrid,False,False
biased_zero_rank_contrast,12288,33,disjoint_triple_u,range,False,False
biased_zero_rank_contrast,12288,33,disjoint_triple_u,hybrid,False,False
biased_zero_rank_contrast,12288,33,complete_u,range,False,False
biased_zero_rank_contrast,12288,33,complete_u,hybrid,False,False
biased_zero_rank_contrast,12288,34,shared_correction,range,False,False
biased_zero_rank_contrast,12288,34,shared_correction,hybrid,False,False
biased_zero_rank_contrast,12288,34,disjoint_triple_u,range,False,False
biased_zero_rank_contrast,12288,34,disjoint_triple_u,hybrid,False,False
biased_zero_rank_contrast,12288,34,complete_u,range,False,False
biased_zero_rank_contrast,12288,34,complete_u,hybrid,False,False
biased_zero_rank_contrast,12288,35,shared_correction,range,False,False
biased_zero_rank_contrast,12288,35,shared_correction,hybrid,False,False
biased_zero_rank_contrast,12288,35,disjoint_triple_u,range,False,False
biased_zero_rank_contrast,12288,35,disjoint_triple_u,hybrid,False,False
biased_zero_rank_contrast,12288,35,complete_u,range,False,False
biased_zero_rank_contrast,12288,35,complete_u,hybrid,False,False
biased_zero_rank_contrast,12288,36,shared_correction,range,False,False
biased_zero_rank_contrast,12288,36,shared_correction,hybrid,False,False
biased_zero_rank_contrast,12288,36,disjoint_triple_u,range,False,False
biased_zero_rank_contrast,12288,36,disjoint_triple_u,hybrid,False,False
biased_zero_rank_contrast,12288,36,complete_u,range,False,False
biased_zero_rank_contrast,12288,36,complete_u,hybrid,False,False
biased_zero_rank_contrast,12288,37,shared_correction,range,False,False
biased_zero_rank_contrast,12288,37,shared_correction,hybrid,False,False
biased_zero_rank_contrast,12288,37,disjoint_triple_u,range,False,False
biased_zero_rank_contrast,12288,37,disjoint_triple_u,hybrid,False,False
biased_zero_rank_contrast,12288,37,complete_u,range,False,False
biased_zero_rank_contrast,12288,37,complete_u,hybrid,False,False
biased_zero_rank_contrast,12288,38,shared_correction,range,False,False
biased_zero_rank_contrast,12288,38,shared_correction,hybrid,False,False
biased_zero_rank_contrast,12288,38,disjoint_triple_u,range,False,False
biased_zero_rank_contrast,12288,38,disjoint_triple_u,hybrid,False,False
biased_zero_rank_contrast,12288,38,complete_u,range,False,False
biased_zero_rank_contrast,12288,38,complete_u,hybrid,False,False
biased_zero_rank_contrast,12288,39,shared_correction,range,False,False
biased_zero_rank_contrast,12288,39,shared_correction,hybrid,False,False
biased_zero_rank_contrast,12288,39,disjoint_triple_u,range,False,False
biased_zero_rank_contrast,12288,39,disjoint_triple_u,hybrid,False,False
biased_zero_rank_contrast,12288,39,complete_u,range,False,False
biased_zero_rank_contrast,12288,39,complete_u,hybrid,False,False
biased_zero_rank_contrast,12288,40,shared_correction,range,False,False
biased_zero_rank_contrast,12288,40,shared_correction,hybrid,False,False
biased_zero_rank_contrast,12288,40,disjoint_triple_u,range,False,False
biased_zero_rank_contrast,12288,40,disjoint_triple_u,hybrid,False,False
biased_zero_rank_contrast,12288,40,complete_u,range,False,False
biased_zero_rank_contrast,12288,40,complete_u,hybrid,False,False
biased_zero_rank_contrast,12288,41,shared_correction,range,False,False
biased_zero_rank_contrast,12288,41,shared_correction,hybrid,False,False
biased_zero_rank_contrast,12288,41,disjoint_triple_u,range,False,False
biased_zero_rank_contrast,12288,41,disjoint_triple_u,hybrid,False,False
biased_zero_rank_contrast,12288,41,complete_u,range,False,False
biased_zero_rank_contrast,12288,41,complete_u,hybrid,False,False
biased_zero_rank_contrast,12288,42,shared_correction,range,False,False
biased_zero_rank_contrast,12288,42,shared_correction,hybrid,False,False
biased_zero_rank_contrast,12288,42,disjoint_triple_u,range,False,False
biased_zero_rank_contrast,12288,42,disjoint_triple_u,hybrid,False,False
biased_zero_rank_contrast,12288,42,complete_u,range,False,False
biased_zero_rank_contrast,12288,42,complete_u,hybrid,False,False
biased_zero_rank_contrast,12288,43,shared_correction,range,False,False
biased_zero_rank_contrast,12288,43,shared_correction,hybrid,False,False
biased_zero_rank_contrast,12288,43,disjoint_triple_u,range,False,False
biased_zero_rank_contrast,12288,43,disjoint_triple_u,hybrid,False,False
biased_zero_rank_contrast,12288,43,complete_u,range,False,False
biased_zero_rank_contrast,12288,43,complete_u,hybrid,False,False
biased_zero_rank_contrast,12288,44,shared_correction,range,False,False
biased_zero_rank_contrast,12288,44,shared_correction,hybrid,False,False
biased_zero_rank_contrast,12288,44,disjoint_triple_u,range,False,False
biased_zero_rank_contrast,12288,44,disjoint_triple_u,hybrid,False,False
biased_zero_rank_contrast,12288,44,complete_u,range,False,False
biased_zero_rank_contrast,12288,44,complete_u,hybrid,False,False
biased_zero_rank_contrast,12288,45,shared_correction,range,False,False
biased_zero_rank_contrast,12288,45,shared_correction,hybrid,False,False
biased_zero_rank_contrast,12288,45,disjoint_triple_u,range,False,False
biased_zero_rank_contrast,12288,45,disjoint_triple_u,hybrid,False,False
biased_zero_rank_contrast,12288,45,complete_u,range,False,False
biased_zero_rank_contrast,12288,45,complete_u,hybrid,False,False
biased_zero_rank_contrast,12288,46,shared_correction,range,False,False
biased_zero_rank_contrast,12288,46,shared_correction,hybrid,False,False
biased_zero_rank_contrast,12288,46,disjoint_triple_u,range,False,False
biased_zero_rank_contrast,12288,46,disjoint_triple_u,hybrid,False,False
biased_zero_rank_contrast,12288,46,complete_u,range,False,False
biased_zero_rank_contrast,12288,46,complete_u,hybrid,False,False
biased_zero_rank_contrast,12288,47,shared_correction,range,False,False
biased_zero_rank_contrast,12288,47,shared_correction,hybrid,False,False
biased_zero_rank_contrast,12288,47,disjoint_triple_u,range,False,False
biased_zero_rank_contrast,12288,47,disjoint_triple_u,hybrid,False,False
biased_zero_rank_contrast,12288,47,complete_u,range,False,False
biased_zero_rank_contrast,12288,47,complete_u,hybrid,False,False
biased_zero_rank_contrast,12288,48,shared_correction,range,False,False
biased_zero_rank_contrast,12288,48,shared_correction,hybrid,False,False
biased_zero_rank_contrast,12288,48,disjoint_triple_u,range,False,False
biased_zero_rank_contrast,12288,48,disjoint_triple_u,hybrid,False,False
biased_zero_rank_contrast,12288,48,complete_u,range,False,False
biased_zero_rank_contrast,12288,48,complete_u,hybrid,False,False
biased_zero_rank_contrast,12288,49,shared_correction,range,False,False
biased_zero_rank_contrast,12288,49,shared_correction,hybrid,False,False
biased_zero_rank_contrast,12288,49,disjoint_triple_u,range,False,False
biased_zero_rank_contrast,12288,49,disjoint_triple_u,hybrid,False,False
biased_zero_rank_contrast,12288,49,complete_u,range,False,False
biased_zero_rank_contrast,12288,49,complete_u,hybrid,False,False
biased_zero_rank_contrast,12288,50,shared_correction,range,False,False
biased_zero_rank_contrast,12288,50,shared_correction,hybrid,False,False
biased_zero_rank_contrast,12288,50,disjoint_triple_u,range,False,False
biased_zero_rank_contrast,12288,50,disjoint_triple_u,hybrid,False,False
biased_zero_rank_contrast,12288,50,complete_u,range,False,False
biased_zero_rank_contrast,12288,50,complete_u,hybrid,False,False
biased_zero_rank_contrast,12288,51,shared_correction,range,False,False
biased_zero_rank_contrast,12288,51,shared_correction,hybrid,False,False
biased_zero_rank_contrast,12288,51,disjoint_triple_u,range,False,False
biased_zero_rank_contrast,12288,51,disjoint_triple_u,hybrid,False,False
biased_zero_rank_contrast,12288,51,complete_u,range,False,False
biased_zero_rank_contrast,12288,51,complete_u,hybrid,False,False
biased_zero_rank_contrast,12288,52,shared_correction,range,False,False
biased_zero_rank_contrast,12288,52,shared_correction,hybrid,False,False
biased_zero_rank_contrast,12288,52,disjoint_triple_u,range,False,False
biased_zero_rank_contrast,12288,52,disjoint_triple_u,hybrid,False,False
biased_zero_rank_contrast,12288,52,complete_u,range,False,False
biased_zero_rank_contrast,12288,52,complete_u,hybrid,False,False
biased_zero_rank_contrast,12288,53,shared_correction,range,False,False
biased_zero_rank_contrast,12288,53,shared_correction,hybrid,False,False
biased_zero_rank_contrast,12288,53,disjoint_triple_u,range,False,False
biased_zero_rank_contrast,12288,53,disjoint_triple_u,hybrid,False,False
biased_zero_rank_contrast,12288,53,complete_u,range,False,False
biased_zero_rank_contrast,12288,53,complete_u,hybrid,False,False
biased_zero_rank_contrast,12288,54,shared_correction,range,False,False
biased_zero_rank_contrast,12288,54,shared_correction,hybrid,False,False
biased_zero_rank_contrast,12288,54,disjoint_triple_u,range,False,False
biased_zero_rank_contrast,12288,54,disjoint_triple_u,hybrid,False,False
biased_zero_rank_contrast,12288,54,complete_u,range,False,False
biased_zero_rank_contrast,12288,54,complete_u,hybrid,False,False
biased_zero_rank_contrast,12288,55,shared_correction,range,False,False
biased_zero_rank_contrast,12288,55,shared_correction,hybrid,False,False
biased_zero_rank_contrast,12288,55,disjoint_triple_u,range,False,False
biased_zero_rank_contrast,12288,55,disjoint_triple_u,hybrid,False,False
biased_zero_rank_contrast,12288,55,complete_u,range,False,False
biased_zero_rank_contrast,12288,55,complete_u,hybrid,False,False
biased_zero_rank_contrast,12288,56,shared_correction,range,False,False
biased_zero_rank_contrast,12288,56,shared_correction,hybrid,False,False
biased_zero_rank_contrast,12288,56,disjoint_triple_u,range,False,False
biased_zero_rank_contrast,12288,56,disjoint_triple_u,hybrid,False,False
biased_zero_rank_contrast,12288,56,complete_u,range,False,False
biased_zero_rank_contrast,12288,56,complete_u,hybrid,False,False
biased_zero_rank_contrast,12288,57,shared_correction,range,False,False
biased_zero_rank_contrast,12288,57,shared_correction,hybrid,False,False
biased_zero_rank_contrast,12288,57,disjoint_triple_u,range,False,False
biased_zero_rank_contrast,12288,57,disjoint_triple_u,hybrid,False,False
biased_zero_rank_contrast,12288,57,complete_u,range,False,False
biased_zero_rank_contrast,12288,57,complete_u,hybrid,False,False
biased_zero_rank_contrast,12288,58,shared_correction,range,False,False
biased_zero_rank_contrast,12288,58,shared_correction,hybrid,False,False
biased_zero_rank_contrast,12288,58,disjoint_triple_u,range,False,False
biased_zero_rank_contrast,12288,58,disjoint_triple_u,hybrid,False,False
biased_zero_rank_contrast,12288,58,complete_u,range,False,False
biased_zero_rank_contrast,12288,58,complete_u,hybrid,False,False
biased_zero_rank_contrast,12288,59,shared_correction,range,False,False
biased_zero_rank_contrast,12288,59,shared_correction,hybrid,False,False
biased_zero_rank_contrast,12288,59,disjoint_triple_u,range,False,False
biased_zero_rank_contrast,12288,59,disjoint_triple_u,hybrid,False,False
biased_zero_rank_contrast,12288,59,complete_u,range,False,False
biased_zero_rank_contrast,12288,59,complete_u,hybrid,False,False
biased_zero_rank_contrast,12288,60,shared_correction,range,False,False
biased_zero_rank_contrast,12288,60,shared_correction,hybrid,False,False
biased_zero_rank_contrast,12288,60,disjoint_triple_u,range,False,False
biased_zero_rank_contrast,12288,60,disjoint_triple_u,hybrid,False,False
biased_zero_rank_contrast,12288,60,complete_u,range,False,False
biased_zero_rank_contrast,12288,60,complete_u,hybrid,False,False
biased_zero_rank_contrast,12288,61,shared_correction,range,False,False
biased_zero_rank_contrast,12288,61,shared_correction,hybrid,False,False
biased_zero_rank_contrast,12288,61,disjoint_triple_u,range,False,False
biased_zero_rank_contrast,12288,61,disjoint_triple_u,hybrid,False,False
biased_zero_rank_contrast,12288,61,complete_u,range,False,False
biased_zero_rank_contrast,12288,61,complete_u,hybrid,False,False
biased_zero_rank_contrast,12288,62,shared_correction,range,False,False
biased_zero_rank_contrast,12288,62,shared_correction,hybrid,False,False
biased_zero_rank_contrast,12288,62,disjoint_triple_u,range,False,False
biased_zero_rank_contrast,12288,62,disjoint_triple_u,hybrid,False,False
biased_zero_rank_contrast,12288,62,complete_u,range,False,False
biased_zero_rank_contrast,12288,62,complete_u,hybrid,False,False
biased_zero_rank_contrast,12288,63,shared_correction,range,False,False
biased_zero_rank_contrast,12288,63,shared_correction,hybrid,False,False
biased_zero_rank_contrast,12288,63,disjoint_triple_u,range,False,False
biased_zero_rank_contrast,12288,63,disjoint_triple_u,hybrid,False,False
biased_zero_rank_contrast,12288,63,complete_u,range,False,False
biased_zero_rank_contrast,12288,63,complete_u,hybrid,False,False
biased_zero_rank_contrast,12288,64,shared_correction,range,False,False
biased_zero_rank_contrast,12288,64,shared_correction,hybrid,False,False
biased_zero_rank_contrast,12288,64,disjoint_triple_u,range,False,False
biased_zero_rank_contrast,12288,64,disjoint_triple_u,hybrid,False,False
biased_zero_rank_contrast,12288,64,complete_u,range,False,False
biased_zero_rank_contrast,12288,64,complete_u,hybrid,False,False
biased_zero_rank_contrast,12288,65,shared_correction,range,False,False
biased_zero_rank_contrast,12288,65,shared_correction,hybrid,False,False
biased_zero_rank_contrast,12288,65,disjoint_triple_u,range,False,False
biased_zero_rank_contrast,12288,65,disjoint_triple_u,hybrid,False,False
biased_zero_rank_contrast,12288,65,complete_u,range,False,False
biased_zero_rank_contrast,12288,65,complete_u,hybrid,False,False
biased_zero_rank_contrast,12288,66,shared_correction,range,False,False
biased_zero_rank_contrast,12288,66,shared_correction,hybrid,False,False
biased_zero_rank_contrast,12288,66,disjoint_triple_u,range,False,False
biased_zero_rank_contrast,12288,66,disjoint_triple_u,hybrid,False,False
biased_zero_rank_contrast,12288,66,complete_u,range,False,False
biased_zero_rank_contrast,12288,66,complete_u,hybrid,False,False
biased_zero_rank_contrast,12288,67,shared_correction,range,False,False
biased_zero_rank_contrast,12288,67,shared_correction,hybrid,False,False
biased_zero_rank_contrast,12288,67,disjoint_triple_u,range,False,False
biased_zero_rank_contrast,12288,67,disjoint_triple_u,hybrid,False,False
biased_zero_rank_contrast,12288,67,complete_u,range,False,False
biased_zero_rank_contrast,12288,67,complete_u,hybrid,False,False
biased_zero_rank_contrast,12288,68,shared_correction,range,False,False
biased_zero_rank_contrast,12288,68,shared_correction,hybrid,False,False
biased_zero_rank_contrast,12288,68,disjoint_triple_u,range,False,False
biased_zero_rank_contrast,12288,68,disjoint_triple_u,hybrid,False,False
biased_zero_rank_contrast,12288,68,complete_u,range,False,False
biased_zero_rank_contrast,12288,68,complete_u,hybrid,False,False
biased_zero_rank_contrast,12288,69,shared_correction,range,False,False
biased_zero_rank_contrast,12288,69,shared_correction,hybrid,False,False
biased_zero_rank_contrast,12288,69,disjoint_triple_u,range,False,False
biased_zero_rank_contrast,12288,69,disjoint_triple_u,hybrid,False,False
biased_zero_rank_contrast,12288,69,complete_u,range,False,False
biased_zero_rank_contrast,12288,69,complete_u,hybrid,False,False
biased_zero_rank_contrast,12288,70,shared_correction,range,False,False
biased_zero_rank_contrast,12288,70,shared_correction,hybrid,False,False
biased_zero_rank_contrast,12288,70,disjoint_triple_u,range,False,False
biased_zero_rank_contrast,12288,70,disjoint_triple_u,hybrid,False,False
biased_zero_rank_contrast,12288,70,complete_u,range,False,False
biased_zero_rank_contrast,12288,70,complete_u,hybrid,False,False
biased_zero_rank_contrast,12288,71,shared_correction,range,False,False
biased_zero_rank_contrast,12288,71,shared_correction,hybrid,False,False
biased_zero_rank_contrast,12288,71,disjoint_triple_u,range,False,False
biased_zero_rank_contrast,12288,71,disjoint_triple_u,hybrid,False,False
biased_zero_rank_contrast,12288,71,complete_u,range,False,False
biased_zero_rank_contrast,12288,71,complete_u,hybrid,False,False
biased_zero_rank_contrast,12288,72,shared_correction,range,False,False
biased_zero_rank_contrast,12288,72,shared_correction,hybrid,False,False
biased_zero_rank_contrast,12288,72,disjoint_triple_u,range,False,False
biased_zero_rank_contrast,12288,72,disjoint_triple_u,hybrid,False,False
biased_zero_rank_contrast,12288,72,complete_u,range,False,False
biased_zero_rank_contrast,12288,72,complete_u,hybrid,False,False
biased_zero_rank_contrast,12288,73,shared_correction,range,False,False
biased_zero_rank_contrast,12288,73,shared_correction,hybrid,False,False
biased_zero_rank_contrast,12288,73,disjoint_triple_u,range,False,False
biased_zero_rank_contrast,12288,73,disjoint_triple_u,hybrid,False,False
biased_zero_rank_contrast,12288,73,complete_u,range,False,False
biased_zero_rank_contrast,12288,73,complete_u,hybrid,False,False
biased_zero_rank_contrast,12288,74,shared_correction,range,False,False
biased_zero_rank_contrast,12288,74,shared_correction,hybrid,False,False
biased_zero_rank_contrast,12288,74,disjoint_triple_u,range,False,False
biased_zero_rank_contrast,12288,74,disjoint_triple_u,hybrid,False,False
biased_zero_rank_contrast,12288,74,complete_u,range,False,False
biased_zero_rank_contrast,12288,74,complete_u,hybrid,False,False
biased_zero_rank_contrast,12288,75,shared_correction,range,False,False
biased_zero_rank_contrast,12288,75,shared_correction,hybrid,False,False
biased_zero_rank_contrast,12288,75,disjoint_triple_u,range,False,False
biased_zero_rank_contrast,12288,75,disjoint_triple_u,hybrid,False,False
biased_zero_rank_contrast,12288,75,complete_u,range,False,False
biased_zero_rank_contrast,12288,75,complete_u,hybrid,False,False
biased_zero_rank_contrast,12288,76,shared_correction,range,False,False
biased_zero_rank_contrast,12288,76,shared_correction,hybrid,False,False
biased_zero_rank_contrast,12288,76,disjoint_triple_u,range,False,False
biased_zero_rank_contrast,12288,76,disjoint_triple_u,hybrid,False,False
biased_zero_rank_contrast,12288,76,complete_u,range,False,False
biased_zero_rank_contrast,12288,76,complete_u,hybrid,False,False
biased_zero_rank_contrast,12288,77,shared_correction,range,False,False
biased_zero_rank_contrast,12288,77,shared_correction,hybrid,False,False
biased_zero_rank_contrast,12288,77,disjoint_triple_u,range,False,False
biased_zero_rank_contrast,12288,77,disjoint_triple_u,hybrid,False,False
biased_zero_rank_contrast,12288,77,complete_u,range,False,False
biased_zero_rank_contrast,12288,77,complete_u,hybrid,False,False
biased_zero_rank_contrast,12288,78,shared_correction,range,False,False
biased_zero_rank_contrast,12288,78,shared_correction,hybrid,False,False
biased_zero_rank_contrast,12288,78,disjoint_triple_u,range,False,False
biased_zero_rank_contrast,12288,78,disjoint_triple_u,hybrid,False,False
biased_zero_rank_contrast,12288,78,complete_u,range,False,False
biased_zero_rank_contrast,12288,78,complete_u,hybrid,False,False
biased_zero_rank_contrast,12288,79,shared_correction,range,False,False
biased_zero_rank_contrast,12288,79,shared_correction,hybrid,False,False
biased_zero_rank_contrast,12288,79,disjoint_triple_u,range,False,False
biased_zero_rank_contrast,12288,79,disjoint_triple_u,hybrid,False,False
biased_zero_rank_contrast,12288,79,complete_u,range,False,False
biased_zero_rank_contrast,12288,79,complete_u,hybrid,False,False
biased_zero_rank_contrast,12288,80,shared_correction,range,False,False
biased_zero_rank_contrast,12288,80,shared_correction,hybrid,False,False
biased_zero_rank_contrast,12288,80,disjoint_triple_u,range,False,False
biased_zero_rank_contrast,12288,80,disjoint_triple_u,hybrid,False,False
biased_zero_rank_contrast,12288,80,complete_u,range,False,False
biased_zero_rank_contrast,12288,80,complete_u,hybrid,False,False
biased_zero_rank_contrast,12288,81,shared_correction,range,False,False
biased_zero_rank_contrast,12288,81,shared_correction,hybrid,False,False
biased_zero_rank_contrast,12288,81,disjoint_triple_u,range,False,False
biased_zero_rank_contrast,12288,81,disjoint_triple_u,hybrid,False,False
biased_zero_rank_contrast,12288,81,complete_u,range,False,False
biased_zero_rank_contrast,12288,81,complete_u,hybrid,False,False
biased_zero_rank_contrast,12288,82,shared_correction,range,False,False
biased_zero_rank_contrast,12288,82,shared_correction,hybrid,False,False
biased_zero_rank_contrast,12288,82,disjoint_triple_u,range,False,False
biased_zero_rank_contrast,12288,82,disjoint_triple_u,hybrid,False,False
biased_zero_rank_contrast,12288,82,complete_u,range,False,False
biased_zero_rank_contrast,12288,82,complete_u,hybrid,False,False
biased_zero_rank_contrast,12288,83,shared_correction,range,False,False
biased_zero_rank_contrast,12288,83,shared_correction,hybrid,False,False
biased_zero_rank_contrast,12288,83,disjoint_triple_u,range,False,False
biased_zero_rank_contrast,12288,83,disjoint_triple_u,hybrid,False,False
biased_zero_rank_contrast,12288,83,complete_u,range,False,False
biased_zero_rank_contrast,12288,83,complete_u,hybrid,False,False
biased_zero_rank_contrast,12288,84,shared_correction,range,False,False
biased_zero_rank_contrast,12288,84,shared_correction,hybrid,False,False
biased_zero_rank_contrast,12288,84,disjoint_triple_u,range,False,False
biased_zero_rank_contrast,12288,84,disjoint_triple_u,hybrid,False,False
biased_zero_rank_contrast,12288,84,complete_u,range,False,False
biased_zero_rank_contrast,12288,84,complete_u,hybrid,False,False
biased_zero_rank_contrast,12288,85,shared_correction,range,False,False
biased_zero_rank_contrast,12288,85,shared_correction,hybrid,False,False
biased_zero_rank_contrast,12288,85,disjoint_triple_u,range,False,False
biased_zero_rank_contrast,12288,85,disjoint_triple_u,hybrid,False,False
biased_zero_rank_contrast,12288,85,complete_u,range,False,False
biased_zero_rank_contrast,12288,85,complete_u,hybrid,False,False
biased_zero_rank_contrast,12288,86,shared_correction,range,False,False
biased_zero_rank_contrast,12288,86,shared_correction,hybrid,False,False
biased_zero_rank_contrast,12288,86,disjoint_triple_u,range,False,False
biased_zero_rank_contrast,12288,86,disjoint_triple_u,hybrid,False,False
biased_zero_rank_contrast,12288,86,complete_u,range,False,False
biased_zero_rank_contrast,12288,86,complete_u,hybrid,False,False
biased_zero_rank_contrast,12288,87,shared_correction,range,False,False
biased_zero_rank_contrast,12288,87,shared_correction,hybrid,False,False
biased_zero_rank_contrast,12288,87,disjoint_triple_u,range,False,False
biased_zero_rank_contrast,12288,87,disjoint_triple_u,hybrid,False,False
biased_zero_rank_contrast,12288,87,complete_u,range,False,False
biased_zero_rank_contrast,12288,87,complete_u,hybrid,False,False
biased_zero_rank_contrast,12288,88,shared_correction,range,False,False
biased_zero_rank_contrast,12288,88,shared_correction,hybrid,False,False
biased_zero_rank_contrast,12288,88,disjoint_triple_u,range,False,False
biased_zero_rank_contrast,12288,88,disjoint_triple_u,hybrid,False,False
biased_zero_rank_contrast,12288,88,complete_u,range,False,False
biased_zero_rank_contrast,12288,88,complete_u,hybrid,False,False
biased_zero_rank_contrast,12288,89,shared_correction,range,False,False
biased_zero_rank_contrast,12288,89,shared_correction,hybrid,False,False
biased_zero_rank_contrast,12288,89,disjoint_triple_u,range,False,False
biased_zero_rank_contrast,12288,89,disjoint_triple_u,hybrid,False,False
biased_zero_rank_contrast,12288,89,complete_u,range,False,False
biased_zero_rank_contrast,12288,89,complete_u,hybrid,False,False
biased_zero_rank_contrast,12288,90,shared_correction,range,False,False
biased_zero_rank_contrast,12288,90,shared_correction,hybrid,False,False
biased_zero_rank_contrast,12288,90,disjoint_triple_u,range,False,False
biased_zero_rank_contrast,12288,90,disjoint_triple_u,hybrid,False,False
biased_zero_rank_contrast,12288,90,complete_u,range,False,False
biased_zero_rank_contrast,12288,90,complete_u,hybrid,False,False
biased_zero_rank_contrast,12288,91,shared_correction,range,False,False
biased_zero_rank_contrast,12288,91,shared_correction,hybrid,False,False
biased_zero_rank_contrast,12288,91,disjoint_triple_u,range,False,False
biased_zero_rank_contrast,12288,91,disjoint_triple_u,hybrid,False,False
biased_zero_rank_contrast,12288,91,complete_u,range,False,False
biased_zero_rank_contrast,12288,91,complete_u,hybrid,False,False
biased_zero_rank_contrast,12288,92,shared_correction,range,False,False
biased_zero_rank_contrast,12288,92,shared_correction,hybrid,False,False
biased_zero_rank_contrast,12288,92,disjoint_triple_u,range,False,False
biased_zero_rank_contrast,12288,92,disjoint_triple_u,hybrid,False,False
biased_zero_rank_contrast,12288,92,complete_u,range,False,False
biased_zero_rank_contrast,12288,92,complete_u,hybrid,False,False
biased_zero_rank_contrast,12288,93,shared_correction,range,False,False
biased_zero_rank_contrast,12288,93,shared_correction,hybrid,False,False
biased_zero_rank_contrast,12288,93,disjoint_triple_u,range,False,False
biased_zero_rank_contrast,12288,93,disjoint_triple_u,hybrid,False,False
biased_zero_rank_contrast,12288,93,complete_u,range,False,False
biased_zero_rank_contrast,12288,93,complete_u,hybrid,False,False
biased_zero_rank_contrast,12288,94,shared_correction,range,False,False
biased_zero_rank_contrast,12288,94,shared_correction,hybrid,False,False
biased_zero_rank_contrast,12288,94,disjoint_triple_u,range,False,False
biased_zero_rank_contrast,12288,94,disjoint_triple_u,hybrid,False,False
biased_zero_rank_contrast,12288,94,complete_u,range,False,False
biased_zero_rank_contrast,12288,94,complete_u,hybrid,False,False
biased_zero_rank_contrast,12288,95,shared_correction,range,False,False
biased_zero_rank_contrast,12288,95,shared_correction,hybrid,False,False
biased_zero_rank_contrast,12288,95,disjoint_triple_u,range,False,False
biased_zero_rank_contrast,12288,95,disjoint_triple_u,hybrid,False,False
biased_zero_rank_contrast,12288,95,complete_u,range,False,False
biased_zero_rank_contrast,12288,95,complete_u,hybrid,False,False
biased_zero_rank_contrast,12288,96,shared_correction,range,False,False
biased_zero_rank_contrast,12288,96,shared_correction,hybrid,False,False
biased_zero_rank_contrast,12288,96,disjoint_triple_u,range,False,False
biased_zero_rank_contrast,12288,96,disjoint_triple_u,hybrid,False,False
biased_zero_rank_contrast,12288,96,complete_u,range,False,False
biased_zero_rank_contrast,12288,96,complete_u,hybrid,False,False
biased_zero_rank_contrast,12288,97,shared_correction,range,False,False
biased_zero_rank_contrast,12288,97,shared_correction,hybrid,False,False
biased_zero_rank_contrast,12288,97,disjoint_triple_u,range,False,False
biased_zero_rank_contrast,12288,97,disjoint_triple_u,hybrid,False,False
biased_zero_rank_contrast,12288,97,complete_u,range,False,False
biased_zero_rank_contrast,12288,97,complete_u,hybrid,False,False
biased_zero_rank_contrast,12288,98,shared_correction,range,False,False
biased_zero_rank_contrast,12288,98,shared_correction,hybrid,False,False
biased_zero_rank_contrast,12288,98,disjoint_triple_u,range,False,False
biased_zero_rank_contrast,12288,98,disjoint_triple_u,hybrid,False,False
biased_zero_rank_contrast,12288,98,complete_u,range,False,False
biased_zero_rank_contrast,12288,98,complete_u,hybrid,False,False
biased_zero_rank_contrast,12288,99,shared_correction,range,False,False
biased_zero_rank_contrast,12288,99,shared_correction,hybrid,False,False
biased_zero_rank_contrast,12288,99,disjoint_triple_u,range,False,False
biased_zero_rank_contrast,12288,99,disjoint_triple_u,hybrid,False,False
biased_zero_rank_contrast,12288,99,complete_u,range,False,False
biased_zero_rank_contrast,12288,99,complete_u,hybrid,False,False
biased_zero_rank_contrast,12288,100,shared_correction,range,False,False
biased_zero_rank_contrast,12288,100,shared_correction,hybrid,False,False
biased_zero_rank_contrast,12288,100,disjoint_triple_u,range,False,False
biased_zero_rank_contrast,12288,100,disjoint_triple_u,hybrid,False,False
biased_zero_rank_contrast,12288,100,complete_u,range,False,False
biased_zero_rank_contrast,12288,100,complete_u,hybrid,False,False
biased_zero_rank_contrast,12288,101,shared_correction,range,False,False
biased_zero_rank_contrast,12288,101,shared_correction,hybrid,False,False
biased_zero_rank_contrast,12288,101,disjoint_triple_u,range,False,False
biased_zero_rank_contrast,12288,101,disjoint_triple_u,hybrid,False,False
biased_zero_rank_contrast,12288,101,complete_u,range,False,False
biased_zero_rank_contrast,12288,101,complete_u,hybrid,False,False
biased_zero_rank_contrast,12288,102,shared_correction,range,False,False
biased_zero_rank_contrast,12288,102,shared_correction,hybrid,False,False
biased_zero_rank_contrast,12288,102,disjoint_triple_u,range,False,False
biased_zero_rank_contrast,12288,102,disjoint_triple_u,hybrid,False,False
biased_zero_rank_contrast,12288,102,complete_u,range,False,False
biased_zero_rank_contrast,12288,102,complete_u,hybrid,False,False
biased_zero_rank_contrast,12288,103,shared_correction,range,False,False
biased_zero_rank_contrast,12288,103,shared_correction,hybrid,False,False
biased_zero_rank_contrast,12288,103,disjoint_triple_u,range,False,False
biased_zero_rank_contrast,12288,103,disjoint_triple_u,hybrid,False,False
biased_zero_rank_contrast,12288,103,complete_u,range,False,False
biased_zero_rank_contrast,12288,103,complete_u,hybrid,False,False
biased_zero_rank_contrast,12288,104,shared_correction,range,False,False
biased_zero_rank_contrast,12288,104,shared_correction,hybrid,False,False
biased_zero_rank_contrast,12288,104,disjoint_triple_u,range,False,False
biased_zero_rank_contrast,12288,104,disjoint_triple_u,hybrid,False,False
biased_zero_rank_contrast,12288,104,complete_u,range,False,False
biased_zero_rank_contrast,12288,104,complete_u,hybrid,False,False
biased_zero_rank_contrast,12288,105,shared_correction,range,False,False
biased_zero_rank_contrast,12288,105,shared_correction,hybrid,False,False
biased_zero_rank_contrast,12288,105,disjoint_triple_u,range,False,False
biased_zero_rank_contrast,12288,105,disjoint_triple_u,hybrid,False,False
biased_zero_rank_contrast,12288,105,complete_u,range,False,False
biased_zero_rank_contrast,12288,105,complete_u,hybrid,False,False
biased_zero_rank_contrast,12288,106,shared_correction,range,False,False
biased_zero_rank_contrast,12288,106,shared_correction,hybrid,False,False
biased_zero_rank_contrast,12288,106,disjoint_triple_u,range,False,False
biased_zero_rank_contrast,12288,106,disjoint_triple_u,hybrid,False,False
biased_zero_rank_contrast,12288,106,complete_u,range,False,False
biased_zero_rank_contrast,12288,106,complete_u,hybrid,False,False
biased_zero_rank_contrast,12288,107,shared_correction,range,False,False
biased_zero_rank_contrast,12288,107,shared_correction,hybrid,False,False
biased_zero_rank_contrast,12288,107,disjoint_triple_u,range,False,False
biased_zero_rank_contrast,12288,107,disjoint_triple_u,hybrid,False,False
biased_zero_rank_contrast,12288,107,complete_u,range,False,False
biased_zero_rank_contrast,12288,107,complete_u,hybrid,False,False
biased_zero_rank_contrast,12288,108,shared_correction,range,False,False
biased_zero_rank_contrast,12288,108,shared_correction,hybrid,False,False
biased_zero_rank_contrast,12288,108,disjoint_triple_u,range,False,False
biased_zero_rank_contrast,12288,108,disjoint_triple_u,hybrid,False,False
biased_zero_rank_contrast,12288,108,complete_u,range,False,False
biased_zero_rank_contrast,12288,108,complete_u,hybrid,False,False
biased_zero_rank_contrast,12288,109,shared_correction,range,False,False
biased_zero_rank_contrast,12288,109,shared_correction,hybrid,False,False
biased_zero_rank_contrast,12288,109,disjoint_triple_u,range,False,False
biased_zero_rank_contrast,12288,109,disjoint_triple_u,hybrid,False,False
biased_zero_rank_contrast,12288,109,complete_u,range,False,False
biased_zero_rank_contrast,12288,109,complete_u,hybrid,False,False
biased_zero_rank_contrast,12288,110,shared_correction,range,False,False
biased_zero_rank_contrast,12288,110,shared_correction,hybrid,False,False
biased_zero_rank_contrast,12288,110,disjoint_triple_u,range,False,False
biased_zero_rank_contrast,12288,110,disjoint_triple_u,hybrid,False,False
biased_zero_rank_contrast,12288,110,complete_u,range,False,False
biased_zero_rank_contrast,12288,110,complete_u,hybrid,False,False
biased_zero_rank_contrast,12288,111,shared_correction,range,False,False
biased_zero_rank_contrast,12288,111,shared_correction,hybrid,False,False
biased_zero_rank_contrast,12288,111,disjoint_triple_u,range,False,False
biased_zero_rank_contrast,12288,111,disjoint_triple_u,hybrid,False,False
biased_zero_rank_contrast,12288,111,complete_u,range,False,False
biased_zero_rank_contrast,12288,111,complete_u,hybrid,False,False
biased_zero_rank_contrast,12288,112,shared_correction,range,False,False
biased_zero_rank_contrast,12288,112,shared_correction,hybrid,False,False
biased_zero_rank_contrast,12288,112,disjoint_triple_u,range,False,False
biased_zero_rank_contrast,12288,112,disjoint_triple_u,hybrid,False,False
biased_zero_rank_contrast,12288,112,complete_u,range,False,False
biased_zero_rank_contrast,12288,112,complete_u,hybrid,False,False
biased_zero_rank_contrast,12288,113,shared_correction,range,False,False
biased_zero_rank_contrast,12288,113,shared_correction,hybrid,False,False
biased_zero_rank_contrast,12288,113,disjoint_triple_u,range,False,False
biased_zero_rank_contrast,12288,113,disjoint_triple_u,hybrid,False,False
biased_zero_rank_contrast,12288,113,complete_u,range,False,False
biased_zero_rank_contrast,12288,113,complete_u,hybrid,False,False
biased_zero_rank_contrast,12288,114,shared_correction,range,False,False
biased_zero_rank_contrast,12288,114,shared_correction,hybrid,False,False
biased_zero_rank_contrast,12288,114,disjoint_triple_u,range,False,False
biased_zero_rank_contrast,12288,114,disjoint_triple_u,hybrid,False,False
biased_zero_rank_contrast,12288,114,complete_u,range,False,False
biased_zero_rank_contrast,12288,114,complete_u,hybrid,False,False
biased_zero_rank_contrast,12288,115,shared_correction,range,False,False
biased_zero_rank_contrast,12288,115,shared_correction,hybrid,False,False
biased_zero_rank_contrast,12288,115,disjoint_triple_u,range,False,False
biased_zero_rank_contrast,12288,115,disjoint_triple_u,hybrid,False,False
biased_zero_rank_contrast,12288,115,complete_u,range,False,False
biased_zero_rank_contrast,12288,115,complete_u,hybrid,False,False
biased_zero_rank_contrast,12288,116,shared_correction,range,False,False
biased_zero_rank_contrast,12288,116,shared_correction,hybrid,False,False
biased_zero_rank_contrast,12288,116,disjoint_triple_u,range,False,False
biased_zero_rank_contrast,12288,116,disjoint_triple_u,hybrid,False,False
biased_zero_rank_contrast,12288,116,complete_u,range,False,False
biased_zero_rank_contrast,12288,116,complete_u,hybrid,False,False
biased_zero_rank_contrast,12288,117,shared_correction,range,False,False
biased_zero_rank_contrast,12288,117,shared_correction,hybrid,False,False
biased_zero_rank_contrast,12288,117,disjoint_triple_u,range,False,False
biased_zero_rank_contrast,12288,117,disjoint_triple_u,hybrid,False,False
biased_zero_rank_contrast,12288,117,complete_u,range,False,False
biased_zero_rank_contrast,12288,117,complete_u,hybrid,False,False
biased_zero_rank_contrast,12288,118,shared_correction,range,False,False
biased_zero_rank_contrast,12288,118,shared_correction,hybrid,False,False
biased_zero_rank_contrast,12288,118,disjoint_triple_u,range,False,False
biased_zero_rank_contrast,12288,118,disjoint_triple_u,hybrid,False,False
biased_zero_rank_contrast,12288,118,complete_u,range,False,False
biased_zero_rank_contrast,12288,118,complete_u,hybrid,False,False
biased_zero_rank_contrast,12288,119,shared_correction,range,False,False
biased_zero_rank_contrast,12288,119,shared_correction,hybrid,False,False
biased_zero_rank_contrast,12288,119,disjoint_triple_u,range,False,False
biased_zero_rank_contrast,12288,119,disjoint_triple_u,hybrid,False,False
biased_zero_rank_contrast,12288,119,complete_u,range,False,False
biased_zero_rank_contrast,12288,119,complete_u,hybrid,False,False
biased_zero_rank_contrast,12288,120,shared_correction,range,False,False
biased_zero_rank_contrast,12288,120,shared_correction,hybrid,False,False
biased_zero_rank_contrast,12288,120,disjoint_triple_u,range,False,False
biased_zero_rank_contrast,12288,120,disjoint_triple_u,hybrid,False,False
biased_zero_rank_contrast,12288,120,complete_u,range,False,False
biased_zero_rank_contrast,12288,120,complete_u,hybrid,False,False
biased_zero_rank_contrast,12288,121,shared_correction,range,False,False
biased_zero_rank_contrast,12288,121,shared_correction,hybrid,False,False
biased_zero_rank_contrast,12288,121,disjoint_triple_u,range,False,False
biased_zero_rank_contrast,12288,121,disjoint_triple_u,hybrid,False,False
biased_zero_rank_contrast,12288,121,complete_u,range,False,False
biased_zero_rank_contrast,12288,121,complete_u,hybrid,False,False
biased_zero_rank_contrast,12288,122,shared_correction,range,False,False
biased_zero_rank_contrast,12288,122,shared_correction,hybrid,False,False
biased_zero_rank_contrast,12288,122,disjoint_triple_u,range,False,False
biased_zero_rank_contrast,12288,122,disjoint_triple_u,hybrid,False,False
biased_zero_rank_contrast,12288,122,complete_u,range,False,False
biased_zero_rank_contrast,12288,122,complete_u,hybrid,False,False
biased_zero_rank_contrast,12288,123,shared_correction,range,False,False
biased_zero_rank_contrast,12288,123,shared_correction,hybrid,False,False
biased_zero_rank_contrast,12288,123,disjoint_triple_u,range,False,False
biased_zero_rank_contrast,12288,123,disjoint_triple_u,hybrid,False,False
biased_zero_rank_contrast,12288,123,complete_u,range,False,False
biased_zero_rank_contrast,12288,123,complete_u,hybrid,False,False
biased_zero_rank_contrast,12288,124,shared_correction,range,False,False
biased_zero_rank_contrast,12288,124,shared_correction,hybrid,False,False
biased_zero_rank_contrast,12288,124,disjoint_triple_u,range,False,False
biased_zero_rank_contrast,12288,124,disjoint_triple_u,hybrid,False,False
biased_zero_rank_contrast,12288,124,complete_u,range,False,False
biased_zero_rank_contrast,12288,124,complete_u,hybrid,False,False
biased_zero_rank_contrast,12288,125,shared_correction,range,False,False
biased_zero_rank_contrast,12288,125,shared_correction,hybrid,False,False
biased_zero_rank_contrast,12288,125,disjoint_triple_u,range,False,False
biased_zero_rank_contrast,12288,125,disjoint_triple_u,hybrid,False,False
biased_zero_rank_contrast,12288,125,complete_u,range,False,False
biased_zero_rank_contrast,12288,125,complete_u,hybrid,False,False
biased_zero_rank_contrast,12288,126,shared_correction,range,False,False
biased_zero_rank_contrast,12288,126,shared_correction,hybrid,False,False
biased_zero_rank_contrast,12288,126,disjoint_triple_u,range,False,False
biased_zero_rank_contrast,12288,126,disjoint_triple_u,hybrid,False,False
biased_zero_rank_contrast,12288,126,complete_u,range,False,False
biased_zero_rank_contrast,12288,126,complete_u,hybrid,False,False
biased_zero_rank_contrast,12288,127,shared_correction,range,False,False
biased_zero_rank_contrast,12288,127,shared_correction,hybrid,False,False
biased_zero_rank_contrast,12288,127,disjoint_triple_u,range,False,False
biased_zero_rank_contrast,12288,127,disjoint_triple_u,hybrid,False,False
biased_zero_rank_contrast,12288,127,complete_u,range,False,False
biased_zero_rank_contrast,12288,127,complete_u,hybrid,False,False
biased_zero_rank_contrast,12288,128,shared_correction,range,False,False
biased_zero_rank_contrast,12288,128,shared_correction,hybrid,False,False
biased_zero_rank_contrast,12288,128,disjoint_triple_u,range,False,False
biased_zero_rank_contrast,12288,128,disjoint_triple_u,hybrid,False,False
biased_zero_rank_contrast,12288,128,complete_u,range,False,False
biased_zero_rank_contrast,12288,128,complete_u,hybrid,False,False
biased_zero_rank_contrast,12288,129,shared_correction,range,False,False
biased_zero_rank_contrast,12288,129,shared_correction,hybrid,False,False
biased_zero_rank_contrast,12288,129,disjoint_triple_u,range,False,False
biased_zero_rank_contrast,12288,129,disjoint_triple_u,hybrid,False,False
biased_zero_rank_contrast,12288,129,complete_u,range,False,False
biased_zero_rank_contrast,12288,129,complete_u,hybrid,False,False
biased_zero_rank_contrast,12288,130,shared_correction,range,False,False
biased_zero_rank_contrast,12288,130,shared_correction,hybrid,False,False
biased_zero_rank_contrast,12288,130,disjoint_triple_u,range,False,False
biased_zero_rank_contrast,12288,130,disjoint_triple_u,hybrid,False,False
biased_zero_rank_contrast,12288,130,complete_u,range,False,False
biased_zero_rank_contrast,12288,130,complete_u,hybrid,False,False
biased_zero_rank_contrast,12288,131,shared_correction,range,False,False
biased_zero_rank_contrast,12288,131,shared_correction,hybrid,False,False
biased_zero_rank_contrast,12288,131,disjoint_triple_u,range,False,False
biased_zero_rank_contrast,12288,131,disjoint_triple_u,hybrid,False,False
biased_zero_rank_contrast,12288,131,complete_u,range,False,False
biased_zero_rank_contrast,12288,131,complete_u,hybrid,False,False
biased_zero_rank_contrast,12288,132,shared_correction,range,False,False
biased_zero_rank_contrast,12288,132,shared_correction,hybrid,False,False
biased_zero_rank_contrast,12288,132,disjoint_triple_u,range,False,False
biased_zero_rank_contrast,12288,132,disjoint_triple_u,hybrid,False,False
biased_zero_rank_contrast,12288,132,complete_u,range,False,False
biased_zero_rank_contrast,12288,132,complete_u,hybrid,False,False
biased_zero_rank_contrast,12288,133,shared_correction,range,False,False
biased_zero_rank_contrast,12288,133,shared_correction,hybrid,False,False
biased_zero_rank_contrast,12288,133,disjoint_triple_u,range,False,False
biased_zero_rank_contrast,12288,133,disjoint_triple_u,hybrid,False,False
biased_zero_rank_contrast,12288,133,complete_u,range,False,False
biased_zero_rank_contrast,12288,133,complete_u,hybrid,False,False
biased_zero_rank_contrast,12288,134,shared_correction,range,False,False
biased_zero_rank_contrast,12288,134,shared_correction,hybrid,False,False
biased_zero_rank_contrast,12288,134,disjoint_triple_u,range,False,False
biased_zero_rank_contrast,12288,134,disjoint_triple_u,hybrid,False,False
biased_zero_rank_contrast,12288,134,complete_u,range,False,False
biased_zero_rank_contrast,12288,134,complete_u,hybrid,False,False
biased_zero_rank_contrast,12288,135,shared_correction,range,False,False
biased_zero_rank_contrast,12288,135,shared_correction,hybrid,False,False
biased_zero_rank_contrast,12288,135,disjoint_triple_u,range,False,False
biased_zero_rank_contrast,12288,135,disjoint_triple_u,hybrid,False,False
biased_zero_rank_contrast,12288,135,complete_u,range,False,False
biased_zero_rank_contrast,12288,135,complete_u,hybrid,False,False
biased_zero_rank_contrast,12288,136,shared_correction,range,False,False
biased_zero_rank_contrast,12288,136,shared_correction,hybrid,False,False
biased_zero_rank_contrast,12288,136,disjoint_triple_u,range,False,False
biased_zero_rank_contrast,12288,136,disjoint_triple_u,hybrid,False,False
biased_zero_rank_contrast,12288,136,complete_u,range,False,False
biased_zero_rank_contrast,12288,136,complete_u,hybrid,False,False
biased_zero_rank_contrast,12288,137,shared_correction,range,False,False
biased_zero_rank_contrast,12288,137,shared_correction,hybrid,False,False
biased_zero_rank_contrast,12288,137,disjoint_triple_u,range,False,False
biased_zero_rank_contrast,12288,137,disjoint_triple_u,hybrid,False,False
biased_zero_rank_contrast,12288,137,complete_u,range,False,False
biased_zero_rank_contrast,12288,137,complete_u,hybrid,False,False
biased_zero_rank_contrast,12288,138,shared_correction,range,False,False
biased_zero_rank_contrast,12288,138,shared_correction,hybrid,False,False
biased_zero_rank_contrast,12288,138,disjoint_triple_u,range,False,False
biased_zero_rank_contrast,12288,138,disjoint_triple_u,hybrid,False,False
biased_zero_rank_contrast,12288,138,complete_u,range,False,False
biased_zero_rank_contrast,12288,138,complete_u,hybrid,False,False
biased_zero_rank_contrast,12288,139,shared_correction,range,False,False
biased_zero_rank_contrast,12288,139,shared_correction,hybrid,False,False
biased_zero_rank_contrast,12288,139,disjoint_triple_u,range,False,False
biased_zero_rank_contrast,12288,139,disjoint_triple_u,hybrid,False,False
biased_zero_rank_contrast,12288,139,complete_u,range,False,False
biased_zero_rank_contrast,12288,139,complete_u,hybrid,False,False
biased_zero_rank_contrast,12288,140,shared_correction,range,False,False
biased_zero_rank_contrast,12288,140,shared_correction,hybrid,False,False
biased_zero_rank_contrast,12288,140,disjoint_triple_u,range,False,False
biased_zero_rank_contrast,12288,140,disjoint_triple_u,hybrid,False,False
biased_zero_rank_contrast,12288,140,complete_u,range,False,False
biased_zero_rank_contrast,12288,140,complete_u,hybrid,False,False
biased_zero_rank_contrast,12288,141,shared_correction,range,False,False
biased_zero_rank_contrast,12288,141,shared_correction,hybrid,False,False
biased_zero_rank_contrast,12288,141,disjoint_triple_u,range,False,False
biased_zero_rank_contrast,12288,141,disjoint_triple_u,hybrid,False,False
biased_zero_rank_contrast,12288,141,complete_u,range,False,False
biased_zero_rank_contrast,12288,141,complete_u,hybrid,False,False
biased_zero_rank_contrast,12288,142,shared_correction,range,False,False
biased_zero_rank_contrast,12288,142,shared_correction,hybrid,False,False
biased_zero_rank_contrast,12288,142,disjoint_triple_u,range,False,False
biased_zero_rank_contrast,12288,142,disjoint_triple_u,hybrid,False,False
biased_zero_rank_contrast,12288,142,complete_u,range,False,False
biased_zero_rank_contrast,12288,142,complete_u,hybrid,False,False
biased_zero_rank_contrast,12288,143,shared_correction,range,False,False
biased_zero_rank_contrast,12288,143,shared_correction,hybrid,False,False
biased_zero_rank_contrast,12288,143,disjoint_triple_u,range,False,False
biased_zero_rank_contrast,12288,143,disjoint_triple_u,hybrid,False,False
biased_zero_rank_contrast,12288,143,complete_u,range,False,False
biased_zero_rank_contrast,12288,143,complete_u,hybrid,False,False
biased_zero_rank_contrast,12288,144,shared_correction,range,False,False
biased_zero_rank_contrast,12288,144,shared_correction,hybrid,False,False
biased_zero_rank_contrast,12288,144,disjoint_triple_u,range,False,False
biased_zero_rank_contrast,12288,144,disjoint_triple_u,hybrid,False,False
biased_zero_rank_contrast,12288,144,complete_u,range,False,False
biased_zero_rank_contrast,12288,144,complete_u,hybrid,False,False
biased_zero_rank_contrast,12288,145,shared_correction,range,False,False
biased_zero_rank_contrast,12288,145,shared_correction,hybrid,False,False
biased_zero_rank_contrast,12288,145,disjoint_triple_u,range,False,False
biased_zero_rank_contrast,12288,145,disjoint_triple_u,hybrid,False,False
biased_zero_rank_contrast,12288,145,complete_u,range,False,False
biased_zero_rank_contrast,12288,145,complete_u,hybrid,False,False
biased_zero_rank_contrast,12288,146,shared_correction,range,False,False
biased_zero_rank_contrast,12288,146,shared_correction,hybrid,False,False
biased_zero_rank_contrast,12288,146,disjoint_triple_u,range,False,False
biased_zero_rank_contrast,12288,146,disjoint_triple_u,hybrid,False,False
biased_zero_rank_contrast,12288,146,complete_u,range,False,False
biased_zero_rank_contrast,12288,146,complete_u,hybrid,False,False
biased_zero_rank_contrast,12288,147,shared_correction,range,False,False
biased_zero_rank_contrast,12288,147,shared_correction,hybrid,False,False
biased_zero_rank_contrast,12288,147,disjoint_triple_u,range,False,False
biased_zero_rank_contrast,12288,147,disjoint_triple_u,hybrid,False,False
biased_zero_rank_contrast,12288,147,complete_u,range,False,False
biased_zero_rank_contrast,12288,147,complete_u,hybrid,False,False
biased_zero_rank_contrast,12288,148,shared_correction,range,False,False
biased_zero_rank_contrast,12288,148,shared_correction,hybrid,False,False
biased_zero_rank_contrast,12288,148,disjoint_triple_u,range,False,False
biased_zero_rank_contrast,12288,148,disjoint_triple_u,hybrid,False,False
biased_zero_rank_contrast,12288,148,complete_u,range,False,False
biased_zero_rank_contrast,12288,148,complete_u,hybrid,False,False
biased_zero_rank_contrast,12288,149,shared_correction,range,False,False
biased_zero_rank_contrast,12288,149,shared_correction,hybrid,False,False
biased_zero_rank_contrast,12288,149,disjoint_triple_u,range,False,False
biased_zero_rank_contrast,12288,149,disjoint_triple_u,hybrid,False,False
biased_zero_rank_contrast,12288,149,complete_u,range,False,False
biased_zero_rank_contrast,12288,149,complete_u,hybrid,False,False
biased_zero_rank_contrast,12288,150,shared_correction,range,False,False
biased_zero_rank_contrast,12288,150,shared_correction,hybrid,False,False
biased_zero_rank_contrast,12288,150,disjoint_triple_u,range,False,False
biased_zero_rank_contrast,12288,150,disjoint_triple_u,hybrid,False,False
biased_zero_rank_contrast,12288,150,complete_u,range,False,False
biased_zero_rank_contrast,12288,150,complete_u,hybrid,False,False
biased_zero_rank_contrast,12288,151,shared_correction,range,False,False
biased_zero_rank_contrast,12288,151,shared_correction,hybrid,False,False
biased_zero_rank_contrast,12288,151,disjoint_triple_u,range,False,False
biased_zero_rank_contrast,12288,151,disjoint_triple_u,hybrid,False,False
biased_zero_rank_contrast,12288,151,complete_u,range,False,False
biased_zero_rank_contrast,12288,151,complete_u,hybrid,False,False
biased_zero_rank_contrast,12288,152,shared_correction,range,False,False
biased_zero_rank_contrast,12288,152,shared_correction,hybrid,False,False
biased_zero_rank_contrast,12288,152,disjoint_triple_u,range,False,False
biased_zero_rank_contrast,12288,152,disjoint_triple_u,hybrid,False,False
biased_zero_rank_contrast,12288,152,complete_u,range,False,False
biased_zero_rank_contrast,12288,152,complete_u,hybrid,False,False
biased_zero_rank_contrast,12288,153,shared_correction,range,False,False
biased_zero_rank_contrast,12288,153,shared_correction,hybrid,False,False
biased_zero_rank_contrast,12288,153,disjoint_triple_u,range,False,False
biased_zero_rank_contrast,12288,153,disjoint_triple_u,hybrid,False,False
biased_zero_rank_contrast,12288,153,complete_u,range,False,False
biased_zero_rank_contrast,12288,153,complete_u,hybrid,False,False
biased_zero_rank_contrast,12288,154,shared_correction,range,False,False
biased_zero_rank_contrast,12288,154,shared_correction,hybrid,False,False
biased_zero_rank_contrast,12288,154,disjoint_triple_u,range,False,False
biased_zero_rank_contrast,12288,154,disjoint_triple_u,hybrid,False,False
biased_zero_rank_contrast,12288,154,complete_u,range,False,False
biased_zero_rank_contrast,12288,154,complete_u,hybrid,False,False
biased_zero_rank_contrast,12288,155,shared_correction,range,False,False
biased_zero_rank_contrast,12288,155,shared_correction,hybrid,False,False
biased_zero_rank_contrast,12288,155,disjoint_triple_u,range,False,False
biased_zero_rank_contrast,12288,155,disjoint_triple_u,hybrid,False,False
biased_zero_rank_contrast,12288,155,complete_u,range,False,False
biased_zero_rank_contrast,12288,155,complete_u,hybrid,False,False
biased_zero_rank_contrast,12288,156,shared_correction,range,False,False
biased_zero_rank_contrast,12288,156,shared_correction,hybrid,False,False
biased_zero_rank_contrast,12288,156,disjoint_triple_u,range,False,False
biased_zero_rank_contrast,12288,156,disjoint_triple_u,hybrid,False,False
biased_zero_rank_contrast,12288,156,complete_u,range,False,False
biased_zero_rank_contrast,12288,156,complete_u,hybrid,False,False
biased_zero_rank_contrast,12288,157,shared_correction,range,False,False
biased_zero_rank_contrast,12288,157,shared_correction,hybrid,False,False
biased_zero_rank_contrast,12288,157,disjoint_triple_u,range,False,False
biased_zero_rank_contrast,12288,157,disjoint_triple_u,hybrid,False,False
biased_zero_rank_contrast,12288,157,complete_u,range,False,False
biased_zero_rank_contrast,12288,157,complete_u,hybrid,False,False
biased_zero_rank_contrast,12288,158,shared_correction,range,False,False
biased_zero_rank_contrast,12288,158,shared_correction,hybrid,False,False
biased_zero_rank_contrast,12288,158,disjoint_triple_u,range,False,False
biased_zero_rank_contrast,12288,158,disjoint_triple_u,hybrid,False,False
biased_zero_rank_contrast,12288,158,complete_u,range,False,False
biased_zero_rank_contrast,12288,158,complete_u,hybrid,False,False
biased_zero_rank_contrast,12288,159,shared_correction,range,False,False
biased_zero_rank_contrast,12288,159,shared_correction,hybrid,False,False
biased_zero_rank_contrast,12288,159,disjoint_triple_u,range,False,False
biased_zero_rank_contrast,12288,159,disjoint_triple_u,hybrid,False,False
biased_zero_rank_contrast,12288,159,complete_u,range,False,False
biased_zero_rank_contrast,12288,159,complete_u,hybrid,False,False
biased_zero_rank_contrast,12288,160,shared_correction,range,False,False
biased_zero_rank_contrast,12288,160,shared_correction,hybrid,False,False
biased_zero_rank_contrast,12288,160,disjoint_triple_u,range,False,False
biased_zero_rank_contrast,12288,160,disjoint_triple_u,hybrid,False,False
biased_zero_rank_contrast,12288,160,complete_u,range,False,False
biased_zero_rank_contrast,12288,160,complete_u,hybrid,False,False
biased_zero_rank_contrast,12288,161,shared_correction,range,False,False
biased_zero_rank_contrast,12288,161,shared_correction,hybrid,False,False
biased_zero_rank_contrast,12288,161,disjoint_triple_u,range,False,False
biased_zero_rank_contrast,12288,161,disjoint_triple_u,hybrid,False,False
biased_zero_rank_contrast,12288,161,complete_u,range,False,False
biased_zero_rank_contrast,12288,161,complete_u,hybrid,False,False
biased_zero_rank_contrast,12288,162,shared_correction,range,False,False
biased_zero_rank_contrast,12288,162,shared_correction,hybrid,False,False
biased_zero_rank_contrast,12288,162,disjoint_triple_u,range,False,False
biased_zero_rank_contrast,12288,162,disjoint_triple_u,hybrid,False,False
biased_zero_rank_contrast,12288,162,complete_u,range,False,False
biased_zero_rank_contrast,12288,162,complete_u,hybrid,False,False
biased_zero_rank_contrast,12288,163,shared_correction,range,False,False
biased_zero_rank_contrast,12288,163,shared_correction,hybrid,False,False
biased_zero_rank_contrast,12288,163,disjoint_triple_u,range,False,False
biased_zero_rank_contrast,12288,163,disjoint_triple_u,hybrid,False,False
biased_zero_rank_contrast,12288,163,complete_u,range,False,False
biased_zero_rank_contrast,12288,163,complete_u,hybrid,False,False
biased_zero_rank_contrast,12288,164,shared_correction,range,False,False
biased_zero_rank_contrast,12288,164,shared_correction,hybrid,False,False
biased_zero_rank_contrast,12288,164,disjoint_triple_u,range,False,False
biased_zero_rank_contrast,12288,164,disjoint_triple_u,hybrid,False,False
biased_zero_rank_contrast,12288,164,complete_u,range,False,False
biased_zero_rank_contrast,12288,164,complete_u,hybrid,False,False
biased_zero_rank_contrast,12288,165,shared_correction,range,False,False
biased_zero_rank_contrast,12288,165,shared_correction,hybrid,False,False
biased_zero_rank_contrast,12288,165,disjoint_triple_u,range,False,False
biased_zero_rank_contrast,12288,165,disjoint_triple_u,hybrid,False,False
biased_zero_rank_contrast,12288,165,complete_u,range,False,False
biased_zero_rank_contrast,12288,165,complete_u,hybrid,False,False
biased_zero_rank_contrast,12288,166,shared_correction,range,False,False
biased_zero_rank_contrast,12288,166,shared_correction,hybrid,False,False
biased_zero_rank_contrast,12288,166,disjoint_triple_u,range,False,False
biased_zero_rank_contrast,12288,166,disjoint_triple_u,hybrid,False,False
biased_zero_rank_contrast,12288,166,complete_u,range,False,False
biased_zero_rank_contrast,12288,166,complete_u,hybrid,False,False
biased_zero_rank_contrast,12288,167,shared_correction,range,False,False
biased_zero_rank_contrast,12288,167,shared_correction,hybrid,False,False
biased_zero_rank_contrast,12288,167,disjoint_triple_u,range,False,False
biased_zero_rank_contrast,12288,167,disjoint_triple_u,hybrid,False,False
biased_zero_rank_contrast,12288,167,complete_u,range,False,False
biased_zero_rank_contrast,12288,167,complete_u,hybrid,False,False
biased_zero_rank_contrast,12288,168,shared_correction,range,False,False
biased_zero_rank_contrast,12288,168,shared_correction,hybrid,False,False
biased_zero_rank_contrast,12288,168,disjoint_triple_u,range,False,False
biased_zero_rank_contrast,12288,168,disjoint_triple_u,hybrid,False,False
biased_zero_rank_contrast,12288,168,complete_u,range,False,False
biased_zero_rank_contrast,12288,168,complete_u,hybrid,False,False
biased_zero_rank_contrast,12288,169,shared_correction,range,False,False
biased_zero_rank_contrast,12288,169,shared_correction,hybrid,False,False
biased_zero_rank_contrast,12288,169,disjoint_triple_u,range,False,False
biased_zero_rank_contrast,12288,169,disjoint_triple_u,hybrid,False,False
biased_zero_rank_contrast,12288,169,complete_u,range,False,False
biased_zero_rank_contrast,12288,169,complete_u,hybrid,False,False
biased_zero_rank_contrast,12288,170,shared_correction,range,False,False
biased_zero_rank_contrast,12288,170,shared_correction,hybrid,False,False
biased_zero_rank_contrast,12288,170,disjoint_triple_u,range,False,False
biased_zero_rank_contrast,12288,170,disjoint_triple_u,hybrid,False,False
biased_zero_rank_contrast,12288,170,complete_u,range,False,False
biased_zero_rank_contrast,12288,170,complete_u,hybrid,False,False
biased_zero_rank_contrast,12288,171,shared_correction,range,False,False
biased_zero_rank_contrast,12288,171,shared_correction,hybrid,False,False
biased_zero_rank_contrast,12288,171,disjoint_triple_u,range,False,False
biased_zero_rank_contrast,12288,171,disjoint_triple_u,hybrid,False,False
biased_zero_rank_contrast,12288,171,complete_u,range,False,False
biased_zero_rank_contrast,12288,171,complete_u,hybrid,False,False
biased_zero_rank_contrast,12288,172,shared_correction,range,False,False
biased_zero_rank_contrast,12288,172,shared_correction,hybrid,False,False
biased_zero_rank_contrast,12288,172,disjoint_triple_u,range,False,False
biased_zero_rank_contrast,12288,172,disjoint_triple_u,hybrid,False,False
biased_zero_rank_contrast,12288,172,complete_u,range,False,False
biased_zero_rank_contrast,12288,172,complete_u,hybrid,False,False
biased_zero_rank_contrast,12288,173,shared_correction,range,False,False
biased_zero_rank_contrast,12288,173,shared_correction,hybrid,False,False
biased_zero_rank_contrast,12288,173,disjoint_triple_u,range,False,False
biased_zero_rank_contrast,12288,173,disjoint_triple_u,hybrid,False,False
biased_zero_rank_contrast,12288,173,complete_u,range,False,False
biased_zero_rank_contrast,12288,173,complete_u,hybrid,False,False
biased_zero_rank_contrast,12288,174,shared_correction,range,False,False
biased_zero_rank_contrast,12288,174,shared_correction,hybrid,False,False
biased_zero_rank_contrast,12288,174,disjoint_triple_u,range,False,False
biased_zero_rank_contrast,12288,174,disjoint_triple_u,hybrid,False,False
biased_zero_rank_contrast,12288,174,complete_u,range,False,False
biased_zero_rank_contrast,12288,174,complete_u,hybrid,False,False
biased_zero_rank_contrast,12288,175,shared_correction,range,False,False
biased_zero_rank_contrast,12288,175,shared_correction,hybrid,False,False
biased_zero_rank_contrast,12288,175,disjoint_triple_u,range,False,False
biased_zero_rank_contrast,12288,175,disjoint_triple_u,hybrid,False,False
biased_zero_rank_contrast,12288,175,complete_u,range,False,False
biased_zero_rank_contrast,12288,175,complete_u,hybrid,False,False
biased_zero_rank_contrast,12288,176,shared_correction,range,False,False
biased_zero_rank_contrast,12288,176,shared_correction,hybrid,False,False
biased_zero_rank_contrast,12288,176,disjoint_triple_u,range,False,False
biased_zero_rank_contrast,12288,176,disjoint_triple_u,hybrid,False,False
biased_zero_rank_contrast,12288,176,complete_u,range,False,False
biased_zero_rank_contrast,12288,176,complete_u,hybrid,False,False
biased_zero_rank_contrast,12288,177,shared_correction,range,False,False
biased_zero_rank_contrast,12288,177,shared_correction,hybrid,False,False
biased_zero_rank_contrast,12288,177,disjoint_triple_u,range,False,False
biased_zero_rank_contrast,12288,177,disjoint_triple_u,hybrid,False,False
biased_zero_rank_contrast,12288,177,complete_u,range,False,False
biased_zero_rank_contrast,12288,177,complete_u,hybrid,False,False
biased_zero_rank_contrast,12288,178,shared_correction,range,False,False
biased_zero_rank_contrast,12288,178,shared_correction,hybrid,False,False
biased_zero_rank_contrast,12288,178,disjoint_triple_u,range,False,False
biased_zero_rank_contrast,12288,178,disjoint_triple_u,hybrid,False,False
biased_zero_rank_contrast,12288,178,complete_u,range,False,False
biased_zero_rank_contrast,12288,178,complete_u,hybrid,False,False
biased_zero_rank_contrast,12288,179,shared_correction,range,False,False
biased_zero_rank_contrast,12288,179,shared_correction,hybrid,False,False
biased_zero_rank_contrast,12288,179,disjoint_triple_u,range,False,False
biased_zero_rank_contrast,12288,179,disjoint_triple_u,hybrid,False,False
biased_zero_rank_contrast,12288,179,complete_u,range,False,False
biased_zero_rank_contrast,12288,179,complete_u,hybrid,False,False
biased_zero_rank_contrast,12288,180,shared_correction,range,False,False
biased_zero_rank_contrast,12288,180,shared_correction,hybrid,False,False
biased_zero_rank_contrast,12288,180,disjoint_triple_u,range,False,False
biased_zero_rank_contrast,12288,180,disjoint_triple_u,hybrid,False,False
biased_zero_rank_contrast,12288,180,complete_u,range,False,False
biased_zero_rank_contrast,12288,180,complete_u,hybrid,False,False
biased_zero_rank_contrast,12288,181,shared_correction,range,False,False
biased_zero_rank_contrast,12288,181,shared_correction,hybrid,False,False
biased_zero_rank_contrast,12288,181,disjoint_triple_u,range,False,False
biased_zero_rank_contrast,12288,181,disjoint_triple_u,hybrid,False,False
biased_zero_rank_contrast,12288,181,complete_u,range,False,False
biased_zero_rank_contrast,12288,181,complete_u,hybrid,False,False
biased_zero_rank_contrast,12288,182,shared_correction,range,False,False
biased_zero_rank_contrast,12288,182,shared_correction,hybrid,False,False
biased_zero_rank_contrast,12288,182,disjoint_triple_u,range,False,False
biased_zero_rank_contrast,12288,182,disjoint_triple_u,hybrid,False,False
biased_zero_rank_contrast,12288,182,complete_u,range,False,False
biased_zero_rank_contrast,12288,182,complete_u,hybrid,False,False
biased_zero_rank_contrast,12288,183,shared_correction,range,False,False
biased_zero_rank_contrast,12288,183,shared_correction,hybrid,False,False
biased_zero_rank_contrast,12288,183,disjoint_triple_u,range,False,False
biased_zero_rank_contrast,12288,183,disjoint_triple_u,hybrid,False,False
biased_zero_rank_contrast,12288,183,complete_u,range,False,False
biased_zero_rank_contrast,12288,183,complete_u,hybrid,False,False
biased_zero_rank_contrast,12288,184,shared_correction,range,False,False
biased_zero_rank_contrast,12288,184,shared_correction,hybrid,False,False
biased_zero_rank_contrast,12288,184,disjoint_triple_u,range,False,False
biased_zero_rank_contrast,12288,184,disjoint_triple_u,hybrid,False,False
biased_zero_rank_contrast,12288,184,complete_u,range,False,False
biased_zero_rank_contrast,12288,184,complete_u,hybrid,False,False
biased_zero_rank_contrast,12288,185,shared_correction,range,False,False
biased_zero_rank_contrast,12288,185,shared_correction,hybrid,False,False
biased_zero_rank_contrast,12288,185,disjoint_triple_u,range,False,False
biased_zero_rank_contrast,12288,185,disjoint_triple_u,hybrid,False,False
biased_zero_rank_contrast,12288,185,complete_u,range,False,False
biased_zero_rank_contrast,12288,185,complete_u,hybrid,False,False
biased_zero_rank_contrast,12288,186,shared_correction,range,False,False
biased_zero_rank_contrast,12288,186,shared_correction,hybrid,False,False
biased_zero_rank_contrast,12288,186,disjoint_triple_u,range,False,False
biased_zero_rank_contrast,12288,186,disjoint_triple_u,hybrid,False,False
biased_zero_rank_contrast,12288,186,complete_u,range,False,False
biased_zero_rank_contrast,12288,186,complete_u,hybrid,False,False
biased_zero_rank_contrast,12288,187,shared_correction,range,False,False
biased_zero_rank_contrast,12288,187,shared_correction,hybrid,False,False
biased_zero_rank_contrast,12288,187,disjoint_triple_u,range,False,False
biased_zero_rank_contrast,12288,187,disjoint_triple_u,hybrid,False,False
biased_zero_rank_contrast,12288,187,complete_u,range,False,False
biased_zero_rank_contrast,12288,187,complete_u,hybrid,False,False
biased_zero_rank_contrast,12288,188,shared_correction,range,False,False
biased_zero_rank_contrast,12288,188,shared_correction,hybrid,False,False
biased_zero_rank_contrast,12288,188,disjoint_triple_u,range,False,False
biased_zero_rank_contrast,12288,188,disjoint_triple_u,hybrid,False,False
biased_zero_rank_contrast,12288,188,complete_u,range,False,False
biased_zero_rank_contrast,12288,188,complete_u,hybrid,False,False
biased_zero_rank_contrast,12288,189,shared_correction,range,False,False
biased_zero_rank_contrast,12288,189,shared_correction,hybrid,False,False
biased_zero_rank_contrast,12288,189,disjoint_triple_u,range,False,False
biased_zero_rank_contrast,12288,189,disjoint_triple_u,hybrid,False,False
biased_zero_rank_contrast,12288,189,complete_u,range,False,False
biased_zero_rank_contrast,12288,189,complete_u,hybrid,False,False
biased_zero_rank_contrast,12288,190,shared_correction,range,False,False
biased_zero_rank_contrast,12288,190,shared_correction,hybrid,False,False
biased_zero_rank_contrast,12288,190,disjoint_triple_u,range,False,False
biased_zero_rank_contrast,12288,190,disjoint_triple_u,hybrid,False,False
biased_zero_rank_contrast,12288,190,complete_u,range,False,False
biased_zero_rank_contrast,12288,190,complete_u,hybrid,False,False
biased_zero_rank_contrast,12288,191,shared_correction,range,False,False
biased_zero_rank_contrast,12288,191,shared_correction,hybrid,False,False
biased_zero_rank_contrast,12288,191,disjoint_triple_u,range,False,False
biased_zero_rank_contrast,12288,191,disjoint_triple_u,hybrid,False,False
biased_zero_rank_contrast,12288,191,complete_u,range,False,False
biased_zero_rank_contrast,12288,191,complete_u,hybrid,False,False
biased_zero_rank_contrast,12288,192,shared_correction,range,False,False
biased_zero_rank_contrast,12288,192,shared_correction,hybrid,False,False
biased_zero_rank_contrast,12288,192,disjoint_triple_u,range,False,False
biased_zero_rank_contrast,12288,192,disjoint_triple_u,hybrid,False,False
biased_zero_rank_contrast,12288,192,complete_u,range,False,False
biased_zero_rank_contrast,12288,192,complete_u,hybrid,False,False
biased_zero_rank_contrast,12288,193,shared_correction,range,False,False
biased_zero_rank_contrast,12288,193,shared_correction,hybrid,False,False
biased_zero_rank_contrast,12288,193,disjoint_triple_u,range,False,False
biased_zero_rank_contrast,12288,193,disjoint_triple_u,hybrid,False,False
biased_zero_rank_contrast,12288,193,complete_u,range,False,False
biased_zero_rank_contrast,12288,193,complete_u,hybrid,False,False
biased_zero_rank_contrast,12288,194,shared_correction,range,False,False
biased_zero_rank_contrast,12288,194,shared_correction,hybrid,False,False
biased_zero_rank_contrast,12288,194,disjoint_triple_u,range,False,False
biased_zero_rank_contrast,12288,194,disjoint_triple_u,hybrid,False,False
biased_zero_rank_contrast,12288,194,complete_u,range,False,False
biased_zero_rank_contrast,12288,194,complete_u,hybrid,False,False
biased_zero_rank_contrast,12288,195,shared_correction,range,False,False
biased_zero_rank_contrast,12288,195,shared_correction,hybrid,False,False
biased_zero_rank_contrast,12288,195,disjoint_triple_u,range,False,False
biased_zero_rank_contrast,12288,195,disjoint_triple_u,hybrid,False,False
biased_zero_rank_contrast,12288,195,complete_u,range,False,False
biased_zero_rank_contrast,12288,195,complete_u,hybrid,False,False
biased_zero_rank_contrast,12288,196,shared_correction,range,False,False
biased_zero_rank_contrast,12288,196,shared_correction,hybrid,False,False
biased_zero_rank_contrast,12288,196,disjoint_triple_u,range,False,False
biased_zero_rank_contrast,12288,196,disjoint_triple_u,hybrid,False,False
biased_zero_rank_contrast,12288,196,complete_u,range,False,False
biased_zero_rank_contrast,12288,196,complete_u,hybrid,False,False
biased_zero_rank_contrast,12288,197,shared_correction,range,False,False
biased_zero_rank_contrast,12288,197,shared_correction,hybrid,False,False
biased_zero_rank_contrast,12288,197,disjoint_triple_u,range,False,False
biased_zero_rank_contrast,12288,197,disjoint_triple_u,hybrid,False,False
biased_zero_rank_contrast,12288,197,complete_u,range,False,False
biased_zero_rank_contrast,12288,197,complete_u,hybrid,False,False
biased_zero_rank_contrast,12288,198,shared_correction,range,False,False
biased_zero_rank_contrast,12288,198,shared_correction,hybrid,False,False
biased_zero_rank_contrast,12288,198,disjoint_triple_u,range,False,False
biased_zero_rank_contrast,12288,198,disjoint_triple_u,hybrid,False,False
biased_zero_rank_contrast,12288,198,complete_u,range,False,False
biased_zero_rank_contrast,12288,198,complete_u,hybrid,False,False
biased_zero_rank_contrast,12288,199,shared_correction,range,False,False
biased_zero_rank_contrast,12288,199,shared_correction,hybrid,False,False
biased_zero_rank_contrast,12288,199,disjoint_triple_u,range,False,False
biased_zero_rank_contrast,12288,199,disjoint_triple_u,hybrid,False,False
biased_zero_rank_contrast,12288,199,complete_u,range,False,False
biased_zero_rank_contrast,12288,199,complete_u,hybrid,False,False
biased_zero_rank_contrast,12288,200,shared_correction,range,False,False
biased_zero_rank_contrast,12288,200,shared_correction,hybrid,False,False
biased_zero_rank_contrast,12288,200,disjoint_triple_u,range,False,False
biased_zero_rank_contrast,12288,200,disjoint_triple_u,hybrid,False,False
biased_zero_rank_contrast,12288,200,complete_u,range,False,False
biased_zero_rank_contrast,12288,200,complete_u,hybrid,False,False
biased_zero_rank_contrast,12288,201,shared_correction,range,False,False
biased_zero_rank_contrast,12288,201,shared_correction,hybrid,False,False
biased_zero_rank_contrast,12288,201,disjoint_triple_u,range,False,False
biased_zero_rank_contrast,12288,201,disjoint_triple_u,hybrid,False,False
biased_zero_rank_contrast,12288,201,complete_u,range,False,False
biased_zero_rank_contrast,12288,201,complete_u,hybrid,False,False
biased_zero_rank_contrast,12288,202,shared_correction,range,False,False
biased_zero_rank_contrast,12288,202,shared_correction,hybrid,False,False
biased_zero_rank_contrast,12288,202,disjoint_triple_u,range,False,False
biased_zero_rank_contrast,12288,202,disjoint_triple_u,hybrid,False,False
biased_zero_rank_contrast,12288,202,complete_u,range,False,False
biased_zero_rank_contrast,12288,202,complete_u,hybrid,False,False
biased_zero_rank_contrast,12288,203,shared_correction,range,False,False
biased_zero_rank_contrast,12288,203,shared_correction,hybrid,False,False
biased_zero_rank_contrast,12288,203,disjoint_triple_u,range,False,False
biased_zero_rank_contrast,12288,203,disjoint_triple_u,hybrid,False,False
biased_zero_rank_contrast,12288,203,complete_u,range,False,False
biased_zero_rank_contrast,12288,203,complete_u,hybrid,False,False
biased_zero_rank_contrast,12288,204,shared_correction,range,False,False
biased_zero_rank_contrast,12288,204,shared_correction,hybrid,False,False
biased_zero_rank_contrast,12288,204,disjoint_triple_u,range,False,False
biased_zero_rank_contrast,12288,204,disjoint_triple_u,hybrid,False,False
biased_zero_rank_contrast,12288,204,complete_u,range,False,False
biased_zero_rank_contrast,12288,204,complete_u,hybrid,False,False
biased_zero_rank_contrast,12288,205,shared_correction,range,False,False
biased_zero_rank_contrast,12288,205,shared_correction,hybrid,False,False
biased_zero_rank_contrast,12288,205,disjoint_triple_u,range,False,False
biased_zero_rank_contrast,12288,205,disjoint_triple_u,hybrid,False,False
biased_zero_rank_contrast,12288,205,complete_u,range,False,False
biased_zero_rank_contrast,12288,205,complete_u,hybrid,False,False
biased_zero_rank_contrast,12288,206,shared_correction,range,False,False
biased_zero_rank_contrast,12288,206,shared_correction,hybrid,False,False
biased_zero_rank_contrast,12288,206,disjoint_triple_u,range,False,False
biased_zero_rank_contrast,12288,206,disjoint_triple_u,hybrid,False,False
biased_zero_rank_contrast,12288,206,complete_u,range,False,False
biased_zero_rank_contrast,12288,206,complete_u,hybrid,False,False
biased_zero_rank_contrast,12288,207,shared_correction,range,False,False
biased_zero_rank_contrast,12288,207,shared_correction,hybrid,False,False
biased_zero_rank_contrast,12288,207,disjoint_triple_u,range,False,False
biased_zero_rank_contrast,12288,207,disjoint_triple_u,hybrid,False,False
biased_zero_rank_contrast,12288,207,complete_u,range,False,False
biased_zero_rank_contrast,12288,207,complete_u,hybrid,False,False
biased_zero_rank_contrast,12288,208,shared_correction,range,False,False
biased_zero_rank_contrast,12288,208,shared_correction,hybrid,False,False
biased_zero_rank_contrast,12288,208,disjoint_triple_u,range,False,False
biased_zero_rank_contrast,12288,208,disjoint_triple_u,hybrid,False,False
biased_zero_rank_contrast,12288,208,complete_u,range,False,False
biased_zero_rank_contrast,12288,208,complete_u,hybrid,False,False
biased_zero_rank_contrast,12288,209,shared_correction,range,False,False
biased_zero_rank_contrast,12288,209,shared_correction,hybrid,False,False
biased_zero_rank_contrast,12288,209,disjoint_triple_u,range,False,False
biased_zero_rank_contrast,12288,209,disjoint_triple_u,hybrid,False,False
biased_zero_rank_contrast,12288,209,complete_u,range,False,False
biased_zero_rank_contrast,12288,209,complete_u,hybrid,False,False
biased_zero_rank_contrast,12288,210,shared_correction,range,False,False
biased_zero_rank_contrast,12288,210,shared_correction,hybrid,False,False
biased_zero_rank_contrast,12288,210,disjoint_triple_u,range,False,False
biased_zero_rank_contrast,12288,210,disjoint_triple_u,hybrid,False,False
biased_zero_rank_contrast,12288,210,complete_u,range,False,False
biased_zero_rank_contrast,12288,210,complete_u,hybrid,False,False
biased_zero_rank_contrast,12288,211,shared_correction,range,False,False
biased_zero_rank_contrast,12288,211,shared_correction,hybrid,False,False
biased_zero_rank_contrast,12288,211,disjoint_triple_u,range,False,False
biased_zero_rank_contrast,12288,211,disjoint_triple_u,hybrid,False,False
biased_zero_rank_contrast,12288,211,complete_u,range,False,False
biased_zero_rank_contrast,12288,211,complete_u,hybrid,False,False
biased_zero_rank_contrast,12288,212,shared_correction,range,False,False
biased_zero_rank_contrast,12288,212,shared_correction,hybrid,False,False
biased_zero_rank_contrast,12288,212,disjoint_triple_u,range,False,False
biased_zero_rank_contrast,12288,212,disjoint_triple_u,hybrid,False,False
biased_zero_rank_contrast,12288,212,complete_u,range,False,False
biased_zero_rank_contrast,12288,212,complete_u,hybrid,False,False
biased_zero_rank_contrast,12288,213,shared_correction,range,False,False
biased_zero_rank_contrast,12288,213,shared_correction,hybrid,False,False
biased_zero_rank_contrast,12288,213,disjoint_triple_u,range,False,False
biased_zero_rank_contrast,12288,213,disjoint_triple_u,hybrid,False,False
biased_zero_rank_contrast,12288,213,complete_u,range,False,False
biased_zero_rank_contrast,12288,213,complete_u,hybrid,False,False
biased_zero_rank_contrast,12288,214,shared_correction,range,False,False
biased_zero_rank_contrast,12288,214,shared_correction,hybrid,False,False
biased_zero_rank_contrast,12288,214,disjoint_triple_u,range,False,False
biased_zero_rank_contrast,12288,214,disjoint_triple_u,hybrid,False,False
biased_zero_rank_contrast,12288,214,complete_u,range,False,False
biased_zero_rank_contrast,12288,214,complete_u,hybrid,False,False
biased_zero_rank_contrast,12288,215,shared_correction,range,False,False
biased_zero_rank_contrast,12288,215,shared_correction,hybrid,False,False
biased_zero_rank_contrast,12288,215,disjoint_triple_u,range,False,False
biased_zero_rank_contrast,12288,215,disjoint_triple_u,hybrid,False,False
biased_zero_rank_contrast,12288,215,complete_u,range,False,False
biased_zero_rank_contrast,12288,215,complete_u,hybrid,False,False
biased_zero_rank_contrast,12288,216,shared_correction,range,False,False
biased_zero_rank_contrast,12288,216,shared_correction,hybrid,False,False
biased_zero_rank_contrast,12288,216,disjoint_triple_u,range,False,False
biased_zero_rank_contrast,12288,216,disjoint_triple_u,hybrid,False,False
biased_zero_rank_contrast,12288,216,complete_u,range,False,False
biased_zero_rank_contrast,12288,216,complete_u,hybrid,False,False
biased_zero_rank_contrast,12288,217,shared_correction,range,False,False
biased_zero_rank_contrast,12288,217,shared_correction,hybrid,False,False
biased_zero_rank_contrast,12288,217,disjoint_triple_u,range,False,False
biased_zero_rank_contrast,12288,217,disjoint_triple_u,hybrid,False,False
biased_zero_rank_contrast,12288,217,complete_u,range,False,False
biased_zero_rank_contrast,12288,217,complete_u,hybrid,False,False
biased_zero_rank_contrast,12288,218,shared_correction,range,False,False
biased_zero_rank_contrast,12288,218,shared_correction,hybrid,False,False
biased_zero_rank_contrast,12288,218,disjoint_triple_u,range,False,False
biased_zero_rank_contrast,12288,218,disjoint_triple_u,hybrid,False,False
biased_zero_rank_contrast,12288,218,complete_u,range,False,False
biased_zero_rank_contrast,12288,218,complete_u,hybrid,False,False
biased_zero_rank_contrast,12288,219,shared_correction,range,False,False
biased_zero_rank_contrast,12288,219,shared_correction,hybrid,False,False
biased_zero_rank_contrast,12288,219,disjoint_triple_u,range,False,False
biased_zero_rank_contrast,12288,219,disjoint_triple_u,hybrid,False,False
biased_zero_rank_contrast,12288,219,complete_u,range,False,False
biased_zero_rank_contrast,12288,219,complete_u,hybrid,False,False
biased_zero_rank_contrast,12288,220,shared_correction,range,False,False
biased_zero_rank_contrast,12288,220,shared_correction,hybrid,False,False
biased_zero_rank_contrast,12288,220,disjoint_triple_u,range,False,False
biased_zero_rank_contrast,12288,220,disjoint_triple_u,hybrid,False,False
biased_zero_rank_contrast,12288,220,complete_u,range,False,False
biased_zero_rank_contrast,12288,220,complete_u,hybrid,False,False
biased_zero_rank_contrast,12288,221,shared_correction,range,False,False
biased_zero_rank_contrast,12288,221,shared_correction,hybrid,False,False
biased_zero_rank_contrast,12288,221,disjoint_triple_u,range,False,False
biased_zero_rank_contrast,12288,221,disjoint_triple_u,hybrid,False,False
biased_zero_rank_contrast,12288,221,complete_u,range,False,False
biased_zero_rank_contrast,12288,221,complete_u,hybrid,False,False
biased_zero_rank_contrast,12288,222,shared_correction,range,False,False
biased_zero_rank_contrast,12288,222,shared_correction,hybrid,False,False
biased_zero_rank_contrast,12288,222,disjoint_triple_u,range,False,False
biased_zero_rank_contrast,12288,222,disjoint_triple_u,hybrid,False,False
biased_zero_rank_contrast,12288,222,complete_u,range,False,False
biased_zero_rank_contrast,12288,222,complete_u,hybrid,False,False
biased_zero_rank_contrast,12288,223,shared_correction,range,False,False
biased_zero_rank_contrast,12288,223,shared_correction,hybrid,False,False
biased_zero_rank_contrast,12288,223,disjoint_triple_u,range,False,False
biased_zero_rank_contrast,12288,223,disjoint_triple_u,hybrid,False,False
biased_zero_rank_contrast,12288,223,complete_u,range,False,False
biased_zero_rank_contrast,12288,223,complete_u,hybrid,False,False
biased_zero_rank_contrast,12288,224,shared_correction,range,False,False
biased_zero_rank_contrast,12288,224,shared_correction,hybrid,False,False
biased_zero_rank_contrast,12288,224,disjoint_triple_u,range,False,False
biased_zero_rank_contrast,12288,224,disjoint_triple_u,hybrid,False,False
biased_zero_rank_contrast,12288,224,complete_u,range,False,False
biased_zero_rank_contrast,12288,224,complete_u,hybrid,False,False
biased_zero_rank_contrast,12288,225,shared_correction,range,False,False
biased_zero_rank_contrast,12288,225,shared_correction,hybrid,False,False
biased_zero_rank_contrast,12288,225,disjoint_triple_u,range,False,False
biased_zero_rank_contrast,12288,225,disjoint_triple_u,hybrid,False,False
biased_zero_rank_contrast,12288,225,complete_u,range,False,False
biased_zero_rank_contrast,12288,225,complete_u,hybrid,False,False
biased_zero_rank_contrast,12288,226,shared_correction,range,False,False
biased_zero_rank_contrast,12288,226,shared_correction,hybrid,False,False
biased_zero_rank_contrast,12288,226,disjoint_triple_u,range,False,False
biased_zero_rank_contrast,12288,226,disjoint_triple_u,hybrid,False,False
biased_zero_rank_contrast,12288,226,complete_u,range,False,False
biased_zero_rank_contrast,12288,226,complete_u,hybrid,False,False
biased_zero_rank_contrast,12288,227,shared_correction,range,False,False
biased_zero_rank_contrast,12288,227,shared_correction,hybrid,False,False
biased_zero_rank_contrast,12288,227,disjoint_triple_u,range,False,False
biased_zero_rank_contrast,12288,227,disjoint_triple_u,hybrid,False,False
biased_zero_rank_contrast,12288,227,complete_u,range,False,False
biased_zero_rank_contrast,12288,227,complete_u,hybrid,False,False
biased_zero_rank_contrast,12288,228,shared_correction,range,False,False
biased_zero_rank_contrast,12288,228,shared_correction,hybrid,False,False
biased_zero_rank_contrast,12288,228,disjoint_triple_u,range,False,False
biased_zero_rank_contrast,12288,228,disjoint_triple_u,hybrid,False,False
biased_zero_rank_contrast,12288,228,complete_u,range,False,False
biased_zero_rank_contrast,12288,228,complete_u,hybrid,False,False
biased_zero_rank_contrast,12288,229,shared_correction,range,False,False
biased_zero_rank_contrast,12288,229,shared_correction,hybrid,False,False
biased_zero_rank_contrast,12288,229,disjoint_triple_u,range,False,False
biased_zero_rank_contrast,12288,229,disjoint_triple_u,hybrid,False,False
biased_zero_rank_contrast,12288,229,complete_u,range,False,False
biased_zero_rank_contrast,12288,229,complete_u,hybrid,False,False
biased_zero_rank_contrast,12288,230,shared_correction,range,False,False
biased_zero_rank_contrast,12288,230,shared_correction,hybrid,False,False
biased_zero_rank_contrast,12288,230,disjoint_triple_u,range,False,False
biased_zero_rank_contrast,12288,230,disjoint_triple_u,hybrid,False,False
biased_zero_rank_contrast,12288,230,complete_u,range,False,False
biased_zero_rank_contrast,12288,230,complete_u,hybrid,False,False
biased_zero_rank_contrast,12288,231,shared_correction,range,False,False
biased_zero_rank_contrast,12288,231,shared_correction,hybrid,False,False
biased_zero_rank_contrast,12288,231,disjoint_triple_u,range,False,False
biased_zero_rank_contrast,12288,231,disjoint_triple_u,hybrid,False,False
biased_zero_rank_contrast,12288,231,complete_u,range,False,False
biased_zero_rank_contrast,12288,231,complete_u,hybrid,False,False
biased_zero_rank_contrast,12288,232,shared_correction,range,False,False
biased_zero_rank_contrast,12288,232,shared_correction,hybrid,False,False
biased_zero_rank_contrast,12288,232,disjoint_triple_u,range,False,False
biased_zero_rank_contrast,12288,232,disjoint_triple_u,hybrid,False,False
biased_zero_rank_contrast,12288,232,complete_u,range,False,False
biased_zero_rank_contrast,12288,232,complete_u,hybrid,False,False
biased_zero_rank_contrast,12288,233,shared_correction,range,False,False
biased_zero_rank_contrast,12288,233,shared_correction,hybrid,False,False
biased_zero_rank_contrast,12288,233,disjoint_triple_u,range,False,False
biased_zero_rank_contrast,12288,233,disjoint_triple_u,hybrid,False,False
biased_zero_rank_contrast,12288,233,complete_u,range,False,False
biased_zero_rank_contrast,12288,233,complete_u,hybrid,False,False
biased_zero_rank_contrast,12288,234,shared_correction,range,False,False
biased_zero_rank_contrast,12288,234,shared_correction,hybrid,False,False
biased_zero_rank_contrast,12288,234,disjoint_triple_u,range,False,False
biased_zero_rank_contrast,12288,234,disjoint_triple_u,hybrid,False,False
biased_zero_rank_contrast,12288,234,complete_u,range,False,False
biased_zero_rank_contrast,12288,234,complete_u,hybrid,False,False
biased_zero_rank_contrast,12288,235,shared_correction,range,False,False
biased_zero_rank_contrast,12288,235,shared_correction,hybrid,False,False
biased_zero_rank_contrast,12288,235,disjoint_triple_u,range,False,False
biased_zero_rank_contrast,12288,235,disjoint_triple_u,hybrid,False,False
biased_zero_rank_contrast,12288,235,complete_u,range,False,False
biased_zero_rank_contrast,12288,235,complete_u,hybrid,False,False
biased_zero_rank_contrast,12288,236,shared_correction,range,False,False
biased_zero_rank_contrast,12288,236,shared_correction,hybrid,False,False
biased_zero_rank_contrast,12288,236,disjoint_triple_u,range,False,False
biased_zero_rank_contrast,12288,236,disjoint_triple_u,hybrid,False,False
biased_zero_rank_contrast,12288,236,complete_u,range,False,False
biased_zero_rank_contrast,12288,236,complete_u,hybrid,False,False
biased_zero_rank_contrast,12288,237,shared_correction,range,False,False
biased_zero_rank_contrast,12288,237,shared_correction,hybrid,False,False
biased_zero_rank_contrast,12288,237,disjoint_triple_u,range,False,False
biased_zero_rank_contrast,12288,237,disjoint_triple_u,hybrid,False,False
biased_zero_rank_contrast,12288,237,complete_u,range,False,False
biased_zero_rank_contrast,12288,237,complete_u,hybrid,False,False
biased_zero_rank_contrast,12288,238,shared_correction,range,False,False
biased_zero_rank_contrast,12288,238,shared_correction,hybrid,False,False
biased_zero_rank_contrast,12288,238,disjoint_triple_u,range,False,False
biased_zero_rank_contrast,12288,238,disjoint_triple_u,hybrid,False,False
biased_zero_rank_contrast,12288,238,complete_u,range,False,False
biased_zero_rank_contrast,12288,238,complete_u,hybrid,False,False
biased_zero_rank_contrast,12288,239,shared_correction,range,False,False
biased_zero_rank_contrast,12288,239,shared_correction,hybrid,False,False
biased_zero_rank_contrast,12288,239,disjoint_triple_u,range,False,False
biased_zero_rank_contrast,12288,239,disjoint_triple_u,hybrid,False,False
biased_zero_rank_contrast,12288,239,complete_u,range,False,False
biased_zero_rank_contrast,12288,239,complete_u,hybrid,False,False
biased_zero_rank_contrast,12288,240,shared_correction,range,False,False
biased_zero_rank_contrast,12288,240,shared_correction,hybrid,False,False
biased_zero_rank_contrast,12288,240,disjoint_triple_u,range,False,False
biased_zero_rank_contrast,12288,240,disjoint_triple_u,hybrid,False,False
biased_zero_rank_contrast,12288,240,complete_u,range,False,False
biased_zero_rank_contrast,12288,240,complete_u,hybrid,False,False
biased_zero_rank_contrast,12288,241,shared_correction,range,False,False
biased_zero_rank_contrast,12288,241,shared_correction,hybrid,False,False
biased_zero_rank_contrast,12288,241,disjoint_triple_u,range,False,False
biased_zero_rank_contrast,12288,241,disjoint_triple_u,hybrid,False,False
biased_zero_rank_contrast,12288,241,complete_u,range,False,False
biased_zero_rank_contrast,12288,241,complete_u,hybrid,False,False
biased_zero_rank_contrast,12288,242,shared_correction,range,False,False
biased_zero_rank_contrast,12288,242,shared_correction,hybrid,False,False
biased_zero_rank_contrast,12288,242,disjoint_triple_u,range,False,False
biased_zero_rank_contrast,12288,242,disjoint_triple_u,hybrid,False,False
biased_zero_rank_contrast,12288,242,complete_u,range,False,False
biased_zero_rank_contrast,12288,242,complete_u,hybrid,False,False
biased_zero_rank_contrast,12288,243,shared_correction,range,False,False
biased_zero_rank_contrast,12288,243,shared_correction,hybrid,False,False
biased_zero_rank_contrast,12288,243,disjoint_triple_u,range,False,False
biased_zero_rank_contrast,12288,243,disjoint_triple_u,hybrid,False,False
biased_zero_rank_contrast,12288,243,complete_u,range,False,False
biased_zero_rank_contrast,12288,243,complete_u,hybrid,False,False
biased_zero_rank_contrast,12288,244,shared_correction,range,False,False
biased_zero_rank_contrast,12288,244,shared_correction,hybrid,False,False
biased_zero_rank_contrast,12288,244,disjoint_triple_u,range,False,False
biased_zero_rank_contrast,12288,244,disjoint_triple_u,hybrid,False,False
biased_zero_rank_contrast,12288,244,complete_u,range,False,False
biased_zero_rank_contrast,12288,244,complete_u,hybrid,False,False
biased_zero_rank_contrast,12288,245,shared_correction,range,False,False
biased_zero_rank_contrast,12288,245,shared_correction,hybrid,False,False
biased_zero_rank_contrast,12288,245,disjoint_triple_u,range,False,False
biased_zero_rank_contrast,12288,245,disjoint_triple_u,hybrid,False,False
biased_zero_rank_contrast,12288,245,complete_u,range,False,False
biased_zero_rank_contrast,12288,245,complete_u,hybrid,False,False
biased_zero_rank_contrast,12288,246,shared_correction,range,False,False
biased_zero_rank_contrast,12288,246,shared_correction,hybrid,False,False
biased_zero_rank_contrast,12288,246,disjoint_triple_u,range,False,False
biased_zero_rank_contrast,12288,246,disjoint_triple_u,hybrid,False,False
biased_zero_rank_contrast,12288,246,complete_u,range,False,False
biased_zero_rank_contrast,12288,246,complete_u,hybrid,False,False
biased_zero_rank_contrast,12288,247,shared_correction,range,False,False
biased_zero_rank_contrast,12288,247,shared_correction,hybrid,False,False
biased_zero_rank_contrast,12288,247,disjoint_triple_u,range,False,False
biased_zero_rank_contrast,12288,247,disjoint_triple_u,hybrid,False,False
biased_zero_rank_contrast,12288,247,complete_u,range,False,False
biased_zero_rank_contrast,12288,247,complete_u,hybrid,False,False
biased_zero_rank_contrast,12288,248,shared_correction,range,False,False
biased_zero_rank_contrast,12288,248,shared_correction,hybrid,False,False
biased_zero_rank_contrast,12288,248,disjoint_triple_u,range,False,False
biased_zero_rank_contrast,12288,248,disjoint_triple_u,hybrid,False,False
biased_zero_rank_contrast,12288,248,complete_u,range,False,False
biased_zero_rank_contrast,12288,248,complete_u,hybrid,False,False
biased_zero_rank_contrast,12288,249,shared_correction,range,False,False
biased_zero_rank_contrast,12288,249,shared_correction,hybrid,False,False
biased_zero_rank_contrast,12288,249,disjoint_triple_u,range,False,False
biased_zero_rank_contrast,12288,249,disjoint_triple_u,hybrid,False,False
biased_zero_rank_contrast,12288,249,complete_u,range,False,False
biased_zero_rank_contrast,12288,249,complete_u,hybrid,False,False
biased_zero_rank_contrast,12288,250,shared_correction,range,False,False
biased_zero_rank_contrast,12288,250,shared_correction,hybrid,False,False
biased_zero_rank_contrast,12288,250,disjoint_triple_u,range,False,False
biased_zero_rank_contrast,12288,250,disjoint_triple_u,hybrid,False,False
biased_zero_rank_contrast,12288,250,complete_u,range,False,False
biased_zero_rank_contrast,12288,250,complete_u,hybrid,False,False
biased_zero_rank_contrast,12288,251,shared_correction,range,False,False
biased_zero_rank_contrast,12288,251,shared_correction,hybrid,False,False
biased_zero_rank_contrast,12288,251,disjoint_triple_u,range,False,False
biased_zero_rank_contrast,12288,251,disjoint_triple_u,hybrid,False,False
biased_zero_rank_contrast,12288,251,complete_u,range,False,False
biased_zero_rank_contrast,12288,251,complete_u,hybrid,False,False
biased_zero_rank_contrast,12288,252,shared_correction,range,False,False
biased_zero_rank_contrast,12288,252,shared_correction,hybrid,False,False
biased_zero_rank_contrast,12288,252,disjoint_triple_u,range,False,False
biased_zero_rank_contrast,12288,252,disjoint_triple_u,hybrid,False,False
biased_zero_rank_contrast,12288,252,complete_u,range,False,False
biased_zero_rank_contrast,12288,252,complete_u,hybrid,False,False
biased_zero_rank_contrast,12288,253,shared_correction,range,False,False
biased_zero_rank_contrast,12288,253,shared_correction,hybrid,False,False
biased_zero_rank_contrast,12288,253,disjoint_triple_u,range,False,False
biased_zero_rank_contrast,12288,253,disjoint_triple_u,hybrid,False,False
biased_zero_rank_contrast,12288,253,complete_u,range,False,False
biased_zero_rank_contrast,12288,253,complete_u,hybrid,False,False
biased_zero_rank_contrast,12288,254,shared_correction,range,False,False
biased_zero_rank_contrast,12288,254,shared_correction,hybrid,False,False
biased_zero_rank_contrast,12288,254,disjoint_triple_u,range,False,False
biased_zero_rank_contrast,12288,254,disjoint_triple_u,hybrid,False,False
biased_zero_rank_contrast,12288,254,complete_u,range,False,False
biased_zero_rank_contrast,12288,254,complete_u,hybrid,False,False
biased_zero_rank_contrast,12288,255,shared_correction,range,False,False
biased_zero_rank_contrast,12288,255,shared_correction,hybrid,False,False
biased_zero_rank_contrast,12288,255,disjoint_triple_u,range,False,False
biased_zero_rank_contrast,12288,255,disjoint_triple_u,hybrid,False,False
biased_zero_rank_contrast,12288,255,complete_u,range,False,False
biased_zero_rank_contrast,12288,255,complete_u,hybrid,False,False
biased_zero_rank_contrast,12288,256,shared_correction,range,False,False
biased_zero_rank_contrast,12288,256,shared_correction,hybrid,False,False
biased_zero_rank_contrast,12288,256,disjoint_triple_u,range,False,False
biased_zero_rank_contrast,12288,256,disjoint_triple_u,hybrid,False,False
biased_zero_rank_contrast,12288,256,complete_u,range,False,False
biased_zero_rank_contrast,12288,256,complete_u,hybrid,False,False
biased_zero_rank_contrast,12288,257,shared_correction,range,False,False
biased_zero_rank_contrast,12288,257,shared_correction,hybrid,False,False
biased_zero_rank_contrast,12288,257,disjoint_triple_u,range,False,False
biased_zero_rank_contrast,12288,257,disjoint_triple_u,hybrid,False,False
biased_zero_rank_contrast,12288,257,complete_u,range,False,False
biased_zero_rank_contrast,12288,257,complete_u,hybrid,False,False
biased_zero_rank_contrast,12288,258,shared_correction,range,False,False
biased_zero_rank_contrast,12288,258,shared_correction,hybrid,False,False
biased_zero_rank_contrast,12288,258,disjoint_triple_u,range,False,False
biased_zero_rank_contrast,12288,258,disjoint_triple_u,hybrid,False,False
biased_zero_rank_contrast,12288,258,complete_u,range,False,False
biased_zero_rank_contrast,12288,258,complete_u,hybrid,False,False
biased_zero_rank_contrast,12288,259,shared_correction,range,False,False
biased_zero_rank_contrast,12288,259,shared_correction,hybrid,False,False
biased_zero_rank_contrast,12288,259,disjoint_triple_u,range,False,False
biased_zero_rank_contrast,12288,259,disjoint_triple_u,hybrid,False,False
biased_zero_rank_contrast,12288,259,complete_u,range,False,False
biased_zero_rank_contrast,12288,259,complete_u,hybrid,False,False
biased_zero_rank_contrast,12288,260,shared_correction,range,False,False
biased_zero_rank_contrast,12288,260,shared_correction,hybrid,False,False
biased_zero_rank_contrast,12288,260,disjoint_triple_u,range,False,False
biased_zero_rank_contrast,12288,260,disjoint_triple_u,hybrid,False,False
biased_zero_rank_contrast,12288,260,complete_u,range,False,False
biased_zero_rank_contrast,12288,260,complete_u,hybrid,False,False
biased_zero_rank_contrast,12288,261,shared_correction,range,False,False
biased_zero_rank_contrast,12288,261,shared_correction,hybrid,False,False
biased_zero_rank_contrast,12288,261,disjoint_triple_u,range,False,False
biased_zero_rank_contrast,12288,261,disjoint_triple_u,hybrid,False,False
biased_zero_rank_contrast,12288,261,complete_u,range,False,False
biased_zero_rank_contrast,12288,261,complete_u,hybrid,False,False
biased_zero_rank_contrast,12288,262,shared_correction,range,False,False
biased_zero_rank_contrast,12288,262,shared_correction,hybrid,False,False
biased_zero_rank_contrast,12288,262,disjoint_triple_u,range,False,False
biased_zero_rank_contrast,12288,262,disjoint_triple_u,hybrid,False,False
biased_zero_rank_contrast,12288,262,complete_u,range,False,False
biased_zero_rank_contrast,12288,262,complete_u,hybrid,False,False
biased_zero_rank_contrast,12288,263,shared_correction,range,False,False
biased_zero_rank_contrast,12288,263,shared_correction,hybrid,False,False
biased_zero_rank_contrast,12288,263,disjoint_triple_u,range,False,False
biased_zero_rank_contrast,12288,263,disjoint_triple_u,hybrid,False,False
biased_zero_rank_contrast,12288,263,complete_u,range,False,False
biased_zero_rank_contrast,12288,263,complete_u,hybrid,False,False
biased_zero_rank_contrast,12288,264,shared_correction,range,False,False
biased_zero_rank_contrast,12288,264,shared_correction,hybrid,False,False
biased_zero_rank_contrast,12288,264,disjoint_triple_u,range,False,False
biased_zero_rank_contrast,12288,264,disjoint_triple_u,hybrid,False,False
biased_zero_rank_contrast,12288,264,complete_u,range,False,False
biased_zero_rank_contrast,12288,264,complete_u,hybrid,False,False
biased_zero_rank_contrast,12288,265,shared_correction,range,False,False
biased_zero_rank_contrast,12288,265,shared_correction,hybrid,False,False
biased_zero_rank_contrast,12288,265,disjoint_triple_u,range,False,False
biased_zero_rank_contrast,12288,265,disjoint_triple_u,hybrid,False,False
biased_zero_rank_contrast,12288,265,complete_u,range,False,False
biased_zero_rank_contrast,12288,265,complete_u,hybrid,False,False
biased_zero_rank_contrast,12288,266,shared_correction,range,False,False
biased_zero_rank_contrast,12288,266,shared_correction,hybrid,False,False
biased_zero_rank_contrast,12288,266,disjoint_triple_u,range,False,False
biased_zero_rank_contrast,12288,266,disjoint_triple_u,hybrid,False,False
biased_zero_rank_contrast,12288,266,complete_u,range,False,False
biased_zero_rank_contrast,12288,266,complete_u,hybrid,False,False
biased_zero_rank_contrast,12288,267,shared_correction,range,False,False
biased_zero_rank_contrast,12288,267,shared_correction,hybrid,False,False
biased_zero_rank_contrast,12288,267,disjoint_triple_u,range,False,False
biased_zero_rank_contrast,12288,267,disjoint_triple_u,hybrid,False,False
biased_zero_rank_contrast,12288,267,complete_u,range,False,False
biased_zero_rank_contrast,12288,267,complete_u,hybrid,False,False
biased_zero_rank_contrast,12288,268,shared_correction,range,False,False
biased_zero_rank_contrast,12288,268,shared_correction,hybrid,False,False
biased_zero_rank_contrast,12288,268,disjoint_triple_u,range,False,False
biased_zero_rank_contrast,12288,268,disjoint_triple_u,hybrid,False,False
biased_zero_rank_contrast,12288,268,complete_u,range,False,False
biased_zero_rank_contrast,12288,268,complete_u,hybrid,False,False
biased_zero_rank_contrast,12288,269,shared_correction,range,False,False
biased_zero_rank_contrast,12288,269,shared_correction,hybrid,False,False
biased_zero_rank_contrast,12288,269,disjoint_triple_u,range,False,False
biased_zero_rank_contrast,12288,269,disjoint_triple_u,hybrid,False,False
biased_zero_rank_contrast,12288,269,complete_u,range,False,False
biased_zero_rank_contrast,12288,269,complete_u,hybrid,False,False
biased_zero_rank_contrast,12288,270,shared_correction,range,False,False
biased_zero_rank_contrast,12288,270,shared_correction,hybrid,False,False
biased_zero_rank_contrast,12288,270,disjoint_triple_u,range,False,False
biased_zero_rank_contrast,12288,270,disjoint_triple_u,hybrid,False,False
biased_zero_rank_contrast,12288,270,complete_u,range,False,False
biased_zero_rank_contrast,12288,270,complete_u,hybrid,False,False
biased_zero_rank_contrast,12288,271,shared_correction,range,False,False
biased_zero_rank_contrast,12288,271,shared_correction,hybrid,False,False
biased_zero_rank_contrast,12288,271,disjoint_triple_u,range,False,False
biased_zero_rank_contrast,12288,271,disjoint_triple_u,hybrid,False,False
biased_zero_rank_contrast,12288,271,complete_u,range,False,False
biased_zero_rank_contrast,12288,271,complete_u,hybrid,False,False
biased_zero_rank_contrast,12288,272,shared_correction,range,False,False
biased_zero_rank_contrast,12288,272,shared_correction,hybrid,False,False
biased_zero_rank_contrast,12288,272,disjoint_triple_u,range,False,False
biased_zero_rank_contrast,12288,272,disjoint_triple_u,hybrid,False,False
biased_zero_rank_contrast,12288,272,complete_u,range,False,False
biased_zero_rank_contrast,12288,272,complete_u,hybrid,False,False
biased_zero_rank_contrast,12288,273,shared_correction,range,False,False
biased_zero_rank_contrast,12288,273,shared_correction,hybrid,False,False
biased_zero_rank_contrast,12288,273,disjoint_triple_u,range,False,False
biased_zero_rank_contrast,12288,273,disjoint_triple_u,hybrid,False,False
biased_zero_rank_contrast,12288,273,complete_u,range,False,False
biased_zero_rank_contrast,12288,273,complete_u,hybrid,False,False
biased_zero_rank_contrast,12288,274,shared_correction,range,False,False
biased_zero_rank_contrast,12288,274,shared_correction,hybrid,False,False
biased_zero_rank_contrast,12288,274,disjoint_triple_u,range,False,False
biased_zero_rank_contrast,12288,274,disjoint_triple_u,hybrid,False,False
biased_zero_rank_contrast,12288,274,complete_u,range,False,False
biased_zero_rank_contrast,12288,274,complete_u,hybrid,False,False
biased_zero_rank_contrast,12288,275,shared_correction,range,False,False
biased_zero_rank_contrast,12288,275,shared_correction,hybrid,False,False
biased_zero_rank_contrast,12288,275,disjoint_triple_u,range,False,False
biased_zero_rank_contrast,12288,275,disjoint_triple_u,hybrid,False,False
biased_zero_rank_contrast,12288,275,complete_u,range,False,False
biased_zero_rank_contrast,12288,275,complete_u,hybrid,False,False
biased_zero_rank_contrast,12288,276,shared_correction,range,False,False
biased_zero_rank_contrast,12288,276,shared_correction,hybrid,False,False
biased_zero_rank_contrast,12288,276,disjoint_triple_u,range,False,False
biased_zero_rank_contrast,12288,276,disjoint_triple_u,hybrid,False,False
biased_zero_rank_contrast,12288,276,complete_u,range,False,False
biased_zero_rank_contrast,12288,276,complete_u,hybrid,False,False
biased_zero_rank_contrast,12288,277,shared_correction,range,False,False
biased_zero_rank_contrast,12288,277,shared_correction,hybrid,False,False
biased_zero_rank_contrast,12288,277,disjoint_triple_u,range,False,False
biased_zero_rank_contrast,12288,277,disjoint_triple_u,hybrid,False,False
biased_zero_rank_contrast,12288,277,complete_u,range,False,False
biased_zero_rank_contrast,12288,277,complete_u,hybrid,False,False
biased_zero_rank_contrast,12288,278,shared_correction,range,False,False
biased_zero_rank_contrast,12288,278,shared_correction,hybrid,False,False
biased_zero_rank_contrast,12288,278,disjoint_triple_u,range,False,False
biased_zero_rank_contrast,12288,278,disjoint_triple_u,hybrid,False,False
biased_zero_rank_contrast,12288,278,complete_u,range,False,False
biased_zero_rank_contrast,12288,278,complete_u,hybrid,False,False
biased_zero_rank_contrast,12288,279,shared_correction,range,False,False
biased_zero_rank_contrast,12288,279,shared_correction,hybrid,False,False
biased_zero_rank_contrast,12288,279,disjoint_triple_u,range,False,False
biased_zero_rank_contrast,12288,279,disjoint_triple_u,hybrid,False,False
biased_zero_rank_contrast,12288,279,complete_u,range,False,False
biased_zero_rank_contrast,12288,279,complete_u,hybrid,False,False
biased_zero_rank_contrast,12288,280,shared_correction,range,False,False
biased_zero_rank_contrast,12288,280,shared_correction,hybrid,False,False
biased_zero_rank_contrast,12288,280,disjoint_triple_u,range,False,False
biased_zero_rank_contrast,12288,280,disjoint_triple_u,hybrid,False,False
biased_zero_rank_contrast,12288,280,complete_u,range,False,False
biased_zero_rank_contrast,12288,280,complete_u,hybrid,False,False
biased_zero_rank_contrast,12288,281,shared_correction,range,False,False
biased_zero_rank_contrast,12288,281,shared_correction,hybrid,False,False
biased_zero_rank_contrast,12288,281,disjoint_triple_u,range,False,False
biased_zero_rank_contrast,12288,281,disjoint_triple_u,hybrid,False,False
biased_zero_rank_contrast,12288,281,complete_u,range,False,False
biased_zero_rank_contrast,12288,281,complete_u,hybrid,False,False
biased_zero_rank_contrast,12288,282,shared_correction,range,False,False
biased_zero_rank_contrast,12288,282,shared_correction,hybrid,False,False
biased_zero_rank_contrast,12288,282,disjoint_triple_u,range,False,False
biased_zero_rank_contrast,12288,282,disjoint_triple_u,hybrid,False,False
biased_zero_rank_contrast,12288,282,complete_u,range,False,False
biased_zero_rank_contrast,12288,282,complete_u,hybrid,False,False
biased_zero_rank_contrast,12288,283,shared_correction,range,False,False
biased_zero_rank_contrast,12288,283,shared_correction,hybrid,False,False
biased_zero_rank_contrast,12288,283,disjoint_triple_u,range,False,False
biased_zero_rank_contrast,12288,283,disjoint_triple_u,hybrid,False,False
biased_zero_rank_contrast,12288,283,complete_u,range,False,False
biased_zero_rank_contrast,12288,283,complete_u,hybrid,False,False
biased_zero_rank_contrast,12288,284,shared_correction,range,False,False
biased_zero_rank_contrast,12288,284,shared_correction,hybrid,False,False
biased_zero_rank_contrast,12288,284,disjoint_triple_u,range,False,False
biased_zero_rank_contrast,12288,284,disjoint_triple_u,hybrid,False,False
biased_zero_rank_contrast,12288,284,complete_u,range,False,False
biased_zero_rank_contrast,12288,284,complete_u,hybrid,False,False
biased_zero_rank_contrast,12288,285,shared_correction,range,False,False
biased_zero_rank_contrast,12288,285,shared_correction,hybrid,False,False
biased_zero_rank_contrast,12288,285,disjoint_triple_u,range,False,False
biased_zero_rank_contrast,12288,285,disjoint_triple_u,hybrid,False,False
biased_zero_rank_contrast,12288,285,complete_u,range,False,False
biased_zero_rank_contrast,12288,285,complete_u,hybrid,False,False
biased_zero_rank_contrast,12288,286,shared_correction,range,False,False
biased_zero_rank_contrast,12288,286,shared_correction,hybrid,False,False
biased_zero_rank_contrast,12288,286,disjoint_triple_u,range,False,False
biased_zero_rank_contrast,12288,286,disjoint_triple_u,hybrid,False,False
biased_zero_rank_contrast,12288,286,complete_u,range,False,False
biased_zero_rank_contrast,12288,286,complete_u,hybrid,False,False
biased_zero_rank_contrast,12288,287,shared_correction,range,False,False
biased_zero_rank_contrast,12288,287,shared_correction,hybrid,False,False
biased_zero_rank_contrast,12288,287,disjoint_triple_u,range,False,False
biased_zero_rank_contrast,12288,287,disjoint_triple_u,hybrid,False,False
biased_zero_rank_contrast,12288,287,complete_u,range,False,False
biased_zero_rank_contrast,12288,287,complete_u,hybrid,False,False
biased_zero_rank_contrast,12288,288,shared_correction,range,False,False
biased_zero_rank_contrast,12288,288,shared_correction,hybrid,False,False
biased_zero_rank_contrast,12288,288,disjoint_triple_u,range,False,False
biased_zero_rank_contrast,12288,288,disjoint_triple_u,hybrid,False,False
biased_zero_rank_contrast,12288,288,complete_u,range,False,False
biased_zero_rank_contrast,12288,288,complete_u,hybrid,False,False
biased_zero_rank_contrast,12288,289,shared_correction,range,False,False
biased_zero_rank_contrast,12288,289,shared_correction,hybrid,False,False
biased_zero_rank_contrast,12288,289,disjoint_triple_u,range,False,False
biased_zero_rank_contrast,12288,289,disjoint_triple_u,hybrid,False,False
biased_zero_rank_contrast,12288,289,complete_u,range,False,False
biased_zero_rank_contrast,12288,289,complete_u,hybrid,False,False
biased_zero_rank_contrast,12288,290,shared_correction,range,False,False
biased_zero_rank_contrast,12288,290,shared_correction,hybrid,False,False
biased_zero_rank_contrast,12288,290,disjoint_triple_u,range,False,False
biased_zero_rank_contrast,12288,290,disjoint_triple_u,hybrid,False,False
biased_zero_rank_contrast,12288,290,complete_u,range,False,False
biased_zero_rank_contrast,12288,290,complete_u,hybrid,False,False
biased_zero_rank_contrast,12288,291,shared_correction,range,False,False
biased_zero_rank_contrast,12288,291,shared_correction,hybrid,False,False
biased_zero_rank_contrast,12288,291,disjoint_triple_u,range,False,False
biased_zero_rank_contrast,12288,291,disjoint_triple_u,hybrid,False,False
biased_zero_rank_contrast,12288,291,complete_u,range,False,False
biased_zero_rank_contrast,12288,291,complete_u,hybrid,False,False
biased_zero_rank_contrast,12288,292,shared_correction,range,False,False
biased_zero_rank_contrast,12288,292,shared_correction,hybrid,False,False
biased_zero_rank_contrast,12288,292,disjoint_triple_u,range,False,False
biased_zero_rank_contrast,12288,292,disjoint_triple_u,hybrid,False,False
biased_zero_rank_contrast,12288,292,complete_u,range,False,False
biased_zero_rank_contrast,12288,292,complete_u,hybrid,False,False
biased_zero_rank_contrast,12288,293,shared_correction,range,False,False
biased_zero_rank_contrast,12288,293,shared_correction,hybrid,False,False
biased_zero_rank_contrast,12288,293,disjoint_triple_u,range,False,False
biased_zero_rank_contrast,12288,293,disjoint_triple_u,hybrid,False,False
biased_zero_rank_contrast,12288,293,complete_u,range,False,False
biased_zero_rank_contrast,12288,293,complete_u,hybrid,False,False
biased_zero_rank_contrast,12288,294,shared_correction,range,False,False
biased_zero_rank_contrast,12288,294,shared_correction,hybrid,False,False
biased_zero_rank_contrast,12288,294,disjoint_triple_u,range,False,False
biased_zero_rank_contrast,12288,294,disjoint_triple_u,hybrid,False,False
biased_zero_rank_contrast,12288,294,complete_u,range,False,False
biased_zero_rank_contrast,12288,294,complete_u,hybrid,False,False
biased_zero_rank_contrast,12288,295,shared_correction,range,False,False
biased_zero_rank_contrast,12288,295,shared_correction,hybrid,False,False
biased_zero_rank_contrast,12288,295,disjoint_triple_u,range,False,False
biased_zero_rank_contrast,12288,295,disjoint_triple_u,hybrid,False,False
biased_zero_rank_contrast,12288,295,complete_u,range,False,False
biased_zero_rank_contrast,12288,295,complete_u,hybrid,False,False
biased_zero_rank_contrast,12288,296,shared_correction,range,False,False
biased_zero_rank_contrast,12288,296,shared_correction,hybrid,False,False
biased_zero_rank_contrast,12288,296,disjoint_triple_u,range,False,False
biased_zero_rank_contrast,12288,296,disjoint_triple_u,hybrid,False,False
biased_zero_rank_contrast,12288,296,complete_u,range,False,False
biased_zero_rank_contrast,12288,296,complete_u,hybrid,False,False
biased_zero_rank_contrast,12288,297,shared_correction,range,False,False
biased_zero_rank_contrast,12288,297,shared_correction,hybrid,False,False
biased_zero_rank_contrast,12288,297,disjoint_triple_u,range,False,False
biased_zero_rank_contrast,12288,297,disjoint_triple_u,hybrid,False,False
biased_zero_rank_contrast,12288,297,complete_u,range,False,False
biased_zero_rank_contrast,12288,297,complete_u,hybrid,False,False
biased_zero_rank_contrast,12288,298,shared_correction,range,False,False
biased_zero_rank_contrast,12288,298,shared_correction,hybrid,False,False
biased_zero_rank_contrast,12288,298,disjoint_triple_u,range,False,False
biased_zero_rank_contrast,12288,298,disjoint_triple_u,hybrid,False,False
biased_zero_rank_contrast,12288,298,complete_u,range,False,False
biased_zero_rank_contrast,12288,298,complete_u,hybrid,False,False
biased_zero_rank_contrast,12288,299,shared_correction,range,False,False
biased_zero_rank_contrast,12288,299,shared_correction,hybrid,False,False
biased_zero_rank_contrast,12288,299,disjoint_triple_u,range,False,False
biased_zero_rank_contrast,12288,299,disjoint_triple_u,hybrid,False,False
biased_zero_rank_contrast,12288,299,complete_u,range,False,False
biased_zero_rank_contrast,12288,299,complete_u,hybrid,False,False
