task,baseline,candidate,raw_draw_calls,distinct_sampled_rows,p_min_x,missing_mass,pairs,allocation_factor,method,p,lower,estimate,pair_methods_seconds,full_u_all_delete_seconds,fractions,used_categories,additional_raw_rows,total_raw_rows_charged,partial_shifted_mean_cap,decimal_precision,certificate,p_value,log_e_lower,objective_lower,objective_upper,objective_gap,profiles,status,elapsed_seconds,radius,jackknife_variance,eb_linear_remainder,full_u_eb_union_p,full_u_hoeffding_union_p,p_BY,retained,exact_archive_target_fraction,exact_archive_target,exact_target_sign,archive_rows,p_min_y,frozen_augmentation_weight,frozen_confirmation_rows,frozen_confirmation_mse,frozen_baseline_confirmation_mse,descriptive_frozen_confirmation_gain,descriptive_gain_sign
appliances,ridge,category_copy,32768,336,0.0029761904761904,0.0,8184,0.0001222890286706,full_u_joint,1.0,-1.2618617433036614,0.0010627609061301,0.163050502538681,33.79527961462736,,,,,,,,,,,,,,,,1.2629245042097914,2.081611325116991e-06,0.3156363219914226,1.0,1.0,1.0,False,0,0.0,zero,336,0.002976190476190476,0.05,1008,0.022732291520320407,0.02080395995948887,-0.0019283315608315359,negative
appliances,ridge,category_copy,32768,336,0.0029761904761904,0.0,8184,0.0001222890286706,stratified_cell_bernstein,1.0,-0.0664711870120169,0.0,0.163050502538681,33.79527864232659,,,,,,,,,,,,,,,,,,,,,1.0,False,0,0.0,zero,336,0.002976190476190476,0.05,1008,0.022732291520320407,0.02080395995948887,-0.0019283315608315359,negative
appliances,ridge,category_copy,32768,336,0.0029761904761904,0.0,8184,0.0001222890286706,stratified_hoeffding,1.0,-0.0135341270477703,0.0,0.163050502538681,33.795276779681444,,,,,,,,,,,,,,,,,,,,,1.0,False,0,0.0,zero,336,0.002976190476190476,0.05,1008,0.022732291520320407,0.02080395995948887,-0.0019283315608315359,negative
appliances,ridge,category_copy,32768,336,0.0029761904761904,0.0,8184,0.0001222890286706,stratified_hybrid,1.0,-0.0015217229647071,0.0,0.163050502538681,33.79527898132801,,,,,,,,,,,,,,,,,,,,,1.0,False,0,0.0,zero,336,0.002976190476190476,0.05,1008,0.022732291520320407,0.02080395995948887,-0.0019283315608315359,negative
appliances,ridge,category_copy,32768,336,0.0029761904761904,0.0,8184,0.0001222890286706,stratified_pooled_bernstein,1.0,-0.001281017448626,0.0,0.163050502538681,33.79527819901705,,,,,,,,,,,,,,,,,,,,,1.0,False,0,0.0,zero,336,0.002976190476190476,0.05,1008,0.022732291520320407,0.02080395995948887,-0.0019283315608315359,negative
appliances,ridge,category_copy,32768,336,0.0029761904761904,0.0,8184,0.0001222890286706,stratified_profiled_betting,1.0,,,0.163050502538681,33.79527932405472,"['1/10', '3/10', '1/2', '7/10', '9/10']",31.0,0.0,32768.0,0.5,60.0,exact-rational tangent LP; outward Decimal logarithms,1.0,-0.9346539068534024,-0.9346539068534024,-0.929305696001537,0.0053482108518652,"[{'fraction': '1/10', 'log_e_lower': -0.17938325684507536, 'primal_log_e_upper': -0.1730508584894616, 'certified_optimization_gap_upper': 0.006332398355613704, 'optimizer_success': True, 'optimizer_status': 'Optimization terminated successfully', 'optimizer_iterations': 75, 'objective_evaluations': 76, 'feasible_mean_vector': [0.4934412038594969, 0.48765343282807916, 0.5175361960449584, 0.5011792138750712, 0.5104973221502992, 0.501057794205317, 0.50965903607965, 0.5015950270838324, 0.4914911538861158, 0.5092382087443165, 0.5008170803001216, 0.4976361679377678, 0.5038876379676168, 0.49419589458840757, 0.48676172967356035, 0.5090808498418383, 0.4961829277074694, 0.5028371789753204, 0.5058842216442264, 0.5003084583326575, 0.5009202257218168, 0.5039874214757528, 0.5026640330606063, 0.5023616456934886, 0.5154064835406645, 0.49539963257029823, 0.49618581189635885, 0.4934412038594968, 0.4506651430040223, 0.4875150238330673, 0.5244230816985322]}, {'fraction': '3/10', 'log_e_lower': -0.5841758710260555, 'primal_log_e_upper': -0.580167165710628, 'certified_optimization_gap_upper': 0.004008705315427251, 'optimizer_success': True, 'optimizer_status': 'Optimization terminated successfully', 'optimizer_iterations': 59, 'objective_evaluations': 59, 'feasible_mean_vector': [0.492683382309047, 0.48619104347090475, 0.5195846108673352, 0.5013161148130804, 0.511735952520323, 0.5011769292042125, 0.5107522263455312, 0.5017792979895551, 0.49049313957004653, 0.5103211183346846, 0.5009211580640264, 0.49734674034936804, 0.5043579931921215, 0.4935135649957803, 0.48521098235546206, 0.5101509828692758, 0.49572842472920087, 0.5031676683663966, 0.5065782316863157, 0.5003460798979549, 0.5010265664675793, 0.5044491694326353, 0.5029838167561692, 0.5026394042530266, 0.5172356423747306, 0.4948592134142626, 0.4957300826058805, 0.49268338230904707, 0.44493672819232233, 0.48604803825435716, 0.5273323115305801]}, {'fraction': '1/2', 'log_e_lower': -1.1006808150556318, 'primal_log_e_upper': -1.0955416179935964, 'certified_optimization_gap_upper': 0.005139197062034821, 'optimizer_success': True, 'optimizer_status': 'Optimization terminated successfully', 'optimizer_iterations': 55, 'objective_evaluations': 56, 'feasible_mean_vector': [0.4917059917709642, 0.48436006970867707, 0.5222190634001086, 0.5014864558868968, 0.5133054299735467, 0.5013287809050568, 0.5121867791757618, 0.5020115819724013, 0.48922735132560796, 0.5116997976553351, 0.5010383026438977, 0.49698920540885694, 0.5049345879587722, 0.49264574067089556, 0.4832512517504001, 0.5115075388003064, 0.4951549198533376, 0.5035855592361826, 0.5074530776488304, 0.5003836412343176, 0.5011585945595967, 0.505039660192038, 0.5033766711368084, 0.5029864349803794, 0.5195513039814549, 0.494171022376043, 0.49515633714863055, 0.4917059917709642, 0.4378447974441824, 0.48419918501241443, 0.5310269752179891]}, {'fraction': '7/10', 'log_e_lower': -1.7736884786566227, 'primal_log_e_upper': -1.768564737239953, 'certified_optimization_gap_upper': 0.005123741416669174, 'optimizer_success': True, 'optimizer_status': 'Optimization terminated successfully', 'optimizer_iterations': 53, 'objective_evaluations': 53, 'feasible_mean_vector': [0.4904257546927649, 0.48197910759872264, 0.5256961805624952, 0.5017020852879576, 0.5153652157344559, 0.5015200796541356, 0.5140675841673341, 0.5023081105858124, 0.48757464432434655, 0.5135065537052641, 0.501183605141868, 0.4965130137356252, 0.5056825422657646, 0.49150955660741896, 0.4807056640358908, 0.5132850835957694, 0.49439928037299447, 0.5041248922086964, 0.5085939293538301, 0.5004294952571714, 0.501322862630943, 0.5058042299431377, 0.5038841800514551, 0.5034336595084782, 0.5226039181176343, 0.4932654271152542, 0.4944003442573307, 0.49042575469276484, 0.4289104510975723, 0.4817933309535193, 0.5359311083572315]}, {'fraction': '9/10', 'log_e_lower': -2.689605961745914, 'primal_log_e_upper': -2.6838014028560684, 'certified_optimization_gap_upper': 0.005804558889844619, 'optimizer_success': True, 'optimizer_status': 'Optimization terminated successfully', 'optimizer_iterations': 52, 'objective_evaluations': 52, 'feasible_mean_vector': [0.4886771176217668, 0.4787653526124306, 0.5305219356211883, 0.5019778598505017, 0.5181915404137724, 0.5017629155910741, 0.5166454312335085, 0.5026947044182754, 0.48532709356084536, 0.5159791525048947, 0.5013640858089389, 0.49584818282335236, 0.5066895610417333, 0.4899530786943067, 0.47727420773146834, 0.5157156998793953, 0.493355817528996, 0.5048447462554276, 0.5101423347976399, 0.500473790053354, 0.5015290536572805, 0.5068340190178647, 0.5045597193733604, 0.5040265707321934, 0.526825528613949, 0.4920197828439029, 0.49335651425035376, 0.48867711762176674, 0.4174748342756257, 0.4785472702061791, 0.5427972999444804]}]",certified_lower_evidence,0.1432741172611713,,,,,,1.0,False,0,0.0,zero,336,0.002976190476190476,0.05,1008,0.022732291520320407,0.02080395995948887,-0.0019283315608315359,negative
appliances,ridge,extra_trees,32768,336,0.0029761904761904,0.0,8184,0.0001222890286706,full_u_joint,1.0,-1.251884607047661,0.0110398971621304,0.2090854831039905,33.886614732444286,,,,,,,,,,,,,,,,1.2629245042097914,2.1135278092609706e-06,0.3156363219914226,1.0,1.0,1.0,False,39354716711/3995716386816,0.00984922674713656,positive,336,0.002976190476190476,1.0,1008,0.017276876960937562,0.02080395995948887,0.0035270829985513084,positive
appliances,ridge,extra_trees,32768,336,0.0029761904761904,0.0,8184,0.0001222890286706,stratified_cell_bernstein,1.0,-0.0715430275526426,0.0093355837218842,0.2090854831039905,33.88661389052868,,,,,,,,,,,,,,,,,,,,,1.0,False,39354716711/3995716386816,0.00984922674713656,positive,336,0.002976190476190476,1.0,1008,0.017276876960937562,0.02080395995948887,0.0035270829985513084,positive
appliances,ridge,extra_trees,32768,336,0.0029761904761904,0.0,8184,0.0001222890286706,stratified_hoeffding,0.2404211939760369,-0.004198543325886,0.0093355837218842,0.2090854831039905,33.88661224767566,,,,,,,,,,,,,,,,,,,,,1.0,False,39354716711/3995716386816,0.00984922674713656,positive,336,0.002976190476190476,1.0,1008,0.017276876960937562,0.02080395995948887,0.0035270829985513084,positive
appliances,ridge,extra_trees,32768,336,0.0029761904761904,0.0,8184,0.0001222890286706,stratified_hybrid,3.483006775870372e-06,0.0052977791824368,0.0093355837218842,0.2090854831039905,33.8866140730679,,,,,,,,,,,,,,,,,,,,,3.786525937767647e-05,True,39354716711/3995716386816,0.00984922674713656,positive,336,0.002976190476190476,1.0,1008,0.017276876960937562,0.02080395995948887,0.0035270829985513084,positive
appliances,ridge,extra_trees,32768,336,0.0029761904761904,0.0,8184,0.0001222890286706,stratified_pooled_bernstein,1.7415033879352132e-06,0.0057460420141556,0.0093355837218842,0.2090854831039905,33.88661361113191,,,,,,,,,,,,,,,,,,,,,1.893262968883853e-05,True,39354716711/3995716386816,0.00984922674713656,positive,336,0.002976190476190476,1.0,1008,0.017276876960937562,0.02080395995948887,0.0035270829985513084,positive
appliances,ridge,extra_trees,32768,336,0.0029761904761904,0.0,8184,0.0001222890286706,stratified_profiled_betting,1.3884222396005608e-27,,,0.2090854831039905,33.88661444559693,"['1/10', '3/10', '1/2', '7/10', '9/10']",31.0,0.0,32768.0,0.5,60.0,exact-rational tangent LP; outward Decimal logarithms,1.3884222396005608e-27,61.841629487811225,61.841629487811225,61.84728802161347,0.0056585338022287,"[{'fraction': '1/10', 'log_e_lower': 14.16310734903205, 'primal_log_e_upper': 14.166347593052816, 'certified_optimization_gap_upper': 0.003240244020762623, 'optimizer_success': True, 'optimizer_status': 'Optimization terminated successfully', 'optimizer_iterations': 80, 'objective_evaluations': 81, 'feasible_mean_vector': [0.48829253242536075, 0.4836559238589478, 0.5135449680731706, 0.5017622247336694, 0.5065707336298836, 0.5001145857470338, 0.5100207293142204, 0.5043725369298728, 0.49594244307363533, 0.509012102411626, 0.5011690969050074, 0.4932754541967038, 0.506213831797033, 0.49463524137039405, 0.4828628992423404, 0.5088679152030955, 0.5055427322469545, 0.5026647986593581, 0.5047374342879379, 0.5009854943181682, 0.4995019033885453, 0.5097740816154368, 0.5129509133588727, 0.4997413489986787, 0.5174626008288037, 0.49221591078477145, 0.4968274317765654, 0.49133646682397414, 0.4471752481554845, 0.48400288512451584, 0.5169775580132577]}, {'fraction': '3/10', 'log_e_lower': 37.37885586656016, 'primal_log_e_upper': 37.38330562637139, 'certified_optimization_gap_upper': 0.004449759811219676, 'optimizer_success': True, 'optimizer_status': 'Optimization terminated successfully', 'optimizer_iterations': 58, 'objective_evaluations': 58, 'feasible_mean_vector': [0.48863370251366106, 0.4830512481390657, 0.5169378283761885, 0.5021402556711526, 0.5091233079742561, 0.5005087938655797, 0.5113525470515475, 0.5042630400697935, 0.49408070465600934, 0.5104637906989772, 0.5011581793979694, 0.49270618737128974, 0.5063173277318908, 0.4935291400378407, 0.4823337469502502, 0.5090062973338271, 0.5030578782227279, 0.5033536087723577, 0.504458078468487, 0.5009864062913191, 0.50022452937741, 0.5091209231105973, 0.5109752411757048, 0.5009896370524216, 0.5191465105257549, 0.49278674838221587, 0.49657245161175434, 0.4914271081210305, 0.4426259318205338, 0.48374556719189526, 0.5208033320128502]}, {'fraction': '1/2', 'log_e_lower': 54.197158142953626, 'primal_log_e_upper': 54.203117016466976, 'certified_optimization_gap_upper': 0.005958873513340547, 'optimizer_success': True, 'optimizer_status': 'Optimization terminated successfully', 'optimizer_iterations': 55, 'objective_evaluations': 55, 'feasible_mean_vector': [0.48857159902545183, 0.4819237352559195, 0.520739531157612, 0.50250622522951, 0.5118468252489717, 0.5009916302302079, 0.5130083715851442, 0.504224092042863, 0.49212248043835216, 0.5121945010035494, 0.5012994080560893, 0.4919434910191606, 0.5066197912536129, 0.49227807973852433, 0.4813308318084423, 0.5094726332276459, 0.5007402528209772, 0.504109880947519, 0.5043128342030941, 0.5009942319697658, 0.5009225372826154, 0.5087665524526361, 0.5094283242664998, 0.5022019497993782, 0.5213524242732929, 0.49308314541515597, 0.49616912616558995, 0.4912081491232414, 0.4365677536030312, 0.48295364178201144, 0.5251436631116264]}, {'fraction': '7/10', 'log_e_lower': 63.45030913540307, 'primal_log_e_upper': 63.45596807792036, 'certified_optimization_gap_upper': 0.0056589425172748975, 'optimizer_success': True, 'optimizer_status': 'Optimization terminated successfully', 'optimizer_iterations': 53, 'objective_evaluations': 53, 'feasible_mean_vector': [0.4880969963240947, 0.48016672559284085, 0.5253392140332692, 0.5028935310924544, 0.5150132291560141, 0.5016450411058632, 0.5151259560281303, 0.5042424383521187, 0.48986009108767287, 0.5143621728164927, 0.5016438423963582, 0.49091694246671785, 0.5071719707325962, 0.49075423755606323, 0.4798320245355791, 0.510304852832669, 0.4983622068566294, 0.5049908893054497, 0.5042720078280445, 0.5009984156561498, 0.501668647084802, 0.5086565491809797, 0.5081473065163258, 0.5034877894888765, 0.5243047427687447, 0.4931252247006934, 0.4955705246182552, 0.4906523231689132, 0.4286094462621994, 0.48155265544974, 0.5304639384184958]}, {'fraction': '9/10', 'log_e_lower': 56.13118602852737, 'primal_log_e_upper': 56.13618421711479, 'certified_optimization_gap_upper': 0.0049981885874045544, 'optimizer_success': True, 'optimizer_status': 'Optimization terminated successfully', 'optimizer_iterations': 52, 'objective_evaluations': 53, 'feasible_mean_vector': [0.48710419517117737, 0.47753700659647536, 0.5313564805345478, 0.5033241027161343, 0.5190068912985801, 0.5026213213383202, 0.5179649395593892, 0.5043084075478433, 0.48701293236139087, 0.5172249907806064, 0.5023257512469868, 0.4894956090951322, 0.5080928958709954, 0.4887683515262016, 0.4777379108707934, 0.5116416528057669, 0.4956543599211847, 0.5060740105779111, 0.5043110482200177, 0.5009675265063509, 0.5025429782043708, 0.5087767442835393, 0.5069909183405527, 0.5049638897266923, 0.5284046421056322, 0.49286872188724756, 0.4946760998937222, 0.4896510149735338, 0.4181436062414303, 0.47933994282426595, 0.5375079106868529]}]",certified_lower_evidence,0.1787776015698909,,,,,,1.5094133204800382e-26,True,39354716711/3995716386816,0.00984922674713656,positive,336,0.002976190476190476,1.0,1008,0.017276876960937562,0.02080395995948887,0.0035270829985513084,positive
appliances,ridge,hist_gradient_boosting,32768,336,0.0029761904761904,0.0,8184,0.0001222890286706,full_u_joint,1.0,-1.252595245433772,0.0103292587760195,0.2140527665615081,33.06624785810709,,,,,,,,,,,,,,,,1.2629245042097914,1.981504335316236e-06,0.3156363219914226,1.0,1.0,1.0,False,72341480405/7991432773632,0.009052379273425554,positive,336,0.002976190476190476,0.65,1008,0.0180490499477299,0.02080395995948887,0.0027549100117589716,positive
appliances,ridge,hist_gradient_boosting,32768,336,0.0029761904761904,0.0,8184,0.0001222890286706,stratified_cell_bernstein,1.0,-0.073512421727528,0.0088875811344109,0.2140527665615081,33.066246919333935,,,,,,,,,,,,,,,,,,,,,1.0,False,72341480405/7991432773632,0.009052379273425554,positive,336,0.002976190476190476,0.65,1008,0.0180490499477299,0.02080395995948887,0.0027549100117589716,positive
appliances,ridge,hist_gradient_boosting,32768,336,0.0029761904761904,0.0,8184,0.0001222890286706,stratified_hoeffding,0.2747639910105184,-0.0046465459133593,0.0088875811344109,0.2140527665615081,33.06624514237046,,,,,,,,,,,,,,,,,,,,,1.0,False,72341480405/7991432773632,0.009052379273425554,positive,336,0.002976190476190476,0.65,1008,0.0180490499477299,0.02080395995948887,0.0027549100117589716,positive
appliances,ridge,hist_gradient_boosting,32768,336,0.0029761904761904,0.0,8184,0.0001222890286706,stratified_hybrid,1.712883255576065e-05,0.0046299711784971,0.0088875811344109,0.2140527665615081,33.066247165203094,,,,,,,,,,,,,,,,,,,,,0.0001241432530946,True,72341480405/7991432773632,0.009052379273425554,positive,336,0.002976190476190476,0.65,1008,0.0180490499477299,0.02080395995948887,0.0027549100117589716,positive
appliances,ridge,hist_gradient_boosting,32768,336,0.0029761904761904,0.0,8184,0.0001222890286706,stratified_pooled_bernstein,8.564416277880352e-06,0.0050963662610389,0.0088875811344109,0.2140527665615081,33.066246546804905,,,,,,,,,,,,,,,,,,,,,6.207162654730427e-05,True,72341480405/7991432773632,0.009052379273425554,positive,336,0.002976190476190476,0.65,1008,0.0180490499477299,0.02080395995948887,0.0027549100117589716,positive
appliances,ridge,hist_gradient_boosting,32768,336,0.0029761904761904,0.0,8184,0.0001222890286706,stratified_profiled_betting,3.0092017474727485e-20,,,0.2140527665615081,33.06624747812748,"['1/10', '3/10', '1/2', '7/10', '9/10']",31.0,0.0,32768.0,0.5,60.0,exact-rational tangent LP; outward Decimal logarithms,3.0092017474727485e-20,44.95002701646708,44.95002701646708,44.95586112867773,0.0058341122106454,"[{'fraction': '1/10', 'log_e_lower': 13.255626471015002, 'primal_log_e_upper': 13.25846730804211, 'certified_optimization_gap_upper': 0.0028408370271050076, 'optimizer_success': True, 'optimizer_status': 'Optimization terminated successfully', 'optimizer_iterations': 80, 'objective_evaluations': 80, 'feasible_mean_vector': [0.4922197194122771, 0.483795624128745, 0.5138612376644403, 0.49680472539808224, 0.5033689367805482, 0.5002799555971725, 0.508068483327707, 0.4992871475997837, 0.4902568551932863, 0.5053470800731482, 0.5002911273136057, 0.49618257705746033, 0.504706237234096, 0.4958810777335343, 0.47781920853879223, 0.5086086503293339, 0.4992862296850839, 0.5041683209848401, 0.5044920060522666, 0.5019413282316425, 0.5018999139666422, 0.5098399886259846, 0.5169992751240247, 0.5012851688593015, 0.5219897992724167, 0.49378342321027446, 0.4926616342519845, 0.48970332859783017, 0.44745403225804936, 0.4847728027003037, 0.5263481511144679]}, {'fraction': '3/10', 'log_e_lower': 33.516529570459305, 'primal_log_e_upper': 33.52040180044038, 'certified_optimization_gap_upper': 0.003872229981060223, 'optimizer_success': True, 'optimizer_status': 'Optimization terminated successfully', 'optimizer_iterations': 59, 'objective_evaluations': 59, 'feasible_mean_vector': [0.492356409220552, 0.4831183231943707, 0.5174279278439229, 0.49830308320930605, 0.5056612149045622, 0.5005401713166944, 0.5099190410982074, 0.500159250064814, 0.48948914748171385, 0.5067571156140941, 0.5008332223810998, 0.49625488716454896, 0.5055405381194051, 0.494543418648432, 0.47714423068434597, 0.5087717223740205, 0.4985985229227024, 0.5044050694806043, 0.5034156308985088, 0.5015540393014458, 0.5020261440722501, 0.5094054474019488, 0.5142944754569228, 0.5017103740745512, 0.5227566174420084, 0.4941842564209119, 0.4936590997689403, 0.48991357077264086, 0.44305373987180763, 0.484552270738302, 0.5293762535011175]}, {'fraction': '1/2', 'log_e_lower': 45.39647125883388, 'primal_log_e_upper': 45.401797499766246, 'certified_optimization_gap_upper': 0.005326240932352574, 'optimizer_success': True, 'optimizer_status': 'Optimization terminated successfully', 'optimizer_iterations': 55, 'objective_evaluations': 56, 'feasible_mean_vector': [0.49217943937947267, 0.4820254254415381, 0.5214002807173798, 0.4996451875593738, 0.5080084251140259, 0.5008581942688455, 0.5120731011052396, 0.5009932420656347, 0.48842067547812335, 0.5083418618431518, 0.5014192215235477, 0.4961931608223086, 0.5064822659999391, 0.4930709092593868, 0.4758062378145642, 0.5092652005939046, 0.49787045957723197, 0.50476049346206, 0.5025947132371561, 0.5012029815154535, 0.5021922535321667, 0.5092655094659182, 0.5121072505432628, 0.5021988553512304, 0.5242141777263243, 0.4943654959704754, 0.4943719511761249, 0.4897660517590819, 0.4371375146526656, 0.4838138194524928, 0.5332339420722252]}, {'fraction': '7/10', 'log_e_lower': 46.184696894331225, 'primal_log_e_upper': 46.190761831529464, 'certified_optimization_gap_upper': 0.0060649371982249775, 'optimizer_success': True, 'optimizer_status': 'Optimization terminated successfully', 'optimizer_iterations': 53, 'objective_evaluations': 53, 'feasible_mean_vector': [0.491666746752411, 0.480445793724137, 0.5261815382988886, 0.500954513395202, 0.5106358988390888, 0.501286208108979, 0.5147785097433579, 0.5019040781749086, 0.48692846593584443, 0.5102555192806922, 0.5021596320164371, 0.49597251338289955, 0.507608163137195, 0.4913172408111147, 0.47371855013024344, 0.5101549605483305, 0.49701192885936435, 0.5052419336659905, 0.5019608602397857, 0.5008347237890697, 0.5024124890309829, 0.5093819905977721, 0.5102252626798285, 0.5027861366838695, 0.5265016351420356, 0.49432171555952875, 0.4948610156264469, 0.4892344849822001, 0.42931934983153863, 0.48248059702931634, 0.538334434152617]}, {'fraction': '9/10', 'log_e_lower': 19.45401318792003, 'primal_log_e_upper': 19.459378206229268, 'certified_optimization_gap_upper': 0.005365018309231704, 'optimizer_success': True, 'optimizer_status': 'Optimization terminated successfully', 'optimizer_iterations': 52, 'objective_evaluations': 53, 'feasible_mean_vector': [0.49071034719615275, 0.4782327076558615, 0.5324122024562612, 0.5023349744316526, 0.5138343043653859, 0.5019200407752391, 0.5184734841762112, 0.5030312002736548, 0.4847912668582454, 0.5127330136790019, 0.5032316520088969, 0.49551539574356257, 0.5090239642241335, 0.4890664742581147, 0.4706525753834349, 0.5116218219711911, 0.49588575435368776, 0.505874886780459, 0.501495417906638, 0.5003712940892466, 0.5027050925717191, 0.509757246332396, 0.5084505442762265, 0.5035311215387175, 0.5299407695808241, 0.49399396601689377, 0.4951252293868813, 0.48819975932834303, 0.41899042961169686, 0.4803507687929804, 0.5454300468995068]}]",certified_lower_evidence,0.1838846020400524,,,,,,2.180954790311202e-19,True,72341480405/7991432773632,0.009052379273425554,positive,336,0.002976190476190476,0.65,1008,0.0180490499477299,0.02080395995948887,0.0027549100117589716,positive
appliances,ridge,independent_noise,32768,336,0.0029761904761904,0.0,8184,0.0001222890286706,full_u_joint,1.0,-1.2628310033138903,9.350089590121068e-05,0.2203522659838199,33.986990097910166,,,,,,,,,,,,,,,,1.2629245042097914,4.1651928709751386e-07,0.3156363219914226,1.0,1.0,1.0,False,-13498811537/39957163868160,-0.0003378320739064409,negative,336,0.002976190476190476,0.0,1008,0.02080395995948887,0.02080395995948887,0.0,numerical_tie
appliances,ridge,independent_noise,32768,336,0.0029761904761904,0.0,8184,0.0001222890286706,stratified_cell_bernstein,1.0,-0.0903168227174991,0.0003046828328174,0.2203522659838199,33.986988719552755,,,,,,,,,,,,,,,,,,,,,1.0,False,-13498811537/39957163868160,-0.0003378320739064409,negative,336,0.002976190476190476,0.0,1008,0.02080395995948887,0.02080395995948887,0.0,numerical_tie
appliances,ridge,independent_noise,32768,336,0.0029761904761904,0.0,8184,0.0001222890286706,stratified_hoeffding,0.9984829187827589,-0.0132294442149528,0.0003046828328174,0.2203522659838199,33.98698675632477,,,,,,,,,,,,,,,,,,,,,1.0,False,-13498811537/39957163868160,-0.0003378320739064409,negative,336,0.002976190476190476,0.0,1008,0.02080395995948887,0.02080395995948887,0.0,numerical_tie
appliances,ridge,independent_noise,32768,336,0.0029761904761904,0.0,8184,0.0001222890286706,stratified_hybrid,1.0,-0.0053200156802916,0.0003046828328174,0.2203522659838199,33.98698898777366,,,,,,,,,,,,,,,,,,,,,1.0,False,-13498811537/39957163868160,-0.0003378320739064409,negative,336,0.002976190476190476,0.0,1008,0.02080395995948887,0.02080395995948887,0.0,numerical_tie
appliances,ridge,independent_noise,32768,336,0.0029761904761904,0.0,8184,0.0001222890286706,stratified_pooled_bernstein,1.0,-0.0047408463403413,0.0003046828328174,0.2203522659838199,33.98698829859495,,,,,,,,,,,,,,,,,,,,,1.0,False,-13498811537/39957163868160,-0.0003378320739064409,negative,336,0.002976190476190476,0.0,1008,0.02080395995948887,0.02080395995948887,0.0,numerical_tie
appliances,ridge,independent_noise,32768,336,0.0029761904761904,0.0,8184,0.0001222890286706,stratified_profiled_betting,1.0,,,0.2203522659838199,33.986989598721266,"['1/10', '3/10', '1/2', '7/10', '9/10']",31.0,0.0,32768.0,0.5,60.0,exact-rational tangent LP; outward Decimal logarithms,1.0,-4.103000958599626,-4.103000958599626,-4.099115333491759,0.0038856251078654,"[{'fraction': '1/10', 'log_e_lower': -2.4935630466370986, 'primal_log_e_upper': -2.4896774215296915, 'certified_optimization_gap_upper': 0.0038856251074061996, 'optimizer_success': True, 'optimizer_status': 'Optimization terminated successfully', 'optimizer_iterations': 81, 'objective_evaluations': 81, 'feasible_mean_vector': [0.49053275695221427, 0.48404734836706304, 0.5275936325732082, 0.5049790061035996, 0.49779241052115103, 0.5076106709911762, 0.5121187689575452, 0.49414041410653564, 0.5109356220933041, 0.49725779123996827, 0.4907519715322071, 0.5074397861398163, 0.5075296299956521, 0.4875568750176786, 0.47530464160817215, 0.5051390567920383, 0.48643178702599965, 0.5058017617433747, 0.49291630994592395, 0.5055836973624592, 0.49609149091747506, 0.496968117646567, 0.5107914504380466, 0.5079688586849792, 0.52775647132861, 0.502227814975376, 0.4904689540119394, 0.5024930775618959, 0.45195820448603097, 0.4902514368390514, 0.5189788610572695]}, {'fraction': '3/10', 'log_e_lower': -23.968509576384566, 'primal_log_e_upper': -23.963650639208673, 'certified_optimization_gap_upper': 0.004858937175886717, 'optimizer_success': True, 'optimizer_status': 'Optimization terminated successfully', 'optimizer_iterations': 60, 'objective_evaluations': 61, 'feasible_mean_vector': [0.49160456657100887, 0.4836135553985376, 0.5304415122894197, 0.5058465643684894, 0.500643897799354, 0.5074342651373492, 0.5156645041399054, 0.495661141851263, 0.5072736273744336, 0.4990183447684031, 0.49135378791650103, 0.506132343510729, 0.5080994088982558, 0.48710888932494706, 0.47503718314928006, 0.5036622238189753, 0.4856099046006532, 0.5067195112086066, 0.4913703822863565, 0.5057704568907165, 0.49631872020877676, 0.4971063960137666, 0.509543136310824, 0.5061153206862805, 0.5290636935594729, 0.5023938603679556, 0.49243748499429124, 0.5022033178516935, 0.448753957002246, 0.4909614108029557, 0.5239497901644493]}, {'fraction': '1/2', 'log_e_lower': -73.28834097592045, 'primal_log_e_upper': -73.2843634549255, 'certified_optimization_gap_upper': 0.003977520994923634, 'optimizer_success': True, 'optimizer_status': 'Optimization terminated successfully', 'optimizer_iterations': 59, 'objective_evaluations': 59, 'feasible_mean_vector': [0.4922355789712842, 0.4826827589119478, 0.5341050245521403, 0.5068620509826731, 0.5036017689741547, 0.5074804713350312, 0.5195317761797195, 0.497012111103435, 0.5039725083240449, 0.5007325973019757, 0.4917632796186481, 0.5050110061617604, 0.5087205769375829, 0.4862710660971872, 0.474090387393964, 0.5024532868039245, 0.4844685245914705, 0.5077205969046553, 0.48973353473253634, 0.5061091890706313, 0.49651353149343314, 0.49718401406655705, 0.508558169415606, 0.5044910619157005, 0.5311411577803445, 0.5026043831470317, 0.49429021998426376, 0.5020717025694885, 0.44408013520075607, 0.4912637332500573, 0.5294342843613659]}, {'fraction': '7/10', 'log_e_lower': -170.82577868222637, 'primal_log_e_upper': -170.82155346038246, 'certified_optimization_gap_upper': 0.004225221843847543, 'optimizer_success': True, 'optimizer_status': 'Optimization terminated successfully', 'optimizer_iterations': 56, 'objective_evaluations': 56, 'feasible_mean_vector': [0.49246510850982145, 0.48114773005157585, 0.538938002033377, 0.5081310454820501, 0.507063806413846, 0.5077569329292767, 0.5241547979205254, 0.4983382878893727, 0.5007765614493596, 0.502580193310742, 0.49206764848452444, 0.5039381362244024, 0.5094340079555861, 0.48496903694169174, 0.4724538567626771, 0.5014375293425516, 0.48291670856186947, 0.508857822254762, 0.48788391477397913, 0.5066047857125636, 0.4967036129580566, 0.4972027580896838, 0.5076995517487086, 0.5029111041692469, 0.5341797229330582, 0.5028391773125501, 0.4963077112637571, 0.5020756175477228, 0.4375974833866405, 0.4911504627391038, 0.5359977825062596]}, {'fraction': '9/10', 'log_e_lower': -416.05177257570153, 'primal_log_e_upper': -416.047456386592, 'certified_optimization_gap_upper': 0.004316189109418552, 'optimizer_success': True, 'optimizer_status': 'Optimization terminated successfully', 'optimizer_iterations': 55, 'objective_evaluations': 55, 'feasible_mean_vector': [0.4922069154649714, 0.47876882897752143, 0.5455981547262512, 0.5098298072712277, 0.5116549833699787, 0.5083165256983654, 0.5301988522938941, 0.49979092241566864, 0.49742520437165827, 0.504800570262443, 0.49236925135748083, 0.5027525517050591, 0.5102576105218316, 0.48302962368827423, 0.47000422299880945, 0.5006042362243263, 0.4808099887486209, 0.5101865341292969, 0.4856916975689359, 0.5072734626479928, 0.4969397648697454, 0.49715687827116806, 0.5068080276849108, 0.5011624037281442, 0.5385825835410887, 0.5030642777328044, 0.49889638386021884, 0.5022344525021182, 0.42870248686196283, 0.4904949700499287, 0.5445165208429266]}]",certified_lower_evidence,0.2007337547838688,,,,,,1.0,False,-13498811537/39957163868160,-0.0003378320739064409,negative,336,0.002976190476190476,0.0,1008,0.02080395995948887,0.02080395995948887,0.0,numerical_tie
appliances,ridge,persistence,32768,336,0.0029761904761904,0.0,8184,0.0001222890286706,full_u_joint,1.0,-1.2434071302190497,0.0195173739907419,0.2301114685833454,33.88241461664438,,,,,,,,,,,,,,,,1.2629245042097914,2.136949450705937e-06,0.3156363219914226,1.0,1.0,1.0,False,731831079233/39957163868160,0.018315390993407368,positive,336,0.002976190476190476,0.05,1008,0.02044743804014141,0.02080395995948887,0.0003565219193474613,positive
appliances,ridge,persistence,32768,336,0.0029761904761904,0.0,8184,0.0001222890286706,stratified_cell_bernstein,1.0,-0.0674308869372856,0.0181393084856062,0.2301114685833454,33.88241373375058,,,,,,,,,,,,,,,,,,,,,1.0,False,731831079233/39957163868160,0.018315390993407368,positive,336,0.002976190476190476,0.05,1008,0.02044743804014141,0.02080395995948887,0.0003565219193474613,positive
appliances,ridge,persistence,32768,336,0.0029761904761904,0.0,8184,0.0001222890286706,stratified_hoeffding,0.0046020210006994,0.0046051814378358,0.0181393084856062,0.2301114685833454,33.88241134956479,,,,,,,,,,,,,,,,,,,,,0.1000610851866365,False,731831079233/39957163868160,0.018315390993407368,positive,336,0.002976190476190476,0.05,1008,0.02044743804014141,0.02080395995948887,0.0003565219193474613,positive
appliances,ridge,persistence,32768,336,0.0029761904761904,0.0,8184,0.0001222890286706,stratified_hybrid,7.826817102415949e-12,0.013078978200637,0.0181393084856062,0.2301114685833454,33.882414028048515,,,,,,,,,,,,,,,,,,,,,1.7017736614110108e-10,True,731831079233/39957163868160,0.018315390993407368,positive,336,0.002976190476190476,0.05,1008,0.02044743804014141,0.02080395995948887,0.0003565219193474613,positive
appliances,ridge,persistence,32768,336,0.0029761904761904,0.0,8184,0.0001222890286706,stratified_pooled_bernstein,3.913408551207975e-12,0.0136115915164743,0.0181393084856062,0.2301114685833454,33.88241324201226,,,,,,,,,,,,,,,,,,,,,8.508868307055054e-11,True,731831079233/39957163868160,0.018315390993407368,positive,336,0.002976190476190476,0.05,1008,0.02044743804014141,0.02080395995948887,0.0003565219193474613,positive
appliances,ridge,persistence,32768,336,0.0029761904761904,0.0,8184,0.0001222890286706,stratified_profiled_betting,1.1367259405655557e-52,,,0.2301114685833454,33.88241421431303,"['1/10', '3/10', '1/2', '7/10', '9/10']",31.0,0.0,32768.0,0.5,60.0,exact-rational tangent LP; outward Decimal logarithms,1.1367259405655557e-52,119.60627268729752,119.60627268729752,119.61172649131775,0.0054538040201871,"[{'fraction': '1/10', 'log_e_lower': 27.527757768109282, 'primal_log_e_upper': 27.53277796196542, 'certified_optimization_gap_upper': 0.005020193856127324, 'optimizer_success': True, 'optimizer_status': 'Optimization terminated successfully', 'optimizer_iterations': 80, 'objective_evaluations': 81, 'feasible_mean_vector': [0.48548660897364304, 0.4839295780897248, 0.5099363211230776, 0.4971743020211627, 0.5058367570056304, 0.49344749274983335, 0.5138971747131971, 0.49777065481070404, 0.48564094179485673, 0.5012160083054387, 0.49439070849518507, 0.4933249190797902, 0.5026440880370309, 0.4921294876580616, 0.47719460174807105, 0.5108586248609935, 0.506243887328725, 0.5068846650594611, 0.5103700612701428, 0.5089956942433118, 0.4980405323097355, 0.5235776422969838, 0.5214972511634017, 0.5129193638262333, 0.522201273922326, 0.48503163576548763, 0.4904133119102278, 0.48541348535530576, 0.4439996478191119, 0.4803355798146536, 0.5133237705052814]}, {'fraction': '3/10', 'log_e_lower': 72.51712055659212, 'primal_log_e_upper': 72.52260375632002, 'certified_optimization_gap_upper': 0.005483199727880536, 'optimizer_success': True, 'optimizer_status': 'Optimization terminated successfully', 'optimizer_iterations': 60, 'objective_evaluations': 60, 'feasible_mean_vector': [0.4871051493634542, 0.48402384293095124, 0.5145659376574248, 0.49793924842565984, 0.5089015429989756, 0.4947219781797549, 0.5146777384225494, 0.49943717442769797, 0.48626867197657464, 0.5038857347940371, 0.4960738159162116, 0.49346846444654896, 0.5040127421289681, 0.4915327534175146, 0.4777670163490022, 0.5095947903111275, 0.5039452267748465, 0.5064962157677133, 0.5090019048124431, 0.5075366442534288, 0.49900176206060665, 0.5199219262808769, 0.5179413993629217, 0.5109229110924248, 0.5230998717490588, 0.48658880134298305, 0.49212685665103634, 0.48683150545357207, 0.44055309906663065, 0.4813137100759216, 0.5184124593853098]}, {'fraction': '1/2', 'log_e_lower': 104.65076610877249, 'primal_log_e_upper': 104.6547865599806, 'certified_optimization_gap_upper': 0.004020451208069831, 'optimizer_success': True, 'optimizer_status': 'Optimization terminated successfully', 'optimizer_iterations': 58, 'objective_evaluations': 58, 'feasible_mean_vector': [0.4883212605734078, 0.4836225329199096, 0.519502661640947, 0.498622961634709, 0.5121362038753281, 0.4958356971895225, 0.5158736307112428, 0.5010457828108318, 0.486362792638122, 0.5066521957531475, 0.4975688308368818, 0.49348366518869496, 0.5054475596582738, 0.4907238394796602, 0.4777250065388944, 0.5087974393181319, 0.5018200945125678, 0.5063409544684562, 0.5079296901702669, 0.5063468203378362, 0.49998764535283824, 0.5167739061128084, 0.5149315355458527, 0.5093417595650301, 0.5246672568593912, 0.48764241517777046, 0.49346421045308053, 0.4877369852510893, 0.43549904724585475, 0.4816491281004857, 0.523898007856224]}, {'fraction': '7/10', 'log_e_lower': 121.21571052423226, 'primal_log_e_upper': 121.22116432834463, 'certified_optimization_gap_upper': 0.005453804112340463, 'optimizer_success': True, 'optimizer_status': 'Optimization terminated successfully', 'optimizer_iterations': 53, 'objective_evaluations': 54, 'feasible_mean_vector': [0.48927970876781096, 0.4826392637249628, 0.525214391006761, 0.49928657476706106, 0.5158276116050147, 0.49690590100019333, 0.5175666825191033, 0.5027518585426803, 0.48590865154251234, 0.5098058988546097, 0.49903256260046125, 0.493359828276188, 0.5070872315363334, 0.48963341893498336, 0.47711048819690083, 0.5084469382266057, 0.49964422309243905, 0.5063737633702994, 0.507055914969772, 0.5052735078519438, 0.5010966200357005, 0.5138849479160542, 0.5122077391651654, 0.5079850582408972, 0.5270275612182257, 0.48826187017201744, 0.4945244911717781, 0.4881959972966685, 0.4285035240668486, 0.4813457681022799, 0.5303369224439913]}, {'fraction': '9/10', 'log_e_lower': 102.937857596567, 'primal_log_e_upper': 102.94326493863356, 'certified_optimization_gap_upper': 0.005407342066538416, 'optimizer_success': True, 'optimizer_status': 'Optimization terminated successfully', 'optimizer_iterations': 52, 'objective_evaluations': 53, 'feasible_mean_vector': [0.49008824821560765, 0.48087360667586054, 0.5324113892656799, 0.4999994350412987, 0.5203782059891733, 0.498064498378216, 0.5199257188945474, 0.5047551251141494, 0.4847656688619252, 0.5137737538699008, 0.5006257643515715, 0.4930853177044674, 0.5091243271376537, 0.4881435376838476, 0.4758774037474535, 0.5086517178311144, 0.49714009198139353, 0.5065831330458458, 0.506309724425621, 0.5041531848875231, 0.5024908708225941, 0.510979227755162, 0.5094951937368352, 0.5066748044724103, 0.5304887356753905, 0.4884129733942337, 0.49533861657914646, 0.4881575474061603, 0.41898961214624225, 0.4802666733026708, 0.5385739846541189]}]",certified_lower_evidence,0.1980535648763179,,,,,,2.4715669736296795e-51,True,731831079233/39957163868160,0.018315390993407368,positive,336,0.002976190476190476,0.05,1008,0.02044743804014141,0.02080395995948887,0.0003565219193474613,positive
appliances,ridge,ridge_full,32768,336,0.0029761904761904,0.0,8184,0.0001222890286706,full_u_joint,1.0,-1.2604324750268812,0.0024920291829103,0.2066870592534542,33.05998196452856,,,,,,,,,,,,,,,,1.2629245042097914,2.028806036987996e-06,0.3156363219914226,1.0,1.0,1.0,False,46241423929/39957163868160,0.001157274927759516,positive,336,0.002976190476190476,0.0,1008,0.02080395995948887,0.02080395995948887,0.0,numerical_tie
appliances,ridge,ridge_full,32768,336,0.0029761904761904,0.0,8184,0.0001222890286706,stratified_cell_bernstein,1.0,-0.0783650605671492,0.0015420149366808,0.2066870592534542,33.05998093262315,,,,,,,,,,,,,,,,,,,,,1.0,False,46241423929/39957163868160,0.001157274927759516,positive,336,0.002976190476190476,0.0,1008,0.02080395995948887,0.02080395995948887,0.0,numerical_tie
appliances,ridge,ridge_full,32768,336,0.0029761904761904,0.0,8184,0.0001222890286706,stratified_hoeffding,0.9618580821662568,-0.0119921121110894,0.0015420149366808,0.2066870592534542,33.05997843667865,,,,,,,,,,,,,,,,,,,,,1.0,False,46241423929/39957163868160,0.001157274927759516,positive,336,0.002976190476190476,0.0,1008,0.02080395995948887,0.02080395995948887,0.0,numerical_tie
appliances,ridge,ridge_full,32768,336,0.0029761904761904,0.0,8184,0.0001222890286706,stratified_hybrid,1.0,-0.0023397784475053,0.0015420149366808,0.2066870592534542,33.059981141239405,,,,,,,,,,,,,,,,,,,,,1.0,False,46241423929/39957163868160,0.001157274927759516,positive,336,0.002976190476190476,0.0,1008,0.02080395995948887,0.02080395995948887,0.0,numerical_tie
appliances,ridge,ridge_full,32768,336,0.0029761904761904,0.0,8184,0.0001222890286706,stratified_pooled_bernstein,0.6827741390416274,-0.0019043853323015,0.0015420149366808,0.2066870592534542,33.05998044088483,,,,,,,,,,,,,,,,,,,,,1.0,False,46241423929/39957163868160,0.001157274927759516,positive,336,0.002976190476190476,0.0,1008,0.02080395995948887,0.02080395995948887,0.0,numerical_tie
appliances,ridge,ridge_full,32768,336,0.0029761904761904,0.0,8184,0.0001222890286706,stratified_profiled_betting,1.0,,,0.2066870592534542,33.0599815659225,"['1/10', '3/10', '1/2', '7/10', '9/10']",31.0,0.0,32768.0,0.5,60.0,exact-rational tangent LP; outward Decimal logarithms,1.0,-0.0874666465111869,-0.0874666465111869,-0.0833506357842532,0.0041160107269337,"[{'fraction': '1/10', 'log_e_lower': 1.4379640814644776, 'primal_log_e_upper': 1.4420515596870371, 'certified_optimization_gap_upper': 0.004087478222559108, 'optimizer_success': True, 'optimizer_status': 'Optimization terminated successfully', 'optimizer_iterations': 81, 'objective_evaluations': 81, 'feasible_mean_vector': [0.49381796534492806, 0.4861975418557899, 0.5172923060182928, 0.5017675921270381, 0.5102704264697975, 0.5023972285556931, 0.5105428701159184, 0.5012119416195572, 0.4957702560277798, 0.5025413864195444, 0.505634086130468, 0.4918013728892948, 0.5053123643850498, 0.48904977022957613, 0.488434018991923, 0.5100911829793553, 0.5100152970257106, 0.5091710802700065, 0.5102985237169, 0.500174196874121, 0.5025170080240096, 0.49743599419403767, 0.5104939386704442, 0.5021243839195473, 0.510968395157163, 0.4957846988264798, 0.4959612821883899, 0.4898422070566921, 0.4504616031025829, 0.487298822316157, 0.5207508694498525]}, {'fraction': '3/10', 'log_e_lower': -0.9966065449746171, 'primal_log_e_upper': -0.9921650221861894, 'certified_optimization_gap_upper': 0.0044415227884274456, 'optimizer_success': True, 'optimizer_status': 'Optimization terminated successfully', 'optimizer_iterations': 59, 'objective_evaluations': 59, 'feasible_mean_vector': [0.4938709765831733, 0.48553314572571876, 0.5203442180079902, 0.50224398509385, 0.5124853683488011, 0.5021372432867781, 0.51241348638797, 0.5021224816009243, 0.49455924961286535, 0.5038822390819253, 0.5053797727680643, 0.49157764612733945, 0.505763506030678, 0.4882052570344545, 0.48720843953214416, 0.5098379440618682, 0.5070307811075675, 0.5083887473548276, 0.510388003048493, 0.5008892011229019, 0.5028668608998839, 0.4975470730666707, 0.509428815834683, 0.5026950706992, 0.5132691167871429, 0.49596175227645256, 0.49645972356183254, 0.4897102455438721, 0.44560047020772675, 0.4867651256394966, 0.5242335019771719]}, {'fraction': '1/2', 'log_e_lower': -12.084443483824565, 'primal_log_e_upper': -12.079518508708377, 'certified_optimization_gap_upper': 0.004924975116184288, 'optimizer_success': True, 'optimizer_status': 'Optimization terminated successfully', 'optimizer_iterations': 56, 'objective_evaluations': 57, 'feasible_mean_vector': [0.49367477933949855, 0.4844077185003662, 0.5239285149465018, 0.5027908115451243, 0.5149895667053282, 0.5018898423154904, 0.5145547844751771, 0.5031335029558841, 0.4932085290201331, 0.5052921015056426, 0.5053140573403647, 0.491118182329908, 0.5063497323550116, 0.4870405816589016, 0.48563541951982764, 0.5099783336308487, 0.5043184241831029, 0.5079411866630038, 0.5107944160562254, 0.5015990379229708, 0.5032729307365762, 0.4975546074495619, 0.5087210948858654, 0.5033434188477689, 0.515883722915206, 0.49599986758596426, 0.49679203923588144, 0.48927717819877753, 0.4393210161462864, 0.4858048551051034, 0.5283548657663857]}, {'fraction': '7/10', 'log_e_lower': -37.62527228077329, 'primal_log_e_upper': -37.61978185840804, 'certified_optimization_gap_upper': 0.0054904223652377645, 'optimizer_success': True, 'optimizer_status': 'Optimization terminated successfully', 'optimizer_iterations': 53, 'objective_evaluations': 53, 'feasible_mean_vector': [0.4932059386174436, 0.48270958988448703, 0.5284100539154624, 0.5034594078298196, 0.5180343121633371, 0.5016251116225586, 0.5171775966932012, 0.5043852915626528, 0.4915700332516181, 0.5069169774195091, 0.5054023776541723, 0.4903942996401435, 0.5071128587655944, 0.48545879319801727, 0.48359660971063545, 0.5105313992290879, 0.5016197661355645, 0.5077724855822758, 0.5115371026795289, 0.5023727388517195, 0.5037546106031241, 0.4974446560566137, 0.5082750004080732, 0.5041304735163106, 0.519072120538337, 0.49590273228847614, 0.4969793349675773, 0.48852150411219336, 0.43119825953824703, 0.4843162769358439, 0.5335609563317807]}, {'fraction': '9/10', 'log_e_lower': -106.36051422295816, 'primal_log_e_upper': -106.35497055323226, 'certified_optimization_gap_upper': 0.00554366972586162, 'optimizer_success': True, 'optimizer_status': 'Optimization terminated successfully', 'optimizer_iterations': 52, 'objective_evaluations': 52, 'feasible_mean_vector': [0.49236691079419637, 0.4802030514424225, 0.5344140476521311, 0.5043300428942239, 0.522000349426219, 0.5012880248345407, 0.5206110757438992, 0.5061060418620034, 0.4894229739032231, 0.5089556632559566, 0.5056309914658736, 0.4893350332182663, 0.5081225202016793, 0.48327601942460124, 0.4808857455249324, 0.5116172109559576, 0.49864107812799074, 0.507885971316902, 0.5126972152774779, 0.5032831674494299, 0.5043417410525236, 0.4971625089545806, 0.508028183217948, 0.5051492493644604, 0.5232404055553458, 0.4956478750147924, 0.49699928770433627, 0.48735686475323137, 0.42059615349740975, 0.4820883171389899, 0.5405986462342454]}]",certified_lower_evidence,0.1795644126832485,,,,,,1.0,False,46241423929/39957163868160,0.001157274927759516,positive,336,0.002976190476190476,0.0,1008,0.02080395995948887,0.02080395995948887,0.0,numerical_tie
appliances,ridge,seasonal_day,32768,336,0.0029761904761904,0.0,8184,0.0001222890286706,full_u_joint,1.0,-1.2549312541638535,0.0079932500459379,0.233759731054306,33.97924618050456,,,,,,,,,,,,,,,,1.2629245042097914,1.2916848738078131e-06,0.3156363219914226,1.0,1.0,1.0,False,62177842453/8879369748480,0.007002506283021248,positive,336,0.002976190476190476,0.0,1008,0.02080395995948887,0.02080395995948887,0.0,numerical_tie
appliances,ridge,seasonal_day,32768,336,0.0029761904761904,0.0,8184,0.0001222890286706,stratified_cell_bernstein,1.0,-0.0799382025872682,0.0070842114689274,0.233759731054306,33.979244377464056,,,,,,,,,,,,,,,,,,,,,1.0,False,62177842453/8879369748480,0.007002506283021248,positive,336,0.002976190476190476,0.0,1008,0.02080395995948887,0.02080395995948887,0.0,numerical_tie
appliances,ridge,seasonal_day,32768,336,0.0029761904761904,0.0,8184,0.0001222890286706,stratified_hoeffding,0.4400892762524522,-0.0064499155788428,0.0070842114689274,0.233759731054306,33.97924201190472,,,,,,,,,,,,,,,,,,,,,1.0,False,62177842453/8879369748480,0.007002506283021248,positive,336,0.002976190476190476,0.0,1008,0.02080395995948887,0.02080395995948887,0.0,numerical_tie
appliances,ridge,seasonal_day,32768,336,0.0029761904761904,0.0,8184,0.0001222890286706,stratified_hybrid,0.0027116010982091,0.0020361122324836,0.0070842114689274,0.233759731054306,33.9792447462678,,,,,,,,,,,,,,,,,,,,,0.014739488826694,True,62177842453/8879369748480,0.007002506283021248,positive,336,0.002976190476190476,0.0,1008,0.02080395995948887,0.02080395995948887,0.0,numerical_tie
appliances,ridge,seasonal_day,32768,336,0.0029761904761904,0.0,8184,0.0001222890286706,stratified_pooled_bernstein,0.0013558005491045,0.0025677165811933,0.0070842114689274,0.233759731054306,33.97924379631877,,,,,,,,,,,,,,,,,,,,,0.007369744413347,True,62177842453/8879369748480,0.007002506283021248,positive,336,0.002976190476190476,0.0,1008,0.02080395995948887,0.02080395995948887,0.0,numerical_tie
appliances,ridge,seasonal_day,32768,336,0.0029761904761904,0.0,8184,0.0001222890286706,stratified_profiled_betting,2.2880069207544962e-07,,,0.233759731054306,33.979245349764824,"['1/10', '3/10', '1/2', '7/10', '9/10']",31.0,0.0,32768.0,0.5,60.0,exact-rational tangent LP; outward Decimal logarithms,2.2880069207544962e-07,15.290414552640057,15.290414552640057,15.294099123933018,0.0036845712929601,"[{'fraction': '1/10', 'log_e_lower': 9.390722518340787, 'primal_log_e_upper': 9.395327014305332, 'certified_optimization_gap_upper': 0.004604495964541148, 'optimizer_success': True, 'optimizer_status': 'Optimization terminated successfully', 'optimizer_iterations': 80, 'objective_evaluations': 80, 'feasible_mean_vector': [0.49432464644528806, 0.48997664715874156, 0.5152318299803473, 0.49953384559227354, 0.504702295690636, 0.5045018041155525, 0.5117952510492509, 0.5030653134808977, 0.4869246848267456, 0.5127302796625044, 0.5030120479418067, 0.4949219553615513, 0.5090846718319151, 0.49628992810199807, 0.47986501691869576, 0.5055948627847203, 0.5112061617263423, 0.4982051427213036, 0.5364159147124924, 0.4880692670925644, 0.5067183360738531, 0.5034431400801336, 0.5076721637807038, 0.49969070291705936, 0.5013490714185054, 0.4874533634688647, 0.49397449537111193, 0.49258355696881123, 0.4486494025857425, 0.48590441551632385, 0.5221034276112019]}, {'fraction': '3/10', 'log_e_lower': 16.899258189564737, 'primal_log_e_upper': 16.902942263469107, 'certified_optimization_gap_upper': 0.003684073904362594, 'optimizer_success': True, 'optimizer_status': 'Optimization terminated successfully', 'optimizer_iterations': 60, 'objective_evaluations': 61, 'feasible_mean_vector': [0.4949520731524385, 0.48952706509149974, 0.5195825721677547, 0.5008776739960844, 0.5077721369133187, 0.5053188302149442, 0.5141812131170991, 0.5037109917483206, 0.48782383207062774, 0.5137577990360727, 0.5036532881981874, 0.49411939014787337, 0.5091512741712354, 0.4948718186312434, 0.4801407983877058, 0.5061894258366506, 0.5064208949357536, 0.49741669070966876, 0.5318065797418845, 0.4883230130119577, 0.505970189589892, 0.5042231234536686, 0.5058134983791639, 0.4993854634711855, 0.5037097622938536, 0.48791290418442007, 0.4957276202013035, 0.4929771325672987, 0.4449352193317612, 0.48616705213031747, 0.5273313328825837]}, {'fraction': '1/2', 'log_e_lower': 6.913879466106583, 'primal_log_e_upper': 6.917405236414155, 'certified_optimization_gap_upper': 0.003525770307570949, 'optimizer_success': True, 'optimizer_status': 'Optimization terminated successfully', 'optimizer_iterations': 58, 'objective_evaluations': 58, 'feasible_mean_vector': [0.4953535315589764, 0.4887449552599395, 0.5243819519283893, 0.5022447628569079, 0.5109258563387288, 0.5062517010682069, 0.5168371749896724, 0.5043017126226527, 0.488355426501502, 0.515259336968061, 0.5045346693867183, 0.4932842972934528, 0.509542964177715, 0.49336032683170494, 0.48007799337509, 0.5070074246185756, 0.5020032450247638, 0.49662917416178953, 0.5278736009453947, 0.4881808033703874, 0.5054005005447029, 0.5051378743744127, 0.5042371281289926, 0.49906087983426645, 0.5060209566913606, 0.48793996585496135, 0.49722553235346223, 0.49316956424417585, 0.43971287102182194, 0.48597296588718014, 0.533221670932977]}, {'fraction': '7/10', 'log_e_lower': -30.776549961409234, 'primal_log_e_upper': -30.77241863287016, 'certified_optimization_gap_upper': 0.0041313285390675745, 'optimizer_success': True, 'optimizer_status': 'Optimization terminated successfully', 'optimizer_iterations': 55, 'objective_evaluations': 55, 'feasible_mean_vector': [0.49553638413711165, 0.48750690253687373, 0.5300934710531513, 0.5037755989435003, 0.5144493448968149, 0.507390817492325, 0.519993047404534, 0.5048665722829337, 0.4886028362104686, 0.5174120871628352, 0.5058260494931331, 0.49235944372203516, 0.5102913171476974, 0.4916195618440429, 0.4798258304737416, 0.5081375996412423, 0.4975839470855253, 0.49575485636142524, 0.5243587441500448, 0.48759960811327735, 0.5049425070979542, 0.5062529614177909, 0.5027770126557198, 0.49863037954761036, 0.5084803298690206, 0.48749454755988003, 0.4985771748476294, 0.49315685230056117, 0.43261583197001224, 0.4852759321727203, 0.5403986734355204]}, {'fraction': '9/10', 'log_e_lower': -148.12204523836772, 'primal_log_e_upper': -148.11803835246852, 'certified_optimization_gap_upper': 0.004006885899150333, 'optimizer_success': True, 'optimizer_status': 'Optimization terminated successfully', 'optimizer_iterations': 54, 'objective_evaluations': 54, 'feasible_mean_vector': [0.4954351650936546, 0.4855766318824021, 0.5374501733973535, 0.5056679447154916, 0.5187105419953751, 0.5088754786854836, 0.5240011019238784, 0.5054059121178791, 0.48860522804234013, 0.520584992426934, 0.5078637808623662, 0.49129881172616874, 0.5115036273622752, 0.4894508572531517, 0.4795847648644342, 0.5097598028796794, 0.49274984732979454, 0.4946829921210988, 0.5209714551478125, 0.48643715683544525, 0.5045431405489103, 0.507670070402181, 0.5012706397900794, 0.4979594007790448, 0.5113063163301804, 0.4864202537359983, 0.4998397196538941, 0.49288653024294543, 0.4230305713403764, 0.48391336164151166, 0.5498711629034515]}]",certified_lower_evidence,0.2012366913259029,,,,,,1.243695190495837e-06,True,62177842453/8879369748480,0.007002506283021248,positive,336,0.002976190476190476,0.0,1008,0.02080395995948887,0.02080395995948887,0.0,numerical_tie
appliances,ridge,seasonal_week,32768,336,0.0029761904761904,0.0,8184,0.0001222890286706,full_u_joint,1.0,-1.270036603381333,-0.0071120991715416,0.2179325856268406,34.070225048810244,,,,,,,,,,,,,,,,1.2629245042097914,1.3125068570076814e-06,0.3156363219914226,1.0,1.0,1.0,False,-311386495127/39957163868160,-0.00779300793605948,negative,336,0.002976190476190476,0.1,1008,0.020214654935871268,0.02080395995948887,0.0005893050236176027,positive
appliances,ridge,seasonal_week,32768,336,0.0029761904761904,0.0,8184,0.0001222890286706,stratified_cell_bernstein,1.0,-0.0946097397582771,-0.0084463988617317,0.2179325856268406,34.07022403925657,,,,,,,,,,,,,,,,,,,,,1.0,False,-311386495127/39957163868160,-0.00779300793605948,negative,336,0.002976190476190476,0.1,1008,0.020214654935871268,0.02080395995948887,0.0005893050236176027,positive
appliances,ridge,seasonal_week,32768,336,0.0029761904761904,0.0,8184,0.0001222890286706,stratified_hoeffding,1.0,-0.021980525909502,-0.0084463988617317,0.2179325856268406,34.07022166624665,,,,,,,,,,,,,,,,,,,,,1.0,False,-311386495127/39957163868160,-0.00779300793605948,negative,336,0.002976190476190476,0.1,1008,0.020214654935871268,0.02080395995948887,0.0005893050236176027,positive
appliances,ridge,seasonal_week,32768,336,0.0029761904761904,0.0,8184,0.0001222890286706,stratified_hybrid,1.0,-0.0134095472089964,-0.0084463988617317,0.2179325856268406,34.07022440060973,,,,,,,,,,,,,,,,,,,,,1.0,False,-311386495127/39957163868160,-0.00779300793605948,negative,336,0.002976190476190476,0.1,1008,0.020214654935871268,0.02080395995948887,0.0005893050236176027,positive
appliances,ridge,seasonal_week,32768,336,0.0029761904761904,0.0,8184,0.0001222890286706,stratified_pooled_bernstein,1.0,-0.0128849506531565,-0.0084463988617317,0.2179325856268406,34.07022346556187,,,,,,,,,,,,,,,,,,,,,1.0,False,-311386495127/39957163868160,-0.00779300793605948,negative,336,0.002976190476190476,0.1,1008,0.020214654935871268,0.02080395995948887,0.0005893050236176027,positive
appliances,ridge,seasonal_week,32768,336,0.0029761904761904,0.0,8184,0.0001222890286706,stratified_profiled_betting,1.0,,,0.2179325856268406,34.07022466883063,"['1/10', '3/10', '1/2', '7/10', '9/10']",31.0,0.0,32768.0,0.5,60.0,exact-rational tangent LP; outward Decimal logarithms,1.0,-17.721363854673307,-17.721363854673307,-17.71702796735179,0.0043358873215089,"[{'fraction': '1/10', 'log_e_lower': -16.111925942239207, 'primal_log_e_upper': -16.10759005491769, 'certified_optimization_gap_upper': 0.004335887321508961, 'optimizer_success': True, 'optimizer_status': 'Optimization terminated successfully', 'optimizer_iterations': 79, 'objective_evaluations': 79, 'feasible_mean_vector': [0.4988826692445851, 0.48951640912041317, 0.5229521128924748, 0.5101536584427219, 0.5105779429056067, 0.5011776157925003, 0.5083172204533639, 0.5071773473813521, 0.5044596899832909, 0.5136022727206907, 0.5094812329798091, 0.49322702934666274, 0.5027679663847311, 0.49991281314939123, 0.4958555226313086, 0.5081413425748021, 0.5049594095309509, 0.4873425518034354, 0.5141897876832169, 0.4935661884745941, 0.5057229167078283, 0.49457586260953035, 0.4925634071772808, 0.49563350450842686, 0.5200751482122332, 0.4963719100905716, 0.5014014753584425, 0.4711742634306482, 0.4554236018227275, 0.4921766621830095, 0.5299326902946454]}, {'fraction': '3/10', 'log_e_lower': -61.24967333732584, 'primal_log_e_upper': -61.24429687540321, 'certified_optimization_gap_upper': 0.005376461922615989, 'optimizer_success': True, 'optimizer_status': 'Optimization terminated successfully', 'optimizer_iterations': 60, 'objective_evaluations': 60, 'feasible_mean_vector': [0.49969524904953244, 0.4891276296489261, 0.5268458251902419, 0.510951413641042, 0.5132248271771924, 0.5019174242494298, 0.5106184296211002, 0.5089170052709648, 0.5032435351817243, 0.514645064179449, 0.5102755099676235, 0.4922186663119605, 0.504735888775951, 0.49832440913341186, 0.4950455625606923, 0.5072254943529021, 0.5033336050398958, 0.48571302762054586, 0.5137674037565445, 0.4927574297553782, 0.5067362414238399, 0.49449446450207835, 0.4929117521109205, 0.4951887432583473, 0.5223186407642985, 0.49657280121041225, 0.502700208083771, 0.46941390708394803, 0.45127749969365083, 0.49212927684726226, 0.5346864279634354]}, {'fraction': '1/2', 'log_e_lower': -130.28587476741674, 'primal_log_e_upper': -130.28152434782214, 'certified_optimization_gap_upper': 0.0043504195945332225, 'optimizer_success': True, 'optimizer_status': 'Optimization terminated successfully', 'optimizer_iterations': 58, 'objective_evaluations': 58, 'feasible_mean_vector': [0.5003941456349014, 0.48833972566051415, 0.5313980309302054, 0.5120267201108925, 0.516249625909405, 0.5027432244643475, 0.5131933717160599, 0.510820885147056, 0.5020821830166077, 0.5160417279392752, 0.5113670070500115, 0.491007456080433, 0.5069612262014837, 0.49685336981150213, 0.4940016324102433, 0.5065087557588233, 0.5017715400936299, 0.4837819814616601, 0.5137429717089483, 0.4917980191291525, 0.5078968540403676, 0.49429372356777196, 0.492987025954351, 0.49461739972637053, 0.5251350539899501, 0.4965751934425633, 0.5039395551682263, 0.4669850408684147, 0.44577342503461054, 0.4918211335884634, 0.5403360181224879]}, {'fraction': '7/10', 'log_e_lower': -243.78123334368047, 'primal_log_e_upper': -243.77748504017143, 'certified_optimization_gap_upper': 0.0037483035089720413, 'optimizer_success': True, 'optimizer_status': 'Optimization terminated successfully', 'optimizer_iterations': 56, 'objective_evaluations': 56, 'feasible_mean_vector': [0.5010299489984587, 0.48706194748565557, 0.5370573155297296, 0.5134915424635492, 0.5199899844704228, 0.503768541985986, 0.5163119119578309, 0.5130738486972138, 0.5008098824405712, 0.517929497903227, 0.5128508754991612, 0.4894647377632214, 0.5097450467024345, 0.4953572175684392, 0.492575520735777, 0.5059129102070964, 0.5000749370280502, 0.4813801705602701, 0.5141183476440568, 0.49060358732525805, 0.509329152692961, 0.4939563324044612, 0.4927744586059458, 0.4938543229581609, 0.5287626129814149, 0.4963246992270486, 0.5051947314336742, 0.4637766051154022, 0.43848832892230266, 0.49120378941609066, 0.5474761910361082]}, {'fraction': '9/10', 'log_e_lower': -498.5598403455111, 'primal_log_e_upper': -498.55585982132465, 'certified_optimization_gap_upper': 0.003980524186337518, 'optimizer_success': True, 'optimizer_status': 'Optimization terminated successfully', 'optimizer_iterations': 55, 'objective_evaluations': 55, 'feasible_mean_vector': [0.5016186946631093, 0.48507660005633135, 0.5445704761984296, 0.5155530783867304, 0.5250039523780613, 0.50517172438359, 0.520390804961917, 0.5159398252539131, 0.4991857525230235, 0.5205498860643883, 0.5148991095269554, 0.48738675738894566, 0.5135985429925469, 0.4937026505763967, 0.49049589949552047, 0.505356795049549, 0.4979626467285853, 0.47825064655898486, 0.5149682089022344, 0.48903995709500214, 0.5112268688555993, 0.49343685376340796, 0.492181057381567, 0.4927868828203334, 0.5336284486624548, 0.49567207624398857, 0.506503998464815, 0.4595698996168589, 0.42874358046071637, 0.4901484671746702, 0.5571418562526115]}]",certified_lower_evidence,0.1961723007261753,,,,,,1.0,False,-311386495127/39957163868160,-0.00779300793605948,negative,336,0.002976190476190476,0.1,1008,0.020214654935871268,0.02080395995948887,0.0005893050236176027,positive
appliances,seasonal_day,category_copy,32768,336,0.0059523809523809,0.0,8183,0.0001223192014091,full_u_joint,1.0,-0.6337755969824193,-0.0010629245763255,0.1443790271878242,37.48811262473464,,,,,,,,,,,,,,,,0.6327126724060936,1.547467359660386e-06,0.1579766874806744,1.0,1.0,1.0,False,0,0.0,zero,336,0.005952380952380952,0.05,1008,0.0413980341485031,0.04129839692198081,-9.963722652228668e-05,negative
appliances,seasonal_day,category_copy,32768,336,0.0059523809523809,0.0,8183,0.0001223192014091,stratified_cell_bernstein,1.0,-0.0641692628222565,0.0,0.1443790271878242,37.48811163380742,,,,,,,,,,,,,,,,,,,,,1.0,False,0,0.0,zero,336,0.005952380952380952,0.05,1008,0.0413980341485031,0.04129839692198081,-9.963722652228668e-05,negative
appliances,seasonal_day,category_copy,32768,336,0.0059523809523809,0.0,8183,0.0001223192014091,stratified_hoeffding,1.0,-0.0135357966026515,0.0,0.1443790271878242,37.488109458237886,,,,,,,,,,,,,,,,,,,,,1.0,False,0,0.0,zero,336,0.005952380952380952,0.05,1008,0.0413980341485031,0.04129839692198081,-9.963722652228668e-05,negative
appliances,seasonal_day,category_copy,32768,336,0.0059523809523809,0.0,8183,0.0001223192014091,stratified_hybrid,1.0,-0.001332896047386,0.0,0.1443790271878242,37.48811199143529,,,,,,,,,,,,,,,,,,,,,1.0,False,0,0.0,zero,336,0.005952380952380952,0.05,1008,0.0413980341485031,0.04129839692198081,-9.963722652228668e-05,negative
appliances,seasonal_day,category_copy,32768,336,0.0059523809523809,0.0,8183,0.0001223192014091,stratified_pooled_bernstein,1.0,-0.0011220590958453,0.0,0.1443790271878242,37.488111171871424,,,,,,,,,,,,,,,,,,,,,1.0,False,0,0.0,zero,336,0.005952380952380952,0.05,1008,0.0413980341485031,0.04129839692198081,-9.963722652228668e-05,negative
appliances,seasonal_day,category_copy,32768,336,0.0059523809523809,0.0,8183,0.0001223192014091,stratified_profiled_betting,1.0,,,0.1443790271878242,37.48811226338148,"['1/10', '3/10', '1/2', '7/10', '9/10']",30.0,0.0,32768.0,0.5,60.0,exact-rational tangent LP; outward Decimal logarithms,1.0,-1.0468655788054302,-1.0468655788054302,-1.0424041071219852,0.0044614716834446,"[{'fraction': '1/10', 'log_e_lower': -0.20865860341948655, 'primal_log_e_upper': -0.20353944521990172, 'certified_optimization_gap_upper': 0.0051191581995848005, 'optimizer_success': True, 'optimizer_status': 'Optimization terminated successfully', 'optimizer_iterations': 66, 'objective_evaluations': 67, 'feasible_mean_vector': [0.49622371450780134, 0.5091356606517089, 0.48706801223785007, 0.5105440168037302, 0.48521815637358995, 0.5227450656412523, 0.5085057617764169, 0.506994974261995, 0.48692388527517977, 0.5005539014638245, 0.49558257534517625, 0.4970603354361968, 0.4952886473460659, 0.5140663538082556, 0.5047310988821834, 0.4980319637567843, 0.4995498895140295, 0.4962182018691886, 0.49699708461052783, 0.5227522931224697, 0.5101483245013779, 0.48336167912901357, 0.5046941690249879, 0.49621820186918864, 0.49622039794640216, 0.5279349886409842, 0.507887113385325, 0.4946671781614328, 0.4907406074463351, 0.4934917338897608]}, {'fraction': '3/10', 'log_e_lower': -0.686338036073778, 'primal_log_e_upper': -0.6825090667938056, 'certified_optimization_gap_upper': 0.003828969279972033, 'optimizer_success': True, 'optimizer_status': 'Optimization terminated successfully', 'optimizer_iterations': 54, 'objective_evaluations': 55, 'feasible_mean_vector': [0.4957755998536859, 0.5102048896065121, 0.48555125321327236, 0.5117813892549724, 0.4834854569494458, 0.5254514425308644, 0.5095172716254651, 0.5078166741001261, 0.48539294001350325, 0.5006209872900628, 0.4950585335328848, 0.49670903242655795, 0.4947316039532152, 0.5157191122968972, 0.5052843465212414, 0.4977983297814699, 0.4995067127211796, 0.4957723199554421, 0.496641251072142, 0.5254494656953596, 0.511341632423401, 0.48141242851443705, 0.5052592368749104, 0.4957723199554422, 0.49577437256479845, 0.531226675081231, 0.5088110945954596, 0.49403427262431454, 0.4896545228523062, 0.4927229675872713]}, {'fraction': '1/2', 'log_e_lower': -1.2931840889855357, 'primal_log_e_upper': -1.2894679263900721, 'certified_optimization_gap_upper': 0.003716162595463061, 'optimizer_success': True, 'optimizer_status': 'Optimization terminated successfully', 'optimizer_iterations': 48, 'objective_evaluations': 49, 'feasible_mean_vector': [0.4952069255357912, 0.5115640277090577, 0.48363526430650045, 0.5133556182442073, 0.481299116016096, 0.5288890704158793, 0.5107891425426604, 0.5088575908227507, 0.4834560600191607, 0.5006978055559204, 0.49439497567276414, 0.49626485638507983, 0.4940245361304077, 0.5178260603594738, 0.5059838492751956, 0.4974989842331534, 0.49943515520527537, 0.495204055154923, 0.49618947982639144, 0.5288855176644831, 0.5128573600517671, 0.4789554851299612, 0.5059562056284967, 0.4952040551549231, 0.4952062546502526, 0.5354537497306631, 0.5099854182727941, 0.49323499544326577, 0.488278277064415, 0.49175215559413993]}, {'fraction': '7/10', 'log_e_lower': -2.0886285014464994, 'primal_log_e_upper': -2.084028327127684, 'certified_optimization_gap_upper': 0.004600174318814027, 'optimizer_success': True, 'optimizer_status': 'Optimization terminated successfully', 'optimizer_iterations': 45, 'objective_evaluations': 46, 'feasible_mean_vector': [0.4944567929849165, 0.5133456291369632, 0.4811441334708429, 0.5154207314462705, 0.4784616579810567, 0.5334427280520164, 0.5124511237966829, 0.5102159835934679, 0.4809382352534199, 0.5007890424029183, 0.4935213105590474, 0.49567632718928867, 0.4930948969600575, 0.5205997173697642, 0.5068935944292695, 0.49709912586706273, 0.4993318832227293, 0.49445361263803, 0.4955898358063429, 0.5334378907010756, 0.5148441940946565, 0.47577238435447644, 0.5068611385917169, 0.49445361263802995, 0.4944563573862265, 0.541077479758563, 0.51152055213903, 0.4921853358960615, 0.48648038491250967, 0.4904787830283477]}, {'fraction': '9/10', 'log_e_lower': -3.1738892769835925, 'primal_log_e_upper': -3.170107694972338, 'certified_optimization_gap_upper': 0.0037815820112532964, 'optimizer_success': True, 'optimizer_status': 'Optimization terminated successfully', 'optimizer_iterations': 46, 'objective_evaluations': 47, 'feasible_mean_vector': [0.49341713162681367, 0.5157782694185906, 0.4777808742720497, 0.5182511539612735, 0.4746427452401966, 0.5398023511424562, 0.5147193011280922, 0.5120628836629635, 0.4775394247947741, 0.5008914278037033, 0.4923158778500555, 0.49485592880367346, 0.4918138165713416, 0.5244247578124911, 0.508119161531991, 0.4965339196459252, 0.4991682309457389, 0.49341427165962104, 0.4947536089875819, 0.539796482217704, 0.5175647575484551, 0.4715009760805743, 0.5080786054518278, 0.4934142716596211, 0.4934173628898648, 0.5489841537332256, 0.5136124202428658, 0.49074282852388, 0.48403781735287815, 0.48873694289616976]}]",certified_lower_evidence,0.1249633878469467,,,,,,1.0,False,0,0.0,zero,336,0.005952380952380952,0.05,1008,0.0413980341485031,0.04129839692198081,-9.963722652228668e-05,negative
appliances,seasonal_day,extra_trees,32768,336,0.0059523809523809,0.0,8183,0.0001223192014091,full_u_joint,1.0,-0.5980271018567264,0.0346855705493672,0.1926811821758747,37.44926832616329,,,,,,,,,,,,,,,,0.6327126724060936,1.1090449754946963e-06,0.1579766874806744,1.0,1.0,1.0,False,49651942985791/1394294718136320,0.035610794719324566,positive,336,0.005952380952380952,1.1,1008,0.017748898090906903,0.04129839692198081,0.02354949883107391,positive
appliances,seasonal_day,extra_trees,32768,336,0.0059523809523809,0.0,8183,0.0001223192014091,stratified_cell_bernstein,1.0,-0.049263293214968,0.0357664020199101,0.1926811821758747,37.44926733523607,,,,,,,,,,,,,,,,,,,,,1.0,False,49651942985791/1394294718136320,0.035610794719324566,positive,336,0.005952380952380952,1.1,1008,0.017748898090906903,0.04129839692198081,0.02354949883107391,positive
appliances,seasonal_day,extra_trees,32768,336,0.0059523809523809,0.0,8183,0.0001223192014091,stratified_hoeffding,8.244139442295516e-10,0.0222306054172585,0.0357664020199101,0.1926811821758747,37.44926527142525,,,,,,,,,,,,,,,,,,,,,5.975038205320847e-09,True,49651942985791/1394294718136320,0.035610794719324566,positive,336,0.005952380952380952,1.1,1008,0.017748898090906903,0.04129839692198081,0.02354949883107391,positive
appliances,seasonal_day,extra_trees,32768,336,0.0059523809523809,0.0,8183,0.0001223192014091,stratified_hybrid,5.421010862427522e-20,0.029935793486874,0.0357664020199101,0.1926811821758747,37.449267748743296,,,,,,,,,,,,,,,,,,,,,2.9467066187909604e-19,True,49651942985791/1394294718136320,0.035610794719324566,positive,336,0.005952380952380952,1.1,1008,0.017748898090906903,0.04129839692198081,0.02354949883107391,positive
appliances,seasonal_day,extra_trees,32768,336,0.0059523809523809,0.0,8183,0.0001223192014091,stratified_pooled_bernstein,5.421010862427522e-20,0.0305176570137865,0.0357664020199101,0.1926811821758747,37.449266884475946,,,,,,,,,,,,,,,,,,,,,2.9467066187909604e-19,True,49651942985791/1394294718136320,0.035610794719324566,positive,336,0.005952380952380952,1.1,1008,0.017748898090906903,0.04129839692198081,0.02354949883107391,positive
appliances,seasonal_day,extra_trees,32768,336,0.0059523809523809,0.0,8183,0.0001223192014091,stratified_profiled_betting,2.4953505373360846e-132,,,0.1926811821758747,37.449268005788326,"['1/10', '3/10', '1/2', '7/10', '9/10']",30.0,0.0,32768.0,0.5,60.0,exact-rational tangent LP; outward Decimal logarithms,2.4953505373360846e-132,303.02680305995284,303.02680305995284,303.03145851069667,0.0046554507437118,"[{'fraction': '1/10', 'log_e_lower': 54.730114841676624, 'primal_log_e_upper': 54.73284916238081, 'certified_optimization_gap_upper': 0.0027343207041719214, 'optimizer_success': True, 'optimizer_status': 'Optimization terminated successfully', 'optimizer_iterations': 67, 'objective_evaluations': 67, 'feasible_mean_vector': [0.5104542347814316, 0.5020184464059874, 0.4912582857691398, 0.49792832900906636, 0.5152548529973106, 0.5138517378154972, 0.5218348078564863, 0.513310593953901, 0.5081117655726235, 0.4880494391226609, 0.4964492006942345, 0.4900874216095318, 0.4993703552424545, 0.5089983183911588, 0.5124070624815737, 0.48865212605138764, 0.500820342550115, 0.4818671929220665, 0.4969808114572677, 0.50766473837612, 0.5063929450705364, 0.4788503448196642, 0.49768271850643836, 0.4904266373708305, 0.49889982167908314, 0.5154276136927465, 0.5027179823068474, 0.49115408877211975, 0.47654470311422853, 0.47871110003033385]}, {'fraction': '3/10', 'log_e_lower': 148.27739746512242, 'primal_log_e_upper': 148.28200247688042, 'certified_optimization_gap_upper': 0.004605011757935125, 'optimizer_success': True, 'optimizer_status': 'Optimization terminated successfully', 'optimizer_iterations': 51, 'objective_evaluations': 52, 'feasible_mean_vector': [0.5070497924978725, 0.505395645930307, 0.48816595946763147, 0.5028454028045386, 0.5067422204003986, 0.5192911090018462, 0.5203937700455481, 0.5131982138025266, 0.5005382802704389, 0.49132513949504303, 0.4958538101081199, 0.49046553032740653, 0.49796925280816284, 0.5125123513467947, 0.5105829940611288, 0.4912457177998531, 0.5002566995678346, 0.48548963837766385, 0.49648603177297657, 0.5146198852735187, 0.5086054148054593, 0.47841090494015825, 0.5004623174197624, 0.4918400950673971, 0.4981971189977055, 0.5223634133840448, 0.505472173851639, 0.4912863314803325, 0.4794849598041634, 0.48108120296175944]}, {'fraction': '1/2', 'log_e_lower': 223.53014594205334, 'primal_log_e_upper': 223.5343657872193, 'certified_optimization_gap_upper': 0.004219845165870688, 'optimizer_success': True, 'optimizer_status': 'Optimization terminated successfully', 'optimizer_iterations': 48, 'objective_evaluations': 48, 'feasible_mean_vector': [0.503882582674996, 0.5088196762006836, 0.48496957348739994, 0.5076612130540933, 0.49839654650215093, 0.5251883297250642, 0.5194073857126179, 0.5134309102827649, 0.4930682408870182, 0.4942119603115911, 0.4951956758537296, 0.4905758957272192, 0.496580399973238, 0.5162703022802219, 0.5091220033101663, 0.49347797619866596, 0.49975170008197267, 0.4885189739462771, 0.49593182991768414, 0.5218200330171818, 0.5110158014301449, 0.4773898634443599, 0.5031840324344025, 0.4930059219703232, 0.4975198406826107, 0.5298092524866383, 0.5082943155887673, 0.49116503460854594, 0.48167251051110604, 0.48279655458139437]}, {'fraction': '7/10', 'log_e_lower': 280.3245378580353, 'primal_log_e_upper': 280.32961370225183, 'certified_optimization_gap_upper': 0.005075844216427363, 'optimizer_success': True, 'optimizer_status': 'Optimization terminated successfully', 'optimizer_iterations': 45, 'objective_evaluations': 45, 'feasible_mean_vector': [0.5006890796231308, 0.5125946718686611, 0.48138081141351746, 0.512831987365524, 0.4897048093837832, 0.5321202450151448, 0.5188226593982893, 0.5140193800892101, 0.48521312186271304, 0.4969544273172075, 0.49439596932117297, 0.49041402580511995, 0.4950617145733202, 0.5206214142870581, 0.5079077016838518, 0.49552119898334956, 0.4992355504300011, 0.4912207399033536, 0.4952330067184419, 0.5299917624333418, 0.5138282723613117, 0.4756466242991922, 0.5060658801077305, 0.49397761992664135, 0.4967535952166023, 0.5385376349162672, 0.511424868854806, 0.4907346040700305, 0.4832918914100591, 0.48398296045832223]}, {'fraction': '9/10', 'log_e_lower': 304.6362409723593, 'primal_log_e_upper': 304.64089642310313, 'certified_optimization_gap_upper': 0.004655450743700238, 'optimizer_success': True, 'optimizer_status': 'Optimization terminated successfully', 'optimizer_iterations': 45, 'objective_evaluations': 46, 'feasible_mean_vector': [0.4971422868436806, 0.5171152973067892, 0.4770529589959487, 0.5189284664424533, 0.47998734357028483, 0.5409985141499609, 0.518623357253929, 0.5150235848870925, 0.4763519507410966, 0.49976919572438194, 0.49334050209158, 0.4899310691351883, 0.4932452687258157, 0.526072717214963, 0.5068464957530248, 0.4975137038806778, 0.4986323850929973, 0.49379467845832664, 0.4942658268411482, 0.5402095159518258, 0.5173526931323769, 0.4729115591676148, 0.5093716779339643, 0.4947708516311909, 0.4957524988796091, 0.5497562685848429, 0.5151785176128164, 0.48986883306778517, 0.4844106208169629, 0.4846606335841395]}]",certified_lower_evidence,0.1628833040595054,,,,,,2.712802512732516e-131,True,49651942985791/1394294718136320,0.035610794719324566,positive,336,0.005952380952380952,1.1,1008,0.017748898090906903,0.04129839692198081,0.02354949883107391,positive
appliances,seasonal_day,hist_gradient_boosting,32768,336,0.0059523809523809,0.0,8183,0.0001223192014091,full_u_joint,1.0,-0.5984411491130459,0.0342715232930477,0.1930102929472923,36.99013579636812,,,,,,,,,,,,,,,,0.6327126724060936,1.0810809659834129e-06,0.1579766874806744,1.0,1.0,1.0,False,49096769575339/1394294718136320,0.035212619639672774,positive,336,0.005952380952380952,1.0,1008,0.018651651649886507,0.04129839692198081,0.022646745272094305,positive
appliances,seasonal_day,hist_gradient_boosting,32768,336,0.0059523809523809,0.0,8183,0.0001223192014091,stratified_cell_bernstein,1.0,-0.0491659152939034,0.0359381291473346,0.1930102929472923,36.99013474956155,,,,,,,,,,,,,,,,,,,,,1.0,False,49096769575339/1394294718136320,0.035212619639672774,positive,336,0.005952380952380952,1.0,1008,0.018651651649886507,0.04129839692198081,0.022646745272094305,positive
appliances,seasonal_day,hist_gradient_boosting,32768,336,0.0059523809523809,0.0,8183,0.0001223192014091,stratified_hoeffding,6.740720661225877e-10,0.022402332544683,0.0359381291473346,0.1930102929472923,36.9901323877275,,,,,,,,,,,,,,,,,,,,,5.975038205320847e-09,True,49096769575339/1394294718136320,0.035212619639672774,positive,336,0.005952380952380952,1.0,1008,0.018651651649886507,0.04129839692198081,0.022646745272094305,positive
appliances,seasonal_day,hist_gradient_boosting,32768,336,0.0059523809523809,0.0,8183,0.0001223192014091,stratified_hybrid,5.421010862427522e-20,0.0300612004823602,0.0359381291473346,0.1930102929472923,36.9901351518929,,,,,,,,,,,,,,,,,,,,,2.9467066187909604e-19,True,49096769575339/1394294718136320,0.035212619639672774,positive,336,0.005952380952380952,1.0,1008,0.018651651649886507,0.04129839692198081,0.022646745272094305,positive
appliances,seasonal_day,hist_gradient_boosting,32768,336,0.0059523809523809,0.0,8183,0.0001223192014091,stratified_pooled_bernstein,5.421010862427522e-20,0.030646885062748,0.0359381291473346,0.1930102929472923,36.99013430997729,,,,,,,,,,,,,,,,,,,,,2.9467066187909604e-19,True,49096769575339/1394294718136320,0.035212619639672774,positive,336,0.005952380952380952,1.0,1008,0.018651651649886507,0.04129839692198081,0.022646745272094305,positive
appliances,seasonal_day,hist_gradient_boosting,32768,336,0.0059523809523809,0.0,8183,0.0001223192014091,stratified_profiled_betting,1.0597062234395969e-129,,,0.1930102929472923,36.990135464817286,"['1/10', '3/10', '1/2', '7/10', '9/10']",30.0,0.0,32768.0,0.5,60.0,exact-rational tangent LP; outward Decimal logarithms,1.0597062234395969e-129,296.9754852742189,296.9754852742189,296.9811265669239,0.005641292704884,"[{'fraction': '1/10', 'log_e_lower': 55.00207413506629, 'primal_log_e_upper': 55.00738569726814, 'certified_optimization_gap_upper': 0.005311562201844832, 'optimizer_success': True, 'optimizer_status': 'Optimization terminated successfully', 'optimizer_iterations': 66, 'objective_evaluations': 66, 'feasible_mean_vector': [0.5102766562468762, 0.5002860797226084, 0.49843471454150706, 0.4986037931393162, 0.5082569404212399, 0.5158316471221986, 0.5223363500888212, 0.5132645748523238, 0.5061200129542295, 0.4854211095010907, 0.4922721043428048, 0.4915360331257879, 0.4987961674386518, 0.50822118572416, 0.5167444579110031, 0.4956706547621194, 0.5021091291258528, 0.47649221933241936, 0.4891163744539059, 0.507598412545688, 0.51097353066459, 0.4831127789939674, 0.5021167357506536, 0.4903701695791345, 0.5023822999602554, 0.5126489874938222, 0.5057666199636945, 0.47980921973700646, 0.47649221933241936, 0.4815234487670245]}, {'fraction': '3/10', 'log_e_lower': 148.70157937240558, 'primal_log_e_upper': 148.7064974531521, 'certified_optimization_gap_upper': 0.004918080746489375, 'optimizer_success': True, 'optimizer_status': 'Optimization terminated successfully', 'optimizer_iterations': 55, 'objective_evaluations': 55, 'feasible_mean_vector': [0.5067531621077546, 0.5041532126959847, 0.4938944326716213, 0.5034520063838761, 0.5013960571265061, 0.520863130262994, 0.5208057385270035, 0.5132146941852119, 0.49980103137637927, 0.48944001620851396, 0.4925618925980603, 0.4916693687215218, 0.4972531077740442, 0.5119393678902379, 0.5142690512173889, 0.49654730306713335, 0.500690378311076, 0.47950227674162593, 0.49049641269696215, 0.5146369724963804, 0.512193213390271, 0.48163697887245865, 0.5038303922646535, 0.4918559624941374, 0.5009329554673865, 0.5203168073016115, 0.5078125655162383, 0.48108323382608625, 0.47950227674162593, 0.4835794237436009]}, {'fraction': '1/2', 'log_e_lower': 223.4827368998534, 'primal_log_e_upper': 223.48714269163708, 'certified_optimization_gap_upper': 0.004405791783631392, 'optimizer_success': True, 'optimizer_status': 'Optimization terminated successfully', 'optimizer_iterations': 48, 'objective_evaluations': 48, 'feasible_mean_vector': [0.5035176941791558, 0.5080096330091984, 0.4893082061076014, 0.5081964537932299, 0.49464825134854756, 0.5264017973203242, 0.5197588295071615, 0.5135205641752967, 0.4935300450157684, 0.4929541611471058, 0.49275623325308726, 0.49156535093013515, 0.49570257873722035, 0.5159107842492313, 0.5122091458667087, 0.49731343768848324, 0.49934981825301267, 0.4817573277392614, 0.4915678664504089, 0.5219073531720146, 0.5137127850929265, 0.4797278568061092, 0.5056531020524206, 0.4930920520508246, 0.4995710628812877, 0.5284085319572404, 0.5100347092978559, 0.48175553810560345, 0.4817573277392614, 0.48515165150412715]}, {'fraction': '7/10', 'log_e_lower': 278.79378210004313, 'primal_log_e_upper': 278.7992914895154, 'certified_optimization_gap_upper': 0.005509389472142145, 'optimizer_success': True, 'optimizer_status': 'Optimization terminated successfully', 'optimizer_iterations': 45, 'objective_evaluations': 46, 'feasible_mean_vector': [0.5003779324084552, 0.5122006578962284, 0.4842821671109972, 0.5132904370825188, 0.4875313218477177, 0.533001465496951, 0.5191428263982437, 0.5141871223319655, 0.4868603553038883, 0.49628728240794157, 0.49286878625972197, 0.49118414323322246, 0.4939910621302428, 0.5204944538305893, 0.5104150883680865, 0.49799185023781284, 0.49795376996297464, 0.4834509191042772, 0.4923916787922289, 0.5301602438724328, 0.5156557954611395, 0.47716958792592656, 0.5077008601848482, 0.49413908110457805, 0.4981381811507805, 0.5377632958340556, 0.5126123358303688, 0.4818479701146887, 0.4834509191042773, 0.48636255137320555]}, {'fraction': '9/10', 'log_e_lower': 298.58492318411305, 'primal_log_e_upper': 298.59056447681843, 'certified_optimization_gap_upper': 0.005641292705219005, 'optimizer_success': True, 'optimizer_status': 'Optimization terminated successfully', 'optimizer_iterations': 45, 'objective_evaluations': 46, 'feasible_mean_vector': [0.49713021740255076, 0.5171734575357179, 0.47831301270119125, 0.5192999057755394, 0.479431267060463, 0.5415324541312139, 0.5189362316516565, 0.5152838900786542, 0.4792038529373751, 0.499726558083528, 0.492932030665613, 0.49042179078386, 0.49192838025055063, 0.5262254419549262, 0.5087457270668686, 0.498584098283544, 0.4963474412717335, 0.48465650730542853, 0.49298513669944477, 0.5404782210182629, 0.5182280979044498, 0.47362460841358295, 0.5101537820257336, 0.4950212802824381, 0.49643831646914194, 0.5496780637362573, 0.5158037532075165, 0.4812687403297072, 0.4846565073054285, 0.4872882070878387]}]",certified_lower_evidence,0.1630927287042141,,,,,,7.68034700988127e-129,True,49096769575339/1394294718136320,0.035212619639672774,positive,336,0.005952380952380952,1.0,1008,0.018651651649886507,0.04129839692198081,0.022646745272094305,positive
appliances,seasonal_day,independent_noise,32768,336,0.0059523809523809,0.0,8183,0.0001223192014091,full_u_joint,1.0,-0.6307241934348803,0.0019884789712133,0.1935883089900016,37.46693033725023,,,,,,,,,,,,,,,,0.6327126724060936,3.1876197173529065e-07,0.1579766874806744,1.0,1.0,1.0,False,2760225161951/1394294718136320,0.00197965690183525,positive,336,0.005952380952380952,0.15,1008,0.039263683759448983,0.04129839692198081,0.0020347131625318288,positive
appliances,seasonal_day,independent_noise,32768,336,0.0059523809523809,0.0,8183,0.0001223192014091,stratified_cell_bernstein,1.0,-0.087511698496452,-0.0002694403741149,0.1935883089900016,37.46692932024598,,,,,,,,,,,,,,,,,,,,,1.0,False,2760225161951/1394294718136320,0.00197965690183525,positive,336,0.005952380952380952,0.15,1008,0.039263683759448983,0.04129839692198081,0.0020347131625318288,positive
appliances,seasonal_day,independent_noise,32768,336,0.0059523809523809,0.0,8183,0.0001223192014091,stratified_hoeffding,1.0,-0.0138052369767665,-0.0002694403741149,0.1935883089900016,37.46692727506161,,,,,,,,,,,,,,,,,,,,,1.0,False,2760225161951/1394294718136320,0.00197965690183525,positive,336,0.005952380952380952,0.15,1008,0.039263683759448983,0.04129839692198081,0.0020347131625318288,positive
appliances,seasonal_day,independent_noise,32768,336,0.0059523809523809,0.0,8183,0.0001223192014091,stratified_hybrid,1.0,-0.0064126407011965,-0.0002694403741149,0.1935883089900016,37.46692965179682,,,,,,,,,,,,,,,,,,,,,1.0,False,2760225161951/1394294718136320,0.00197965690183525,positive,336,0.005952380952380952,0.15,1008,0.039263683759448983,0.04129839692198081,0.0020347131625318288,positive
appliances,seasonal_day,independent_noise,32768,336,0.0059523809523809,0.0,8183,0.0001223192014091,stratified_pooled_bernstein,1.0,-0.0058049907632574,-0.0002694403741149,0.1935883089900016,37.46692891791463,,,,,,,,,,,,,,,,,,,,,1.0,False,2760225161951/1394294718136320,0.00197965690183525,positive,336,0.005952380952380952,0.15,1008,0.039263683759448983,0.04129839692198081,0.0020347131625318288,positive
appliances,seasonal_day,independent_noise,32768,336,0.0059523809523809,0.0,8183,0.0001223192014091,stratified_profiled_betting,1.0,,,0.1935883089900016,37.46692997217178,"['1/10', '3/10', '1/2', '7/10', '9/10']",30.0,0.0,32768.0,0.5,60.0,exact-rational tangent LP; outward Decimal logarithms,1.0,-6.085029167093773,-6.085029167093773,-6.0799116776103945,0.005117489483377,"[{'fraction': '1/10', 'log_e_lower': -4.475591254659696, 'primal_log_e_upper': -4.470473765176316, 'certified_optimization_gap_upper': 0.005117489483377102, 'optimizer_success': True, 'optimizer_status': 'Optimization terminated successfully', 'optimizer_iterations': 63, 'objective_evaluations': 64, 'feasible_mean_vector': [0.4887824549382349, 0.5115057741509749, 0.4848083093193969, 0.5082060366873898, 0.47579007141599716, 0.5146131155647955, 0.5101963599311825, 0.5109557599425332, 0.48213897288290863, 0.5068380155125581, 0.5044239920755764, 0.48125613871000195, 0.49712282320070855, 0.5181242132418328, 0.4970892808015195, 0.5202332396201246, 0.4993928604475623, 0.5029460794870383, 0.49910350834620126, 0.5251280948051645, 0.5111717337959961, 0.47769817666072956, 0.503527136459473, 0.5073811533016733, 0.46868452093586116, 0.5303296494284749, 0.5095298113409689, 0.5242205442474069, 0.5087285044703328, 0.5024490152271704]}, {'fraction': '3/10', 'log_e_lower': -35.887023335855936, 'primal_log_e_upper': -35.88232857029117, 'certified_optimization_gap_upper': 0.004694765564748822, 'optimizer_success': True, 'optimizer_status': 'Optimization terminated successfully', 'optimizer_iterations': 55, 'objective_evaluations': 55, 'feasible_mean_vector': [0.4908930196861657, 0.5146867880019955, 0.4835863569153894, 0.5123695031690535, 0.4724881329739962, 0.5199701554842151, 0.5126039416531583, 0.5125004863047151, 0.4788532575302756, 0.5087624033763898, 0.5043741707177046, 0.48081673897958793, 0.49602148625301434, 0.5206921955133998, 0.4967242728886152, 0.5189765906063215, 0.5000726607843032, 0.5051262440181158, 0.4971947974828272, 0.531795583955076, 0.5124467243113566, 0.47465177124899893, 0.5034168808670322, 0.5084446861762139, 0.4688948614245828, 0.5376325461020939, 0.5115743957385783, 0.5197948851457131, 0.5075153867610698, 0.5037107775916144]}, {'fraction': '1/2', 'log_e_lower': -105.34470561298043, 'primal_log_e_upper': -105.3407423748618, 'certified_optimization_gap_upper': 0.003963238118600028, 'optimizer_success': True, 'optimizer_status': 'Optimization terminated successfully', 'optimizer_iterations': 50, 'objective_evaluations': 50, 'feasible_mean_vector': [0.4927085465324436, 0.5181406933698363, 0.48194251032905183, 0.5166814867820354, 0.4685413224853054, 0.5256582890287732, 0.5153324087644169, 0.5143011988934243, 0.47523106220149186, 0.5108430984637955, 0.5044215175053499, 0.479839625395264, 0.49482968314330605, 0.5236788213453871, 0.49632355778408904, 0.5181454003833871, 0.500693817989451, 0.5072971364828454, 0.49536698273810575, 0.5391665733727321, 0.514001277126933, 0.47100599643294677, 0.503359841942888, 0.5096572625727659, 0.46833397772008245, 0.5458402548372135, 0.5138956165928522, 0.5159860220483197, 0.5064128162534771, 0.5049629198641992]}, {'fraction': '7/10', 'log_e_lower': -240.97369557873972, 'primal_log_e_upper': -240.96909255586803, 'certified_optimization_gap_upper': 0.0046030228716529556, 'optimizer_success': True, 'optimizer_status': 'Optimization terminated successfully', 'optimizer_iterations': 46, 'objective_evaluations': 47, 'feasible_mean_vector': [0.49446675708141874, 0.5222273605587294, 0.4796970239886926, 0.5215873955349789, 0.463593256422051, 0.5322518438128244, 0.518668212955021, 0.5164750806875557, 0.47099586451225806, 0.5132419307191922, 0.5045543835536362, 0.4782432006772273, 0.49342194483772306, 0.5273483851476071, 0.4958479025084372, 0.5176426829792928, 0.5012945269308666, 0.5096139984280822, 0.49345452717541566, 0.5480304222553708, 0.5159508875367393, 0.466425651214513, 0.5033025236534908, 0.5110741354598292, 0.4670672433052185, 0.5558425794595888, 0.516704768846369, 0.5125554924508126, 0.5052781363978471, 0.5062622338148771]}, {'fraction': '9/10', 'log_e_lower': -580.0612074737325, 'primal_log_e_upper': -580.0562242712284, 'certified_optimization_gap_upper': 0.004983202503758337, 'optimizer_success': True, 'optimizer_status': 'Optimization terminated successfully', 'optimizer_iterations': 47, 'objective_evaluations': 48, 'feasible_mean_vector': [0.4964423997123002, 0.5274763060453049, 0.47654027059272475, 0.5277037249715165, 0.4571146992196612, 0.540571406493777, 0.5230718645171596, 0.5191928223124158, 0.4657863896359612, 0.5161891783415108, 0.5047611747166751, 0.4758224175214297, 0.4916119388404772, 0.5321068371536896, 0.4952535651176545, 0.5173675550102781, 0.5018852504812685, 0.5122315333404323, 0.49127173695207127, 0.559648586228905, 0.5184749392471769, 0.4604076956070384, 0.5031558311769782, 0.5127534516607092, 0.4650637110024381, 0.569141632836039, 0.5203288516966867, 0.5092622935735993, 0.5038968296809013, 0.5076377186712862]}]",certified_lower_evidence,0.1740686893463134,,,,,,1.0,False,2760225161951/1394294718136320,0.00197965690183525,positive,336,0.005952380952380952,0.15,1008,0.039263683759448983,0.04129839692198081,0.0020347131625318288,positive
appliances,seasonal_day,persistence,32768,336,0.0059523809523809,0.0,8183,0.0001223192014091,full_u_joint,1.0,-0.5914487283330461,0.0412639440730475,0.1959076821804046,36.73408145830035,,,,,,,,,,,,,,,,0.6327126724060936,8.732196807455137e-07,0.1579766874806744,1.0,1.0,1.0,False,29293610324633/697147359068160,0.04201925165977566,positive,336,0.005952380952380952,0.7,1008,0.02056736920938261,0.04129839692198081,0.020731027712598202,positive
appliances,seasonal_day,persistence,32768,336,0.0059523809523809,0.0,8183,0.0001223192014091,stratified_cell_bernstein,1.0,-0.0436397456826994,0.0431072486119889,0.1959076821804046,36.7340805195272,,,,,,,,,,,,,,,,,,,,,1.0,False,29293610324633/697147359068160,0.04201925165977566,positive,336,0.005952380952380952,0.7,1008,0.02056736920938261,0.04129839692198081,0.020731027712598202,positive
appliances,seasonal_day,persistence,32768,336,0.0059523809523809,0.0,8183,0.0001223192014091,stratified_hoeffding,6.377781332569944e-14,0.0295714520093373,0.0431072486119889,0.1959076821804046,36.73407837748528,,,,,,,,,,,,,,,,,,,,,1.3867118840244936e-12,True,29293610324633/697147359068160,0.04201925165977566,positive,336,0.005952380952380952,0.7,1008,0.02056736920938261,0.04129839692198081,0.020731027712598202,positive
appliances,seasonal_day,persistence,32768,336,0.0059523809523809,0.0,8183,0.0001223192014091,stratified_hybrid,5.421010862427522e-20,0.0369396933195565,0.0431072486119889,0.1959076821804046,36.73408079147339,,,,,,,,,,,,,,,,,,,,,2.9467066187909604e-19,True,29293610324633/697147359068160,0.04201925165977566,positive,336,0.005952380952380952,0.7,1008,0.02056736920938261,0.04129839692198081,0.020731027712598202,positive
appliances,seasonal_day,persistence,32768,336,0.0059523809523809,0.0,8183,0.0001223192014091,stratified_pooled_bernstein,5.421010862427522e-20,0.0375493523542122,0.0431072486119889,0.1959076821804046,36.73408018797636,,,,,,,,,,,,,,,,,,,,,2.9467066187909604e-19,True,29293610324633/697147359068160,0.04201925165977566,positive,336,0.005952380952380952,0.7,1008,0.02056736920938261,0.04129839692198081,0.020731027712598202,positive
appliances,seasonal_day,persistence,32768,336,0.0059523809523809,0.0,8183,0.0001223192014091,stratified_profiled_betting,1.711699569796248e-165,,,0.1959076821804046,36.7340810932219,"['1/10', '3/10', '1/2', '7/10', '9/10']",30.0,0.0,32768.0,0.5,60.0,exact-rational tangent LP; outward Decimal logarithms,1.711699569796248e-165,379.3890535666293,379.3890535666293,379.3941937086691,0.0051401420396669,"[{'fraction': '1/10', 'log_e_lower': 66.12908410206056, 'primal_log_e_upper': 66.13335428128063, 'certified_optimization_gap_upper': 0.004270179220052263, 'optimizer_success': True, 'optimizer_status': 'Optimization terminated successfully', 'optimizer_iterations': 65, 'objective_evaluations': 66, 'feasible_mean_vector': [0.48863133548868737, 0.4965802310635009, 0.4969759374063899, 0.4942440814165765, 0.5080301377499223, 0.5108953418540203, 0.5108918489151222, 0.5062182175542566, 0.5125741948799635, 0.4862967876733618, 0.4860107293296546, 0.48825273660353363, 0.4907161309179308, 0.5004734073468072, 0.5116762327601159, 0.5099105895960255, 0.5075553926224101, 0.47900894670598815, 0.5000246943920097, 0.5046567405945235, 0.5188546255894263, 0.49139226381300877, 0.5048214551755452, 0.491728620308765, 0.5098335470597595, 0.5096840803100052, 0.5055850037987564, 0.5023001418527882, 0.4825032551384402, 0.4812163645259556]}, {'fraction': '3/10', 'log_e_lower': 179.77921962678485, 'primal_log_e_upper': 179.782537417412, 'certified_optimization_gap_upper': 0.0033177906270958173, 'optimizer_success': True, 'optimizer_status': 'Optimization terminated successfully', 'optimizer_iterations': 54, 'objective_evaluations': 54, 'feasible_mean_vector': [0.4905155531444839, 0.5013287019527827, 0.4928273361472405, 0.5000052028573891, 0.5012102564751699, 0.5171678396836897, 0.5115276131863888, 0.5078794279777605, 0.5051246003259091, 0.4888004838479509, 0.48757119765394735, 0.48893588957936157, 0.4912187838104398, 0.5060608483121731, 0.5105651006952829, 0.5075081957455563, 0.5060388698786935, 0.4833084194087087, 0.4988606071434006, 0.5123290836338857, 0.5181188665576394, 0.48716026347955527, 0.5058295315523749, 0.49277979920725673, 0.5066217131493733, 0.5179854222481376, 0.5061801296822029, 0.500311535949168, 0.4840917223956523, 0.4839378032836488]}, {'fraction': '1/2', 'log_e_lower': 272.22664346065386, 'primal_log_e_upper': 272.2300780277298, 'certified_optimization_gap_upper': 0.0034345670758139514, 'optimizer_success': True, 'optimizer_status': 'Optimization terminated successfully', 'optimizer_iterations': 46, 'objective_evaluations': 47, 'feasible_mean_vector': [0.49210307466275366, 0.5059500230488992, 0.4885430032520568, 0.5056073277949483, 0.4944712146827097, 0.5237482937347684, 0.5125846150727735, 0.5096804399504598, 0.49770986917779114, 0.49089558222686913, 0.48884758836390035, 0.4893319261483497, 0.4915282339881076, 0.5116495261555112, 0.509710012300278, 0.5052182787912762, 0.504722935995922, 0.48696212466226885, 0.4977556630634678, 0.5201771408674104, 0.5178443392108527, 0.48270243807361213, 0.5070339072235897, 0.4936711349386302, 0.5036162821837543, 0.5266581142519488, 0.5070179993406833, 0.4983665367698649, 0.4850537329959781, 0.48612482577371613]}, {'fraction': '7/10', 'log_e_lower': 343.8631879900923, 'primal_log_e_upper': 343.8684411813947, 'certified_optimization_gap_upper': 0.005253191302302226, 'optimizer_success': True, 'optimizer_status': 'Optimization terminated successfully', 'optimizer_iterations': 44, 'objective_evaluations': 44, 'feasible_mean_vector': [0.4934573818264421, 0.5108452082022408, 0.48375217942744075, 0.5115562099524434, 0.4873371394802491, 0.5312824734924873, 0.514226764640525, 0.5117388734553784, 0.48989442992431753, 0.49271800298863166, 0.48993889474474733, 0.4894157912892665, 0.49166273146376543, 0.5177519834587414, 0.5090392242566795, 0.5028492366186861, 0.5034827045208968, 0.4902708589715268, 0.49658488509291865, 0.5289809017163017, 0.5180560232701561, 0.47761832074397037, 0.5084780584095301, 0.49440039642181355, 0.5005569251578514, 0.5365700201153477, 0.5081342036201576, 0.49625841538489907, 0.48544454486175614, 0.48790847219424]}, {'fraction': '9/10', 'log_e_lower': 380.99849147906343, 'primal_log_e_upper': 381.0036316211032, 'certified_optimization_gap_upper': 0.005140142039666939, 'optimizer_success': True, 'optimizer_status': 'Optimization terminated successfully', 'optimizer_iterations': 44, 'objective_evaluations': 45, 'feasible_mean_vector': [0.4946061570453917, 0.5165039069588059, 0.4779594598228241, 0.5184764280562703, 0.479186189893599, 0.540723344552309, 0.5168085478230744, 0.5142303011217039, 0.48108222082385876, 0.49434654522193183, 0.49094168067826066, 0.48910499420665576, 0.49163188687823267, 0.5250449099424576, 0.5084832307425537, 0.5001390336189631, 0.5021775886418567, 0.49346759392365014, 0.49519793487197655, 0.5398548652648086, 0.5188530188718502, 0.47137759053036976, 0.5102479947160131, 0.49493144956979335, 0.49711132479330467, 0.5490444906014424, 0.509625496477194, 0.4937127368077017, 0.48519893751015436, 0.48935119826136786]}]",certified_lower_evidence,0.1657554320991039,,,,,,3.721723921756985e-164,True,29293610324633/697147359068160,0.04201925165977566,positive,336,0.005952380952380952,0.7,1008,0.02056736920938261,0.04129839692198081,0.020731027712598202,positive
appliances,seasonal_day,ridge_full,32768,336,0.0059523809523809,0.0,8183,0.0001223192014091,full_u_joint,1.0,-0.6031240149310104,0.0295886574750832,0.1907497309148311,36.97352709248662,,,,,,,,,,,,,,,,0.6327126724060936,1.0136014198573704e-06,0.1579766874806744,1.0,1.0,1.0,False,20145417823/660177423360,0.030515157153465006,positive,336,0.005952380952380952,0.95,1008,0.023903569716204786,0.04129839692198081,0.017394827205776026,positive
appliances,seasonal_day,ridge_full,32768,336,0.0059523809523809,0.0,8183,0.0001223192014091,stratified_cell_bernstein,1.0,-0.0531958099643566,0.0322402972663185,0.1907497309148311,36.9735261797905,,,,,,,,,,,,,,,,,,,,,1.0,False,20145417823/660177423360,0.030515157153465006,positive,336,0.005952380952380952,0.95,1008,0.023903569716204786,0.04129839692198081,0.017394827205776026,positive
appliances,seasonal_day,ridge_full,32768,336,0.0059523809523809,0.0,8183,0.0001223192014091,stratified_hoeffding,4.1586927791627953e-08,0.0187045006636669,0.0322402972663185,0.1907497309148311,36.9735238738358,,,,,,,,,,,,,,,,,,,,,2.2605465749592053e-07,True,20145417823/660177423360,0.030515157153465006,positive,336,0.005952380952380952,0.95,1008,0.023903569716204786,0.04129839692198081,0.017394827205776026,positive
appliances,seasonal_day,ridge_full,32768,336,0.0059523809523809,0.0,8183,0.0001223192014091,stratified_hybrid,5.421010862427522e-20,0.0263310871976501,0.0322402972663185,0.1907497309148311,36.97352645173669,,,,,,,,,,,,,,,,,,,,,2.9467066187909604e-19,True,20145417823/660177423360,0.030515157153465006,positive,336,0.005952380952380952,0.95,1008,0.023903569716204786,0.04129839692198081,0.017394827205776026,positive
appliances,seasonal_day,ridge_full,32768,336,0.0059523809523809,0.0,8183,0.0001223192014091,stratified_pooled_bernstein,5.421010862427522e-20,0.0269194347447569,0.0322402972663185,0.1907497309148311,36.97352584078908,,,,,,,,,,,,,,,,,,,,,2.9467066187909604e-19,True,20145417823/660177423360,0.030515157153465006,positive,336,0.005952380952380952,0.95,1008,0.023903569716204786,0.04129839692198081,0.017394827205776026,positive
appliances,seasonal_day,ridge_full,32768,336,0.0059523809523809,0.0,8183,0.0001223192014091,stratified_profiled_betting,6.124900813172236e-98,,,0.1907497309148311,36.97352677211165,"['1/10', '3/10', '1/2', '7/10', '9/10']",30.0,0.0,32768.0,0.5,60.0,exact-rational tangent LP; outward Decimal logarithms,6.124900813172236e-98,223.8409765508846,223.8409765508846,223.84511828171517,0.0041417308305145,"[{'fraction': '1/10', 'log_e_lower': 48.81308882547165, 'primal_log_e_upper': 48.8178171831071, 'certified_optimization_gap_upper': 0.004728357635434839, 'optimizer_success': True, 'optimizer_status': 'Optimization terminated successfully', 'optimizer_iterations': 66, 'objective_evaluations': 66, 'feasible_mean_vector': [0.5058721715122196, 0.505359890982134, 0.4826785986249128, 0.5008069935909379, 0.5190964230184018, 0.5114086024532222, 0.5247510592512055, 0.5192269240492493, 0.5069940424843142, 0.4933085652110847, 0.49291670994680015, 0.49490603930263233, 0.49824365916280533, 0.5120106455594812, 0.511818909010806, 0.4986489911662167, 0.5092951559000295, 0.48346795586810776, 0.4913334015404437, 0.5093375220177254, 0.49905230276598445, 0.49021819680655243, 0.5068382945720844, 0.4877754644382459, 0.5083201264511545, 0.5171393783320789, 0.4982218675328172, 0.4853717132104255, 0.4781281596334578, 0.4787190835240507]}, {'fraction': '3/10', 'log_e_lower': 129.5970362456879, 'primal_log_e_upper': 129.60124019686907, 'certified_optimization_gap_upper': 0.004203951181125142, 'optimizer_success': True, 'optimizer_status': 'Optimization terminated successfully', 'optimizer_iterations': 55, 'objective_evaluations': 55, 'feasible_mean_vector': [0.5039793640668454, 0.5083511759818876, 0.4819398826793158, 0.5049566917020155, 0.5101664620539103, 0.5179053848202823, 0.5230618947646246, 0.5182319357254261, 0.5003084168533352, 0.4961496687095472, 0.49326787916219456, 0.4949948581122625, 0.49698385848925936, 0.5151420023822496, 0.5104650273552407, 0.49891660016686373, 0.5078456697166561, 0.48711708859517083, 0.49105392699973127, 0.5163349872618942, 0.5008848795291609, 0.4866108143222459, 0.5077728457886646, 0.49030568491552834, 0.5058087610275551, 0.5241005717696777, 0.5021403602693599, 0.48734084394370325, 0.4810949517787253, 0.48047186095645184]}, {'fraction': '1/2', 'log_e_lower': 189.60950702142833, 'primal_log_e_upper': 189.61381561481286, 'certified_optimization_gap_upper': 0.004308593384496025, 'optimizer_success': True, 'optimizer_status': 'Optimization terminated successfully', 'optimizer_iterations': 48, 'objective_evaluations': 48, 'feasible_mean_vector': [0.5022261073218981, 0.5114883984265957, 0.4809161819959512, 0.5089891049764728, 0.5014138935472516, 0.5247451146038498, 0.521881157776626, 0.5176580381476175, 0.49376747426545126, 0.4987278099068233, 0.49345225883212535, 0.4949559426083833, 0.4956864788103873, 0.5186636823403471, 0.5094455900430983, 0.499264361908596, 0.506608435327777, 0.4902145734235898, 0.4905547561820327, 0.5236121343310259, 0.5027485922184738, 0.4827910476104877, 0.5089461606421403, 0.49246654577079696, 0.5035199408013667, 0.5316272513629378, 0.5060061975010978, 0.4888775280355496, 0.4833477870453666, 0.4815852308809527]}, {'fraction': '7/10', 'log_e_lower': 225.4504144180297, 'primal_log_e_upper': 225.4545561488213, 'certified_optimization_gap_upper': 0.004141730791539773, 'optimizer_success': True, 'optimizer_status': 'Optimization terminated successfully', 'optimizer_iterations': 46, 'objective_evaluations': 47, 'feasible_mean_vector': [0.5004479030204244, 0.5150466373372485, 0.4795264255759488, 0.5132995206162532, 0.49232874696740986, 0.5326438006298521, 0.5211603869211123, 0.5174710792229492, 0.48693467915155486, 0.5012730999683688, 0.4934505320701467, 0.49476195956508107, 0.494220918051504, 0.522888646468392, 0.5086787217059586, 0.499706051603091, 0.505465940820489, 0.4930366214316435, 0.48975064573089866, 0.5319279125942973, 0.5047976949506215, 0.4783942364972676, 0.5104203879728757, 0.49442120179415244, 0.5012377647066647, 0.5405010773576434, 0.510162080001307, 0.49008125498997696, 0.4850834512840658, 0.4821226280637771]}, {'fraction': '9/10', 'log_e_lower': 208.54021215088193, 'primal_log_e_upper': 208.54521409182667, 'certified_optimization_gap_upper': 0.005001940944661576, 'optimizer_success': True, 'optimizer_status': 'Optimization terminated successfully', 'optimizer_iterations': 46, 'objective_evaluations': 46, 'feasible_mean_vector': [0.4984286488614736, 0.5194140957287514, 0.4776639385903277, 0.5183636960051, 0.4822272786249373, 0.5426540869729328, 0.5208796319105916, 0.517678621156714, 0.4792746918766659, 0.5040012606996349, 0.49320854897670513, 0.4943564000065893, 0.49241755204362564, 0.5283205233469236, 0.5081160976507249, 0.5002955344398626, 0.5042777801617006, 0.49579990068830193, 0.4884911183742922, 0.5423868114357623, 0.5072512820220967, 0.4729417176910635, 0.5123260833832165, 0.4962912966998128, 0.49870430260097165, 0.5519697742465414, 0.5150368018413807, 0.49098387672201954, 0.48638029556864637, 0.48203127542334434]}]",certified_lower_evidence,0.1606984809041023,,,,,,3.3293210848743373e-97,True,20145417823/660177423360,0.030515157153465006,positive,336,0.005952380952380952,0.95,1008,0.023903569716204786,0.04129839692198081,0.017394827205776026,positive
appliances,seasonal_day,seasonal_day,32768,336,0.0059523809523809,0.0,8183,0.0001223192014091,full_u_joint,1.0,-0.6334517420101866,-0.0007390696040929,0.1708572059869766,37.06210838258266,,,,,,,,,,,,,,,,0.6327126724060936,1.5507882827678664e-06,0.1579766874806744,1.0,1.0,1.0,False,797082257723/2788589436272640,0.0002858370785440605,positive,336,0.005952380952380952,0.0,1008,0.04129839692198081,0.04129839692198081,0.0,numerical_tie
appliances,seasonal_day,seasonal_day,32768,336,0.0059523809523809,0.0,8183,0.0001223192014091,stratified_cell_bernstein,1.0,-0.0689721386791958,-6.221035671795134e-05,0.1708572059869766,37.062107510864735,,,,,,,,,,,,,,,,,,,,,1.0,False,797082257723/2788589436272640,0.0002858370785440605,positive,336,0.005952380952380952,0.0,1008,0.04129839692198081,0.04129839692198081,0.0,numerical_tie
appliances,seasonal_day,seasonal_day,32768,336,0.0059523809523809,0.0,8183,0.0001223192014091,stratified_hoeffding,1.0,-0.0135980069593695,-6.221035671795134e-05,0.1708572059869766,37.06210519373417,,,,,,,,,,,,,,,,,,,,,1.0,False,797082257723/2788589436272640,0.0002858370785440605,positive,336,0.005952380952380952,0.0,1008,0.04129839692198081,0.04129839692198081,0.0,numerical_tie
appliances,seasonal_day,seasonal_day,32768,336,0.0059523809523809,0.0,8183,0.0001223192014091,stratified_hybrid,1.0,-0.0024976060427566,-6.221035671795134e-05,0.1708572059869766,37.06210782006383,,,,,,,,,,,,,,,,,,,,,1.0,False,797082257723/2788589436272640,0.0002858370785440605,positive,336,0.005952380952380952,0.0,1008,0.04129839692198081,0.04129839692198081,0.0,numerical_tie
appliances,seasonal_day,seasonal_day,32768,336,0.0059523809523809,0.0,8183,0.0001223192014091,stratified_pooled_bernstein,1.0,-0.0021958213779987,-6.221035671795134e-05,0.1708572059869766,37.062107138335705,,,,,,,,,,,,,,,,,,,,,1.0,False,797082257723/2788589436272640,0.0002858370785440605,positive,336,0.005952380952380952,0.0,1008,0.04129839692198081,0.04129839692198081,0.0,numerical_tie
appliances,seasonal_day,seasonal_day,32768,336,0.0059523809523809,0.0,8183,0.0001223192014091,stratified_profiled_betting,1.0,,,0.1708572059869766,37.06210815906525,"['1/10', '3/10', '1/2', '7/10', '9/10']",30.0,0.0,32768.0,0.5,60.0,exact-rational tangent LP; outward Decimal logarithms,1.0,-1.9996651988839136,-1.9996651988839136,-1.997642261195864,0.0020229376880493,"[{'fraction': '1/10', 'log_e_lower': -0.49457932186540926, 'primal_log_e_upper': -0.49274608192179703, 'certified_optimization_gap_upper': 0.0018332399436121129, 'optimizer_success': True, 'optimizer_status': 'Optimization terminated successfully', 'optimizer_iterations': 71, 'objective_evaluations': 71, 'feasible_mean_vector': [0.49752337070349306, 0.509272811936412, 0.48720389613607973, 0.5106804656707304, 0.48535374993996155, 0.5229021646834223, 0.5086528990872583, 0.5071339465114673, 0.48720855918729566, 0.5001832224520917, 0.49446454652168936, 0.4989128090049079, 0.4946258813573999, 0.5149574139739233, 0.5052704815057261, 0.49645328371208886, 0.49880075203797086, 0.49635566510660467, 0.49651068915403773, 0.5229029800023253, 0.5104756711072851, 0.4850081298553257, 0.5033143124287048, 0.500795612947961, 0.496357132024767, 0.5280697326902158, 0.5078640047013968, 0.4947996833111292, 0.49087744963076857, 0.49362292137289654]}, {'fraction': '3/10', 'log_e_lower': -2.7170273915844776, 'primal_log_e_upper': -2.7132888569130564, 'certified_optimization_gap_upper': 0.0037385346714201677, 'optimizer_success': True, 'optimizer_status': 'Optimization terminated successfully', 'optimizer_iterations': 55, 'objective_evaluations': 55, 'feasible_mean_vector': [0.49702108560729164, 0.5105355935379653, 0.4858676580696106, 0.5121125129249174, 0.4838007080943786, 0.5257902992975133, 0.5098470853913302, 0.5081456548895691, 0.4857589333198264, 0.5004484857112336, 0.4937727889882862, 0.4982828422021541, 0.4940307867726819, 0.5166575034819394, 0.5057850650733619, 0.49645645994888044, 0.4987982017745509, 0.4960949595477373, 0.49621040542728717, 0.5257892266434694, 0.5117089168575479, 0.4828262147563404, 0.5038722372630513, 0.49936306352944104, 0.49609649588300875, 0.5315692483339036, 0.5086865986568964, 0.49435542461360776, 0.48997348311727307, 0.49304297437632355]}, {'fraction': '1/2', 'log_e_lower': -6.90380528517629, 'primal_log_e_upper': -6.899571867528858, 'certified_optimization_gap_upper': 0.004233417647430067, 'optimizer_success': True, 'optimizer_status': 'Optimization terminated successfully', 'optimizer_iterations': 48, 'objective_evaluations': 48, 'feasible_mean_vector': [0.49637032324061603, 0.5120549725439223, 0.4841030243073693, 0.5138471204145534, 0.4817650309579122, 0.5293921373570171, 0.5112781646774526, 0.5093452829170084, 0.4838972629827949, 0.5007225208822057, 0.4929331022975022, 0.4975817521442698, 0.49329973517493997, 0.5187770800803819, 0.5064630490476272, 0.49645246717432184, 0.4988603196810707, 0.49568133914064294, 0.49581454074261555, 0.5293895573012923, 0.5132737054802752, 0.48018124600900336, 0.504497443001476, 0.4979712427736874, 0.49568319382359677, 0.5359632128580374, 0.5097274568430048, 0.4937104280675516, 0.48874958909146266, 0.4922255231527874]}, {'fraction': '7/10', 'log_e_lower': -14.053362162622209, 'primal_log_e_upper': -14.04885517542749, 'certified_optimization_gap_upper': 0.004506987194713356, 'optimizer_success': True, 'optimizer_status': 'Optimization terminated successfully', 'optimizer_iterations': 45, 'objective_evaluations': 46, 'feasible_mean_vector': [0.49548741974743155, 0.5139570651305461, 0.48172294023937245, 0.516033888292498, 0.4790377664743411, 0.5340734820051101, 0.5130612599713433, 0.510823829640002, 0.4814472032302232, 0.5010223363871252, 0.49188783458746504, 0.4967368558266922, 0.4923771228288864, 0.5215148779834088, 0.5073813708042042, 0.4964784359890164, 0.49902068012453227, 0.4950460894819175, 0.49528273576498016, 0.5340694944188037, 0.5153240962856014, 0.47680302122286033, 0.5052189164208756, 0.49644021137534017, 0.4950485299224025, 0.5417163191627213, 0.5110597751848995, 0.49277528930034964, 0.48706458030956806, 0.4910666150462537]}, {'fraction': '9/10', 'log_e_lower': -28.54366061855853, 'primal_log_e_upper': -28.540130562144356, 'certified_optimization_gap_upper': 0.0035300564141671803, 'optimizer_success': True, 'optimizer_status': 'Optimization terminated successfully', 'optimizer_iterations': 46, 'objective_evaluations': 47, 'feasible_mean_vector': [0.49421116369512125, 0.5164388639835936, 0.4783965919529953, 0.5189146661171506, 0.4752547381534563, 0.540490857356778, 0.5153786125951739, 0.5127189851992809, 0.4781042113172351, 0.5013639817712163, 0.490540599634032, 0.4956301782157193, 0.49116393726743823, 0.5252069396539258, 0.5086710157503845, 0.4966079429314921, 0.49936250455896053, 0.4940487062549382, 0.4945480543555346, 0.5404855244584792, 0.5181354231845209, 0.47226615787411136, 0.5060669904265737, 0.4945368070582461, 0.4940516020743664, 0.5496835936024681, 0.512804017153057, 0.4913739363898289, 0.4846610347615212, 0.48936556872819265]}]",certified_lower_evidence,0.1506511121988296,,,,,,1.0,False,797082257723/2788589436272640,0.0002858370785440605,positive,336,0.005952380952380952,0.0,1008,0.04129839692198081,0.04129839692198081,0.0,numerical_tie
appliances,seasonal_day,seasonal_week,32768,336,0.0059523809523809,0.0,8183,0.0001223192014091,full_u_joint,1.0,-0.6237538806788328,0.0089587917272608,0.2094339504837989,36.19651839137077,,,,,,,,,,,,,,,,0.6327126724060936,8.936687626637639e-07,0.1579766874806744,1.0,1.0,1.0,False,28047079317311/2788589436272640,0.010057801608400285,positive,336,0.005952380952380952,0.65,1008,0.028796925754577603,0.04129839692198081,0.01250147116740321,positive
appliances,seasonal_day,seasonal_week,32768,336,0.0059523809523809,0.0,8183,0.0001223192014091,stratified_cell_bernstein,1.0,-0.0743834229531968,0.0111062830749748,0.2094339504837989,36.19651753082872,,,,,,,,,,,,,,,,,,,,,1.0,False,28047079317311/2788589436272640,0.010057801608400285,positive,336,0.005952380952380952,0.65,1008,0.028796925754577603,0.04129839692198081,0.01250147116740321,positive
appliances,seasonal_day,seasonal_week,32768,336,0.0059523809523809,0.0,8183,0.0001223192014091,stratified_hoeffding,0.1330744606519149,-0.0024295135276767,0.0111062830749748,0.2094339504837989,36.19651519879699,,,,,,,,,,,,,,,,,,,,,0.5786837974634703,False,28047079317311/2788589436272640,0.010057801608400285,positive,336,0.005952380952380952,0.65,1008,0.028796925754577603,0.04129839692198081,0.01250147116740321,positive
appliances,seasonal_day,seasonal_week,32768,336,0.0059523809523809,0.0,8183,0.0001223192014091,stratified_hybrid,2.7931873690164352e-05,0.0052197985320578,0.0111062830749748,0.2094339504837989,36.19651770964265,,,,,,,,,,,,,,,,,,,,,0.0001214637478755,True,28047079317311/2788589436272640,0.010057801608400285,positive,336,0.005952380952380952,0.65,1008,0.028796925754577603,0.04129839692198081,0.01250147116740321,positive
appliances,seasonal_day,seasonal_week,32768,336,0.0059523809523809,0.0,8183,0.0001223192014091,stratified_pooled_bernstein,1.3965936845082205e-05,0.005806271398642,0.0111062830749748,0.2094339504837989,36.196517150849104,,,,,,,,,,,,,,,,,,,,,6.0731873937757474e-05,True,28047079317311/2788589436272640,0.010057801608400285,positive,336,0.005952380952380952,0.65,1008,0.028796925754577603,0.04129839692198081,0.01250147116740321,positive
appliances,seasonal_day,seasonal_week,32768,336,0.0059523809523809,0.0,8183,0.0001223192014091,stratified_profiled_betting,1.2182821865389542e-10,,,0.2094339504837989,36.196518030017614,"['1/10', '3/10', '1/2', '7/10', '9/10']",30.0,0.0,32768.0,0.5,60.0,exact-rational tangent LP; outward Decimal logarithms,1.2182821865389542e-10,22.828409107241026,22.828409107241026,22.83285017044333,0.0044410632022937,"[{'fraction': '1/10', 'log_e_lower': 14.436406931180752, 'primal_log_e_upper': 14.438404860562946, 'certified_optimization_gap_upper': 0.0019979293821900143, 'optimizer_success': True, 'optimizer_status': 'Optimization terminated successfully', 'optimizer_iterations': 71, 'objective_evaluations': 71, 'feasible_mean_vector': [0.5170597544288994, 0.514555295977618, 0.49413193128605937, 0.5108500025712039, 0.5018296545483603, 0.5115276614657185, 0.5291252199077847, 0.507403902071892, 0.47969731980058744, 0.4989087895410727, 0.5038632944780453, 0.5003161972606252, 0.49713120848490533, 0.5179179936845447, 0.5002468015367385, 0.5018299708208415, 0.5107988491658207, 0.492926744880346, 0.4863266279627456, 0.5192919066032173, 0.4962188177249058, 0.49214869336391437, 0.5024936245685928, 0.4874869226005838, 0.5151463890381542, 0.5272333690975274, 0.5043333493612799, 0.48350321631945165, 0.4848936888149872, 0.4916780091556141]}, {'fraction': '3/10', 'log_e_lower': 24.4378016795543, 'primal_log_e_upper': 24.44224285338383, 'certified_optimization_gap_upper': 0.004441173829521665, 'optimizer_success': True, 'optimizer_status': 'Optimization terminated successfully', 'optimizer_iterations': 54, 'objective_evaluations': 55, 'feasible_mean_vector': [0.5145207971812046, 0.5166587929701513, 0.4902374358783616, 0.5150290443455798, 0.4949976977248978, 0.5170519473779056, 0.5276422690320923, 0.5097276254392273, 0.477407168446773, 0.5010526380545106, 0.5037358601119433, 0.5007387834054128, 0.49629104809972435, 0.5217107367907464, 0.5005814821014342, 0.5014040347781545, 0.508843837778257, 0.4961139343247574, 0.48461941692473254, 0.5258065642606, 0.4966435491250073, 0.4906985705947444, 0.5042576220860792, 0.4899931753682599, 0.5120952407611811, 0.5337111969874346, 0.5055635091695329, 0.4854006752635801, 0.48746540554522017, 0.4925652836451573]}, {'fraction': '1/2', 'log_e_lower': 5.217786270859069, 'primal_log_e_upper': 5.2224674741438015, 'certified_optimization_gap_upper': 0.004681203284730989, 'optimizer_success': True, 'optimizer_status': 'Optimization terminated successfully', 'optimizer_iterations': 49, 'objective_evaluations': 49, 'feasible_mean_vector': [0.5122310937687927, 0.5192834011055119, 0.48636996107198865, 0.51938479965148, 0.48817527067495514, 0.5228499667886981, 0.5267817603601385, 0.5121620560531042, 0.4747755390955167, 0.5030366422979684, 0.5036675322527764, 0.5011250131688936, 0.4954385459448805, 0.5258870765947394, 0.5009997743128779, 0.5009774042038301, 0.5071280210006764, 0.49896795585707737, 0.4825014723043979, 0.5328598763752161, 0.4971031995872329, 0.48895067945681286, 0.506094362556725, 0.49199815427322463, 0.5093773602731921, 0.5410080985194867, 0.5069016082248133, 0.48671978135688554, 0.4896760151740432, 0.49314117376280997]}, {'fraction': '7/10', 'log_e_lower': -60.44586954758989, 'primal_log_e_upper': -60.44083419322613, 'certified_optimization_gap_upper': 0.005035354363746117, 'optimizer_success': True, 'optimizer_status': 'Optimization terminated successfully', 'optimizer_iterations': 46, 'objective_evaluations': 46, 'feasible_mean_vector': [0.5099852609507692, 0.5227869389731025, 0.48218607962360654, 0.5243272795114259, 0.4808401024435834, 0.5294854645167635, 0.5264922935499206, 0.5148944672544493, 0.47163576103449656, 0.5050030429957153, 0.5036334700262065, 0.501488954270749, 0.4945036391681578, 0.5308475601295928, 0.5015443300364745, 0.500441070436346, 0.5054955175923724, 0.5017183514460217, 0.4797612404668917, 0.5411761425463255, 0.4976645355868091, 0.48668201376493186, 0.5081425555293013, 0.49364632326249336, 0.5067759911432937, 0.5498861287591328, 0.5084271543966926, 0.4875762567785474, 0.49179111991983826, 0.4933924220056034]}, {'fraction': '9/10', 'log_e_lower': -260.4305325136923, 'primal_log_e_upper': -260.4248193954694, 'certified_optimization_gap_upper': 0.005713118222833655, 'optimizer_success': True, 'optimizer_status': 'Optimization terminated successfully', 'optimizer_iterations': 44, 'objective_evaluations': 45, 'feasible_mean_vector': [0.5075008707325782, 0.5278290618832475, 0.4772872488238349, 0.5304049898540801, 0.4723385503777542, 0.5377583669221274, 0.5267645609636817, 0.5181536823074749, 0.46777265955953584, 0.5070551119763058, 0.5035932826611691, 0.5018259929389565, 0.49341027178426444, 0.5371808306810665, 0.5023104537514208, 0.4996186217308445, 0.5037660274411931, 0.5045439095893829, 0.4760476983798027, 0.5518742831398719, 0.49844785909053807, 0.4835293332292815, 0.5105898653267409, 0.49497019092892247, 0.5040397805525823, 0.5616153191678734, 0.5102413923461462, 0.48796928714036986, 0.49410640799953714, 0.4931999434100024]}]",certified_lower_evidence,0.1794500015676021,,,,,,5.297787108320823e-10,True,28047079317311/2788589436272640,0.010057801608400285,positive,336,0.005952380952380952,0.65,1008,0.028796925754577603,0.04129839692198081,0.01250147116740321,positive
metro,ridge,category_copy,32768,4361,0.0002292526364053,0.0,8182,0.0001224433670171,full_u_joint,1.0,-16.36334537652152,0.0021555255554608,0.1977644674479961,33.918323397636414,,,,,,,,,,,,,,,,16.36550090207698,2.4449127583039967e-06,4.093836853796439,1.0,1.0,1.0,False,0,0.0,zero,4362,0.00022925263640531865,0.0,8713,0.005252127633766578,0.005252127633766578,0.0,numerical_tie
metro,ridge,category_copy,32768,4361,0.0002292526364053,0.0,8182,0.0001224433670171,stratified_cell_bernstein,1.0,-0.0620106897990419,0.0,0.1977644674479961,33.91832256317139,,,,,,,,,,,,,,,,,,,,,1.0,False,0,0.0,zero,4362,0.00022925263640531865,0.0,8713,0.005252127633766578,0.005252127633766578,0.0,numerical_tie
metro,ridge,category_copy,32768,4361,0.0002292526364053,0.0,8182,0.0001224433670171,stratified_hoeffding,1.0,-0.0135426649197273,0.0,0.1977644674479961,33.918320532888174,,,,,,,,,,,,,,,,,,,,,1.0,False,0,0.0,zero,4362,0.00022925263640531865,0.0,8713,0.005252127633766578,0.005252127633766578,0.0,numerical_tie
metro,ridge,category_copy,32768,4361,0.0002292526364053,0.0,8182,0.0001224433670171,stratified_hybrid,1.0,-0.0015628883735744,0.0,0.1977644674479961,33.918322924524546,,,,,,,,,,,,,,,,,,,,,1.0,False,0,0.0,zero,4362,0.00022925263640531865,0.0,8713,0.005252127633766578,0.005252127633766578,0.0,numerical_tie
metro,ridge,category_copy,32768,4361,0.0002292526364053,0.0,8182,0.0001224433670171,stratified_pooled_bernstein,1.0,-0.0013156713299579,0.0,0.1977644674479961,33.9183222129941,,,,,,,,,,,,,,,,,,,,,1.0,False,0,0.0,zero,4362,0.00022925263640531865,0.0,8713,0.005252127633766578,0.005252127633766578,0.0,numerical_tie
metro,ridge,category_copy,32768,4361,0.0002292526364053,0.0,8182,0.0001224433670171,stratified_profiled_betting,1.0,,,0.1977644674479961,33.918323177844286,"['1/10', '3/10', '1/2', '7/10', '9/10']",30.0,0.0,32768.0,0.5,60.0,exact-rational tangent LP; outward Decimal logarithms,1.0,-1.6095722677037214,-1.6095722677037214,-1.6059867821863367,0.0035854855173843,"[{'fraction': '1/10', 'log_e_lower': -0.41529462826223795, 'primal_log_e_upper': -0.4123079204383755, 'certified_optimization_gap_upper': 0.002986707823862353, 'optimizer_success': True, 'optimizer_status': 'Optimization terminated successfully', 'optimizer_iterations': 108, 'objective_evaluations': 108, 'feasible_mean_vector': [0.5086004721060177, 0.4907842183927583, 0.5071571558135584, 0.5113426987661418, 0.5086455791786016, 0.4961633246433016, 0.48537272528449277, 0.5079613554708591, 0.5337123993498426, 0.4977117785020326, 0.4942445679234489, 0.5207511351841946, 0.49691553210978906, 0.4975074709772962, 0.5002769910100274, 0.5020982941542356, 0.49180992705768284, 0.5037644431635734, 0.4893896585615685, 0.4910553923771586, 0.5000234141339038, 0.48516085527373926, 0.48663432579318133, 0.5222939054411563, 0.49222481554684194, 0.44446335214626775, 0.49351903147001364, 0.7425533984047298, 0.5055241653178448, 0.5116678488427258]}, {'fraction': '3/10', 'log_e_lower': -1.3870873816670894, 'primal_log_e_upper': -1.382401589664068, 'certified_optimization_gap_upper': 0.004685792003020899, 'optimizer_success': True, 'optimizer_status': 'Optimization terminated successfully', 'optimizer_iterations': 80, 'objective_evaluations': 81, 'feasible_mean_vector': [0.5096161700010203, 0.48970785358002167, 0.5079997637660087, 0.5126817586842972, 0.5096660081391577, 0.4957143814687501, 0.48365802796680674, 0.5089046856948672, 0.5377127294560912, 0.4974446258356277, 0.4935700603362564, 0.5232104806012164, 0.49655478267855746, 0.49721688393222707, 0.5003102983566653, 0.5023472289878912, 0.4908609769477776, 0.5042114312072837, 0.48814477242766524, 0.4900099872707267, 0.5000229266551334, 0.4834257308788182, 0.4850664338699342, 0.5249326779402278, 0.49131217099075436, 0.4380341583541604, 0.49275879439820663, 0.7499999999999999, 0.5061739981704558, 0.513047367366596]}, {'fraction': '1/2', 'log_e_lower': -2.6132493604307876, 'primal_log_e_upper': -2.607996774277454, 'certified_optimization_gap_upper': 0.005252586153332745, 'optimizer_success': True, 'optimizer_status': 'Optimization terminated successfully', 'optimizer_iterations': 70, 'objective_evaluations': 71, 'feasible_mean_vector': [0.5109015871639492, 0.48834047057191865, 0.5090678932939519, 0.5143811443585838, 0.5109572794002906, 0.49514077467996614, 0.48149592687668913, 0.5100951860007994, 0.5428408244221687, 0.49710076850710017, 0.4927109987995213, 0.5263423970233465, 0.4960926792965824, 0.49684291370678824, 0.500347659499051, 0.5026568209301288, 0.4896484124815428, 0.5047709414725206, 0.4865710328316603, 0.48868250594408164, 0.5000255363967074, 0.4812344991639995, 0.483089820849237, 0.5282993813073138, 0.49015404985930594, 0.4300958582496139, 0.49179230402436863, 0.75, 0.5069955087998675, 0.514796348978783]}, {'fraction': '7/10', 'log_e_lower': -4.206030960873687, 'primal_log_e_upper': -4.202551039414561, 'certified_optimization_gap_upper': 0.0034799214591247113, 'optimizer_success': True, 'optimizer_status': 'Optimization terminated successfully', 'optimizer_iterations': 66, 'objective_evaluations': 67, 'feasible_mean_vector': [0.512575040554651, 0.48654666951284276, 0.5104543133075546, 0.5166034023572472, 0.5126401198018106, 0.49437664044277124, 0.4786823847759472, 0.5116444669102723, 0.5496802315217152, 0.4966356932435448, 0.4915778789260554, 0.5304797320373486, 0.49547358445608625, 0.49633865085770307, 0.5003796937632311, 0.5030460177857287, 0.48805672022028757, 0.5054884299668014, 0.4845126524474891, 0.4869413166459567, 0.5000084928605611, 0.47838444172830646, 0.4805135005947273, 0.5327517502692175, 0.48863554852192115, 0.42013842111348026, 0.4905201807300473, 0.7499999999999997, 0.5080592568289528, 0.5170844259677629]}, {'fraction': '9/10', 'log_e_lower': -6.36736699313173, 'primal_log_e_upper': -6.364112384590615, 'certified_optimization_gap_upper': 0.0032546085411133594, 'optimizer_success': True, 'optimizer_status': 'Optimization terminated successfully', 'optimizer_iterations': 64, 'objective_evaluations': 64, 'feasible_mean_vector': [0.5148418281829142, 0.48409206291759876, 0.5123215186795012, 0.5196361723178858, 0.5149184892877205, 0.4933006020185694, 0.4748791855744825, 0.5137356990577926, 0.5593462502399695, 0.49596409212729536, 0.4900043874850918, 0.536221169970509, 0.49459354939737665, 0.4956137012591574, 0.5003849419682207, 0.5035382208506578, 0.48586572292405167, 0.506430455703236, 0.4817057149066985, 0.4845553462554942, 0.49994613635079177, 0.4745315419843108, 0.47702139972496305, 0.5389463061680335, 0.4865457270670053, 0.4074911514400233, 0.48876005925654425, 0.7499999999999999, 0.5094785753383114, 0.5202091137903255]}]",certified_lower_evidence,0.1779562458395958,,,,,,1.0,False,0,0.0,zero,4362,0.00022925263640531865,0.0,8713,0.005252127633766578,0.005252127633766578,0.0,numerical_tie
metro,ridge,extra_trees,32768,4361,0.0002292526364053,0.0,8182,0.0001224433670171,full_u_joint,1.0,-16.359496699369384,0.0060042027075983,0.2208383716642856,34.253917418420315,,,,,,,,,,,,,,,,16.36550090207698,2.3128829291401485e-06,4.093836853796439,1.0,1.0,1.0,False,189010897230028943866100400884683001/47356020987310828091984551696805795820,0.003991274885207837,positive,4362,0.00022925263640531865,1.1,8713,0.001372243831260992,0.005252127633766578,0.003879883802505586,positive
metro,ridge,extra_trees,32768,4361,0.0002292526364053,0.0,8182,0.0001224433670171,stratified_cell_bernstein,1.0,-0.0658720694248652,0.0034845458419095,0.2208383716642856,34.253916408866644,,,,,,,,,,,,,,,,,,,,,1.0,False,189010897230028943866100400884683001/47356020987310828091984551696805795820,0.003991274885207837,positive,4362,0.00022925263640531865,1.1,8713,0.001372243831260992,0.005252127633766578,0.003879883802505586,positive
metro,ridge,extra_trees,32768,4361,0.0002292526364053,0.0,8182,0.0001224433670171,stratified_hoeffding,0.8200996682506354,-0.0100581190778178,0.0034845458419095,0.2208383716642856,34.253914285451174,,,,,,,,,,,,,,,,,,,,,1.0,False,189010897230028943866100400884683001/47356020987310828091984551696805795820,0.003991274885207837,positive,4362,0.00022925263640531865,1.1,8713,0.001372243831260992,0.005252127633766578,0.003879883802505586,positive
metro,ridge,extra_trees,32768,4361,0.0002292526364053,0.0,8182,0.0001224433670171,stratified_hybrid,0.017548905369102,0.0005307149055761,0.0034845458419095,0.2208383716642856,34.253916807472706,,,,,,,,,,,,,,,,,,,,,0.1907816712269518,False,189010897230028943866100400884683001/47356020987310828091984551696805795820,0.003991274885207837,positive,4362,0.00022925263640531865,1.1,8713,0.001372243831260992,0.005252127633766578,0.003879883802505586,positive
metro,ridge,extra_trees,32768,4361,0.0002292526364053,0.0,8182,0.0001224433670171,stratified_pooled_bernstein,0.008774452684551,0.0008926739780008,0.0034845458419095,0.2208383716642856,34.253916054964066,,,,,,,,,,,,,,,,,,,,,0.0953908356134759,False,189010897230028943866100400884683001/47356020987310828091984551696805795820,0.003991274885207837,positive,4362,0.00022925263640531865,1.1,8713,0.001372243831260992,0.005252127633766578,0.003879883802505586,positive
metro,ridge,extra_trees,32768,4361,0.0002292526364053,0.0,8182,0.0001224433670171,stratified_profiled_betting,2.4988411571220297e-12,,,0.2208383716642856,34.25391705706716,"['1/10', '3/10', '1/2', '7/10', '9/10']",30.0,0.0,32768.0,0.5,60.0,exact-rational tangent LP; outward Decimal logarithms,2.4988411571220297e-12,26.715194028672133,26.715194028672133,26.71829207230281,0.0030980436306683,"[{'fraction': '1/10', 'log_e_lower': 4.969824495544706, 'primal_log_e_upper': 4.972485759329987, 'certified_optimization_gap_upper': 0.0026612637852793694, 'optimizer_success': True, 'optimizer_status': 'Optimization terminated successfully', 'optimizer_iterations': 108, 'objective_evaluations': 108, 'feasible_mean_vector': [0.5086854370542603, 0.4918484910974359, 0.5056572867163145, 0.5098334520614406, 0.5076512850151285, 0.494695388491226, 0.4847927060055283, 0.5064612945730704, 0.5334720400561132, 0.4973979680260404, 0.49278290480323744, 0.5220573731695803, 0.4954452651425496, 0.4972962982909298, 0.5029302847267222, 0.5035090694978466, 0.501616498031913, 0.5022755956068558, 0.4934604994558676, 0.4911090583315272, 0.5018339216856558, 0.48479912597068187, 0.4859925925868345, 0.520752621215705, 0.49237345490469897, 0.4431413077161883, 0.49307066566096147, 0.7403908081125539, 0.5040292630964022, 0.5116950251851706]}, {'fraction': '3/10', 'log_e_lower': 13.377866967408053, 'primal_log_e_upper': 13.380382443377226, 'certified_optimization_gap_upper': 0.0025154759691696656, 'optimizer_success': True, 'optimizer_status': 'Optimization terminated successfully', 'optimizer_iterations': 80, 'objective_evaluations': 80, 'feasible_mean_vector': [0.5096985602713527, 0.49049441850823017, 0.506908073462586, 0.5115799390908475, 0.5089453110510692, 0.4946445111963562, 0.48323648304395644, 0.5078134218132614, 0.5375690120777701, 0.497223332543304, 0.49250297890316724, 0.5242155617177362, 0.49548285921946883, 0.49707027621190447, 0.5022835323529906, 0.5034021053722645, 0.49809134294009677, 0.5031247840750778, 0.49113575030782053, 0.4900533863093809, 0.5013833179480137, 0.48316310825883324, 0.4846003999269565, 0.5238077214779794, 0.49122455859785014, 0.43707445839493275, 0.4924358764956399, 0.75, 0.5050845149231211, 0.5130881506729236]}, {'fraction': '1/2', 'log_e_lower': 20.06199307106586, 'primal_log_e_upper': 20.065048467706127, 'certified_optimization_gap_upper': 0.003055396640260658, 'optimizer_success': True, 'optimizer_status': 'Optimization terminated successfully', 'optimizer_iterations': 70, 'objective_evaluations': 70, 'feasible_mean_vector': [0.510980649847809, 0.4889000944274918, 0.5083151736598167, 0.5136217421198853, 0.5104683499435579, 0.4944060306787786, 0.48121199312023816, 0.5093450055141729, 0.5427713034258951, 0.49696077608606143, 0.4919789421251937, 0.5270878311662437, 0.49535646268058425, 0.49675510447553584, 0.5017517197041619, 0.5034169118017994, 0.49471546991999316, 0.5040238021158064, 0.48866748361052403, 0.4887246214794023, 0.5010045291503856, 0.4810610412926391, 0.4827749372771327, 0.5275237354341723, 0.48985241990579803, 0.429440211133952, 0.49158022515908634, 0.7499999999999998, 0.5062465141727858, 0.5148477212462563]}, {'fraction': '7/10', 'log_e_lower': 25.159454662993824, 'primal_log_e_upper': 25.1623740282665, 'certified_optimization_gap_upper': 0.002919365272667988, 'optimizer_success': True, 'optimizer_status': 'Optimization terminated successfully', 'optimizer_iterations': 66, 'objective_evaluations': 66, 'feasible_mean_vector': [0.5126505962606408, 0.4869057678049729, 0.5100169066440357, 0.5161613569842457, 0.51236489952935, 0.49395107925577403, 0.47852958636926507, 0.5112072530969779, 0.5496730899394583, 0.4965727265652714, 0.4911538304014222, 0.5309757256701646, 0.4950471306394482, 0.4963074744649451, 0.5012619278127889, 0.5035357605895466, 0.49114517520707734, 0.5050542728648826, 0.48579965416947174, 0.48698664456957896, 0.5006337799161744, 0.47829741361680167, 0.4803420919896495, 0.5322982916515038, 0.48811198336434775, 0.4197642821273945, 0.49041184885145345, 0.7499999999999999, 0.5076238448313644, 0.5171441229393974]}, {'fraction': '9/10', 'log_e_lower': 28.281238979002357, 'primal_log_e_upper': 28.28434490944901, 'certified_optimization_gap_upper': 0.0031059304466488314, 'optimizer_success': True, 'optimizer_status': 'Optimization terminated successfully', 'optimizer_iterations': 64, 'objective_evaluations': 64, 'feasible_mean_vector': [0.5149106259208757, 0.48425393197518496, 0.5122071296318239, 0.5195202330915856, 0.5148622709660406, 0.4931900775628976, 0.47486254033388037, 0.5136211614295368, 0.5593925870417765, 0.4959810422504671, 0.48989453498611857, 0.5364468682492767, 0.49448275243458417, 0.495641863846329, 0.5007356261974323, 0.5037517105427306, 0.48697631397688423, 0.5063172268095883, 0.4821882992004225, 0.4846083751975881, 0.5002072661924823, 0.47453732174394875, 0.47699845672115365, 0.5388264750755574, 0.4857704406776209, 0.4073985813354109, 0.4887604031226731, 0.7499999999999998, 0.5093647757892614, 0.5202731980142725]}]",certified_lower_evidence,0.1906714215874672,,,,,,2.7165973150998063e-11,True,189010897230028943866100400884683001/47356020987310828091984551696805795820,0.003991274885207837,positive,4362,0.00022925263640531865,1.1,8713,0.001372243831260992,0.005252127633766578,0.003879883802505586,positive
metro,ridge,hist_gradient_boosting,32768,4361,0.0002292526364053,0.0,8182,0.0001224433670171,full_u_joint,1.0,-16.35926176671992,0.0062391353570598,0.2205233126878738,33.30798929184675,,,,,,,,,,,,,,,,16.36550090207698,2.301180661210666e-06,4.093836853796439,1.0,1.0,1.0,False,827874562060140506334822856608593503309/194594247181740306305510167254827392517760,0.004254362983747157,positive,4362,0.00022925263640531865,1.1,8713,0.0015706208767731736,0.005252127633766578,0.0036815067569934043,positive
metro,ridge,hist_gradient_boosting,32768,4361,0.0002292526364053,0.0,8182,0.0001224433670171,stratified_cell_bernstein,1.0,-0.0664754382297852,0.0040963457857332,0.2205233126878738,33.30798837915063,,,,,,,,,,,,,,,,,,,,,1.0,False,827874562060140506334822856608593503309/194594247181740306305510167254827392517760,0.004254362983747157,positive,4362,0.00022925263640531865,1.1,8713,0.0015706208767731736,0.005252127633766578,0.0036815067569934043,positive
metro,ridge,hist_gradient_boosting,32768,4361,0.0002292526364053,0.0,8182,0.0001224433670171,stratified_hoeffding,0.7602661623571985,-0.009446319133994,0.0040963457857332,0.2205233126878738,33.30798647552729,,,,,,,,,,,,,,,,,,,,,1.0,False,827874562060140506334822856608593503309/194594247181740306305510167254827392517760,0.004254362983747157,positive,4362,0.00022925263640531865,1.1,8713,0.0015706208767731736,0.005252127633766578,0.0036815067569934043,positive
metro,ridge,hist_gradient_boosting,32768,4361,0.0002292526364053,0.0,8182,0.0001224433670171,stratified_hybrid,0.0066438779009684,0.0010328129816916,0.0040963457857332,0.2205233126878738,33.30798877030611,,,,,,,,,,,,,,,,,,,,,0.144456888075342,False,827874562060140506334822856608593503309/194594247181740306305510167254827392517760,0.004254362983747157,positive,4362,0.00022925263640531865,1.1,8713,0.0015706208767731736,0.005252127633766578,0.0036815067569934043,positive
metro,ridge,hist_gradient_boosting,32768,4361,0.0002292526364053,0.0,8182,0.0001224433670171,stratified_pooled_bernstein,0.0033219389504842,0.0014038216117342,0.0040963457857332,0.2205233126878738,33.307987950742245,,,,,,,,,,,,,,,,,,,,,0.072228444037671,False,827874562060140506334822856608593503309/194594247181740306305510167254827392517760,0.004254362983747157,positive,4362,0.00022925263640531865,1.1,8713,0.0015706208767731736,0.005252127633766578,0.0036815067569934043,positive
metro,ridge,hist_gradient_boosting,32768,4361,0.0002292526364053,0.0,8182,0.0001224433670171,stratified_profiled_betting,4.038517965689391e-15,,,0.2205233126878738,33.307989079505205,"['1/10', '3/10', '1/2', '7/10', '9/10']",30.0,0.0,32768.0,0.5,60.0,exact-rational tangent LP; outward Decimal logarithms,4.038517965689391e-15,33.14289861041583,33.14289861041583,33.14601271819896,0.0031141077831138,"[{'fraction': '1/10', 'log_e_lower': 5.923889043388303, 'primal_log_e_upper': 5.926509608393766, 'certified_optimization_gap_upper': 0.002620565005461318, 'optimizer_success': True, 'optimizer_status': 'Optimization terminated successfully', 'optimizer_iterations': 107, 'objective_evaluations': 108, 'feasible_mean_vector': [0.5084201411339137, 0.4903343561434743, 0.5057724589512987, 0.5095667177865444, 0.5078929899402137, 0.4944362826240499, 0.48625711910326636, 0.5061944798236552, 0.5338598394496934, 0.4994494122988614, 0.4935308201914982, 0.5217838726256818, 0.49518584216974093, 0.4957711754605439, 0.5026680271025091, 0.5051690562048894, 0.5013548394184909, 0.5020109336316795, 0.492101447497413, 0.49160181145041876, 0.5011852044011467, 0.4845437908984036, 0.4861370538847036, 0.5204803099108981, 0.49263556521323126, 0.44290764410625744, 0.49331845754650544, 0.7400102155229848, 0.5036679207783102, 0.5114269975464169]}, {'fraction': '3/10', 'log_e_lower': 16.00540086816923, 'primal_log_e_upper': 16.008237938563845, 'certified_optimization_gap_upper': 0.0028370703946086558, 'optimizer_success': True, 'optimizer_status': 'Optimization terminated successfully', 'optimizer_iterations': 80, 'objective_evaluations': 80, 'feasible_mean_vector': [0.5095015632097508, 0.489381754229831, 0.5069932129175452, 0.5113825367486385, 0.5091255563631383, 0.49445297832398255, 0.48430173106506286, 0.5076169961741921, 0.5378654993290429, 0.4987357697650645, 0.49305088097251343, 0.5240133688302429, 0.49529108738988764, 0.4959488311302808, 0.5020887553569897, 0.5046324900075898, 0.49789633692936613, 0.5029303950971179, 0.4901355353486927, 0.4904139093089298, 0.500903999676912, 0.4829751038220188, 0.48470340667133105, 0.5236060898424707, 0.4916171809808062, 0.43690247119741826, 0.492616201811557, 0.7499999999999998, 0.5046123686500977, 0.5128900643225962]}, {'fraction': '1/2', 'log_e_lower': 24.126805113899444, 'primal_log_e_upper': 24.13022217498672, 'certified_optimization_gap_upper': 0.003417061087267402, 'optimizer_success': True, 'optimizer_status': 'Optimization terminated successfully', 'optimizer_iterations': 70, 'objective_evaluations': 70, 'feasible_mean_vector': [0.5108416310824253, 0.4881228253281021, 0.508375198352029, 0.5134822688513454, 0.5105959530546375, 0.49427095997682247, 0.4819498503772797, 0.5092063122491601, 0.5429876354206726, 0.49802127287798087, 0.49236079245575753, 0.5269449313566085, 0.4952211926983965, 0.495968694409377, 0.5016145807783516, 0.5042840205321835, 0.4945790436692705, 0.5038865532762604, 0.48796845147517015, 0.4889750181722629, 0.5006676121658817, 0.4809287887639985, 0.48284490041398986, 0.5273810864965535, 0.4903796314178228, 0.42932000555420885, 0.49170515487247396, 0.7499999999999999, 0.5056538431128788, 0.5147078398049596]}, {'fraction': '7/10', 'log_e_lower': 30.486858323508137, 'primal_log_e_upper': 30.489857107211392, 'certified_optimization_gap_upper': 0.00299878370324806, 'optimizer_success': True, 'optimizer_status': 'Optimization terminated successfully', 'optimizer_iterations': 66, 'objective_evaluations': 66, 'feasible_mean_vector': [0.5125648754715584, 0.4864342282374438, 0.5100538066723509, 0.5160752434908202, 0.5124436327062887, 0.49386808860747927, 0.47897233708617587, 0.5111217875902907, 0.5498115648304736, 0.4972188681763723, 0.4913850098549593, 0.5308873948023763, 0.4949639903056426, 0.4958276581897931, 0.5011777097071636, 0.5040669230748429, 0.49106209000074863, 0.5049697271284938, 0.48537608989790204, 0.4871372685693798, 0.5004273736145873, 0.4782165741440174, 0.4803830426645597, 0.5322098978685629, 0.4887918186928241, 0.41969182688677953, 0.4904868595617433, 0.75, 0.5068883568700663, 0.5170577791352028]}, {'fraction': '9/10', 'log_e_lower': 34.73816716568244, 'primal_log_e_upper': 34.74128290876529, 'certified_optimization_gap_upper': 0.003115743082840055, 'optimizer_success': True, 'optimizer_status': 'Optimization terminated successfully', 'optimizer_iterations': 64, 'objective_evaluations': 64, 'feasible_mean_vector': [0.5148799456578634, 0.4840896434735777, 0.5122202114192436, 0.5194893312349835, 0.5148903414694369, 0.4931606064664023, 0.47501438770082005, 0.5135905614039152, 0.5594446705537993, 0.4962076155420093, 0.489974906231112, 0.5364150050487909, 0.49445321066044606, 0.49547302970847407, 0.5007057052913575, 0.5039392388089684, 0.48694710917075085, 0.5062870261504919, 0.4820411758482244, 0.4846602400689526, 0.5001342934085033, 0.4745088807378134, 0.4770120275275961, 0.5387944947945204, 0.4866371189435247, 0.4073739729515542, 0.48878615011901905, 0.7499999999999998, 0.5084448273452857, 0.5202422253447003]}]",certified_lower_evidence,0.1901240237057209,,,,,,8.780891919684647e-14,True,827874562060140506334822856608593503309/194594247181740306305510167254827392517760,0.004254362983747157,positive,4362,0.00022925263640531865,1.1,8713,0.0015706208767731736,0.005252127633766578,0.0036815067569934043,positive
metro,ridge,independent_noise,32768,4361,0.0002292526364053,0.0,8182,0.0001224433670171,full_u_joint,1.0,-16.364263556771544,0.0012373453054377,0.2297573424875736,33.98145455121994,,,,,,,,,,,,,,,,16.36550090207698,5.450978392881336e-07,4.093836853796439,1.0,1.0,1.0,False,134933860124515319168225209981706463931/601473127652651855853395062424011940509440,0.00022433896698114675,positive,4362,0.00022925263640531865,0.0,8713,0.005252127633766578,0.005252127633766578,0.0,numerical_tie
metro,ridge,independent_noise,32768,4361,0.0002292526364053,0.0,8182,0.0001224433670171,stratified_cell_bernstein,1.0,-0.0793111770592611,0.0003114501205274,0.2297573424875736,33.98145383968949,,,,,,,,,,,,,,,,,,,,,1.0,False,134933860124515319168225209981706463931/601473127652651855853395062424011940509440,0.00022433896698114675,positive,4362,0.00022925263640531865,0.0,8713,0.005252127633766578,0.005252127633766578,0.0,numerical_tie
metro,ridge,independent_noise,32768,4361,0.0002292526364053,0.0,8182,0.0001224433670171,stratified_hoeffding,0.998416829348092,-0.0132312147991998,0.0003114501205274,0.2297573424875736,33.9814519546926,,,,,,,,,,,,,,,,,,,,,1.0,False,134933860124515319168225209981706463931/601473127652651855853395062424011940509440,0.00022433896698114675,positive,4362,0.00022925263640531865,0.0,8713,0.005252127633766578,0.005252127633766578,0.0,numerical_tie
metro,ridge,independent_noise,32768,4361,0.0002292526364053,0.0,8182,0.0001224433670171,stratified_hybrid,1.0,-0.0040197189822631,0.0003114501205274,0.2297573424875736,33.9814540296793,,,,,,,,,,,,,,,,,,,,,1.0,False,134933860124515319168225209981706463931/601473127652651855853395062424011940509440,0.00022433896698114675,positive,4362,0.00022925263640531865,0.0,8713,0.005252127633766578,0.005252127633766578,0.0,numerical_tie
metro,ridge,independent_noise,32768,4361,0.0002292526364053,0.0,8182,0.0001224433670171,stratified_pooled_bernstein,1.0,-0.0035441401387526,0.0003114501205274,0.2297573424875736,33.98145352676511,,,,,,,,,,,,,,,,,,,,,1.0,False,134933860124515319168225209981706463931/601473127652651855853395062424011940509440,0.00022433896698114675,positive,4362,0.00022925263640531865,0.0,8713,0.005252127633766578,0.005252127633766578,0.0,numerical_tie
metro,ridge,independent_noise,32768,4361,0.0002292526364053,0.0,8182,0.0001224433670171,stratified_profiled_betting,1.0,,,0.2297573424875736,33.98145420849323,"['1/10', '3/10', '1/2', '7/10', '9/10']",30.0,0.0,32768.0,0.5,60.0,exact-rational tangent LP; outward Decimal logarithms,1.0,-2.676895697144871,-2.676895697144871,-2.673130406546901,0.0037652905979693,"[{'fraction': '1/10', 'log_e_lower': -1.067521482346077, 'primal_log_e_upper': -1.0637562915539718, 'certified_optimization_gap_upper': 0.0037651907921046933, 'optimizer_success': True, 'optimizer_status': 'Optimization terminated successfully', 'optimizer_iterations': 108, 'objective_evaluations': 108, 'feasible_mean_vector': [0.5105614746941484, 0.4927748143636462, 0.5090527751681954, 0.5118834977195067, 0.5114039925902946, 0.4988870418408492, 0.4807091608314182, 0.5058028090773597, 0.5346670124474795, 0.49628870665843156, 0.4939164869609242, 0.520079002013313, 0.49945041271543944, 0.49972609289270814, 0.4998799448662307, 0.49913523326571535, 0.4910460711692087, 0.5058898515032366, 0.4870122024191417, 0.4896135098566747, 0.49629396230007294, 0.4865059108527143, 0.48968639169838357, 0.5310424896068584, 0.4912529405211912, 0.4449366124077869, 0.49045092541489843, 0.7433264579782448, 0.5059182505111532, 0.5099842364689304]}, {'fraction': '3/10', 'log_e_lower': -10.728852751975126, 'primal_log_e_upper': -10.72352186830947, 'certified_optimization_gap_upper': 0.005330883665652106, 'optimizer_success': True, 'optimizer_status': 'Optimization terminated successfully', 'optimizer_iterations': 81, 'objective_evaluations': 82, 'feasible_mean_vector': [0.5121262323643522, 0.491644154821994, 0.5104709464652049, 0.5145108102234405, 0.5124313554051662, 0.49911121554686216, 0.4789962980010878, 0.5077018263642004, 0.5393214163232142, 0.49614252691172056, 0.4939972599436483, 0.521556020905647, 0.49928463067313955, 0.49845654707685844, 0.4994632247025108, 0.4993157582335776, 0.48897089816236894, 0.5062462864685714, 0.4840321236855772, 0.48780018818594756, 0.49587148255667557, 0.4852538764202382, 0.4880921133815888, 0.5329763732468674, 0.4897387214037265, 0.43962784245635844, 0.48970994292936887, 0.7499999999999997, 0.5066429851085495, 0.5117978466272333]}, {'fraction': '1/2', 'log_e_lower': -33.097892756207266, 'primal_log_e_upper': -33.095471812001186, 'certified_optimization_gap_upper': 0.0024209442060717174, 'optimizer_success': True, 'optimizer_status': 'Optimization terminated successfully', 'optimizer_iterations': 73, 'objective_evaluations': 74, 'feasible_mean_vector': [0.5140032811195233, 0.4902918202271147, 0.5121583506316099, 0.5174780954781015, 0.5138112806022574, 0.49928091503912775, 0.476730500413831, 0.5097408002421214, 0.5451027809136961, 0.4958646433322289, 0.49385365763483574, 0.5236693417754437, 0.4990953990137378, 0.49720607438708275, 0.4990438957194304, 0.4994311158247839, 0.4866567408808713, 0.5067822058962429, 0.4807201111541968, 0.48569045976134223, 0.49535376935007563, 0.48357980317652616, 0.4861998246094177, 0.535904001962014, 0.4879730453075197, 0.43276459235836734, 0.48865955242208536, 0.75, 0.5075429366219607, 0.5138988800759559]}, {'fraction': '7/10', 'log_e_lower': -77.60212006847517, 'primal_log_e_upper': -77.5978213602666, 'certified_optimization_gap_upper': 0.004298708208551681, 'optimizer_success': True, 'optimizer_status': 'Optimization terminated successfully', 'optimizer_iterations': 67, 'objective_evaluations': 67, 'feasible_mean_vector': [0.5163776417732369, 0.48858337454921186, 0.5142685728675085, 0.5210917741573541, 0.5156710568244203, 0.49939980159805186, 0.473730054251522, 0.5121195575536134, 0.5526787226180236, 0.4954166694565516, 0.493469891569233, 0.5266288081057133, 0.49884770639325954, 0.4958299238954823, 0.4985660004393566, 0.4994853132613204, 0.4838612925262135, 0.5075340493682112, 0.4767553660114713, 0.4830724086383211, 0.4946786267728639, 0.48131919109424304, 0.48381271844636564, 0.5401462691334545, 0.48577360156967386, 0.42391021353262187, 0.4871943666390882, 0.75, 0.5086905353885237, 0.5164968278054649]}, {'fraction': '9/10', 'log_e_lower': -190.30785457511823, 'primal_log_e_upper': -190.3045864509139, 'certified_optimization_gap_upper': 0.0032681242042948335, 'optimizer_success': True, 'optimizer_status': 'Optimization terminated successfully', 'optimizer_iterations': 64, 'objective_evaluations': 65, 'feasible_mean_vector': [0.5195402609840643, 0.48628011846177743, 0.517057962881576, 0.5258225750902442, 0.5182372376740257, 0.49944489158438715, 0.4696647910687895, 0.5151195370103278, 0.563279323236849, 0.4947041926770937, 0.4927543029321018, 0.5308523334893965, 0.49847705304370704, 0.49413825270395184, 0.4979363306005047, 0.4994501702107266, 0.4802523460661298, 0.5085718622497157, 0.4716855684678707, 0.47962031719503173, 0.49374253775116883, 0.4781822942816408, 0.48062964023240157, 0.5463670972897584, 0.48285466364107604, 0.4124350121856541, 0.4851002888281002, 0.75, 0.5102049285198614, 0.5199119632302837]}]",certified_lower_evidence,0.2096423953771591,,,,,,1.0,False,134933860124515319168225209981706463931/601473127652651855853395062424011940509440,0.00022433896698114675,positive,4362,0.00022925263640531865,0.0,8713,0.005252127633766578,0.005252127633766578,0.0,numerical_tie
metro,ridge,persistence,32768,4361,0.0002292526364053,0.0,8182,0.0001224433670171,full_u_joint,1.0,-16.362250474021614,0.0032504280553676,0.2216963209211826,33.83166824653745,,,,,,,,,,,,,,,,16.36550090207698,2.362411025821574e-06,4.093836853796439,1.0,1.0,1.0,False,444228561533909780395773939139671416023/357632670496171373750667334414277370032640,0.0012421364102938282,positive,4362,0.00022925263640531865,0.0,8713,0.005252127633766578,0.005252127633766578,0.0,numerical_tie
metro,ridge,persistence,32768,4361,0.0002292526364053,0.0,8182,0.0001224433670171,stratified_cell_bernstein,1.0,-0.0716194799730066,0.0008858493789221,0.2216963209211826,33.83166737481952,,,,,,,,,,,,,,,,,,,,,1.0,False,444228561533909780395773939139671416023/357632670496171373750667334414277370032640,0.0012421364102938282,positive,4362,0.00022925263640531865,0.0,8713,0.005252127633766578,0.005252127633766578,0.0,numerical_tie
metro,ridge,persistence,32768,4361,0.0002292526364053,0.0,8182,0.0001224433670171,stratified_hoeffding,0.9872639686682289,-0.0126568155408051,0.0008858493789221,0.2216963209211826,33.83166540786624,,,,,,,,,,,,,,,,,,,,,1.0,False,444228561533909780395773939139671416023/357632670496171373750667334414277370032640,0.0012421364102938282,positive,4362,0.00022925263640531865,0.0,8713,0.005252127633766578,0.005252127633766578,0.0,numerical_tie
metro,ridge,persistence,32768,4361,0.0002292526364053,0.0,8182,0.0001224433670171,stratified_hybrid,1.0,-0.0024360807188986,0.0008858493789221,0.2216963209211826,33.83166769519448,,,,,,,,,,,,,,,,,,,,,1.0,False,444228561533909780395773939139671416023/357632670496171373750667334414277370032640,0.0012421364102938282,positive,4362,0.00022925263640531865,0.0,8713,0.005252127633766578,0.005252127633766578,0.0,numerical_tie
metro,ridge,persistence,32768,4361,0.0002292526364053,0.0,8182,0.0001224433670171,stratified_pooled_bernstein,1.0,-0.0020437563059325,0.0008858493789221,0.2216963209211826,33.83166702091694,,,,,,,,,,,,,,,,,,,,,1.0,False,444228561533909780395773939139671416023/357632670496171373750667334414277370032640,0.0012421364102938282,positive,4362,0.00022925263640531865,0.0,8713,0.005252127633766578,0.005252127633766578,0.0,numerical_tie
metro,ridge,persistence,32768,4361,0.0002292526364053,0.0,8182,0.0001224433670171,stratified_profiled_betting,1.0,,,0.2216963209211826,33.83166786655784,"['1/10', '3/10', '1/2', '7/10', '9/10']",30.0,0.0,32768.0,0.5,60.0,exact-rational tangent LP; outward Decimal logarithms,1.0,-0.8969579870379996,-0.8969579870379996,-0.8927214916601991,0.0042364953778002,"[{'fraction': '1/10', 'log_e_lower': 0.5687308429907975, 'primal_log_e_upper': 0.573401181400781, 'certified_optimization_gap_upper': 0.004670338409983273, 'optimizer_success': True, 'optimizer_status': 'Optimization terminated successfully', 'optimizer_iterations': 108, 'objective_evaluations': 108, 'feasible_mean_vector': [0.5100379603677504, 0.49189491267364327, 0.507767646910752, 0.5111906265391492, 0.5078704562052097, 0.4982100305146519, 0.4856762165400531, 0.5100052435065856, 0.5348892598486915, 0.5010438103296805, 0.49347826412150614, 0.5259813882608299, 0.49676622475499715, 0.4983421235116896, 0.49892026786372595, 0.5087113389365348, 0.4875279085692392, 0.5056509432649063, 0.4834979314384883, 0.49241812765152077, 0.4932718162218571, 0.486091411132537, 0.4862125822099537, 0.5221364431045505, 0.4925449304040524, 0.44432842323264016, 0.4953964944286821, 0.7423294747366149, 0.5052760209913567, 0.5105712523871452]}, {'fraction': '3/10', 'log_e_lower': -1.299355339873847, 'primal_log_e_upper': -1.2979308093929294, 'certified_optimization_gap_upper': 0.0014245304809172665, 'optimizer_success': True, 'optimizer_status': 'Optimization terminated successfully', 'optimizer_iterations': 84, 'objective_evaluations': 85, 'feasible_mean_vector': [0.5111785365314252, 0.49099967164721536, 0.5089442953881919, 0.5130641642917957, 0.5093491584002671, 0.4977020611600491, 0.4843762669281668, 0.5109182030416997, 0.5391202946027919, 0.500384922639268, 0.49324601617128, 0.5270004324549904, 0.49692710848240595, 0.497719609274612, 0.49901905604642266, 0.5077332641086915, 0.4854998563348821, 0.5060956514923514, 0.4816532382085344, 0.49148500355823366, 0.4927474362242953, 0.4845759710979778, 0.4846552814909329, 0.5253238843460261, 0.4912144487858255, 0.4383667249819974, 0.49461858892016625, 0.7499999999999998, 0.5062750848034727, 0.5123766440518219]}, {'fraction': '1/2', 'log_e_lower': -8.079395260624969, 'primal_log_e_upper': -8.077021596903617, 'certified_optimization_gap_upper': 0.002373663721348107, 'optimizer_success': True, 'optimizer_status': 'Optimization terminated successfully', 'optimizer_iterations': 73, 'objective_evaluations': 74, 'feasible_mean_vector': [0.512630278063677, 0.4898441320840417, 0.510357257710532, 0.5152787806654953, 0.5110587972102587, 0.4971429606984878, 0.48260675001193576, 0.5121422634039451, 0.5445074487961068, 0.49977571645776564, 0.4927915093327042, 0.5288663645354934, 0.4969635633877388, 0.4970550457169203, 0.49907070034265233, 0.5070705938512103, 0.4831059471201248, 0.5067173867502505, 0.4793082141206826, 0.490314689710607, 0.49202250716510026, 0.4826298023862711, 0.4826787202511359, 0.5292173077555677, 0.4896713414515537, 0.43086887083530956, 0.4936999905637931, 0.75, 0.5074281273257963, 0.5144972208828846]}, {'fraction': '7/10', 'log_e_lower': -23.053669162331115, 'primal_log_e_upper': -23.049230197789804, 'certified_optimization_gap_upper': 0.0044389645413050165, 'optimizer_success': True, 'optimizer_status': 'Optimization terminated successfully', 'optimizer_iterations': 67, 'objective_evaluations': 67, 'feasible_mean_vector': [0.5145297959626912, 0.48831459017439766, 0.512133505921644, 0.5180506377448195, 0.5131623474581313, 0.49646198563266386, 0.4802062004873047, 0.5137917605435539, 0.5516657301828494, 0.49913660620902955, 0.49206117267621907, 0.5317747189600964, 0.49687108104379857, 0.49626566323796784, 0.49906898441063746, 0.5066293895476067, 0.4801199720086587, 0.5075621854662662, 0.4762438864934783, 0.48878644893990325, 0.49103072828928823, 0.4800697269616872, 0.4800897680970529, 0.534236717864831, 0.4877509829790047, 0.4213535584020562, 0.4925400773361342, 0.7499999999999998, 0.5088338674092028, 0.5171453901012805]}, {'fraction': '9/10', 'log_e_lower': -62.3501676265323, 'primal_log_e_upper': -62.34622250111351, 'certified_optimization_gap_upper': 0.003945125418777737, 'optimizer_success': True, 'optimizer_status': 'Optimization terminated successfully', 'optimizer_iterations': 64, 'objective_evaluations': 64, 'feasible_mean_vector': [0.5171100322728864, 0.48619709564254543, 0.5144834589601357, 0.5217367820025071, 0.5159115996442383, 0.49554590537898785, 0.47687303509501966, 0.5160686246545036, 0.5617648897423714, 0.498364203025932, 0.4909285427076091, 0.5361692044424273, 0.49660124485124457, 0.495226073281452, 0.4989793540912065, 0.5063471089129123, 0.4761865066530481, 0.5087141288380911, 0.4720935832195118, 0.48668843029264625, 0.4896286846434826, 0.47657751706565915, 0.4765683974172545, 0.5411183078918522, 0.4852016551427361, 0.40916885930397723, 0.4909677230064475, 0.7499999999999997, 0.5106485238264122, 0.5206572885049713]}]",certified_lower_evidence,0.2017660215497017,,,,,,1.0,False,444228561533909780395773939139671416023/357632670496171373750667334414277370032640,0.0012421364102938282,positive,4362,0.00022925263640531865,0.0,8713,0.005252127633766578,0.005252127633766578,0.0,numerical_tie
metro,ridge,ridge_full,32768,4361,0.0002292526364053,0.0,8182,0.0001224433670171,full_u_joint,1.0,-16.363064532068446,0.0024363700085349,0.2091230191290378,34.05125046148896,,,,,,,,,,,,,,,,16.36550090207698,2.450534851732873e-06,4.093836853796439,1.0,1.0,1.0,False,658648052445343474526717318155593147191/2205401468059723471462448562221377115201280,0.000298652223635641,positive,4362,0.00022925263640531865,0.0,8713,0.005252127633766578,0.005252127633766578,0.0,numerical_tie
metro,ridge,ridge_full,32768,4361,0.0002292526364053,0.0,8182,0.0001224433670171,stratified_cell_bernstein,1.0,-0.065955951021165,9.926760844036688e-05,0.2091230191290378,34.05124931782484,,,,,,,,,,,,,,,,,,,,,1.0,False,658648052445343474526717318155593147191/2205401468059723471462448562221377115201280,0.000298652223635641,positive,4362,0.00022925263640531865,0.0,8713,0.005252127633766578,0.005252127633766578,0.0,numerical_tie
metro,ridge,ridge_full,32768,4361,0.0002292526364053,0.0,8182,0.0001224433670171,stratified_hoeffding,0.9998390559598568,-0.0134433973112869,9.926760844036688e-05,0.2091230191290378,34.051247365772724,,,,,,,,,,,,,,,,,,,,,1.0,False,658648052445343474526717318155593147191/2205401468059723471462448562221377115201280,0.000298652223635641,positive,4362,0.00022925263640531865,0.0,8713,0.005252127633766578,0.005252127633766578,0.0,numerical_tie
metro,ridge,ridge_full,32768,4361,0.0002292526364053,0.0,8182,0.0001224433670171,stratified_hybrid,1.0,-0.0023420234781215,9.926760844036688e-05,0.2091230191290378,34.05124970152974,,,,,,,,,,,,,,,,,,,,,1.0,False,658648052445343474526717318155593147191/2205401468059723471462448562221377115201280,0.000298652223635641,positive,4362,0.00022925263640531865,0.0,8713,0.005252127633766578,0.005252127633766578,0.0,numerical_tie
metro,ridge,ridge_full,32768,4361,0.0002292526364053,0.0,8182,0.0001224433670171,stratified_pooled_bernstein,1.0,-0.0020223449885062,9.926760844036688e-05,0.2091230191290378,34.05124895647168,,,,,,,,,,,,,,,,,,,,,1.0,False,658648052445343474526717318155593147191/2205401468059723471462448562221377115201280,0.000298652223635641,positive,4362,0.00022925263640531865,0.0,8713,0.005252127633766578,0.005252127633766578,0.0,numerical_tie
metro,ridge,ridge_full,32768,4361,0.0002292526364053,0.0,8182,0.0001224433670171,stratified_profiled_betting,1.0,,,0.2091230191290378,34.05125008150935,"['1/10', '3/10', '1/2', '7/10', '9/10']",30.0,0.0,32768.0,0.5,60.0,exact-rational tangent LP; outward Decimal logarithms,1.0,-1.8025731800574996,-1.8025731800574996,-1.799265881969057,0.0033072980884417,"[{'fraction': '1/10', 'log_e_lower': -0.37801934071263626, 'primal_log_e_upper': -0.3749920140800787, 'certified_optimization_gap_upper': 0.0030273266325574516, 'optimizer_success': True, 'optimizer_status': 'Optimization terminated successfully', 'optimizer_iterations': 108, 'objective_evaluations': 108, 'feasible_mean_vector': [0.5094219247086135, 0.49143967551117695, 0.5071807967782151, 0.5113665386346065, 0.5086693403227441, 0.49618680512260066, 0.4853949704268341, 0.5079846551785847, 0.53373707926362, 0.497735438238511, 0.49477295506304225, 0.5207757061536002, 0.4969391238655443, 0.49597658145749113, 0.49826299236136185, 0.5040611694139142, 0.49183407729901096, 0.5037882203460456, 0.4894129027968583, 0.491834193517173, 0.5000776937405985, 0.4851836003724222, 0.48656537928779375, 0.5223182733068427, 0.4921513519081625, 0.44448427612837926, 0.49342785299767516, 0.7425874682147731, 0.5054504006141713, 0.5098072218989577]}, {'fraction': '3/10', 'log_e_lower': -2.015190573803474, 'primal_log_e_upper': -2.0105238084109334, 'certified_optimization_gap_upper': 0.004666765392539592, 'optimizer_success': True, 'optimizer_status': 'Optimization terminated successfully', 'optimizer_iterations': 80, 'objective_evaluations': 81, 'feasible_mean_vector': [0.5103620184460563, 0.4903201187402875, 0.5081542359306019, 0.512837363681188, 0.5098207997641021, 0.4958656207232207, 0.48380580231025594, 0.5090592521850994, 0.5378750283697212, 0.4975963586098106, 0.4940911797840069, 0.5233691096603811, 0.49670626096224074, 0.49563278256602344, 0.49818537315940087, 0.503930661981611, 0.491011178428132, 0.504364938155313, 0.48829402953490714, 0.49071233656386437, 0.4998470898130957, 0.48357359278863343, 0.4849562338858014, 0.5250915915119114, 0.491189268991545, 0.43816990925378957, 0.4925850640778883, 0.75, 0.5060506286723951, 0.5110952530427034]}, {'fraction': '1/2', 'log_e_lower': -5.143457844804476, 'primal_log_e_upper': -5.138357017839649, 'certified_optimization_gap_upper': 0.005100826964824676, 'optimizer_success': True, 'optimizer_status': 'Optimization terminated successfully', 'optimizer_iterations': 70, 'objective_evaluations': 71, 'feasible_mean_vector': [0.5116022481666138, 0.4889352689405755, 0.5093500034955027, 0.514665568691614, 0.5112400685536033, 0.49541644170177357, 0.4817650906587684, 0.5103777228618577, 0.5431383348303734, 0.4973773527366845, 0.4932444292005261, 0.5266325613537849, 0.4963687845620675, 0.49515324891836526, 0.4980445371834773, 0.5039421566619517, 0.48992172860760386, 0.505051112408421, 0.4868427259721244, 0.4893403167326689, 0.4996218579879872, 0.48150365379669113, 0.4829395010450223, 0.528590292537078, 0.48998253418030213, 0.4303409206346309, 0.49153731402235024, 0.7499999999999994, 0.506821393096053, 0.5126878313222542]}, {'fraction': '7/10', 'log_e_lower': -10.783453991191493, 'primal_log_e_upper': -10.780053620344319, 'certified_optimization_gap_upper': 0.003400370847170312, 'optimizer_success': True, 'optimizer_status': 'Optimization terminated successfully', 'optimizer_iterations': 66, 'objective_evaluations': 67, 'feasible_mean_vector': [0.5132550778573577, 0.48714610689850973, 0.510875313775635, 0.5170285500043568, 0.5130624992078482, 0.49478645532875865, 0.47908118653008036, 0.5120662739568091, 0.550128029343337, 0.4970470678576722, 0.49214298064630574, 0.5309144928918795, 0.4958841515743972, 0.49448386249840715, 0.49781565546465434, 0.5040780754686611, 0.4884621078544298, 0.5059059508262379, 0.4849156110302992, 0.4875791657794774, 0.49935621089397775, 0.4787831012109814, 0.48031981856485473, 0.5331880219646383, 0.48841047199776155, 0.4204956944810589, 0.4901764445157791, 0.75, 0.5078271861550612, 0.5147381803437637]}, {'fraction': '9/10', 'log_e_lower': -23.637381269297535, 'primal_log_e_upper': -23.634220812410504, 'certified_optimization_gap_upper': 0.0031604568870241827, 'optimizer_success': True, 'optimizer_status': 'Optimization terminated successfully', 'optimizer_iterations': 64, 'objective_evaluations': 64, 'feasible_mean_vector': [0.5155252199914936, 0.48471861278041317, 0.5129102038772302, 0.5202324530332274, 0.5155098174248818, 0.49386915356842004, 0.47542813765954545, 0.5143258895867852, 0.5599840913888467, 0.4965354466333256, 0.4906243761763039, 0.5368349368049322, 0.49516345598567146, 0.4935125685596272, 0.49744258870451047, 0.5043355761671904, 0.4864263400989581, 0.5070128992156187, 0.48226197390034753, 0.48519571143215595, 0.4989961309326582, 0.47508015567812784, 0.4767767064941054, 0.5395629155610848, 0.48625636847710657, 0.4079674848520197, 0.488309979464471, 0.75, 0.5091735485360372, 0.5175044221061597]}]",certified_lower_evidence,0.1890940591692924,,,,,,1.0,False,658648052445343474526717318155593147191/2205401468059723471462448562221377115201280,0.000298652223635641,positive,4362,0.00022925263640531865,0.0,8713,0.005252127633766578,0.005252127633766578,0.0,numerical_tie
metro,ridge,seasonal_day,32768,4361,0.0002292526364053,0.0,8182,0.0001224433670171,full_u_joint,1.0,-16.362491759386106,0.0030091426908763,0.2251245193183422,34.68661472201347,,,,,,,,,,,,,,,,16.36550090207698,2.0260565478721792e-06,4.093836853796439,1.0,1.0,1.0,False,28308738664135127364379679884885099429/32274167825264245923840710666654299246848,0.000877133031513055,positive,4362,0.00022925263640531865,0.1,8713,0.005374716542568956,0.005252127633766578,-0.00012258890880237783,negative
metro,ridge,seasonal_day,32768,4361,0.0002292526364053,0.0,8182,0.0001224433670171,stratified_cell_bernstein,1.0,-0.0734370451055607,0.0001036293923453,0.2251245193183422,34.68661356344819,,,,,,,,,,,,,,,,,,,,,1.0,False,28308738664135127364379679884885099429/32274167825264245923840710666654299246848,0.000877133031513055,positive,4362,0.00022925263640531865,0.1,8713,0.005374716542568956,0.005252127633766578,-0.00012258890880237783,negative
metro,ridge,seasonal_day,32768,4361,0.0002292526364053,0.0,8182,0.0001224433670171,stratified_hoeffding,0.9998246028446878,-0.0134390355273819,0.0001036293923453,0.2251245193183422,34.68661154806614,,,,,,,,,,,,,,,,,,,,,1.0,False,28308738664135127364379679884885099429/32274167825264245923840710666654299246848,0.000877133031513055,positive,4362,0.00022925263640531865,0.1,8713,0.005374716542568956,0.005252127633766578,-0.00012258890880237783,negative
metro,ridge,seasonal_day,32768,4361,0.0002292526364053,0.0,8182,0.0001224433670171,stratified_hybrid,1.0,-0.0033380620661019,0.0001036293923453,0.2251245193183422,34.68661403656006,,,,,,,,,,,,,,,,,,,,,1.0,False,28308738664135127364379679884885099429/32274167825264245923840710666654299246848,0.000877133031513055,positive,4362,0.00022925263640531865,0.1,8713,0.005374716542568956,0.005252127633766578,-0.00012258890880237783,negative
metro,ridge,seasonal_day,32768,4361,0.0002292526364053,0.0,8182,0.0001224433670171,stratified_pooled_bernstein,1.0,-0.002935858264972,0.0001036293923453,0.2251245193183422,34.68661320954561,,,,,,,,,,,,,,,,,,,,,1.0,False,28308738664135127364379679884885099429/32274167825264245923840710666654299246848,0.000877133031513055,positive,4362,0.00022925263640531865,0.1,8713,0.005374716542568956,0.005252127633766578,-0.00012258890880237783,negative
metro,ridge,seasonal_day,32768,4361,0.0002292526364053,0.0,8182,0.0001224433670171,stratified_profiled_betting,1.0,,,0.2251245193183422,34.686614356935024,"['1/10', '3/10', '1/2', '7/10', '9/10']",30.0,0.0,32768.0,0.5,60.0,exact-rational tangent LP; outward Decimal logarithms,1.0,-2.3878011246221424,-2.3878011246221424,-2.382943320152377,0.0048578044697646,"[{'fraction': '1/10', 'log_e_lower': -0.7844601167630344, 'primal_log_e_upper': -0.7795885868063939, 'certified_optimization_gap_upper': 0.004871529956640338, 'optimizer_success': True, 'optimizer_status': 'Optimization terminated successfully', 'optimizer_iterations': 108, 'objective_evaluations': 108, 'feasible_mean_vector': [0.5078917916438634, 0.4915304276084097, 0.5074225818235322, 0.5132468524240329, 0.5099344772615093, 0.49862073275023516, 0.48694545154071905, 0.5066342739841897, 0.5339911462853079, 0.4974545838991624, 0.4938822727400593, 0.5172350244859266, 0.498306960433012, 0.48996649553907373, 0.5010020610755016, 0.5007420687647335, 0.48296710724994196, 0.5025557469737395, 0.49333616929878366, 0.48852056729584753, 0.5034193562415368, 0.4864910697702447, 0.4856262540233987, 0.5266729633845845, 0.49166970833630114, 0.44469795699697157, 0.4910489888847435, 0.7429370350726084, 0.5065791577588724, 0.5142507752876333]}, {'fraction': '3/10', 'log_e_lower': -5.881399199886272, 'primal_log_e_upper': -5.878788298858348, 'certified_optimization_gap_upper': 0.0026109010279222245, 'optimizer_success': True, 'optimizer_status': 'Optimization terminated successfully', 'optimizer_iterations': 84, 'objective_evaluations': 84, 'feasible_mean_vector': [0.5093772627510661, 0.4905877043118216, 0.5088491947241763, 0.5147544272047503, 0.5112749358112149, 0.49816395404080105, 0.4854576005828734, 0.5075622765799244, 0.5386051904902425, 0.4968013137175318, 0.4937041377200326, 0.5193093813817107, 0.49821980557458906, 0.48931838140778533, 0.5007111176454286, 0.5006339664013845, 0.4809537127394778, 0.5030197152944086, 0.49008361955968566, 0.4877137996402971, 0.502826970000605, 0.48502611454391453, 0.48400018166479564, 0.5288878611636021, 0.4907306163819103, 0.43877857900175543, 0.4901356645252657, 0.75, 0.5074004070490519, 0.5156276383881406]}, {'fraction': '1/2', 'log_e_lower': -16.988789809495255, 'primal_log_e_upper': -16.986231015362026, 'certified_optimization_gap_upper': 0.0025587941332217146, 'optimizer_success': True, 'optimizer_status': 'Optimization terminated successfully', 'optimizer_iterations': 73, 'objective_evaluations': 74, 'feasible_mean_vector': [0.5110925462065296, 0.48937838659041133, 0.5104950148490813, 0.516681851926632, 0.5129235052614083, 0.49766819365970316, 0.48355649678730156, 0.5086808089387989, 0.5443443925962911, 0.49607895317434775, 0.49331192288065223, 0.5219230489388073, 0.49807149212815777, 0.48834304368434883, 0.500460808054672, 0.5005486953142687, 0.47841747940216395, 0.5035502822960427, 0.48671768696912865, 0.4865271575642652, 0.5023577393674087, 0.48314173504591557, 0.48193796340612444, 0.5319754111799845, 0.489532949482643, 0.4313332384566561, 0.4889428804497089, 0.7499999999999997, 0.5084252600866508, 0.5174584311970571]}, {'fraction': '7/10', 'log_e_lower': -38.55391782098972, 'primal_log_e_upper': -38.54928597195963, 'certified_optimization_gap_upper': 0.0046318490300786795, 'optimizer_success': True, 'optimizer_status': 'Optimization terminated successfully', 'optimizer_iterations': 67, 'objective_evaluations': 67, 'feasible_mean_vector': [0.5132043931609327, 0.4877808222424649, 0.5125099153247549, 0.5192147225663275, 0.5150350323009204, 0.49706984231189577, 0.4810610700722176, 0.5100985621994406, 0.5518675493003391, 0.49519900001751876, 0.4926636143099893, 0.5253513477652781, 0.49783490138826025, 0.4869408487936283, 0.5002072341823754, 0.5004632629879752, 0.47513456241939567, 0.5041904265769135, 0.48289551656032526, 0.4848510910859228, 0.5019470632831875, 0.48066038814706225, 0.4792407345796801, 0.5362645131658024, 0.48795214209731114, 0.4218823872327497, 0.48734690095310657, 0.7499999999999999, 0.5097398924537362, 0.5199210602865542]}, {'fraction': '9/10', 'log_e_lower': -92.08327812935839, 'primal_log_e_upper': -92.07919487371117, 'certified_optimization_gap_upper': 0.004083255647197199, 'optimizer_success': True, 'optimizer_status': 'Optimization terminated successfully', 'optimizer_iterations': 64, 'objective_evaluations': 64, 'feasible_mean_vector': [0.5159661478922257, 0.4855722570894814, 0.515139718077776, 0.5226837480605373, 0.5178686918564501, 0.49626577922160137, 0.4776590709640141, 0.5119769192858424, 0.5624002453628609, 0.49402395924709563, 0.4916419728611485, 0.530068679807339, 0.49744753748007753, 0.4849092372277236, 0.49988984088031857, 0.500337245061405, 0.4707228512025735, 0.5049910115389566, 0.47817967064093264, 0.4824562899369817, 0.5015186781145511, 0.47727202011518766, 0.4755778046230765, 0.5424042075606644, 0.4857695382954071, 0.4097709284318202, 0.48512440410392565, 0.7499999999999996, 0.5114904809960543, 0.5233403609278586]}]",certified_lower_evidence,0.2050760649144649,,,,,,1.0,False,28308738664135127364379679884885099429/32274167825264245923840710666654299246848,0.000877133031513055,positive,4362,0.00022925263640531865,0.1,8713,0.005374716542568956,0.005252127633766578,-0.00012258890880237783,negative
metro,ridge,seasonal_week,32768,4361,0.0002292526364053,0.0,8182,0.0001224433670171,full_u_joint,1.0,-16.362457567355676,0.0030433347213052,0.2169779986143112,33.99649275094271,,,,,,,,,,,,,,,,16.36550090207698,2.234773900426484e-06,4.093836853796439,1.0,1.0,1.0,False,165798581293330722577686710807030533661/178816335248085686875333667207138685016320,0.0009272004208301527,positive,4362,0.00022925263640531865,0.4,8713,0.004629309513914213,0.005252127633766578,0.0006228181198523648,positive
metro,ridge,seasonal_week,32768,4361,0.0002292526364053,0.0,8182,0.0001224433670171,stratified_cell_bernstein,1.0,-0.0691486263417712,0.0006798191207148,0.2169779986143112,33.996491730213165,,,,,,,,,,,,,,,,,,,,,1.0,False,165798581293330722577686710807030533661/178816335248085686875333667207138685016320,0.0009272004208301527,positive,4362,0.00022925263640531865,0.4,8713,0.004629309513914213,0.005252127633766578,0.0006228181198523648,positive
metro,ridge,seasonal_week,32768,4361,0.0002292526364053,0.0,8182,0.0001224433670171,stratified_hoeffding,0.9924795591520286,-0.0128628457990124,0.0006798191207148,0.2169779986143112,33.99648939445615,,,,,,,,,,,,,,,,,,,,,1.0,False,165798581293330722577686710807030533661/178816335248085686875333667207138685016320,0.0009272004208301527,positive,4362,0.00022925263640531865,0.4,8713,0.004629309513914213,0.005252127633766578,0.0006228181198523648,positive
metro,ridge,seasonal_week,32768,4361,0.0002292526364053,0.0,8182,0.0001224433670171,stratified_hybrid,1.0,-0.0024017355620138,0.0006798191207148,0.2169779986143112,33.996492110192776,,,,,,,,,,,,,,,,,,,,,1.0,False,165798581293330722577686710807030533661/178816335248085686875333667207138685016320,0.0009272004208301527,positive,4362,0.00022925263640531865,0.4,8713,0.004629309513914213,0.005252127633766578,0.0006228181198523648,positive
metro,ridge,seasonal_week,32768,4361,0.0002292526364053,0.0,8182,0.0001224433670171,stratified_pooled_bernstein,1.0,-0.0020292402660377,0.0006798191207148,0.2169779986143112,33.99649126827717,,,,,,,,,,,,,,,,,,,,,1.0,False,165798581293330722577686710807030533661/178816335248085686875333667207138685016320,0.0009272004208301527,positive,4362,0.00022925263640531865,0.4,8713,0.004629309513914213,0.005252127633766578,0.0006228181198523648,positive
metro,ridge,seasonal_week,32768,4361,0.0002292526364053,0.0,8182,0.0001224433670171,stratified_profiled_betting,1.0,,,0.2169779986143112,33.99649240076542,"['1/10', '3/10', '1/2', '7/10', '9/10']",30.0,0.0,32768.0,0.5,60.0,exact-rational tangent LP; outward Decimal logarithms,1.0,-1.096146178573213,-1.096146178573213,-1.0936922612155775,0.002453917357635,"[{'fraction': '1/10', 'log_e_lower': 0.33185796592579264, 'primal_log_e_upper': 0.3340242827902455, 'certified_optimization_gap_upper': 0.0021663168644527222, 'optimizer_success': True, 'optimizer_status': 'Optimization terminated successfully', 'optimizer_iterations': 107, 'objective_evaluations': 108, 'feasible_mean_vector': [0.5092803877507548, 0.4925671760414505, 0.5070386780672993, 0.5112233543918103, 0.5090376235006947, 0.49580174686472, 0.4861220168126298, 0.5078496425059686, 0.5349270086036366, 0.4947401494900559, 0.49412899730219295, 0.5185944136443873, 0.4961444346229207, 0.49583541578724155, 0.49607967583758406, 0.49482281364343966, 0.4953169316378831, 0.5036465530005657, 0.49074201650508187, 0.4909424244895522, 0.5030359346592334, 0.48505225396047746, 0.48633726348221773, 0.5212962561687584, 0.4932946321532949, 0.4443597133101699, 0.4926661685419686, 0.7423837403660197, 0.5054061200701501, 0.5130934108366282]}, {'fraction': '3/10', 'log_e_lower': -1.2877078626739404, 'primal_log_e_upper': -1.283817881878695, 'certified_optimization_gap_upper': 0.00388998079524518, 'optimizer_success': True, 'optimizer_status': 'Optimization terminated successfully', 'optimizer_iterations': 80, 'objective_evaluations': 81, 'feasible_mean_vector': [0.5104879634166634, 0.49136759987425915, 0.5082804492242712, 0.5129635279645542, 0.510324398709869, 0.49528954221632887, 0.48455489353038805, 0.5091872659664113, 0.5390161093626267, 0.4945266732501769, 0.4938423005636027, 0.5206789701725136, 0.4961923202849204, 0.4957548410417471, 0.49602234913075427, 0.4946203030756551, 0.4924410979618912, 0.5044890652044993, 0.4878991938869035, 0.49028109697515515, 0.5022576996078644, 0.4836950571563923, 0.48481804448645677, 0.522700000629271, 0.49224964678150807, 0.4382803537963701, 0.4920089572943533, 0.7499999999999999, 0.5064532879231203, 0.5144768457751835]}, {'fraction': '1/2', 'log_e_lower': -6.626688582239339, 'primal_log_e_upper': -6.621045174343926, 'certified_optimization_gap_upper': 0.005643407895412336, 'optimizer_success': True, 'optimizer_status': 'Optimization terminated successfully', 'optimizer_iterations': 70, 'objective_evaluations': 71, 'feasible_mean_vector': [0.51198140373621, 0.4899465952101048, 0.5097273889960254, 0.5150464494301071, 0.5118865788811734, 0.4946429523323113, 0.48256265712355645, 0.5107567645507305, 0.5442646669418469, 0.494129382337132, 0.4933530065148377, 0.523360471494506, 0.4961547760327623, 0.49552218275159843, 0.49582379906922247, 0.4942356571045139, 0.48950127778477276, 0.505425931034069, 0.48484247634581984, 0.4893198695759623, 0.5016013387652434, 0.4818644395954313, 0.4828797362463816, 0.5248026272906842, 0.4910036778637721, 0.4306690214819549, 0.4911136507845077, 0.7499999999999997, 0.5076530945068476, 0.5162757667115797]}, {'fraction': '7/10', 'log_e_lower': -18.151424403794866, 'primal_log_e_upper': -18.147568464362998, 'certified_optimization_gap_upper': 0.0038559394318627206, 'optimizer_success': True, 'optimizer_status': 'Optimization terminated successfully', 'optimizer_iterations': 66, 'objective_evaluations': 67, 'feasible_mean_vector': [0.5139003719994026, 0.4881552954118653, 0.5115177157128907, 0.5176776007524777, 0.5138726766568124, 0.493787091693842, 0.47995317969291695, 0.5127100359777154, 0.5512723769013984, 0.4935029481686599, 0.4926083140497926, 0.526915507095283, 0.49604581882651644, 0.49510933317870165, 0.49545517106446163, 0.4936265231827378, 0.4861939199507504, 0.5065434012614877, 0.4812631015391194, 0.4879635143575967, 0.5009696788860254, 0.4793916608390027, 0.48033518208683984, 0.5278131696995397, 0.4894268224205943, 0.4210407716191833, 0.48988693117869603, 0.7499999999999997, 0.5091186512730306, 0.5186632786724098]}, {'fraction': '9/10', 'log_e_lower': -47.9103045181311, 'primal_log_e_upper': -47.90652362573766, 'certified_optimization_gap_upper': 0.003780892393424512, 'optimizer_success': True, 'optimizer_status': 'Optimization terminated successfully', 'optimizer_iterations': 64, 'objective_evaluations': 64, 'feasible_mean_vector': [0.5164809858676109, 0.4857581945952363, 0.5138612422803132, 0.5211959880669612, 0.516524557681024, 0.49258687631309495, 0.47640624285152755, 0.5152792708228005, 0.5611861827409463, 0.4925370570316822, 0.4914825496178399, 0.5318404600305817, 0.49586870006573075, 0.494430953913086, 0.4948386904294444, 0.4926827365205882, 0.48212590098606284, 0.5079541593318432, 0.47674807608215763, 0.4860183177516236, 0.5002700995057928, 0.47596675551733225, 0.4768687104930721, 0.5321657005768712, 0.48730068195099613, 0.4087366112129884, 0.48814822440794103, 0.75, 0.5110105852302259, 0.5219517751196956]}]",certified_lower_evidence,0.1969195567071437,,,,,,1.0,False,165798581293330722577686710807030533661/178816335248085686875333667207138685016320,0.0009272004208301527,positive,4362,0.00022925263640531865,0.4,8713,0.004629309513914213,0.005252127633766578,0.0006228181198523648,positive
metro,seasonal_day,category_copy,32768,4361,0.0027510316368638,0.0,8184,0.0001223301252267,full_u_joint,1.0,-1.3641628452810062,0.001921333777605,0.1548171602189541,33.74014360830188,,,,,,,,,,,,,,,,1.3660841790586111,2.259017238287055e-06,0.34144370265875,1.0,1.0,1.0,False,0,0.0,zero,4362,0.002751031636863824,0.0,8713,0.022417207734206964,0.022417207734206964,0.0,numerical_tie
metro,seasonal_day,category_copy,32768,4361,0.0027510316368638,0.0,8184,0.0001223301252267,stratified_cell_bernstein,1.0,-0.0701517115278624,0.0,0.1548171602189541,33.74014247581363,,,,,,,,,,,,,,,,,,,,,1.0,False,0,0.0,zero,4362,0.002751031636863824,0.0,8713,0.022417207734206964,0.022417207734206964,0.0,numerical_tie
metro,seasonal_day,category_copy,32768,4361,0.0027510316368638,0.0,8184,0.0001223301252267,stratified_hoeffding,1.0,-0.0135364010019245,0.0,0.1548171602189541,33.74014066904783,,,,,,,,,,,,,,,,,,,,,1.0,False,0,0.0,zero,4362,0.002751031636863824,0.0,8713,0.022417207734206964,0.022417207734206964,0.0,numerical_tie
metro,seasonal_day,category_copy,32768,4361,0.0027510316368638,0.0,8184,0.0001223301252267,stratified_hybrid,1.0,-0.0014866498719183,0.0,0.1548171602189541,33.74014291539788,,,,,,,,,,,,,,,,,,,,,1.0,False,0,0.0,zero,4362,0.002751031636863824,0.0,8713,0.022417207734206964,0.022417207734206964,0.0,numerical_tie
metro,seasonal_day,category_copy,32768,4361,0.0027510316368638,0.0,8184,0.0001223301252267,stratified_pooled_bernstein,1.0,-0.0012514922033076,0.0,0.1548171602189541,33.740142192691565,,,,,,,,,,,,,,,,,,,,,1.0,False,0,0.0,zero,4362,0.002751031636863824,0.0,8713,0.022417207734206964,0.022417207734206964,0.0,numerical_tie
metro,seasonal_day,category_copy,32768,4361,0.0027510316368638,0.0,8184,0.0001223301252267,stratified_profiled_betting,1.0,,,0.1548171602189541,33.74014323577285,"['1/10', '3/10', '1/2', '7/10', '9/10']",32.0,0.0,32768.0,0.5,60.0,exact-rational tangent LP; outward Decimal logarithms,1.0,-1.186812406240478,-1.186812406240478,-1.1821840826980905,0.004628323542387,"[{'fraction': '1/10', 'log_e_lower': -0.25175568176557445, 'primal_log_e_upper': -0.24611857929679523, 'certified_optimization_gap_upper': 0.005637102468779138, 'optimizer_success': True, 'optimizer_status': 'Optimization terminated successfully', 'optimizer_iterations': 68, 'objective_evaluations': 68, 'feasible_mean_vector': [0.5140544336685612, 0.5058794113141091, 0.49656647109036794, 0.49056800689607444, 0.5033137713446835, 0.49573526704131415, 0.5002522546367761, 0.515359102803649, 0.5064197126061024, 0.5171571543485675, 0.5109541807963683, 0.5131863030593012, 0.492561177389216, 0.4896432738198442, 0.5001762659824128, 0.5095654191795292, 0.4940225003921286, 0.49402247562910195, 0.4936942009659406, 0.4981532048363859, 0.4914331885615181, 0.49128508951931626, 0.49402891363809026, 0.4913898600554687, 0.5053619737692445, 0.4884329756013197, 0.4930557729276986, 0.5010715568348206, 0.5067849738561132, 0.4562728991404736, 0.5155468774983435, 0.4940367464314171]}, {'fraction': '3/10', 'log_e_lower': -0.8274975673040973, 'primal_log_e_upper': -0.8251812333609397, 'certified_optimization_gap_upper': 0.002316333943157389, 'optimizer_success': True, 'optimizer_status': 'Optimization terminated successfully', 'optimizer_iterations': 56, 'objective_evaluations': 57, 'feasible_mean_vector': [0.515710264689957, 0.5066014757347505, 0.4961615948647904, 0.4894506422268796, 0.5037027936279505, 0.49522622330854693, 0.5002811554445309, 0.5171612860463431, 0.5071662134129079, 0.5191894499148834, 0.5122425077663595, 0.5147490188472281, 0.4916754402392217, 0.48843527824277405, 0.5001944717066192, 0.5106890127986167, 0.4933230235326278, 0.4933222423892207, 0.4929497837115729, 0.49792913465453487, 0.4904226421097964, 0.4902755297313405, 0.4933221712529153, 0.4903801465917922, 0.5059958698649687, 0.4870712845703487, 0.4922433773824488, 0.50119824647659, 0.5075796806898082, 0.4511903151156024, 0.5173771713510923, 0.4933222206915416]}, {'fraction': '1/2', 'log_e_lower': -1.563838897181162, 'primal_log_e_upper': -1.5584658766919195, 'certified_optimization_gap_upper': 0.005373020489242025, 'optimizer_success': True, 'optimizer_status': 'Optimization terminated successfully', 'optimizer_iterations': 49, 'objective_evaluations': 50, 'feasible_mean_vector': [0.5178154593577168, 0.5074752588760372, 0.49564304054982433, 0.4880459100642392, 0.5041889053429286, 0.4945842105017297, 0.5003084960099811, 0.5194645962065211, 0.5081191329306533, 0.5217670814143669, 0.5138783874097277, 0.5167242942057086, 0.4905659222106127, 0.4868957891495859, 0.5002130329105373, 0.5121154785779898, 0.4924284592939125, 0.4924274396406639, 0.4920062421619675, 0.4976472460972559, 0.48914603077932994, 0.4889778627109632, 0.49242692637844687, 0.4890972231190354, 0.506788678877743, 0.4853529033977271, 0.49120514507071694, 0.5013503596556249, 0.5085888096304402, 0.444873480295397, 0.5197090460025123, 0.4924282110813816]}, {'fraction': '7/10', 'log_e_lower': -2.5221388793543866, 'primal_log_e_upper': -2.516801349067374, 'certified_optimization_gap_upper': 0.005337530287011511, 'optimizer_success': True, 'optimizer_status': 'Optimization terminated successfully', 'optimizer_iterations': 47, 'objective_evaluations': 47, 'feasible_mean_vector': [0.5205837209994172, 0.508616135820999, 0.49495639688517384, 0.4862094138853727, 0.5048166671126213, 0.4937358556074509, 0.5003359439721518, 0.5224953029919291, 0.5093577461200025, 0.5251672706888435, 0.5160223114417549, 0.519319009329815, 0.48910855157840855, 0.4848879565571606, 0.5002259085577568, 0.5139811922967725, 0.4912532521342828, 0.4912522417955194, 0.49076716645835, 0.4972657421733161, 0.4874761154837797, 0.48728229895196506, 0.49125185610139616, 0.4874191180994373, 0.5078209512894656, 0.48311420996114074, 0.4898455052742869, 0.5015388049403242, 0.5099004193466037, 0.4368751497793419, 0.5227794993212623, 0.4912530425401986]}, {'fraction': '9/10', 'log_e_lower': -3.8273322789700197, 'primal_log_e_upper': -3.82215569379498, 'certified_optimization_gap_upper': 0.005176585175038727, 'optimizer_success': True, 'optimizer_status': 'Optimization terminated successfully', 'optimizer_iterations': 46, 'objective_evaluations': 46, 'feasible_mean_vector': [0.5243974039211308, 0.5101550390417792, 0.4939980467167501, 0.483709481967734, 0.5056497518435343, 0.4925596606982203, 0.5003481702305198, 0.5266794506351744, 0.5110342620482617, 0.5298741872768735, 0.5189589374217694, 0.5228877205706773, 0.4871144488108283, 0.48215974243608356, 0.5002176226276909, 0.5165287659720571, 0.4896368847958416, 0.48963593055572424, 0.489065056623747, 0.4967212938029831, 0.48519677511617465, 0.48496970623034813, 0.4896353932659152, 0.48512984622859834, 0.5092111408505404, 0.4800805881552395, 0.48798131162325115, 0.5017699929363216, 0.5116782715279106, 0.42654877491413606, 0.5270196258295823, 0.4896364276920381]}]",certified_lower_evidence,0.1346502527594566,,,,,,1.0,False,0,0.0,zero,4362,0.002751031636863824,0.0,8713,0.022417207734206964,0.022417207734206964,0.0,numerical_tie
metro,seasonal_day,extra_trees,32768,4361,0.0027510316368638,0.0,8184,0.0001223301252267,full_u_joint,1.0,-1.350360101407455,0.0157240776511561,0.1858782805502414,33.77444284036756,,,,,,,,,,,,,,,,1.3660841790586111,2.381430268603244e-06,0.34144370265875,1.0,1.0,1.0,False,33437659094976567602764157426116469082079/2350057792601169698300922736154100867549696,0.014228441189936004,positive,4362,0.002751031636863824,1.05,8713,0.001438464052883464,0.022417207734206964,0.0209787436813235,positive
metro,seasonal_day,extra_trees,32768,4361,0.0027510316368638,0.0,8184,0.0001223301252267,stratified_cell_bernstein,1.0,-0.0715221786475607,0.0137506903082358,0.1858782805502414,33.77444173023105,,,,,,,,,,,,,,,,,,,,,1.0,False,33437659094976567602764157426116469082079/2350057792601169698300922736154100867549696,0.014228441189936004,positive,4362,0.002751031636863824,1.05,8713,0.001438464052883464,0.022417207734206964,0.0209787436813235,positive
metro,seasonal_day,extra_trees,32768,4361,0.0027510316368638,0.0,8184,0.0001223301252267,stratified_hoeffding,0.0454414094662304,0.0002142893063112,0.0137506903082358,0.1858782805502414,33.77443954721093,,,,,,,,,,,,,,,,,,,,,0.4851362954451101,False,33437659094976567602764157426116469082079/2350057792601169698300922736154100867549696,0.014228441189936004,positive,4362,0.002751031636863824,1.05,8713,0.001438464052883464,0.022417207734206964,0.0209787436813235,positive
metro,seasonal_day,extra_trees,32768,4361,0.0027510316368638,0.0,8184,0.0001223301252267,stratified_hybrid,6.634934949004655e-10,0.0095685390106751,0.0137506903082358,0.1858782805502414,33.77444215118885,,,,,,,,,,,,,,,,,,,,,7.2131221374179185e-09,True,33437659094976567602764157426116469082079/2350057792601169698300922736154100867549696,0.014228441189936004,positive,4362,0.002751031636863824,1.05,8713,0.001438464052883464,0.022417207734206964,0.0209787436813235,positive
metro,seasonal_day,extra_trees,32768,4361,0.0027510316368638,0.0,8184,0.0001223301252267,stratified_pooled_bernstein,3.317467474773378e-10,0.0100260547482056,0.0137506903082358,0.1858782805502414,33.77444143593311,,,,,,,,,,,,,,,,,,,,,3.606561069003629e-09,True,33437659094976567602764157426116469082079/2350057792601169698300922736154100867549696,0.014228441189936004,positive,4362,0.002751031636863824,1.05,8713,0.001438464052883464,0.022417207734206964,0.0209787436813235,positive
metro,seasonal_day,extra_trees,32768,4361,0.0027510316368638,0.0,8184,0.0001223301252267,stratified_profiled_betting,6.671939856209556e-60,,,0.1858782805502414,33.77444248273969,"['1/10', '3/10', '1/2', '7/10', '9/10']",32.0,0.0,32768.0,0.5,60.0,exact-rational tangent LP; outward Decimal logarithms,6.671939856209556e-60,136.25719492898398,136.25719492898398,136.2624123573932,0.0052174284091764,"[{'fraction': '1/10', 'log_e_lower': 21.091185122166753, 'primal_log_e_upper': 21.09424615695395, 'certified_optimization_gap_upper': 0.003061034787192196, 'optimizer_success': True, 'optimizer_status': 'Optimization terminated successfully', 'optimizer_iterations': 71, 'objective_evaluations': 72, 'feasible_mean_vector': [0.5131466014982639, 0.5091911618164802, 0.4943027457728176, 0.4874454477841855, 0.5073423257919406, 0.49232309094606125, 0.5169718019017403, 0.5093826120797592, 0.5244984728166345, 0.5111703725940471, 0.5120922639866844, 0.5115501216829053, 0.49120526140136334, 0.485478820116513, 0.4978541737129648, 0.5083001469872471, 0.4955895131572083, 0.49145955191251683, 0.4908564154452953, 0.4973251081777085, 0.4869241203058608, 0.49166534331380535, 0.4889232605279022, 0.4913384518253916, 0.5022593115698882, 0.48782578200250676, 0.48850625341177173, 0.504630896312009, 0.5021205369235884, 0.4602405555094494, 0.5079630133147253, 0.4977705989060135]}, {'fraction': '3/10', 'log_e_lower': 57.97540835802698, 'primal_log_e_upper': 57.978324542150986, 'certified_optimization_gap_upper': 0.002916184123991964, 'optimizer_success': True, 'optimizer_status': 'Optimization terminated successfully', 'optimizer_iterations': 57, 'objective_evaluations': 57, 'feasible_mean_vector': [0.5150711781649777, 0.5090748854465418, 0.49447584846527354, 0.48712975364410505, 0.5067187888722056, 0.4926980992266596, 0.5128324423016885, 0.5127414387886554, 0.5208321810826437, 0.5147538621538318, 0.5131272483684932, 0.5135554651933597, 0.49066395980582844, 0.48533976386486977, 0.4984715695891898, 0.5097706417841023, 0.49446187013814547, 0.49141190878324303, 0.49083901092720744, 0.49731241256843395, 0.4868756774313822, 0.49052231450257894, 0.48954751210903924, 0.4903144551134125, 0.5037000354289948, 0.48659526045774054, 0.48886740003656054, 0.5038517024458685, 0.5041299012606771, 0.4539236691338761, 0.5111517036323991, 0.4960765429691952]}, {'fraction': '1/2', 'log_e_lower': 89.22904984989613, 'primal_log_e_upper': 89.23398379045805, 'certified_optimization_gap_upper': 0.004933940561905806, 'optimizer_success': True, 'optimizer_status': 'Optimization terminated successfully', 'optimizer_iterations': 50, 'objective_evaluations': 50, 'feasible_mean_vector': [0.5174097434865111, 0.5092656142198317, 0.49447256969374215, 0.4864240440901562, 0.5063533464290504, 0.49282056441763145, 0.5092314586460955, 0.5163653126698818, 0.5178938329643811, 0.5186570482434977, 0.5145518544525839, 0.515922103631397, 0.489859677081598, 0.48473362370321316, 0.4990196997311288, 0.5115034758655647, 0.4932377540145329, 0.4910964448516856, 0.4905345422407787, 0.4972291120927646, 0.4864084581337843, 0.4891554356181984, 0.48978960702876023, 0.4890550890893547, 0.5051967965950626, 0.4850180495211287, 0.48884860919488643, 0.5032494317455948, 0.5061784167633506, 0.44666830016188896, 0.5145549412873361, 0.4943727216225161]}, {'fraction': '7/10', 'log_e_lower': 115.88576488543971, 'primal_log_e_upper': 115.8911493751338, 'certified_optimization_gap_upper': 0.005384489694074311, 'optimizer_success': True, 'optimizer_status': 'Optimization terminated successfully', 'optimizer_iterations': 47, 'objective_evaluations': 47, 'feasible_mean_vector': [0.5203926595305932, 0.5097690506572473, 0.4942775097525608, 0.48525327680709196, 0.5061934134489959, 0.49269484471980685, 0.5058506839618088, 0.520629062081894, 0.5154443195626841, 0.5232930099140237, 0.5164965891974341, 0.5188804458660372, 0.48871026166035614, 0.48360379555389954, 0.4995353723388511, 0.5136570305980737, 0.4917784229090185, 0.4904740505756957, 0.4899032386435783, 0.4970484883633872, 0.485472703172499, 0.4874182681115232, 0.4896785618915536, 0.4874222288586154, 0.5068880022693636, 0.48293619100643403, 0.48844277161253297, 0.502746467611268, 0.5084634387908429, 0.4379049445677094, 0.5185262842114232, 0.49246978907628874]}, {'fraction': '9/10', 'log_e_lower': 137.86663284113374, 'primal_log_e_upper': 137.87185026954293, 'certified_optimization_gap_upper': 0.005217428409128968, 'optimizer_success': True, 'optimizer_status': 'Optimization terminated successfully', 'optimizer_iterations': 46, 'objective_evaluations': 46, 'feasible_mean_vector': [0.5244172406679668, 0.5106476330982731, 0.4938340925832331, 0.4834466676367282, 0.5062178665046714, 0.4922683062635105, 0.5023672619415059, 0.5260937841897172, 0.5132802828306383, 0.5292852241179243, 0.5192154626011977, 0.5228177427207682, 0.4870470159113823, 0.4817827383519519, 0.5000510684637264, 0.5164976235932379, 0.4898930584161622, 0.48943629335329375, 0.48883524166328063, 0.49672064694277174, 0.483922511665807, 0.48508758933611246, 0.48915720110521643, 0.4852014748326528, 0.5089603219905094, 0.4800872599950748, 0.48756286988230424, 0.5022748564046972, 0.5112479344343742, 0.4269327213136554, 0.5235786715316628, 0.4901341580918586]}]",certified_lower_evidence,0.1549904681742191,,,,,,1.4506703515929918e-58,True,33437659094976567602764157426116469082079/2350057792601169698300922736154100867549696,0.014228441189936004,positive,4362,0.002751031636863824,1.05,8713,0.001438464052883464,0.022417207734206964,0.0209787436813235,positive
metro,seasonal_day,hist_gradient_boosting,32768,4361,0.0027510316368638,0.0,8184,0.0001223301252267,full_u_joint,1.0,-1.3502183123513098,0.0158658667073012,0.1877930015325546,32.9757688716054,,,,,,,,,,,,,,,,1.3660841790586111,2.3779889860292574e-06,0.34144370265875,1.0,1.0,1.0,False,30230462225465316872264217561043782318581/2098265886251044373482966728709018631740800,0.01440735534211913,positive,4362,0.002751031636863824,1.0,8713,0.0015449458216217418,0.022417207734206964,0.020872261912585222,positive
metro,seasonal_day,hist_gradient_boosting,32768,4361,0.0027510316368638,0.0,8184,0.0001223301252267,stratified_cell_bernstein,1.0,-0.0720154806601878,0.0138924516605258,0.1877930015325546,32.97576788067818,,,,,,,,,,,,,,,,,,,,,1.0,False,30230462225465316872264217561043782318581/2098265886251044373482966728709018631740800,0.01440735534211913,positive,4362,0.002751031636863824,1.0,8713,0.0015449458216217418,0.022417207734206964,0.020872261912585222,positive
metro,seasonal_day,hist_gradient_boosting,32768,4361,0.0027510316368638,0.0,8184,0.0001223301252267,stratified_hoeffding,0.0426213667633237,0.0003560506586012,0.0138924516605258,0.1877930015325546,32.97576603665948,,,,,,,,,,,,,,,,,,,,,0.4851362954451101,False,30230462225465316872264217561043782318581/2098265886251044373482966728709018631740800,0.01440735534211913,positive,4362,0.002751031636863824,1.0,8713,0.0015449458216217418,0.022417207734206964,0.020872261912585222,positive
metro,seasonal_day,hist_gradient_boosting,32768,4361,0.0027510316368638,0.0,8184,0.0001223301252267,stratified_hybrid,6.07327828273333e-10,0.0096663782747857,0.0138924516605258,0.1877930015325546,32.97576820105314,,,,,,,,,,,,,,,,,,,,,7.2131221374179185e-09,True,30230462225465316872264217561043782318581/2098265886251044373482966728709018631740800,0.01440735534211913,positive,4362,0.002751031636863824,1.0,8713,0.0015449458216217418,0.022417207734206964,0.020872261912585222,positive
metro,seasonal_day,hist_gradient_boosting,32768,4361,0.0027510316368638,0.0,8184,0.0001223301252267,stratified_pooled_bernstein,3.0366391416377156e-10,0.0101275172456849,0.0138924516605258,0.1877930015325546,32.97576758265495,,,,,,,,,,,,,,,,,,,,,3.606561069003629e-09,True,30230462225465316872264217561043782318581/2098265886251044373482966728709018631740800,0.01440735534211913,positive,4362,0.002751031636863824,1.0,8713,0.0015449458216217418,0.022417207734206964,0.020872261912585222,positive
metro,seasonal_day,hist_gradient_boosting,32768,4361,0.0027510316368638,0.0,8184,0.0001223301252267,stratified_profiled_betting,6.628346079056335e-59,,,0.1877930015325546,32.97576851397753,"['1/10', '3/10', '1/2', '7/10', '9/10']",32.0,0.0,32768.0,0.5,60.0,exact-rational tangent LP; outward Decimal logarithms,6.628346079056335e-59,133.96116517374375,133.96116517374375,133.9662061588899,0.0050409851460678,"[{'fraction': '1/10', 'log_e_lower': 21.269078422156547, 'primal_log_e_upper': 21.272581333499954, 'certified_optimization_gap_upper': 0.0035029113433994274, 'optimizer_success': True, 'optimizer_status': 'Optimization terminated successfully', 'optimizer_iterations': 71, 'objective_evaluations': 71, 'feasible_mean_vector': [0.5131053109753978, 0.5036748177103322, 0.49426246119419925, 0.48740531390711545, 0.5066008104213237, 0.4922824421029399, 0.5173631272578285, 0.5122877618595908, 0.5234501127310167, 0.5123673142410657, 0.5120510998356125, 0.5093603403617427, 0.48994988333043354, 0.4854385849451537, 0.4978125038242608, 0.5082580117255401, 0.49844926696677355, 0.4914188143711272, 0.49042196466634164, 0.4979901192948194, 0.4864497031556027, 0.4946453203875067, 0.48884813274393707, 0.4912978769713058, 0.5029054240617084, 0.48947004847896586, 0.4884666236856508, 0.5083037466961169, 0.5014740367339089, 0.46480550867134496, 0.5079212222151516, 0.4977338819810179]}, {'fraction': '3/10', 'log_e_lower': 58.308805906016104, 'primal_log_e_upper': 58.311550875037014, 'certified_optimization_gap_upper': 0.0027449690208963306, 'optimizer_success': True, 'optimizer_status': 'Optimization terminated successfully', 'optimizer_iterations': 57, 'objective_evaluations': 57, 'feasible_mean_vector': [0.5150691300853873, 0.5049858088226502, 0.4944739266138643, 0.4871275969324545, 0.506192611372265, 0.4926960851625712, 0.5131610563081379, 0.5149381762583475, 0.5200628043007847, 0.5156769989101585, 0.5131251966058641, 0.5119491847418142, 0.4895058300250177, 0.4853378132166975, 0.49846966291128353, 0.509768342132779, 0.4966129991306775, 0.4914099690647467, 0.4903940653267947, 0.49783336246360094, 0.4865565292406339, 0.4927547399694114, 0.4894508710814599, 0.4903124040358957, 0.5042081799248588, 0.4878337362955795, 0.4888655806769029, 0.5066319644828826, 0.503679112672881, 0.4572554036780685, 0.5111497544622007, 0.4960744619230317]}, {'fraction': '1/2', 'log_e_lower': 89.41649599959717, 'primal_log_e_upper': 89.42109719668399, 'certified_optimization_gap_upper': 0.0046011970867793255, 'optimizer_success': True, 'optimizer_status': 'Optimization terminated successfully', 'optimizer_iterations': 50, 'objective_evaluations': 50, 'feasible_mean_vector': [0.5174440367872222, 0.5064007746621189, 0.49450566560971654, 0.486456575475441, 0.5060156497111891, 0.49285357894562337, 0.5095019472605097, 0.5179663041506505, 0.5173789350574182, 0.5193512698369156, 0.5145860507357093, 0.5148139453116604, 0.4887533153141535, 0.4847660170434533, 0.4990529900449783, 0.5115372475846598, 0.49478528705278624, 0.49112938588082095, 0.490063826321664, 0.4976307783102097, 0.48621947555730327, 0.49075523048007924, 0.4896899569366196, 0.4890877916765508, 0.5055913957379135, 0.4859180100919168, 0.48888138253351276, 0.5052535400463786, 0.5058945105430169, 0.4489706126405576, 0.5145892078053386, 0.49440597282105064]}, {'fraction': '7/10', 'log_e_lower': 115.4692539068064, 'primal_log_e_upper': 115.47430994694395, 'certified_optimization_gap_upper': 0.0050560401375186635, 'optimizer_success': True, 'optimizer_status': 'Optimization terminated successfully', 'optimizer_iterations': 47, 'objective_evaluations': 47, 'feasible_mean_vector': [0.5204630004793863, 0.5080497839665753, 0.4943448065026961, 0.48531948254767704, 0.5060336947345961, 0.49276197267263355, 0.5060648355283422, 0.5216747201158975, 0.515175041708885, 0.5237750566202988, 0.5165665570271767, 0.5182406283739119, 0.4876161315395631, 0.4836696312044945, 0.4996031753677772, 0.5137263327568466, 0.4927680497141293, 0.49054091061827737, 0.48938865517829216, 0.4973414550975109, 0.4854043677398658, 0.4884364162221645, 0.4896091841758692, 0.48748866177691436, 0.5071791631331417, 0.4835274198994867, 0.48850932218452997, 0.5040245853130572, 0.5083362632775391, 0.43929114996106744, 0.5185963595392393, 0.4925371472848508]}, {'fraction': '9/10', 'log_e_lower': 135.57060308431537, 'primal_log_e_upper': 135.57564406946148, 'certified_optimization_gap_upper': 0.0050409851460398135, 'optimizer_success': True, 'optimizer_status': 'Optimization terminated successfully', 'optimizer_iterations': 46, 'objective_evaluations': 46, 'feasible_mean_vector': [0.5245255550826445, 0.5101160272073728, 0.49393653212641075, 0.48354711014968527, 0.5062417772611323, 0.4923704604912533, 0.5025225920549932, 0.526555608207205, 0.5132665004322094, 0.5295438963524408, 0.5193228331386742, 0.5226695050707347, 0.48592356352600796, 0.4818827501608304, 0.5001546369311125, 0.5166042892559819, 0.49031705782117463, 0.48953789152788874, 0.4882516309826819, 0.49690300728418274, 0.4839761010452168, 0.4855195089985994, 0.48918377650762424, 0.4853022396099574, 0.5091449188307597, 0.4803691299272311, 0.4876640556007983, 0.5028060745591689, 0.5112835707871657, 0.42745679344248844, 0.5236867612904403, 0.490235997148784]}]",certified_lower_evidence,0.1567948013544082,,,,,,7.205959094516959e-58,True,30230462225465316872264217561043782318581/2098265886251044373482966728709018631740800,0.01440735534211913,positive,4362,0.002751031636863824,1.0,8713,0.0015449458216217418,0.022417207734206964,0.020872261912585222,positive
metro,seasonal_day,independent_noise,32768,4361,0.0027510316368638,0.0,8184,0.0001223301252267,full_u_joint,1.0,-1.3659682468932828,0.0001159321653284,0.1933790296316146,33.51515294238925,,,,,,,,,,,,,,,,1.3660841790586111,5.381017210569383e-07,0.34144370265875,1.0,1.0,1.0,False,-820391399076168793239085376508569833333/1199009077857739641990266702119439218137600,-0.0006842245102447063,negative,4362,0.002751031636863824,0.05,8713,0.021747478998488345,0.022417207734206964,0.0006697287357186194,positive
metro,seasonal_day,independent_noise,32768,4361,0.0027510316368638,0.0,8184,0.0001223301252267,stratified_cell_bernstein,1.0,-0.0927399976419971,-0.0026307451485543,0.1933790296316146,33.5151517316699,,,,,,,,,,,,,,,,,,,,,1.0,False,-820391399076168793239085376508569833333/1199009077857739641990266702119439218137600,-0.0006842245102447063,negative,4362,0.002751031636863824,0.05,8713,0.021747478998488345,0.022417207734206964,0.0006697287357186194,positive
metro,seasonal_day,independent_noise,32768,4361,0.0027510316368638,0.0,8184,0.0001223301252267,stratified_hoeffding,1.0,-0.0161671461504789,-0.0026307451485543,0.1933790296316146,33.51514958590269,,,,,,,,,,,,,,,,,,,,,1.0,False,-820391399076168793239085376508569833333/1199009077857739641990266702119439218137600,-0.0006842245102447063,negative,4362,0.002751031636863824,0.05,8713,0.021747478998488345,0.022417207734206964,0.0006697287357186194,positive
metro,seasonal_day,independent_noise,32768,4361,0.0027510316368638,0.0,8184,0.0001223301252267,stratified_hybrid,1.0,-0.0074410776328935,-0.0026307451485543,0.1933790296316146,33.51515217125416,,,,,,,,,,,,,,,,,,,,,1.0,False,-820391399076168793239085376508569833333/1199009077857739641990266702119439218137600,-0.0006842245102447063,negative,4362,0.002751031636863824,0.05,8713,0.021747478998488345,0.022417207734206964,0.0006697287357186194,positive
metro,seasonal_day,independent_noise,32768,4361,0.0027510316368638,0.0,8184,0.0001223301252267,stratified_pooled_bernstein,1.0,-0.0069317417945479,-0.0026307451485543,0.1933790296316146,33.515151377767324,,,,,,,,,,,,,,,,,,,,,1.0,False,-820391399076168793239085376508569833333/1199009077857739641990266702119439218137600,-0.0006842245102447063,negative,4362,0.002751031636863824,0.05,8713,0.021747478998488345,0.022417207734206964,0.0006697287357186194,positive
metro,seasonal_day,independent_noise,32768,4361,0.0027510316368638,0.0,8184,0.0001223301252267,stratified_profiled_betting,1.0,,,0.1933790296316146,33.515152491629124,"['1/10', '3/10', '1/2', '7/10', '9/10']",32.0,0.0,32768.0,0.5,60.0,exact-rational tangent LP; outward Decimal logarithms,1.0,-7.886303941472101,-7.886303941472101,-7.883819954301316,0.0024839871707835,"[{'fraction': '1/10', 'log_e_lower': -6.276866029083861, 'primal_log_e_upper': -6.274382041913062, 'certified_optimization_gap_upper': 0.002483987170797598, 'optimizer_success': True, 'optimizer_status': 'Optimization terminated successfully', 'optimizer_iterations': 74, 'objective_evaluations': 74, 'feasible_mean_vector': [0.5120171633736436, 0.5081903977871941, 0.4956944554812249, 0.4879256847054625, 0.5028668850759168, 0.4986386845825235, 0.5024753599233653, 0.5163882981219667, 0.49993684376693726, 0.5148796014995397, 0.514029012398252, 0.5140902292148881, 0.4936504650283278, 0.4907852376079993, 0.501454871209222, 0.5124223050615024, 0.49375950798389334, 0.4939139278805302, 0.491959972346756, 0.49531332098193676, 0.49068779118268, 0.4917859493265766, 0.4934230835647251, 0.4887497864472917, 0.5049102943852285, 0.4908051966944514, 0.4969453226443874, 0.5005661621219423, 0.5114081349204005, 0.4500281715674603, 0.5146040593344603, 0.5059110688755161]}, {'fraction': '3/10', 'log_e_lower': -30.082303161943017, 'primal_log_e_upper': -30.080125446507246, 'certified_optimization_gap_upper': 0.002177715435762662, 'optimizer_success': True, 'optimizer_status': 'Optimization terminated successfully', 'optimizer_iterations': 57, 'objective_evaluations': 58, 'feasible_mean_vector': [0.5144851475083895, 0.5106792845338748, 0.4950514600050568, 0.4879635625385559, 0.5030417846850211, 0.49858753592852845, 0.5012885874785461, 0.5175910293608101, 0.4985498026103103, 0.5181741790266877, 0.5152737355122463, 0.514789747562628, 0.4924302865539318, 0.4909036573263538, 0.5014203651398331, 0.5130234339479015, 0.49334259486505594, 0.4940485088293566, 0.4912054147731726, 0.4951161079286775, 0.48968454277237405, 0.49148781642168243, 0.492672759342203, 0.4866202958167143, 0.5059805166143128, 0.4878252581767156, 0.4971546265666017, 0.5013876932202435, 0.5131152259104508, 0.4416076250566107, 0.5178636071723419, 0.5044568353723746]}, {'fraction': '1/2', 'log_e_lower': -73.72891771611863, 'primal_log_e_upper': -73.72607380911653, 'certified_optimization_gap_upper': 0.002843907002081984, 'optimizer_success': True, 'optimizer_status': 'Optimization terminated successfully', 'optimizer_iterations': 53, 'objective_evaluations': 53, 'feasible_mean_vector': [0.5172897194023297, 0.5133742411953399, 0.4942769270668531, 0.48757870274017695, 0.5032994463809667, 0.49848447490160075, 0.5002060418365547, 0.5193100991751554, 0.4971867587663341, 0.5219017613161482, 0.516953639399909, 0.5159336532926652, 0.49102818828271094, 0.49066108913806755, 0.5014274127902624, 0.514017118266309, 0.49272000762121, 0.4939623281231878, 0.49019730002500933, 0.49475994096910764, 0.48839310222414817, 0.49091098126776095, 0.4917507404585052, 0.4841833281195782, 0.5072164645451049, 0.4846328849315161, 0.4972469581153413, 0.502197528651718, 0.5151640192139543, 0.4320688734879468, 0.5215484286732227, 0.5032159072789121]}, {'fraction': '7/10', 'log_e_lower': -153.29241583886625, 'primal_log_e_upper': -153.28694085120426, 'certified_optimization_gap_upper': 0.005474987661925403, 'optimizer_success': True, 'optimizer_status': 'Optimization terminated successfully', 'optimizer_iterations': 48, 'objective_evaluations': 49, 'feasible_mean_vector': [0.5207247199525049, 0.516561056340473, 0.49328386135896196, 0.4867409967871016, 0.5036533292131987, 0.4983084019918164, 0.4991010119735892, 0.521713981686696, 0.4957009916516837, 0.5264636957966651, 0.5192328801219281, 0.5176296837031077, 0.4892988873305056, 0.49004779788714925, 0.5014635126837342, 0.51549232368841, 0.4918250525455636, 0.49364526416927695, 0.4888314354407363, 0.4942017902582498, 0.48668513408329556, 0.489999308076791, 0.49057363262052395, 0.48120021802860535, 0.5087513798170158, 0.4809148712085253, 0.4972241281419263, 0.5030701337998871, 0.5177583611045837, 0.42073690768857464, 0.5260530932215901, 0.5020524552359187]}, {'fraction': '9/10', 'log_e_lower': -346.4807605818829, 'primal_log_e_upper': -346.47768782548326, 'certified_optimization_gap_upper': 0.0030727563995308657, 'optimizer_success': True, 'optimizer_status': 'Optimization terminated successfully', 'optimizer_iterations': 48, 'objective_evaluations': 49, 'feasible_mean_vector': [0.525245594772803, 0.5206466743582587, 0.4919268865315023, 0.48531295095748134, 0.5041264274389589, 0.4980096986049003, 0.4978343431599024, 0.5251309810362198, 0.4939010399590468, 0.5324915668085963, 0.5224154508666723, 0.520100806705987, 0.4870150439943292, 0.4889578303547633, 0.5015106258465349, 0.5176382417609481, 0.49051956490555454, 0.49302428495837325, 0.4869186188392652, 0.4933401795716238, 0.4843338303542532, 0.48861088836501626, 0.4890050343322082, 0.47731713636179296, 0.5107969891377392, 0.4762564724800738, 0.4970506403394253, 0.5040837391395926, 0.5212300160346144, 0.40685645427523703, 0.5319995049790485, 0.500825370521956]}]",certified_lower_evidence,0.1732365749776363,,,,,,1.0,False,-820391399076168793239085376508569833333/1199009077857739641990266702119439218137600,-0.0006842245102447063,negative,4362,0.002751031636863824,0.05,8713,0.021747478998488345,0.022417207734206964,0.0006697287357186194,positive
metro,seasonal_day,persistence,32768,4361,0.0027510316368638,0.0,8184,0.0001223301252267,full_u_joint,1.0,-1.3516036315700397,0.0144805474885713,0.1889269091188907,32.96291987597942,,,,,,,,,,,,,,,,1.3660841790586111,2.068471057922242e-06,0.34144370265875,1.0,1.0,1.0,False,1570268577319726593093597230308142760670969/117502889630058484915046136807705043377484800,0.013363659245006645,positive,4362,0.002751031636863824,0.4,8713,0.011288732829835614,0.022417207734206964,0.01112847490437135,positive
metro,seasonal_day,persistence,32768,4361,0.0027510316368638,0.0,8184,0.0001223301252267,stratified_cell_bernstein,1.0,-0.0743525516825764,0.0121570613351135,0.1889269091188907,32.96291910111904,,,,,,,,,,,,,,,,,,,,,1.0,False,1570268577319726593093597230308142760670969/117502889630058484915046136807705043377484800,0.013363659245006645,positive,4362,0.002751031636863824,0.4,8713,0.011288732829835614,0.022417207734206964,0.01112847490437135,positive
metro,seasonal_day,persistence,32768,4361,0.0027510316368638,0.0,8184,0.0001223301252267,stratified_hoeffding,0.0892497783998888,-0.001379339666811,0.0121570613351135,0.1889269091188907,32.96291695907712,,,,,,,,,,,,,,,,,,,,,0.4851362954451101,False,1570268577319726593093597230308142760670969/117502889630058484915046136807705043377484800,0.013363659245006645,positive,4362,0.002751031636863824,0.4,8713,0.011288732829835614,0.022417207734206964,0.01112847490437135,positive
metro,seasonal_day,persistence,32768,4361,0.0027510316368638,0.0,8184,0.0001223301252267,stratified_hybrid,2.197392269808222e-08,0.0079323245450547,0.0121570613351135,0.1889269091188907,32.96291934326291,,,,,,,,,,,,,,,,,,,,,1.1944396552314692e-07,True,1570268577319726593093597230308142760670969/117502889630058484915046136807705043377484800,0.013363659245006645,positive,4362,0.002751031636863824,0.4,8713,0.011288732829835614,0.022417207734206964,0.01112847490437135,positive
metro,seasonal_day,persistence,32768,4361,0.0027510316368638,0.0,8184,0.0001223301252267,stratified_pooled_bernstein,1.0986961349068217e-08,0.0083933532571234,0.0121570613351135,0.1889269091188907,32.96291868388653,,,,,,,,,,,,,,,,,,,,,5.97219827617208e-08,True,1570268577319726593093597230308142760670969/117502889630058484915046136807705043377484800,0.013363659245006645,positive,4362,0.002751031636863824,0.4,8713,0.011288732829835614,0.022417207734206964,0.01112847490437135,positive
metro,seasonal_day,persistence,32768,4361,0.0027510316368638,0.0,8184,0.0001223301252267,stratified_profiled_betting,4.852085350907018e-41,,,0.1889269091188907,32.962919522076845,"['1/10', '3/10', '1/2', '7/10', '9/10']",32.0,0.0,32768.0,0.5,60.0,exact-rational tangent LP; outward Decimal logarithms,4.852085350907018e-41,92.8265802309576,92.8265802309576,92.8314408162906,0.0048605853329987,"[{'fraction': '1/10', 'log_e_lower': 18.46616667309934, 'primal_log_e_upper': 18.47137859707029, 'certified_optimization_gap_upper': 0.005211923970945021, 'optimizer_success': True, 'optimizer_status': 'Optimization terminated successfully', 'optimizer_iterations': 66, 'objective_evaluations': 66, 'feasible_mean_vector': [0.5129221112965515, 0.5063117958965235, 0.49505890062153496, 0.48560828569133196, 0.5016124042352349, 0.49189861282866754, 0.5097670257158791, 0.5160562806094761, 0.5227824863193137, 0.5156639580927752, 0.5143852743107888, 0.5101798555005905, 0.4907432690047056, 0.4892404130948373, 0.5012129329711902, 0.5106213053975667, 0.4934295309599961, 0.4922077342864171, 0.48987249365992913, 0.5002004060494982, 0.4887609867482325, 0.49420657990302413, 0.4912749211241207, 0.4906775163999868, 0.49881043673172687, 0.4936241398140255, 0.48970348371584865, 0.5072573028762689, 0.5007945157057596, 0.46555644323131307, 0.5087355209950949, 0.4985550902533034]}, {'fraction': '3/10', 'log_e_lower': 49.6299496489117, 'primal_log_e_upper': 49.635217703640166, 'certified_optimization_gap_upper': 0.00526805472845708, 'optimizer_success': True, 'optimizer_status': 'Optimization terminated successfully', 'optimizer_iterations': 54, 'objective_evaluations': 55, 'feasible_mean_vector': [0.5151040055814885, 0.5071237793688911, 0.4952354709534705, 0.4859860317154792, 0.5023211924578461, 0.49258930812943835, 0.5073848083023113, 0.5179333157920893, 0.5197173606262585, 0.518318676061051, 0.5150455977403157, 0.5127356779202943, 0.49026420264876164, 0.48830616801934185, 0.5011665658410561, 0.5117064026819816, 0.49306703915829325, 0.4921668798776049, 0.4897144656422987, 0.4996496456131112, 0.48844080229997056, 0.4921206543203722, 0.49149791133193793, 0.490029921112105, 0.4997272359359486, 0.4910747920371954, 0.48967095783694087, 0.5060177703443608, 0.5027859667790434, 0.4579721021372141, 0.5119315845466536, 0.49684378210316105]}, {'fraction': '1/2', 'log_e_lower': 74.00926700037218, 'primal_log_e_upper': 74.01405533408395, 'certified_optimization_gap_upper': 0.004788333711746621, 'optimizer_success': True, 'optimizer_status': 'Optimization terminated successfully', 'optimizer_iterations': 50, 'objective_evaluations': 50, 'feasible_mean_vector': [0.5176853767476866, 0.5081330157852771, 0.49525564365804514, 0.4858731031306007, 0.503071646063668, 0.4929939528341492, 0.5053399199153241, 0.5203197314410858, 0.5173442623153579, 0.52145554623824, 0.5161702756893917, 0.5155898335329613, 0.48949911265039586, 0.48705446439916955, 0.5011700347781174, 0.5131302702320563, 0.4925068104141187, 0.49187528820465176, 0.4892270925848021, 0.4991254954859202, 0.48775872525604236, 0.48991244847893495, 0.49141683318910206, 0.4891037218226456, 0.5005922694351504, 0.4884002523277405, 0.48930877134414064, 0.5050340935985925, 0.5047626795621242, 0.4496684273626929, 0.5153629298185707, 0.49515958338255206]}, {'fraction': '7/10', 'log_e_lower': 91.17188091389082, 'primal_log_e_upper': 91.17691429647442, 'certified_optimization_gap_upper': 0.00503338258358398, 'optimizer_success': True, 'optimizer_status': 'Optimization terminated successfully', 'optimizer_iterations': 47, 'objective_evaluations': 47, 'feasible_mean_vector': [0.5209256530692437, 0.5094280536517352, 0.4951081804506736, 0.48526797557389817, 0.5039289137473993, 0.493152483588532, 0.5034359464322142, 0.5234536036397919, 0.5154635718603084, 0.5254017794254751, 0.5178605275557426, 0.5190349615788886, 0.4883717607448156, 0.4853592435322551, 0.5012081449866983, 0.5150236069803543, 0.4916845098025793, 0.49129947114399286, 0.4883600030264588, 0.49856203717246894, 0.4866455879313441, 0.48735672305824107, 0.4910260219301314, 0.4878015508413038, 0.501480299805929, 0.4853325408154946, 0.48857428415985954, 0.5041977255036676, 0.5069210696378073, 0.43998655429140865, 0.5193896809929036, 0.49330050043206897]}, {'fraction': '9/10', 'log_e_lower': 94.39703829915557, 'primal_log_e_upper': 94.40189201526299, 'certified_optimization_gap_upper': 0.004853716107385796, 'optimizer_success': True, 'optimizer_status': 'Optimization terminated successfully', 'optimizer_iterations': 46, 'objective_evaluations': 46, 'feasible_mean_vector': [0.5252586317882167, 0.5111613519844509, 0.49474450558491173, 0.4840595429005915, 0.5049771747798891, 0.49304583664255863, 0.5014706428357142, 0.5277673750342887, 0.5139260981325676, 0.530704909601852, 0.5203492549719452, 0.523520663188536, 0.4867197505735364, 0.48299951887357273, 0.5012666965547607, 0.5176288865845698, 0.4904746873199259, 0.49033928925568293, 0.48697951492115776, 0.49787502995904914, 0.48494083883878947, 0.48415461465252735, 0.4902447677571987, 0.485943421516977, 0.5024707547157459, 0.4815224257244106, 0.4873468470282765, 0.5034147293508678, 0.5095053583122484, 0.4281654205502743, 0.5245386167675161, 0.49103952638832166]}]",certified_lower_evidence,0.1577802486717701,,,,,,2.109963972594423e-40,True,1570268577319726593093597230308142760670969/117502889630058484915046136807705043377484800,0.013363659245006645,positive,4362,0.002751031636863824,0.4,8713,0.011288732829835614,0.022417207734206964,0.01112847490437135,positive
metro,seasonal_day,ridge_full,32768,4361,0.0027510316368638,0.0,8184,0.0001223301252267,full_u_joint,1.0,-1.3538762341356796,0.0122079449229315,0.1779722198843956,33.55083868280053,,,,,,,,,,,,,,,,1.3660841790586111,2.3271635600890743e-06,0.34144370265875,1.0,1.0,1.0,False,142043368767758833853189724786555655163/13232307390772351904847537928795612992960,0.010734588048250287,positive,4362,0.002751031636863824,0.9,8713,0.005381087054754647,0.022417207734206964,0.017036120679452316,positive
metro,seasonal_day,ridge_full,32768,4361,0.0027510316368638,0.0,8184,0.0001223301252267,stratified_cell_bernstein,1.0,-0.0728026705444233,0.0110881428873998,0.1779722198843956,33.55083794891834,,,,,,,,,,,,,,,,,,,,,1.0,False,142043368767758833853189724786555655163/13232307390772351904847537928795612992960,0.010734588048250287,positive,4362,0.002751031636863824,0.9,8713,0.005381087054754647,0.022417207734206964,0.017036120679452316,positive
metro,seasonal_day,ridge_full,32768,4361,0.0027510316368638,0.0,8184,0.0001223301252267,stratified_hoeffding,0.1339774223419423,-0.0024482581145247,0.0110881428873998,0.1779722198843956,33.55083617940545,,,,,,,,,,,,,,,,,,,,,0.5826103908698179,False,142043368767758833853189724786555655163/13232307390772351904847537928795612992960,0.010734588048250287,positive,4362,0.002751031636863824,0.9,8713,0.005381087054754647,0.022417207734206964,0.017036120679452316,positive
metro,seasonal_day,ridge_full,32768,4361,0.0027510316368638,0.0,8184,0.0001223301252267,stratified_hybrid,6.633989678498904e-08,0.0071234936629557,0.0110881428873998,0.1779722198843956,33.55083813145757,,,,,,,,,,,,,,,,,,,,,2.8848377973358093e-07,True,142043368767758833853189724786555655163/13232307390772351904847537928795612992960,0.010734588048250287,positive,4362,0.002751031636863824,0.9,8713,0.005381087054754647,0.022417207734206964,0.017036120679452316,positive
metro,seasonal_day,ridge_full,32768,4361,0.0027510316368638,0.0,8184,0.0001223301252267,stratified_pooled_bernstein,3.3169948392521634e-08,0.0075630671577168,0.0110881428873998,0.1779722198843956,33.55083749815822,,,,,,,,,,,,,,,,,,,,,1.4424188986690836e-07,True,142043368767758833853189724786555655163/13232307390772351904847537928795612992960,0.010734588048250287,positive,4362,0.002751031636863824,0.9,8713,0.005381087054754647,0.022417207734206964,0.017036120679452316,positive
metro,seasonal_day,ridge_full,32768,4361,0.0027510316368638,0.0,8184,0.0001223301252267,stratified_profiled_betting,5.789130941049183e-45,,,0.1779722198843956,33.5508383102715,"['1/10', '3/10', '1/2', '7/10', '9/10']",32.0,0.0,32768.0,0.5,60.0,exact-rational tangent LP; outward Decimal logarithms,5.789130941049183e-45,101.86034700095004,101.86034700095004,101.86564113802156,0.0052941370715196,"[{'fraction': '1/10', 'log_e_lower': 16.950960918485926, 'primal_log_e_upper': 16.956529678780175, 'certified_optimization_gap_upper': 0.005568760294241697, 'optimizer_success': True, 'optimizer_status': 'Optimization terminated successfully', 'optimizer_iterations': 54, 'objective_evaluations': 55, 'feasible_mean_vector': [0.5143093512995016, 0.5121867470970896, 0.49484208695986825, 0.4872526351107208, 0.5021506118108651, 0.4896407631914501, 0.5133410874423383, 0.5134819604461097, 0.5205318220907856, 0.5123406985914094, 0.5136480423928581, 0.5114026594613141, 0.49068568794652573, 0.4850670984394396, 0.49985323273222865, 0.5094439786059327, 0.49525891989962634, 0.49099587633072533, 0.4926176768274633, 0.495618710379043, 0.48879277970620477, 0.49178803862036186, 0.4900299154888327, 0.4924528154637358, 0.5018664254028222, 0.4889482777698274, 0.49019854231682874, 0.5039134307689157, 0.5020458819988756, 0.456651201598126, 0.5091200724352842, 0.49910485632883533]}, {'fraction': '3/10', 'log_e_lower': 46.2721480436701, 'primal_log_e_upper': 46.27828492439888, 'certified_optimization_gap_upper': 0.0061368807287665965, 'optimizer_success': True, 'optimizer_status': 'Optimization terminated successfully', 'optimizer_iterations': 54, 'objective_evaluations': 54, 'feasible_mean_vector': [0.5159918415421398, 0.5113530567596613, 0.4949341638233966, 0.48705934989862776, 0.5029004023038067, 0.49022868651933094, 0.5101173613574602, 0.5158620446750047, 0.5176096375343052, 0.5156697683165912, 0.5141088856190834, 0.5129999049155223, 0.4903355775239544, 0.48510224991874645, 0.5000103357590489, 0.5106852094178612, 0.49427360022397926, 0.4911260245180401, 0.4921955622490696, 0.4961121895407656, 0.48852960088035413, 0.49065941801883967, 0.49042325041101203, 0.4911980708924474, 0.5031423392814898, 0.48747007286873134, 0.4901756595103539, 0.5033634269725125, 0.5041336457561878, 0.45141350356072535, 0.5120625950954981, 0.49697259589169124]}, {'fraction': '1/2', 'log_e_lower': 70.5452307284983, 'primal_log_e_upper': 70.55054037242336, 'certified_optimization_gap_upper': 0.005309643925031142, 'optimizer_success': True, 'optimizer_status': 'Optimization terminated successfully', 'optimizer_iterations': 50, 'objective_evaluations': 50, 'feasible_mean_vector': [0.5181251554262022, 0.5109443786515806, 0.49485830393899893, 0.4864406382644168, 0.5037130644080161, 0.49045149320428094, 0.5073520973273032, 0.5186470643564167, 0.5153370684414517, 0.5193712375015154, 0.5150120919518056, 0.5149526858936085, 0.48969763138067496, 0.48463539400956857, 0.5001663761028955, 0.5122119707110856, 0.4931687127444166, 0.4909621397573841, 0.49154990716807667, 0.4964474217000184, 0.4878978513326568, 0.4893164209618257, 0.49047083351090104, 0.4897380166442296, 0.5044578268822469, 0.48569585688510636, 0.489829183398274, 0.5029649354386146, 0.5062430016898889, 0.4450354622369528, 0.515264304418327, 0.4950638295636538]}, {'fraction': '7/10', 'log_e_lower': 90.23386231160137, 'primal_log_e_upper': 90.23949665004136, 'certified_optimization_gap_upper': 0.005634338439959641, 'optimizer_success': True, 'optimizer_status': 'Optimization terminated successfully', 'optimizer_iterations': 47, 'objective_evaluations': 47, 'feasible_mean_vector': [0.5209232689631171, 0.5108907039929352, 0.4946008302329761, 0.4853517726713954, 0.5046565265661471, 0.4903370635458322, 0.5047827584633939, 0.5221355261072969, 0.5135078789766027, 0.5238246903443357, 0.5164391057871268, 0.5174546182499694, 0.4886994350804971, 0.4836330720565585, 0.5003255549314586, 0.5141819027872511, 0.49182397005029393, 0.4904805000852717, 0.49060927318232245, 0.4966579887664344, 0.4868392593247858, 0.4876040048515419, 0.4901816900975638, 0.4879247740669534, 0.5059361644585281, 0.4834346049881757, 0.48912753928022373, 0.5026585268371347, 0.5085904948704048, 0.4370428911794032, 0.519053780992848, 0.4929775794022672]}, {'fraction': '9/10', 'log_e_lower': 103.46978312807987, 'primal_log_e_upper': 103.47507726454396, 'certified_optimization_gap_upper': 0.0052941364640528435, 'optimizer_success': True, 'optimizer_status': 'Optimization terminated successfully', 'optimizer_iterations': 46, 'objective_evaluations': 46, 'feasible_mean_vector': [0.5247683634814505, 0.5112037000664791, 0.49410152068870417, 0.483632643110296, 0.5058288291354617, 0.4898346252321762, 0.502147474892018, 0.5267992637719991, 0.5119685035848077, 0.52963892725545, 0.518588017673323, 0.5208332631972754, 0.48719559791976025, 0.48194433411881105, 0.5004852458283863, 0.5168439219339921, 0.49006196262533175, 0.48959147619403215, 0.48923502332925645, 0.4967374309398086, 0.48519868018170476, 0.4853042961078833, 0.4894864186787594, 0.4855284927544772, 0.5077406906224277, 0.48041103520892314, 0.4879549160870488, 0.5023991165741581, 0.5114504458248516, 0.4267895475324722, 0.5239288042998556, 0.49046455341923345]}]",certified_lower_evidence,0.1465573087334633,,,,,,3.146806175813163e-44,True,142043368767758833853189724786555655163/13232307390772351904847537928795612992960,0.010734588048250287,positive,4362,0.002751031636863824,0.9,8713,0.005381087054754647,0.022417207734206964,0.017036120679452316,positive
metro,seasonal_day,seasonal_day,32768,4361,0.0027510316368638,0.0,8184,0.0001223301252267,full_u_joint,1.0,-1.3638916743218452,0.0021925047367658,0.1625878810882568,33.42705960571766,,,,,,,,,,,,,,,,1.3660841790586111,2.290186205375054e-06,0.34144370265875,1.0,1.0,1.0,False,2661806669007612716128044268175497937/8994403676520092231708981690730637123200,0.00029594031630537823,positive,4362,0.002751031636863824,0.0,8713,0.022417207734206964,0.022417207734206964,0.0,numerical_tie
metro,seasonal_day,seasonal_day,32768,4361,0.0027510316368638,0.0,8184,0.0001223301252267,stratified_cell_bernstein,1.0,-0.0728450767237707,0.0004806778783009,0.1625878810882568,33.42705870047212,,,,,,,,,,,,,,,,,,,,,1.0,False,2661806669007612716128044268175497937/8994403676520092231708981690730637123200,0.00029594031630537823,positive,4362,0.002751031636863824,0.0,8713,0.022417207734206964,0.022417207734206964,0.0,numerical_tie
metro,seasonal_day,seasonal_day,32768,4361,0.0027510316368638,0.0,8184,0.0001223301252267,stratified_hoeffding,0.9962296225419776,-0.0130557231236235,0.0004806778783009,0.1625878810882568,33.42705658823252,,,,,,,,,,,,,,,,,,,,,1.0,False,2661806669007612716128044268175497937/8994403676520092231708981690730637123200,0.00029594031630537823,positive,4362,0.002751031636863824,0.0,8713,0.022417207734206964,0.022417207734206964,0.0,numerical_tie
metro,seasonal_day,seasonal_day,32768,4361,0.0027510316368638,0.0,8184,0.0001223301252267,stratified_hybrid,1.0,-0.0017755864642773,0.0004806778783009,0.1625878810882568,33.42705897986889,,,,,,,,,,,,,,,,,,,,,1.0,False,2661806669007612716128044268175497937/8994403676520092231708981690730637123200,0.00029594031630537823,positive,4362,0.002751031636863824,0.0,8713,0.022417207734206964,0.022417207734206964,0.0,numerical_tie
metro,seasonal_day,seasonal_day,32768,4361,0.0027510316368638,0.0,8184,0.0001223301252267,stratified_pooled_bernstein,1.0,-0.0014769415402414,0.0004806778783009,0.1625878810882568,33.42705824971199,,,,,,,,,,,,,,,,,,,,,1.0,False,2661806669007612716128044268175497937/8994403676520092231708981690730637123200,0.00029594031630537823,positive,4362,0.002751031636863824,0.0,8713,0.022417207734206964,0.022417207734206964,0.0,numerical_tie
metro,seasonal_day,seasonal_day,32768,4361,0.0027510316368638,0.0,8184,0.0001223301252267,stratified_profiled_betting,0.9694006628091436,,,0.1625878810882568,33.42705927416682,"['1/10', '3/10', '1/2', '7/10', '9/10']",32.0,0.0,32768.0,0.5,60.0,exact-rational tangent LP; outward Decimal logarithms,0.9694006628091436,0.0310772718397733,0.0310772718397733,0.035369911779526,0.0042926399397527,"[{'fraction': '1/10', 'log_e_lower': 0.4526792417566553, 'primal_log_e_upper': 0.45844708681077756, 'certified_optimization_gap_upper': 0.005767845054122174, 'optimizer_success': True, 'optimizer_status': 'Optimization terminated successfully', 'optimizer_iterations': 68, 'objective_evaluations': 68, 'feasible_mean_vector': [0.513870647979312, 0.5056986566232841, 0.49638814271823073, 0.4903918949920023, 0.5031339192432405, 0.4955575627927151, 0.5005262173139543, 0.5166680340258972, 0.5078075510467374, 0.5169728308569453, 0.5112841970268814, 0.5140937388443759, 0.4929405475520205, 0.4894679524109213, 0.49891494310785967, 0.5093824566844791, 0.49384549324480237, 0.4938457270596573, 0.4933702695577233, 0.4970961184942571, 0.4915966375990902, 0.49110921760975307, 0.4938513145223576, 0.49121367980915914, 0.5051812711612049, 0.4882588943113484, 0.493470900557834, 0.5008930913696532, 0.5066033466149441, 0.4561087849835327, 0.5153626146046777, 0.4938593436868585]}, {'fraction': '3/10', 'log_e_lower': 0.7774865270469085, 'primal_log_e_upper': 0.7799300342911495, 'certified_optimization_gap_upper': 0.0024435072442407896, 'optimizer_success': True, 'optimizer_status': 'Optimization terminated successfully', 'optimizer_iterations': 57, 'objective_evaluations': 57, 'feasible_mean_vector': [0.5156383033472948, 0.5065303915854854, 0.4960920489762213, 0.489382031587752, 0.5036322954098164, 0.4951568613408996, 0.5005448002162335, 0.5182010166741802, 0.5082564902047225, 0.5191169612703497, 0.5125513132327583, 0.515488067862017, 0.492012747098282, 0.488366627825373, 0.4989179609394878, 0.5106176449256511, 0.49325379693055255, 0.4932530166810637, 0.49246457992404385, 0.4968751419531537, 0.4903941555962497, 0.49020653443221435, 0.49325299591166977, 0.4903113098544015, 0.5059251141718744, 0.48700291314265237, 0.4926074064753707, 0.5011280995333811, 0.5075086965656095, 0.4511262724458911, 0.5173050027849183, 0.49325304909641793]}, {'fraction': '1/2', 'log_e_lower': 0.2036012429381796, 'primal_log_e_upper': 0.20909758766423175, 'certified_optimization_gap_upper': 0.0054963447260520885, 'optimizer_success': True, 'optimizer_status': 'Optimization terminated successfully', 'optimizer_iterations': 49, 'objective_evaluations': 50, 'feasible_mean_vector': [0.517845117935852, 0.5075042140177012, 0.4956716655684063, 0.4880743514310321, 0.5042180264006008, 0.49461292911222454, 0.5005714942072773, 0.5202845591590798, 0.5089677078139866, 0.5217968635678789, 0.5141771452426636, 0.5173291484261504, 0.4908778330872021, 0.48692396956794376, 0.4988744888332815, 0.5121449276118334, 0.49245693542482816, 0.4924559140761236, 0.49135579194797724, 0.4965609194769817, 0.4889407502071245, 0.489005941681192, 0.49245523034974287, 0.4891255754876981, 0.5068180325149837, 0.48538110322016703, 0.49153590902396566, 0.5013792781724771, 0.5086180419176859, 0.4448996793222369, 0.5197388373490665, 0.4924567223644177]}, {'fraction': '7/10', 'log_e_lower': -1.7001500202862863, 'primal_log_e_upper': -1.694647045916499, 'certified_optimization_gap_upper': 0.005502974369786693, 'optimizer_success': True, 'optimizer_status': 'Optimization terminated successfully', 'optimizer_iterations': 47, 'objective_evaluations': 47, 'feasible_mean_vector': [0.5207167791917597, 0.5087464701377526, 0.49508397727016323, 0.486335243582894, 0.5049464053155558, 0.4938632889982654, 0.5006077470494411, 0.5231194113730728, 0.5099924680740308, 0.5253012642796913, 0.5163208249021791, 0.5198081628922517, 0.4894067345751602, 0.48501333328161644, 0.4987767040453488, 0.5141129128327067, 0.491380031404624, 0.491379015540502, 0.489930324461674, 0.49610802087432393, 0.48708944976546903, 0.487408039548782, 0.4913785280664492, 0.48754509872001045, 0.5079514220171762, 0.4832392434443156, 0.4901553406546138, 0.5016677783629094, 0.5100312465458087, 0.43699004212051457, 0.5229130623440211, 0.4913799241036682]}, {'fraction': '9/10', 'log_e_lower': -7.076295759700869, 'primal_log_e_upper': -7.070965817465943, 'certified_optimization_gap_upper': 0.0053299422349244755, 'optimizer_success': True, 'optimizer_status': 'Optimization terminated successfully', 'optimizer_iterations': 46, 'objective_evaluations': 46, 'feasible_mean_vector': [0.5246487564274867, 0.510400017386676, 0.49423598516249595, 0.4839429709762954, 0.5058928573101424, 0.4927970708537165, 0.5006393711308598, 0.5271089873723321, 0.5114592144613, 0.5301279195160131, 0.5192675917830236, 0.5232666537192363, 0.4874092358490092, 0.4823924274107976, 0.4985936435288584, 0.5167767135283212, 0.48987290267206546, 0.48987194657175065, 0.4879999354143359, 0.49544316052902576, 0.48460495485390015, 0.4852035481465841, 0.48987130632043574, 0.4853638860017426, 0.5094558949755061, 0.48031236060835925, 0.48828050470656453, 0.5020113310570385, 0.5119241069219772, 0.4267565329043765, 0.5272721477845198, 0.4898724564983855]}]",certified_lower_evidence,0.1423957012593746,,,,,,1.0,False,2661806669007612716128044268175497937/8994403676520092231708981690730637123200,0.00029594031630537823,positive,4362,0.002751031636863824,0.0,8713,0.022417207734206964,0.022417207734206964,0.0,numerical_tie
metro,seasonal_day,seasonal_week,32768,4361,0.0027510316368638,0.0,8184,0.0001223301252267,full_u_joint,1.0,-1.3520476611728571,0.0140365178857538,0.1923189908266067,33.91146240755916,,,,,,,,,,,,,,,,1.3660841790586111,2.2530047781923998e-06,0.34144370265875,1.0,1.0,1.0,False,1455424904597035213470900019358302414957601/117502889630058484915046136807705043377484800,0.012386290321703903,positive,4362,0.002751031636863824,0.7,8713,0.006569864454370523,0.022417207734206964,0.015847343279836442,positive
metro,seasonal_day,seasonal_week,32768,4361,0.0027510316368638,0.0,8184,0.0001223301252267,stratified_cell_bernstein,1.0,-0.0732034246911811,0.0128531213438037,0.1923189908266067,33.91146129742265,,,,,,,,,,,,,,,,,,,,,1.0,False,1455424904597035213470900019358302414957601/117502889630058484915046136807705043377484800,0.012386290321703903,positive,4362,0.002751031636863824,0.7,8713,0.006569864454370523,0.022417207734206964,0.015847343279836442,positive
metro,seasonal_day,seasonal_week,32768,4361,0.0027510316368638,0.0,8184,0.0001223301252267,stratified_hoeffding,0.0671428477796013,-0.0006832796581207,0.0128531213438037,0.1923189908266067,33.9114591665566,,,,,,,,,,,,,,,,,,,,,0.4851362954451101,False,1455424904597035213470900019358302414957601/117502889630058484915046136807705043377484800,0.012386290321703903,positive,4362,0.002751031636863824,0.7,8713,0.006569864454370523,0.022417207734206964,0.015847343279836442,positive
metro,seasonal_day,seasonal_week,32768,4361,0.0027510316368638,0.0,8184,0.0001223301252267,stratified_hybrid,6.341387748297431e-09,0.0085860545319989,0.0128531213438037,0.1923189908266067,33.91146156564355,,,,,,,,,,,,,,,,,,,,,4.5959962632898535e-08,True,1455424904597035213470900019358302414957601/117502889630058484915046136807705043377484800,0.012386290321703903,positive,4362,0.002751031636863824,0.7,8713,0.006569864454370523,0.022417207734206964,0.015847343279836442,positive
metro,seasonal_day,seasonal_week,32768,4361,0.0027510316368638,0.0,8184,0.0001223301252267,stratified_pooled_bernstein,3.1706938741758203e-09,0.00905057514424,0.0128531213438037,0.1923189908266067,33.91146086528897,,,,,,,,,,,,,,,,,,,,,2.2979981316645716e-08,True,1455424904597035213470900019358302414957601/117502889630058484915046136807705043377484800,0.012386290321703903,positive,4362,0.002751031636863824,0.7,8713,0.006569864454370523,0.022417207734206964,0.015847343279836442,positive
metro,seasonal_day,seasonal_week,32768,4361,0.0027510316368638,0.0,8184,0.0001223301252267,stratified_profiled_betting,4.332325419979132e-45,,,0.1923189908266067,33.911462143063545,"['1/10', '3/10', '1/2', '7/10', '9/10']",32.0,0.0,32768.0,0.5,60.0,exact-rational tangent LP; outward Decimal logarithms,4.332325419979132e-45,102.15022473838256,102.15022473838256,102.1553078490777,0.0050831106951266,"[{'fraction': '1/10', 'log_e_lower': 19.535270571886812, 'primal_log_e_upper': 19.538492344199096, 'certified_optimization_gap_upper': 0.003221772312278987, 'optimizer_success': True, 'optimizer_status': 'Optimization terminated successfully', 'optimizer_iterations': 72, 'objective_evaluations': 72, 'feasible_mean_vector': [0.5120017211472763, 0.5060175977751844, 0.49448635256478707, 0.4891869942698676, 0.508363740802138, 0.49043116196304315, 0.5178907188100352, 0.5098568223994866, 0.5223627090901141, 0.5114862951248875, 0.5118484177978535, 0.5117926031521253, 0.4916625719289017, 0.48744253857490855, 0.5000519571160208, 0.5034417488271952, 0.4945959249168896, 0.4919173495012512, 0.4918838372007777, 0.49621516470825944, 0.4879082807841962, 0.49010346389503573, 0.4892346846233103, 0.4872362155127265, 0.5011974294828287, 0.48828019962992814, 0.4883776329695035, 0.5088225663379005, 0.5031937410466583, 0.46067221077760273, 0.5084353993644029, 0.4982390179947779]}, {'fraction': '3/10', 'log_e_lower': 52.71164309640128, 'primal_log_e_upper': 52.71458265000615, 'certified_optimization_gap_upper': 0.0029395536048487914, 'optimizer_success': True, 'optimizer_status': 'Optimization terminated successfully', 'optimizer_iterations': 57, 'objective_evaluations': 57, 'feasible_mean_vector': [0.514162811573442, 0.5068813538791612, 0.49480858650049614, 0.4885888333866996, 0.50733331249652, 0.4914857410834101, 0.5137067357163972, 0.5132767683177258, 0.519145437074128, 0.5134944007914164, 0.5126581189119327, 0.5134220158376035, 0.4911797722484278, 0.48695916460252836, 0.5002807802167566, 0.5048917573355798, 0.4939048181407188, 0.49192832567499906, 0.4916220558570422, 0.49633589498696756, 0.48798447064798384, 0.48954840146836914, 0.4896531294509023, 0.4867973292264153, 0.5027709984358036, 0.4871077522825276, 0.48895217312103906, 0.5071682218467455, 0.5051068743600325, 0.45440795483175905, 0.5116851946548832, 0.49659918427352634]}, {'fraction': '1/2', 'log_e_lower': 79.00116035691319, 'primal_log_e_upper': 79.00568226399606, 'certified_optimization_gap_upper': 0.004521907082846516, 'optimizer_success': True, 'optimizer_status': 'Optimization terminated successfully', 'optimizer_iterations': 50, 'objective_evaluations': 50, 'feasible_mean_vector': [0.5166974201078379, 0.5079390932913007, 0.4949445484191412, 0.48767048370793037, 0.5065980860690283, 0.49219755886901834, 0.5100842295984183, 0.5169786756670209, 0.516610439768491, 0.5158338055899235, 0.5138531053411699, 0.5154264171601309, 0.4904476862373508, 0.4860905836374765, 0.500523919596926, 0.5064404068878683, 0.4930734494726405, 0.4916857310870346, 0.4911173052255497, 0.49634584261362164, 0.48767085985006137, 0.4886997307861987, 0.48970963332169176, 0.4859665654790056, 0.5043617737557018, 0.48560194198039286, 0.4891347325395841, 0.5058276497671202, 0.507100015173138, 0.4472155910603133, 0.5151661977085313, 0.49496776065341797]}, {'fraction': '7/10', 'log_e_lower': 98.10536997836567, 'primal_log_e_upper': 98.11044664713113, 'certified_optimization_gap_upper': 0.005076668765429206, 'optimizer_success': True, 'optimizer_status': 'Optimization terminated successfully', 'optimizer_iterations': 47, 'objective_evaluations': 47, 'feasible_mean_vector': [0.5198586923092211, 0.5092827030480744, 0.49489777131196117, 0.4863327583927283, 0.5060714247986069, 0.4926404470199695, 0.506704908064842, 0.5213471303073511, 0.5145443310742721, 0.5187427018890282, 0.5155408148290807, 0.5179973779634877, 0.4893923007747481, 0.48474879056767106, 0.5007861880618641, 0.5082299709534553, 0.4920038382334731, 0.4911579742527877, 0.49030770699451587, 0.4962307178949067, 0.486932306831327, 0.4874651278141158, 0.4894128793173097, 0.48465793475855323, 0.5061203897340677, 0.4836118300548105, 0.48894114268688527, 0.5046594062537382, 0.50936392386949, 0.43852889707612824, 0.5192414944764284, 0.49315818033023723]}, {'fraction': '9/10', 'log_e_lower': 103.75615405327298, 'primal_log_e_upper': 103.7612371866099, 'certified_optimization_gap_upper': 0.005083133336899298, 'optimizer_success': True, 'optimizer_status': 'Optimization terminated successfully', 'optimizer_iterations': 46, 'objective_evaluations': 46, 'feasible_mean_vector': [0.5240646367519687, 0.5110685766394034, 0.49463170458810385, 0.4843904607882526, 0.5056955735954084, 0.492825227791003, 0.5032545018373825, 0.5269622432742772, 0.5127749928985869, 0.5226053805090638, 0.5179421334872228, 0.5214729906626137, 0.48785660559095834, 0.4827473876953143, 0.5010769966615571, 0.5104647039877881, 0.4905461572012661, 0.4902494408976033, 0.48906752534974846, 0.4959473315443177, 0.48564714893785, 0.4856734124448885, 0.4886869606007467, 0.48268815872389426, 0.5082405182716379, 0.4808862444029464, 0.4883089844999886, 0.5035367319618634, 0.5121641184433287, 0.42765045686256553, 0.5244428276052294, 0.490949480718355]}]",certified_lower_evidence,0.1611223369836807,,,,,,3.1399044234324953e-44,True,1455424904597035213470900019358302414957601/117502889630058484915046136807705043377484800,0.012386290321703903,positive,4362,0.002751031636863824,0.7,8713,0.006569864454370523,0.022417207734206964,0.015847343279836442,positive
