categories,validation_pairs,mass,fit_error,delta,method,repetitions,noncoverage,median_slack,mean_slack,median_upper
2,512,balanced,exact,0.05,rectangle,2000,0,0.012335120486333616,0.01256263334470305,0.012335120486333616
2,512,balanced,exact,0.05,split_original,2000,0,0.012241045161266218,0.012439881684056867,0.012241045161266218
2,512,balanced,exact,0.05,split_balanced,2000,0,0.012252180928454358,0.012427113238115205,0.012252180928454358
2,512,balanced,exact,0.05,pooled_fixed,2000,0,0.013384202222724243,0.01357777440647629,0.013384202222724243
2,512,balanced,exact,0.05,pooled_grid,2000,0,0.014138759056541371,0.014433984681101983,0.014138759056541371
2,512,balanced,exact,0.05,pooled_mixture,2000,0,0.01387056850361705,0.014097750262208521,0.01387056850361705
2,512,balanced,exact,0.0002299605781865966,rectangle,2000,0,0.02388325193150975,0.024186032020050634,0.02388325193150975
2,512,balanced,exact,0.0002299605781865966,split_original,2000,0,0.02198577716353796,0.022223497697142908,0.02198577716353796
2,512,balanced,exact,0.0002299605781865966,split_balanced,2000,0,0.021965326845166895,0.022191073121241706,0.021965326845166895
2,512,balanced,exact,0.0002299605781865966,pooled_fixed,2000,0,0.023712558968269612,0.023943911890575414,0.023712558968269612
2,512,balanced,exact,0.0002299605781865966,pooled_grid,2000,0,0.02367152197820107,0.024015176456304087,0.02367152197820107
2,512,balanced,exact,0.0002299605781865966,pooled_mixture,2000,0,0.02353437235269376,0.0238180652036056,0.02353437235269376
2,512,balanced,same_direction,0.05,rectangle,2000,0,0.019876275614076677,0.020009989900920976,0.02237627561407668
2,512,balanced,same_direction,0.05,split_original,2000,0,0.017679564186735414,0.017838087378527216,0.020179564186735416
2,512,balanced,same_direction,0.05,split_balanced,2000,0,0.017534678048991937,0.017698979517523222,0.02003467804899194
2,512,balanced,same_direction,0.05,pooled_fixed,2000,0,0.0182743971934736,0.01864359490425872,0.0207743971934736
2,512,balanced,same_direction,0.05,pooled_grid,2000,0,0.021003755043160238,0.02126470918506514,0.02350375504316024
2,512,balanced,same_direction,0.05,pooled_mixture,2000,0,0.019850052142532337,0.020031539729222947,0.02235005214253234
2,512,balanced,same_direction,0.0002299605781865966,rectangle,2000,0,0.034708165133818684,0.03487752958365205,0.03720816513381869
2,512,balanced,same_direction,0.0002299605781865966,split_original,2000,0,0.03028706848619006,0.030420278958008154,0.03278706848619006
2,512,balanced,same_direction,0.0002299605781865966,split_balanced,2000,0,0.030089880969690886,0.0302324016995026,0.032589880969690885
2,512,balanced,same_direction,0.0002299605781865966,pooled_fixed,2000,0,0.031208808559199663,0.03165481140321706,0.033708808559199666
2,512,balanced,same_direction,0.0002299605781865966,pooled_grid,2000,0,0.0329832687305655,0.03324940934782674,0.0354832687305655
2,512,balanced,same_direction,0.0002299605781865966,pooled_mixture,2000,0,0.03222737819938313,0.032389278531572314,0.03472737819938313
2,512,balanced,opposite_direction,0.05,rectangle,2000,0,0.020111146746153725,0.020066249212048626,-0.0023888532538462763
2,512,balanced,opposite_direction,0.05,split_original,2000,0,0.03532906930936246,0.035220929914724294,0.012829069309362461
2,512,balanced,opposite_direction,0.05,split_balanced,2000,0,0.03532282417417813,0.03518240560487727,0.012822824174178137
2,512,balanced,opposite_direction,0.05,pooled_fixed,2000,0,0.059017182627435834,0.059070826474419774,0.036517182627435835
2,512,balanced,opposite_direction,0.05,pooled_grid,2000,0,0.04469652327775869,0.04473951708401297,0.022196523277758694
2,512,balanced,opposite_direction,0.05,pooled_mixture,2000,0,0.04223642896797575,0.04222512684763403,0.01973642896797575
2,512,balanced,opposite_direction,0.0002299605781865966,rectangle,2000,0,0.02466567261315094,0.02508125723794408,0.002165672613150941
2,512,balanced,opposite_direction,0.0002299605781865966,split_original,2000,0,0.05678666445268312,0.05687522310918409,0.03428666445268312
2,512,balanced,opposite_direction,0.0002299605781865966,split_balanced,2000,0,0.05675476232692455,0.05680954394237026,0.03425476232692455
2,512,balanced,opposite_direction,0.0002299605781865966,pooled_fixed,2000,0,0.09308120589598305,0.09318373397657072,0.07058120589598305
2,512,balanced,opposite_direction,0.0002299605781865966,pooled_grid,2000,0,0.06433763250822948,0.06440912768090384,0.041837632508229486
2,512,balanced,opposite_direction,0.0002299605781865966,pooled_mixture,2000,0,0.06252232890087198,0.062631723313461,0.040022328900871984
2,512,one_heavy,exact,0.05,rectangle,2000,0,0.01219022799106571,0.012396402413445163,0.01219022799106571
2,512,one_heavy,exact,0.05,split_original,2000,0,0.012639651966224397,0.012794158715771803,0.012639651966224397
2,512,one_heavy,exact,0.05,split_balanced,2000,0,0.012510740776364552,0.012722647849632106,0.012510740776364552
2,512,one_heavy,exact,0.05,pooled_fixed,2000,0,0.013612541981269183,0.013784467620108614,0.013612541981269183
2,512,one_heavy,exact,0.05,pooled_grid,2000,0,0.014552893634943056,0.014814488470811866,0.014552893634943056
2,512,one_heavy,exact,0.05,pooled_mixture,2000,0,0.014213020140595264,0.014415929152154575,0.014213020140595264
2,512,one_heavy,exact,0.0002299605781865966,rectangle,2000,0,0.0237450480928935,0.02399084021711181,0.0237450480928935
2,512,one_heavy,exact,0.0002299605781865966,split_original,2000,0,0.022535548658236402,0.02277604405149193,0.022535548658236402
2,512,one_heavy,exact,0.0002299605781865966,split_balanced,2000,0,0.02239771245748772,0.02265727849466002,0.02239771245748772
2,512,one_heavy,exact,0.0002299605781865966,pooled_fixed,2000,0,0.02405474702746177,0.0242753074561122,0.02405474702746177
2,512,one_heavy,exact,0.0002299605781865966,pooled_grid,2000,0,0.024288300765587044,0.024558316203278613,0.024288300765587044
2,512,one_heavy,exact,0.0002299605781865966,pooled_mixture,2000,0,0.024046870788253308,0.024314197257197107,0.024046870788253308
2,512,one_heavy,same_direction,0.05,rectangle,2000,0,0.01960157141252031,0.019768012785816195,0.02210157141252031
2,512,one_heavy,same_direction,0.05,split_original,2000,0,0.01752450197993494,0.017947686773054344,0.020024501979934942
2,512,one_heavy,same_direction,0.05,split_balanced,2000,0,0.017583611602122566,0.01791225968758545,0.020083611602122565
2,512,one_heavy,same_direction,0.05,pooled_fixed,2000,0,0.01843314233640458,0.0188682615163696,0.02093314233640458
2,512,one_heavy,same_direction,0.05,pooled_grid,2000,0,0.02117262319679926,0.021478399409543946,0.02367262319679926
2,512,one_heavy,same_direction,0.05,pooled_mixture,2000,0,0.019981260962177845,0.02022416287415661,0.022481260962177847
2,512,one_heavy,same_direction,0.0002299605781865966,rectangle,2000,0,0.034396645567266196,0.03457026184386322,0.0368966455672662
2,512,one_heavy,same_direction,0.0002299605781865966,split_original,2000,0,0.030180300445311715,0.03060717573043361,0.032680300445311714
2,512,one_heavy,same_direction,0.0002299605781865966,split_balanced,2000,0,0.030124632932777503,0.030544178270591884,0.03262463293277751
2,512,one_heavy,same_direction,0.0002299605781865966,pooled_fixed,2000,0,0.03143796090257969,0.032009446189968066,0.033937960902579695
2,512,one_heavy,same_direction,0.0002299605781865966,pooled_grid,2000,0,0.03319689651281131,0.03355231877647159,0.03569689651281131
2,512,one_heavy,same_direction,0.0002299605781865966,pooled_mixture,2000,0,0.03239351233494062,0.032673460127953254,0.034893512334940625
2,512,one_heavy,opposite_direction,0.05,rectangle,2000,0,0.01975530278204635,0.01976249239476765,-0.002744697217953641
2,512,one_heavy,opposite_direction,0.05,split_original,2000,0,0.0354420415938859,0.035234410713457114,0.012942041593885907
2,512,one_heavy,opposite_direction,0.05,split_balanced,2000,0,0.035472065382610565,0.03523746233610406,0.012972065382610577
2,512,one_heavy,opposite_direction,0.05,pooled_fixed,2000,0,0.05924383910501908,0.05933020620782244,0.03674383910501909
2,512,one_heavy,opposite_direction,0.05,pooled_grid,2000,0,0.044775306472123175,0.04476686117565122,0.022275306472123182
2,512,one_heavy,opposite_direction,0.05,pooled_mixture,2000,0,0.04234000938577674,0.042297295729304,0.019840009385776753
2,512,one_heavy,opposite_direction,0.0002299605781865966,rectangle,2000,0,0.027079315080021378,0.027242616189518037,0.004579315080021386
2,512,one_heavy,opposite_direction,0.0002299605781865966,split_original,2000,0,0.05678521153023039,0.05693955240701188,0.0342852115302304
2,512,one_heavy,opposite_direction,0.0002299605781865966,split_balanced,2000,0,0.056764624869707195,0.05689357084625473,0.0342646248697072
2,512,one_heavy,opposite_direction,0.0002299605781865966,pooled_fixed,2000,0,0.09347478623857021,0.09360102492849048,0.07097478623857022
2,512,one_heavy,opposite_direction,0.0002299605781865966,pooled_grid,2000,0,0.06434160045522101,0.06445332699035561,0.04184160045522102
2,512,one_heavy,opposite_direction,0.0002299605781865966,pooled_mixture,2000,0,0.06260265052232863,0.06274782937540412,0.04010265052232864
2,2048,balanced,exact,0.05,rectangle,2000,0,0.0030739287763311375,0.0031251659637480493,0.0030739287763311375
2,2048,balanced,exact,0.05,split_original,2000,0,0.00301905030394417,0.003064539162807172,0.00301905030394417
2,2048,balanced,exact,0.05,split_balanced,2000,0,0.003055373636731659,0.0030891560354292524,0.003055373636731659
2,2048,balanced,exact,0.05,pooled_fixed,2000,0,0.0033112276061347872,0.0033647181676941854,0.0033112276061347872
2,2048,balanced,exact,0.05,pooled_grid,2000,0,0.0034963074815336187,0.0035736156916888026,0.0034963074815336187
2,2048,balanced,exact,0.05,pooled_mixture,2000,0,0.003430221655392576,0.003491589350049266,0.003430221655392576
2,2048,balanced,exact,0.0002299605781865966,rectangle,2000,0,0.005958288025698356,0.0060228468209739695,0.005958288025698356
2,2048,balanced,exact,0.0002299605781865966,split_original,2000,0,0.005411699828464881,0.005472190584502685,0.005411699828464881
2,2048,balanced,exact,0.0002299605781865966,split_balanced,2000,0,0.005464492641142608,0.005504603613509175,0.005464492641142608
2,2048,balanced,exact,0.0002299605781865966,pooled_fixed,2000,0,0.005860198444085807,0.005926314757217767,0.005860198444085807
2,2048,balanced,exact,0.0002299605781865966,pooled_grid,2000,0,0.005843028560482195,0.005937122301022661,0.005843028560482195
2,2048,balanced,exact,0.0002299605781865966,pooled_mixture,2000,0,0.005809237674433992,0.0058905545158930775,0.005809237674433992
2,2048,balanced,same_direction,0.05,rectangle,2000,0,0.007445253081127931,0.007469606309609757,0.009945253081127932
2,2048,balanced,same_direction,0.05,split_original,2000,0,0.006503139108101783,0.0065402611061604115,0.009003139108101785
2,2048,balanced,same_direction,0.05,split_balanced,2000,0,0.006503732200956322,0.006560907871846646,0.009003732200956323
2,2048,balanced,same_direction,0.05,pooled_fixed,2000,0,0.008316104766073456,0.008403794483698256,0.010816104766073458
2,2048,balanced,same_direction,0.05,pooled_grid,2000,0,0.007994021533781641,0.008040411489780085,0.010494021533781643
2,2048,balanced,same_direction,0.05,pooled_mixture,2000,0,0.007590952259116948,0.0076200670114094995,0.01009095225911695
2,2048,balanced,same_direction,0.0002299605781865966,rectangle,2000,0,0.012234679887873724,0.012261888860581792,0.014734679887873726
2,2048,balanced,same_direction,0.0002299605781865966,split_original,2000,0,0.010728541449585483,0.010763330643013746,0.013228541449585485
2,2048,balanced,same_direction,0.0002299605781865966,split_balanced,2000,0,0.010719404281362704,0.010788483053668642,0.013219404281362705
2,2048,balanced,same_direction,0.0002299605781865966,pooled_fixed,2000,0,0.013482471490522228,0.013596399308128402,0.015982471490522232
2,2048,balanced,same_direction,0.0002299605781865966,pooled_grid,2000,0,0.01180962446692246,0.011877263176530874,0.014309624466922462
2,2048,balanced,same_direction,0.0002299605781865966,pooled_mixture,2000,0,0.011648816073197761,0.011681231163322672,0.014148816073197762
2,2048,balanced,opposite_direction,0.05,rectangle,2000,0,0.012527153990062913,0.012496142341722853,-0.009972846009937086
2,2048,balanced,opposite_direction,0.05,split_original,2000,0,0.015563511317973743,0.015508726935046692,-0.006936488682026254
2,2048,balanced,opposite_direction,0.05,split_balanced,2000,0,0.015493420555000345,0.01546906216456327,-0.007006579444999654
2,2048,balanced,opposite_direction,0.05,pooled_fixed,2000,0,0.04884493642205893,0.04887880278787902,0.026344936422058925
2,2048,balanced,opposite_direction,0.05,pooled_grid,2000,0,0.02019497100693634,0.020167573104019707,-0.0023050289930636614
2,2048,balanced,opposite_direction,0.05,pooled_mixture,2000,0,0.019751428634240835,0.019717176853820562,-0.002748571365759166
2,2048,balanced,opposite_direction,0.0002299605781865966,rectangle,2000,0,0.01639923016342636,0.016369297147095032,-0.006100769836573639
2,2048,balanced,opposite_direction,0.0002299605781865966,split_original,2000,0,0.024411297251788408,0.02436228671346739,0.0019112972517884071
2,2048,balanced,opposite_direction,0.0002299605781865966,split_balanced,2000,0,0.024370949168404106,0.024327625936422643,0.0018709491684041066
2,2048,balanced,opposite_direction,0.0002299605781865966,pooled_fixed,2000,0,0.07508057565654674,0.0751619622961908,0.05258057565654674
2,2048,balanced,opposite_direction,0.0002299605781865966,pooled_grid,2000,0,0.028230383991282776,0.028181496802685602,0.005730383991282777
2,2048,balanced,opposite_direction,0.0002299605781865966,pooled_mixture,2000,0,0.027759308375023755,0.027737135215997476,0.005259308375023756
2,2048,one_heavy,exact,0.05,rectangle,2000,0,0.0030564128904313273,0.003109224894471016,0.0030564128904313273
2,2048,one_heavy,exact,0.05,split_original,2000,0,0.0030909461331946634,0.00315052285361295,0.0030909461331946634
2,2048,one_heavy,exact,0.05,split_balanced,2000,0,0.0031220279760903876,0.0031652229949262535,0.0031220279760903876
2,2048,one_heavy,exact,0.05,pooled_fixed,2000,0,0.003376362841091287,0.0034226068152798587,0.003376362841091287
2,2048,one_heavy,exact,0.05,pooled_grid,2000,0,0.0036142764548884906,0.0036802437948534636,0.0036142764548884906
2,2048,one_heavy,exact,0.05,pooled_mixture,2000,0,0.0035304240455225804,0.0035804918389985684,0.0035304240455225804
2,2048,one_heavy,exact,0.0002299605781865966,rectangle,2000,0,0.005936791705587351,0.006006533641880024,0.005936791705587351
2,2048,one_heavy,exact,0.0002299605781865966,split_original,2000,0,0.005529129228594172,0.005601010406293685,0.005529129228594172
2,2048,one_heavy,exact,0.0002299605781865966,split_balanced,2000,0,0.00557833309349928,0.005622241245608369,0.00557833309349928
2,2048,one_heavy,exact,0.0002299605781865966,pooled_fixed,2000,0,0.005954899541073647,0.006014661749702348,0.005954899541073647
2,2048,one_heavy,exact,0.0002299605781865966,pooled_grid,2000,0,0.006015107055532695,0.006086687535869618,0.006015107055532695
2,2048,one_heavy,exact,0.0002299605781865966,pooled_mixture,2000,0,0.005959530244589764,0.006024942964500191,0.005959530244589764
2,2048,one_heavy,same_direction,0.05,rectangle,2000,0,0.00733797709904604,0.007385837273451891,0.00983797709904604
2,2048,one_heavy,same_direction,0.05,split_original,2000,0,0.006565200482302046,0.0065892704814534,0.009065200482302046
2,2048,one_heavy,same_direction,0.05,split_balanced,2000,0,0.006510077666845961,0.006594748759216237,0.009010077666845962
2,2048,one_heavy,same_direction,0.05,pooled_fixed,2000,0,0.008372099759046629,0.00851440137583702,0.010872099759046629
2,2048,one_heavy,same_direction,0.05,pooled_grid,2000,0,0.008026920774396588,0.008104071262585492,0.010526920774396589
2,2048,one_heavy,same_direction,0.05,pooled_mixture,2000,0,0.007622402124221423,0.007684504015483134,0.010122402124221424
2,2048,one_heavy,same_direction,0.0002299605781865966,rectangle,2000,0,0.012094399155587854,0.012141691940727627,0.014594399155587856
2,2048,one_heavy,same_direction,0.0002299605781865966,split_original,2000,0,0.010821715250085764,0.01082918027417406,0.013321715250085762
2,2048,one_heavy,same_direction,0.0002299605781865966,split_balanced,2000,0,0.010737741577764932,0.0108355463657456,0.013237741577764932
2,2048,one_heavy,same_direction,0.0002299605781865966,pooled_fixed,2000,0,0.013577735832394397,0.013756323535968427,0.0160777358323944
2,2048,one_heavy,same_direction,0.0002299605781865966,pooled_grid,2000,0,0.011873107537592568,0.011969394197837806,0.014373107537592567
2,2048,one_heavy,same_direction,0.0002299605781865966,pooled_mixture,2000,0,0.011694350421492899,0.011763448007326923,0.014194350421492901
2,2048,one_heavy,opposite_direction,0.05,rectangle,2000,0,0.012185415180528777,0.01213386750255889,-0.010314584819471215
2,2048,one_heavy,opposite_direction,0.05,split_original,2000,0,0.015482760559412334,0.015430464275779595,-0.007017239440587658
2,2048,one_heavy,opposite_direction,0.05,split_balanced,2000,0,0.015506229356166728,0.015432712928942107,-0.006993770643833265
2,2048,one_heavy,opposite_direction,0.05,pooled_fixed,2000,0,0.048917162752483256,0.048965303055493535,0.026417162752483264
2,2048,one_heavy,opposite_direction,0.05,pooled_grid,2000,0,0.020191479780316098,0.020156587764732427,-0.002308520219683895
2,2048,one_heavy,opposite_direction,0.05,pooled_mixture,2000,0,0.019746245447586176,0.01970284506879996,-0.002753754552413816
2,2048,one_heavy,opposite_direction,0.0002299605781865966,rectangle,2000,0,0.0159120847105831,0.015873766465598356,-0.006587915289416893
2,2048,one_heavy,opposite_direction,0.0002299605781865966,split_original,2000,0,0.024358889606043786,0.024306641310338606,0.0018588896060437944
2,2048,one_heavy,opposite_direction,0.0002299605781865966,split_balanced,2000,0,0.024367266960544795,0.024302417349299395,0.0018672669605448045
2,2048,one_heavy,opposite_direction,0.0002299605781865966,pooled_fixed,2000,0,0.07520414105114448,0.07531557242582002,0.052704141051144494
2,2048,one_heavy,opposite_direction,0.0002299605781865966,pooled_grid,2000,0,0.02822865404925235,0.028158482200500764,0.005728654049252361
2,2048,one_heavy,opposite_direction,0.0002299605781865966,pooled_mixture,2000,0,0.027775492124514772,0.027732373390622306,0.005275492124514781
2,8192,balanced,exact,0.05,rectangle,2000,0,0.000764604926712214,0.0007811911158861418,0.000764604926712214
2,8192,balanced,exact,0.05,split_original,2000,0,0.0007552915251937072,0.0007670769005039245,0.0007552915251937072
2,8192,balanced,exact,0.05,split_balanced,2000,0,0.0007575718472147498,0.0007698362693940486,0.0007575718472147498
2,8192,balanced,exact,0.05,pooled_fixed,2000,0,0.00082423543575901,0.0008392473091621366,0.00082423543575901
2,8192,balanced,exact,0.05,pooled_grid,2000,0,0.0008695418305246921,0.0008916831784267985,0.0008695418305246921
2,8192,balanced,exact,0.05,pooled_mixture,2000,0,0.0008530371379584376,0.0008710418771274365,0.0008530371379584376
2,8192,balanced,exact,0.0002299605781865966,rectangle,2000,0,0.00148264050212214,0.0015052793076424384,0.00148264050212214
2,8192,balanced,exact,0.0002299605781865966,split_original,2000,0,0.0013533580352781845,0.001367038518533805,0.0013533580352781845
2,8192,balanced,exact,0.0002299605781865966,split_balanced,2000,0,0.0013536275957600707,0.0013706661175539071,0.0013536275957600707
2,8192,balanced,exact,0.0002299605781865966,pooled_fixed,2000,0,0.0014566450968407987,0.0014766225540509667,0.0014566450968407987
2,8192,balanced,exact,0.0002299605781865966,pooled_grid,2000,0,0.0014511819914655732,0.0014794438301189174,0.0014511819914655732
2,8192,balanced,exact,0.0002299605781865966,pooled_mixture,2000,0,0.0014434772428105417,0.0014677921686538978,0.0014434772428105417
2,8192,balanced,same_direction,0.05,rectangle,2000,0,0.0030777735704418238,0.0030980715235432235,0.005577773570441825
2,8192,balanced,same_direction,0.05,split_original,2000,0,0.0027055205260757727,0.0027183210836266947,0.005205520526075774
2,8192,balanced,same_direction,0.05,split_balanced,2000,0,0.002710717588146001,0.002726935647595532,0.0052107175881460025
2,8192,balanced,same_direction,0.05,pooled_fixed,2000,0,0.005810638615524581,0.005860009701881427,0.008310638615524581
2,8192,balanced,same_direction,0.05,pooled_grid,2000,0,0.003415628879124179,0.0034403179336150117,0.005915628879124181
2,8192,balanced,same_direction,0.05,pooled_mixture,2000,0,0.003339266903826132,0.00336075755571974,0.005839266903826133
2,8192,balanced,same_direction,0.0002299605781865966,rectangle,2000,0,0.0048131828596439065,0.004836395922023252,0.007313182859643908
2,8192,balanced,same_direction,0.0002299605781865966,split_original,2000,0,0.004333973411346988,0.004345454918234313,0.00683397341134699
2,8192,balanced,same_direction,0.0002299605781865966,split_balanced,2000,0,0.004339785699936309,0.004355275912207124,0.0068397856999363104
2,8192,balanced,same_direction,0.0002299605781865966,pooled_fixed,2000,0,0.009052312393656513,0.009121442042536225,0.011552312393656516
2,8192,balanced,same_direction,0.0002299605781865966,pooled_grid,2000,0,0.00482004180960104,0.004849587683788571,0.007320041809601041
2,8192,balanced,same_direction,0.0002299605781865966,pooled_mixture,2000,0,0.004847303907348664,0.004870722830667508,0.007347303907348664
2,8192,balanced,opposite_direction,0.05,rectangle,2000,0,0.006859671231675472,0.006864308901059218,-0.015640328768324527
2,8192,balanced,opposite_direction,0.05,split_original,2000,0,0.007227307764253648,0.007196779136937792,-0.01527269223574635
2,8192,balanced,opposite_direction,0.05,split_balanced,2000,0,0.007245645407271502,0.007230653931251098,-0.015254354592728496
2,8192,balanced,opposite_direction,0.05,pooled_fixed,2000,0,0.04635651590290027,0.04635466159256751,0.02385651590290027
2,8192,balanced,opposite_direction,0.05,pooled_grid,2000,0,0.009549514491662851,0.009553659510897301,-0.012950485508337148
2,8192,balanced,opposite_direction,0.05,pooled_mixture,2000,0,0.009745154453582996,0.009748968388466938,-0.012754845546417003
2,8192,balanced,opposite_direction,0.0002299605781865966,rectangle,2000,0,0.009453735101369164,0.00945799212230201,-0.013046264898630835
2,8192,balanced,opposite_direction,0.0002299605781865966,split_original,2000,0,0.011187027282262056,0.011157051056685007,-0.011312972717737943
2,8192,balanced,opposite_direction,0.0002299605781865966,split_balanced,2000,0,0.01120351155450116,0.011187552993063557,-0.01129648844549884
2,8192,balanced,opposite_direction,0.0002299605781865966,pooled_fixed,2000,0,0.07071880542306207,0.07071545339431867,0.04821880542306206
2,8192,balanced,opposite_direction,0.0002299605781865966,pooled_grid,2000,0,0.013113971283211137,0.013116372125485994,-0.009386028716788862
2,8192,balanced,opposite_direction,0.0002299605781865966,pooled_mixture,2000,0,0.013181583290344485,0.013183236515119212,-0.009318416709655514
2,8192,one_heavy,exact,0.05,rectangle,2000,0,0.000758987695274562,0.0007756670448687485,0.000758987695274562
2,8192,one_heavy,exact,0.05,split_original,2000,0,0.0007763600809056706,0.000787795330172969,0.0007763600809056706
2,8192,one_heavy,exact,0.05,split_balanced,2000,0,0.0007741546628555361,0.0007875347367575082,0.0007741546628555361
2,8192,one_heavy,exact,0.05,pooled_fixed,2000,0,0.0008393594487578144,0.0008530525727827292,0.0008393594487578144
2,8192,one_heavy,exact,0.05,pooled_grid,2000,0,0.0009002419212252308,0.0009187122563956114,0.0009002419212252308
2,8192,one_heavy,exact,0.05,pooled_mixture,2000,0,0.0008791513167388638,0.0008932044725805977,0.0008791513167388638
2,8192,one_heavy,exact,0.0002299605781865966,rectangle,2000,0,0.001478541340354024,0.0014992032051272689,0.001478541340354024
2,8192,one_heavy,exact,0.0002299605781865966,split_original,2000,0,0.0013828807781249462,0.0013986942092556577,0.0013828807781249462
2,8192,one_heavy,exact,0.0002299605781865966,split_balanced,2000,0,0.0013801272584703025,0.0013974614746763132,0.0013801272584703025
2,8192,one_heavy,exact,0.0002299605781865966,pooled_fixed,2000,0,0.0014802502344676066,0.001497777921652564,0.0014802502344676066
2,8192,one_heavy,exact,0.0002299605781865966,pooled_grid,2000,0,0.0014983145188534309,0.001517435719143516,0.0014983145188534309
2,8192,one_heavy,exact,0.0002299605781865966,pooled_mixture,2000,0,0.001483620468342843,0.0015014297200406314,0.001483620468342843
2,8192,one_heavy,same_direction,0.05,rectangle,2000,0,0.0030203538532073667,0.0030354902887372963,0.005520353853207367
2,8192,one_heavy,same_direction,0.05,split_original,2000,0,0.0027001468278170663,0.002724003497081421,0.005200146827817067
2,8192,one_heavy,same_direction,0.05,split_balanced,2000,0,0.002716615419834332,0.0027234854732992703,0.005216615419834333
2,8192,one_heavy,same_direction,0.05,pooled_fixed,2000,0,0.005815582137956978,0.00586298930333569,0.008315582137956978
2,8192,one_heavy,same_direction,0.05,pooled_grid,2000,0,0.003416824746905899,0.0034391349383888574,0.005916824746905899
2,8192,one_heavy,same_direction,0.05,pooled_mixture,2000,0,0.0033398191660142036,0.00335874898544523,0.005839819166014204
2,8192,one_heavy,same_direction,0.0002299605781865966,rectangle,2000,0,0.004731591778427226,0.004749826972112274,0.007231591778427226
2,8192,one_heavy,same_direction,0.0002299605781865966,split_original,2000,0,0.004325322957658298,0.004352689131144515,0.006825322957658298
2,8192,one_heavy,same_direction,0.0002299605781865966,split_balanced,2000,0,0.004346664460936487,0.004352045595436946,0.0068466644609364875
2,8192,one_heavy,same_direction,0.0002299605781865966,pooled_fixed,2000,0,0.009058991420298125,0.009127800617175197,0.011558991420298124
2,8192,one_heavy,same_direction,0.0002299605781865966,pooled_grid,2000,0,0.004822193121151532,0.004849814909363202,0.007322193121151533
2,8192,one_heavy,same_direction,0.0002299605781865966,pooled_mixture,2000,0,0.004848240354542022,0.004869321886074371,0.007348240354542022
2,8192,one_heavy,opposite_direction,0.05,rectangle,2000,0,0.006671363321769952,0.006685178713140067,-0.01582863667823004
2,8192,one_heavy,opposite_direction,0.05,split_original,2000,0,0.0072204403555259635,0.007209742320655916,-0.015279559644474028
2,8192,one_heavy,opposite_direction,0.05,split_balanced,2000,0,0.007198621018098974,0.007200128542674532,-0.015301378981901018
2,8192,one_heavy,opposite_direction,0.05,pooled_fixed,2000,0,0.046396270446330476,0.04638981235380371,0.02389627044633048
2,8192,one_heavy,opposite_direction,0.05,pooled_grid,2000,0,0.009525008348754032,0.009540281161386952,-0.01297499165124596
2,8192,one_heavy,opposite_direction,0.05,pooled_mixture,2000,0,0.009719312016963442,0.009734012185658315,-0.01278068798303655
2,8192,one_heavy,opposite_direction,0.0002299605781865966,rectangle,2000,0,0.009197174620211806,0.009211581717558367,-0.013302825379788186
2,8192,one_heavy,opposite_direction,0.0002299605781865966,split_original,2000,0,0.011178475339650346,0.0111692989309436,-0.011321524660349646
2,8192,one_heavy,opposite_direction,0.0002299605781865966,split_balanced,2000,0,0.011163481109264496,0.011160353387204825,-0.011336518890735496
2,8192,one_heavy,opposite_direction,0.0002299605781865966,pooled_fixed,2000,0,0.07079510124814412,0.07077963832273554,0.04829510124814412
2,8192,one_heavy,opposite_direction,0.0002299605781865966,pooled_grid,2000,0,0.013094351585079142,0.0131005029520361,-0.00940564841492085
2,8192,one_heavy,opposite_direction,0.0002299605781865966,pooled_mixture,2000,0,0.01315912180540284,0.013169952030972508,-0.009340878194597153
8,512,balanced,exact,0.05,rectangle,2000,0,0.06250509675793425,0.06277029557186573,0.06250509675793425
8,512,balanced,exact,0.05,split_original,2000,0,0.023413023883170195,0.023624122862458453,0.023413023883170195
8,512,balanced,exact,0.05,split_balanced,2000,0,0.023124460226453245,0.023420462505158803,0.023124460226453245
8,512,balanced,exact,0.05,pooled_fixed,2000,0,0.024432339057868346,0.024612881687609226,0.024432339057868346
8,512,balanced,exact,0.05,pooled_grid,2000,0,0.026779001384002285,0.027008618219948814,0.026779001384002285
8,512,balanced,exact,0.05,pooled_mixture,2000,0,0.025976956401365964,0.026162002578878026,0.025976956401365964
8,512,balanced,exact,0.0002299605781865966,rectangle,2000,0,0.10755261360803052,0.10801684767104981,0.10755261360803052
8,512,balanced,exact,0.0002299605781865966,split_original,2000,0,0.03964531255456273,0.03980612130408772,0.03964531255456273
8,512,balanced,exact,0.0002299605781865966,split_balanced,2000,0,0.03917739739539133,0.039470536317814095,0.03917739739539133
8,512,balanced,exact,0.0002299605781865966,pooled_fixed,2000,0,0.04104658458004298,0.04129129087987871,0.04104658458004298
8,512,balanced,exact,0.0002299605781865966,pooled_grid,2000,0,0.042154495909418103,0.04246658602466464,0.042154495909418103
8,512,balanced,exact,0.0002299605781865966,pooled_mixture,2000,0,0.04154898452548957,0.0418000934014423,0.04154898452548957
8,512,balanced,same_direction,0.05,rectangle,2000,0,0.07459119574364109,0.07476409069914693,0.0770911957436411
8,512,balanced,same_direction,0.05,split_original,2000,0,0.02648671343258879,0.0269034741498076,0.028986713432588792
8,512,balanced,same_direction,0.05,split_balanced,2000,0,0.02636652113505241,0.02669316181288882,0.028866521135052413
8,512,balanced,same_direction,0.05,pooled_fixed,2000,0,0.027007803263130747,0.027196423831970618,0.02950780326313075
8,512,balanced,same_direction,0.05,pooled_grid,2000,0,0.031580005826554826,0.03165180548810322,0.03408000582655483
8,512,balanced,same_direction,0.05,pooled_mixture,2000,0,0.029600812649122434,0.029758148440956447,0.032100812649122436
8,512,balanced,same_direction,0.0002299605781865966,rectangle,2000,0,0.1243456325740335,0.12455132301471772,0.1268456325740335
8,512,balanced,same_direction,0.0002299605781865966,split_original,2000,0,0.044310305531624294,0.044815517868802515,0.0468103055316243
8,512,balanced,same_direction,0.0002299605781865966,split_balanced,2000,0,0.04410425429835654,0.04447091555033252,0.046604254298356546
8,512,balanced,same_direction,0.0002299605781865966,pooled_fixed,2000,0,0.04494783611887053,0.04522942523063351,0.04744783611887053
8,512,balanced,same_direction,0.0002299605781865966,pooled_grid,2000,0,0.04835666657712693,0.04842320950206825,0.05085666657712693
8,512,balanced,same_direction,0.0002299605781865966,pooled_mixture,2000,0,0.046868192090947586,0.047091212473566034,0.04936819209094759
8,512,balanced,opposite_direction,0.05,rectangle,2000,0,0.062721400168901,0.06289666596816477,0.040221400168900995
8,512,balanced,opposite_direction,0.05,split_original,2000,0,0.04212569734968806,0.04219947330873424,0.019625697349688054
8,512,balanced,opposite_direction,0.05,split_balanced,2000,0,0.04176968287212242,0.04181742215709908,0.019269682872122412
8,512,balanced,opposite_direction,0.05,pooled_fixed,2000,0,0.047103819640996164,0.047299811387863516,0.024603819640996158
8,512,balanced,opposite_direction,0.05,pooled_grid,2000,0,0.05211015233466911,0.05217035271213362,0.029610152334669106
8,512,balanced,opposite_direction,0.05,pooled_mixture,2000,0,0.04789858015601295,0.047995571577137325,0.025398580156012943
8,512,balanced,opposite_direction,0.0002299605781865966,rectangle,2000,0,0.10782172924310579,0.10805827271879527,0.08532172924310578
8,512,balanced,opposite_direction,0.0002299605781865966,split_original,2000,0,0.06773424110855744,0.0680585065983716,0.045234241108557435
8,512,balanced,opposite_direction,0.0002299605781865966,split_balanced,2000,0,0.06722806741328392,0.0674715776731058,0.04472806741328392
8,512,balanced,opposite_direction,0.0002299605781865966,pooled_fixed,2000,0,0.0755939154079717,0.07580086369387419,0.05309391540797168
8,512,balanced,opposite_direction,0.0002299605781865966,pooled_grid,2000,0,0.0751139531456701,0.07526599026348631,0.05261395314567009
8,512,balanced,opposite_direction,0.0002299605781865966,pooled_mixture,2000,0,0.07244449157359845,0.07266718653105338,0.04994449157359843
8,512,one_heavy,exact,0.05,rectangle,2000,0,0.058664378876535875,0.05889344229990205,0.058664378876535875
8,512,one_heavy,exact,0.05,split_original,2000,0,0.025548505236422336,0.025944928757794142,0.025548505236422336
8,512,one_heavy,exact,0.05,split_balanced,2000,0,0.024860737984887638,0.025243014286927094,0.024860737984887638
8,512,one_heavy,exact,0.05,pooled_fixed,2000,0,0.0260555789978473,0.026424569078209486,0.0260555789978473
8,512,one_heavy,exact,0.05,pooled_grid,2000,0,0.02863828573288615,0.02899459033990285,0.02863828573288615
8,512,one_heavy,exact,0.05,pooled_mixture,2000,0,0.02777306511135821,0.028078701794376597,0.02777306511135821
8,512,one_heavy,exact,0.0002299605781865966,rectangle,2000,0,0.09227609958636039,0.09234253315769167,0.09227609958636039
8,512,one_heavy,exact,0.0002299605781865966,split_original,2000,0,0.04344162655017901,0.044168354044118265,0.04344162655017901
8,512,one_heavy,exact,0.0002299605781865966,split_balanced,2000,0,0.04224659036139422,0.04289747010651906,0.04224659036139422
8,512,one_heavy,exact,0.0002299605781865966,pooled_fixed,2000,0,0.044048614472916386,0.044719057425283995,0.044048614472916386
8,512,one_heavy,exact,0.0002299605781865966,pooled_grid,2000,0,0.04538722119955172,0.04603189955454734,0.04538722119955172
8,512,one_heavy,exact,0.0002299605781865966,pooled_mixture,2000,0,0.04463155189385766,0.04530457287059446,0.04463155189385766
8,512,one_heavy,same_direction,0.05,rectangle,2000,0,0.07104274775884421,0.07117440678387293,0.07354274775884422
8,512,one_heavy,same_direction,0.05,split_original,2000,0,0.028431174990459607,0.028999348416707184,0.030931174990459612
8,512,one_heavy,same_direction,0.05,split_balanced,2000,0,0.02786863373365814,0.028219210551985164,0.030368633733658144
8,512,one_heavy,same_direction,0.05,pooled_fixed,2000,0,0.028563563061515914,0.02886687905246898,0.03106356306151592
8,512,one_heavy,same_direction,0.05,pooled_grid,2000,0,0.03318895220317758,0.033428850628085684,0.03568895220317758
8,512,one_heavy,same_direction,0.05,pooled_mixture,2000,0,0.031216545479244216,0.03149893633833292,0.033716545479244214
8,512,one_heavy,same_direction,0.0002299605781865966,rectangle,2000,0,0.11291879513736397,0.11292848683326506,0.11541879513736397
8,512,one_heavy,same_direction,0.0002299605781865966,split_original,2000,0,0.04812335350667687,0.04888668302328241,0.05062335350667687
8,512,one_heavy,same_direction,0.0002299605781865966,split_balanced,2000,0,0.04689502449613143,0.047475010045769345,0.04939502449613143
8,512,one_heavy,same_direction,0.0002299605781865966,pooled_fixed,2000,0,0.047844575852906746,0.04845176862444616,0.05034457585290675
8,512,one_heavy,same_direction,0.0002299605781865966,pooled_grid,2000,0,0.051148082524208494,0.05172213446342771,0.053648082524208496
8,512,one_heavy,same_direction,0.0002299605781865966,pooled_mixture,2000,0,0.04976235976108147,0.050342665607130146,0.05226235976108147
8,512,one_heavy,opposite_direction,0.05,rectangle,2000,0,0.06457494946637743,0.06486001727731823,0.042074949466377416
8,512,one_heavy,opposite_direction,0.05,split_original,2000,0,0.0436611015098425,0.044026008841790316,0.02116110150984249
8,512,one_heavy,opposite_direction,0.05,split_balanced,2000,0,0.04304213709569236,0.043293607462798575,0.02054213709569234
8,512,one_heavy,opposite_direction,0.05,pooled_fixed,2000,0,0.04799176341309904,0.048274700257282345,0.02549176341309902
8,512,one_heavy,opposite_direction,0.05,pooled_grid,2000,0,0.05322929515094479,0.05350855691606002,0.030729295150944767
8,512,one_heavy,opposite_direction,0.05,pooled_mixture,2000,0,0.04912218019493031,0.04941282384471019,0.026622180194930293
8,512,one_heavy,opposite_direction,0.0002299605781865966,rectangle,2000,0,0.0944758670863168,0.09441549151406749,0.07197586708631679
8,512,one_heavy,opposite_direction,0.0002299605781865966,split_original,2000,0,0.07081741351508755,0.07172202052849781,0.04831741351508754
8,512,one_heavy,opposite_direction,0.0002299605781865966,split_balanced,2000,0,0.06965259301594931,0.07038292642956834,0.04715259301594929
8,512,one_heavy,opposite_direction,0.0002299605781865966,pooled_fixed,2000,0,0.07749690794054762,0.07797602040434995,0.054996907940547596
8,512,one_heavy,opposite_direction,0.0002299605781865966,pooled_grid,2000,0,0.07758107861528071,0.07828590758572535,0.05508107861528069
8,512,one_heavy,opposite_direction,0.0002299605781865966,pooled_mixture,2000,0,0.07475918533796094,0.0755085298231281,0.05225918533796093
8,2048,balanced,exact,0.05,rectangle,2000,0,0.015480913069612379,0.015542758361700637,0.015480913069612379
8,2048,balanced,exact,0.05,split_original,2000,0,0.005618950946467803,0.005678412318538031,0.005618950946467803
8,2048,balanced,exact,0.05,split_balanced,2000,0,0.0055957939002564475,0.0056511025939354155,0.0055957939002564475
8,2048,balanced,exact,0.05,pooled_fixed,2000,0,0.005928825467653897,0.005969657494685115,0.005928825467653897
8,2048,balanced,exact,0.05,pooled_grid,2000,0,0.006496184116379628,0.00655834184560703,0.006496184116379628
8,2048,balanced,exact,0.05,pooled_mixture,2000,0,0.006301867596892703,0.00635052669898297,0.006301867596892703
8,2048,balanced,exact,0.0002299605781865966,rectangle,2000,0,0.027016070320276503,0.027090595011611047,0.027016070320276503
8,2048,balanced,exact,0.0002299605781865966,split_original,2000,0,0.00946344839414378,0.009511355751321105,0.00946344839414378
8,2048,balanced,exact,0.0002299605781865966,split_balanced,2000,0,0.009422365905152238,0.009467916459034128,0.009422365905152238
8,2048,balanced,exact,0.0002299605781865966,pooled_fixed,2000,0,0.009901492480931022,0.009951915583268897,0.009901492480931022
8,2048,balanced,exact,0.0002299605781865966,pooled_grid,2000,0,0.0101687679971306,0.010238684484116203,0.0101687679971306
8,2048,balanced,exact,0.0002299605781865966,pooled_mixture,2000,0,0.01002249543307229,0.010076500193338667,0.01002249543307229
8,2048,balanced,same_direction,0.05,rectangle,2000,0,0.023962682937384818,0.024020940911207794,0.02646268293738482
8,2048,balanced,same_direction,0.05,split_original,2000,0,0.008216921455007527,0.00827494474971088,0.010716921455007529
8,2048,balanced,same_direction,0.05,split_balanced,2000,0,0.00820205547681215,0.008259267157585154,0.010702055476812153
8,2048,balanced,same_direction,0.05,pooled_fixed,2000,0,0.008454356591935198,0.008516368412626858,0.0109543565919352
8,2048,balanced,same_direction,0.05,pooled_grid,2000,0,0.009832083848336223,0.009889458320703632,0.012332083848336225
8,2048,balanced,same_direction,0.05,pooled_mixture,2000,0,0.009260039780531824,0.00929791491338515,0.011760039780531827
8,2048,balanced,same_direction,0.0002299605781865966,rectangle,2000,0,0.03848757877104528,0.03856317925026103,0.04098757877104528
8,2048,balanced,same_direction,0.0002299605781865966,split_original,2000,0,0.013416230550603956,0.013447848506859228,0.015916230550603958
8,2048,balanced,same_direction,0.0002299605781865966,split_balanced,2000,0,0.013376507030913726,0.01342242822846745,0.015876507030913728
8,2048,balanced,same_direction,0.0002299605781865966,pooled_fixed,2000,0,0.013732447219851243,0.013817319750713413,0.016232447219851245
8,2048,balanced,same_direction,0.0002299605781865966,pooled_grid,2000,0,0.01463660002881589,0.014713617635514275,0.017136600028815892
8,2048,balanced,same_direction,0.0002299605781865966,pooled_mixture,2000,0,0.014266092738527778,0.014301223141865787,0.01676609273852778
8,2048,balanced,opposite_direction,0.05,rectangle,2000,0,0.02126473650589623,0.021299449670585745,-0.0012352634941037743
8,2048,balanced,opposite_direction,0.05,split_original,2000,0,0.01687201395555183,0.016811113452793486,-0.0056279860444481775
8,2048,balanced,opposite_direction,0.05,split_balanced,2000,0,0.016826033406684135,0.01676239023333062,-0.005673966593315869
8,2048,balanced,opposite_direction,0.05,pooled_fixed,2000,0,0.02864001787095164,0.028683000769925568,0.006140017870951633
8,2048,balanced,opposite_direction,0.05,pooled_grid,2000,0,0.021648654650104574,0.021607609512083046,-0.000851345349895432
8,2048,balanced,opposite_direction,0.05,pooled_mixture,2000,0,0.020324185297100363,0.02028322803287137,-0.0021758147028996446
8,2048,balanced,opposite_direction,0.0002299605781865966,rectangle,2000,0,0.027550559445172408,0.02762731111145615,0.0050505594451724
8,2048,balanced,opposite_direction,0.0002299605781865966,split_original,2000,0,0.02646976136146119,0.026423012645105808,0.003969761361461183
8,2048,balanced,opposite_direction,0.0002299605781865966,split_balanced,2000,0,0.026433837120956913,0.026361222268284232,0.003933837120956906
8,2048,balanced,opposite_direction,0.0002299605781865966,pooled_fixed,2000,0,0.04447861656788375,0.044488180958210735,0.021978616567883743
8,2048,balanced,opposite_direction,0.0002299605781865966,pooled_grid,2000,0,0.030282161668831506,0.03023274668589214,0.007782161668831501
8,2048,balanced,opposite_direction,0.0002299605781865966,pooled_mixture,2000,0,0.029270094343570446,0.02923542754703808,0.006770094343570441
8,2048,one_heavy,exact,0.05,rectangle,2000,0,0.01541762364291674,0.015480137228941026,0.01541762364291674
8,2048,one_heavy,exact,0.05,split_original,2000,0,0.0057520457147045255,0.005819241624508964,0.0057520457147045255
8,2048,one_heavy,exact,0.05,split_balanced,2000,0,0.005727261873324273,0.005801426473568706,0.005727261873324273
8,2048,one_heavy,exact,0.05,pooled_fixed,2000,0,0.006066380249982588,0.006092238441696568,0.006066380249982588
8,2048,one_heavy,exact,0.05,pooled_grid,2000,0,0.006659720013238257,0.006703751566348636,0.006659720013238257
8,2048,one_heavy,exact,0.05,pooled_mixture,2000,0,0.006451681315070227,0.0064871336115908985,0.006451681315070227
8,2048,one_heavy,exact,0.0002299605781865966,rectangle,2000,0,0.026984650373405826,0.02704332292864498,0.026984650373405826
8,2048,one_heavy,exact,0.0002299605781865966,split_original,2000,0,0.009737122640483202,0.00979195310008072,0.009737122640483202
8,2048,one_heavy,exact,0.0002299605781865966,split_balanced,2000,0,0.00969183554920756,0.009758002094904388,0.00969183554920756
8,2048,one_heavy,exact,0.0002299605781865966,pooled_fixed,2000,0,0.010171694339963136,0.010199491031531203,0.010171694339963136
8,2048,one_heavy,exact,0.0002299605781865966,pooled_grid,2000,0,0.01046980188571153,0.01051514914465576,0.01046980188571153
8,2048,one_heavy,exact,0.0002299605781865966,pooled_mixture,2000,0,0.010306263423596898,0.01034080075538042,0.010306263423596898
8,2048,one_heavy,same_direction,0.05,rectangle,2000,0,0.0218497643189393,0.021849017936692625,0.0243497643189393
8,2048,one_heavy,same_direction,0.05,split_original,2000,0,0.0082389398537922,0.00830246072977983,0.010738939853792203
8,2048,one_heavy,same_direction,0.05,split_balanced,2000,0,0.008230806545862614,0.008296574515332594,0.010730806545862618
8,2048,one_heavy,same_direction,0.05,pooled_fixed,2000,0,0.008517047214109884,0.008564689535657902,0.011017047214109888
8,2048,one_heavy,same_direction,0.05,pooled_grid,2000,0,0.009909224157985235,0.00994842402723076,0.01240922415798524
8,2048,one_heavy,same_direction,0.05,pooled_mixture,2000,0,0.009334134465857074,0.009352186998072123,0.011834134465857078
8,2048,one_heavy,same_direction,0.0002299605781865966,rectangle,2000,0,0.03566173577683236,0.035672245459507125,0.038161735776832365
8,2048,one_heavy,same_direction,0.0002299605781865966,split_original,2000,0,0.013500730906087846,0.013582253499304798,0.01600073090608785
8,2048,one_heavy,same_direction,0.0002299605781865966,split_balanced,2000,0,0.01350524060849786,0.013560760207369675,0.016005240608497864
8,2048,one_heavy,same_direction,0.0002299605781865966,pooled_fixed,2000,0,0.013934132900234472,0.013968732698221093,0.016434132900234474
8,2048,one_heavy,same_direction,0.0002299605781865966,pooled_grid,2000,0,0.014845241135124062,0.01487059682681852,0.017345241135124066
8,2048,one_heavy,same_direction,0.0002299605781865966,pooled_mixture,2000,0,0.01445244141926441,0.014461629050232176,0.016952441419264414
8,2048,one_heavy,opposite_direction,0.05,rectangle,2000,0,0.02203657698857884,0.02203374977098136,-0.0004634230114211762
8,2048,one_heavy,opposite_direction,0.05,split_original,2000,0,0.01692683811158582,0.016874895615958466,-0.005573161888414195
8,2048,one_heavy,opposite_direction,0.05,split_balanced,2000,0,0.01687108462991173,0.016858293287453356,-0.005628915370088288
8,2048,one_heavy,opposite_direction,0.05,pooled_fixed,2000,0,0.028648059963233965,0.028653650135490472,0.006148059963233948
8,2048,one_heavy,opposite_direction,0.05,pooled_grid,2000,0,0.021693441328721676,0.021661427968748363,-0.0008065586712783391
8,2048,one_heavy,opposite_direction,0.05,pooled_mixture,2000,0,0.020392694570883635,0.020361218359696835,-0.002107305429116379
8,2048,one_heavy,opposite_direction,0.0002299605781865966,rectangle,2000,0,0.03431607837545608,0.034372795570835765,0.011816078375456065
8,2048,one_heavy,opposite_direction,0.0002299605781865966,split_original,2000,0,0.026665406406143934,0.026626537928005248,0.004165406406143917
8,2048,one_heavy,opposite_direction,0.0002299605781865966,split_balanced,2000,0,0.026584234891419166,0.026572357222239402,0.004084234891419148
8,2048,one_heavy,opposite_direction,0.0002299605781865966,pooled_fixed,2000,0,0.04448927870365423,0.04452027308406818,0.021989278703654216
8,2048,one_heavy,opposite_direction,0.0002299605781865966,pooled_grid,2000,0,0.03050685469108166,0.03044739759154949,0.008006854691081644
8,2048,one_heavy,opposite_direction,0.0002299605781865966,pooled_mixture,2000,0,0.02944299486970455,0.029431917337953677,0.006942994869704533
8,8192,balanced,exact,0.05,rectangle,2000,0,0.0038694906691951044,0.0038768152914636206,0.0038694906691951044
8,8192,balanced,exact,0.05,split_original,2000,0,0.0013826429651378055,0.0013976382335783616,0.0013826429651378055
8,8192,balanced,exact,0.05,split_balanced,2000,0,0.0013861137459733565,0.0013985270382332897,0.0013861137459733565
8,8192,balanced,exact,0.05,pooled_fixed,2000,0,0.0014655109516290774,0.0014737249350432777,0.0014655109516290774
8,8192,balanced,exact,0.05,pooled_grid,2000,0,0.0016084207638370515,0.0016197912012506708,0.0016084207638370515
8,8192,balanced,exact,0.05,pooled_mixture,2000,0,0.001558789710629704,0.0015684559400589593,0.001558789710629704
8,8192,balanced,exact,0.0002299605781865966,rectangle,2000,0,0.0067472869085364005,0.006756711765852349,0.0067472869085364005
8,8192,balanced,exact,0.0002299605781865966,split_original,2000,0,0.00232213953207406,0.0023342376710372027,0.00232213953207406
8,8192,balanced,exact,0.0002299605781865966,split_balanced,2000,0,0.0023234799327250346,0.002334651859630124,0.0023234799327250346
8,8192,balanced,exact,0.0002299605781865966,pooled_fixed,2000,0,0.0024395139983223865,0.002449271501181139,0.0024395139983223865
8,8192,balanced,exact,0.0002299605781865966,pooled_grid,2000,0,0.00250873965175639,0.002520629524204823,0.00250873965175639
8,8192,balanced,exact,0.0002299605781865966,pooled_mixture,2000,0,0.002471210233738687,0.0024802069830433355,0.002471210233738687
8,8192,balanced,same_direction,0.05,rectangle,2000,0,0.008780140999787776,0.008795174664455221,0.011280140999787778
8,8192,balanced,same_direction,0.05,split_original,2000,0,0.0030914927497208817,0.0030966068716813443,0.005591492749720884
8,8192,balanced,same_direction,0.05,split_balanced,2000,0,0.0030670775683878373,0.003077165030693817,0.0055670775683878395
8,8192,balanced,same_direction,0.05,pooled_fixed,2000,0,0.0039823624745458485,0.0040053916559510214,0.006482362474545851
8,8192,balanced,same_direction,0.05,pooled_grid,2000,0,0.0037929838008829543,0.00380833882608519,0.0062929838008829566
8,8192,balanced,same_direction,0.05,pooled_mixture,2000,0,0.0035976373715816993,0.003611144109874166,0.0060976373715817015
8,8192,balanced,same_direction,0.0002299605781865966,rectangle,2000,0,0.013396364516824546,0.01341484455611287,0.015896364516824548
8,8192,balanced,same_direction,0.0002299605781865966,split_original,2000,0,0.00490570530451928,0.004911633314744487,0.0074057053045192825
8,8192,balanced,same_direction,0.0002299605781865966,split_balanced,2000,0,0.004875714347420512,0.0048891338528631615,0.0073757143474205145
8,8192,balanced,same_direction,0.0002299605781865966,pooled_fixed,2000,0,0.006271393298537617,0.006299924885133254,0.008771393298537619
8,8192,balanced,same_direction,0.0002299605781865966,pooled_grid,2000,0,0.005392184236338956,0.005408690385415315,0.007892184236338959
8,8192,balanced,same_direction,0.0002299605781865966,pooled_mixture,2000,0,0.0053217636621542596,0.005332927906762993,0.007821763662154261
8,8192,balanced,opposite_direction,0.05,rectangle,2000,0,0.013705519703275094,0.013706110728896867,-0.008794480296724912
8,8192,balanced,opposite_direction,0.05,split_original,2000,0,0.0075120051103990775,0.007499115663774804,-0.014987994889600929
8,8192,balanced,opposite_direction,0.05,split_balanced,2000,0,0.007511275924610193,0.0075063268254498055,-0.014988724075389814
8,8192,balanced,opposite_direction,0.05,pooled_fixed,2000,0,0.024215843042756417,0.024226492146196835,0.0017158430427564129
8,8192,balanced,opposite_direction,0.05,pooled_grid,2000,0,0.009837899592947667,0.00984160016592029,-0.012662100407052339
8,8192,balanced,opposite_direction,0.05,pooled_mixture,2000,0,0.009611755074975248,0.009616036794542964,-0.012888244925024758
8,8192,balanced,opposite_direction,0.0002299605781865966,rectangle,2000,0,0.017041577470559517,0.017041685772620354,-0.005458422529440486
8,8192,balanced,opposite_direction,0.0002299605781865966,split_original,2000,0,0.011632525596778593,0.01161529902164686,-0.010867474403221413
8,8192,balanced,opposite_direction,0.0002299605781865966,split_balanced,2000,0,0.01162348621700299,0.01162002812262747,-0.010876513782997015
8,8192,balanced,opposite_direction,0.0002299605781865966,pooled_fixed,2000,0,0.037065109641393326,0.0370683336841139,0.01456510964139332
8,8192,balanced,opposite_direction,0.0002299605781865966,pooled_grid,2000,0,0.01353537761372638,0.013539254751792766,-0.008964622386273626
8,8192,balanced,opposite_direction,0.0002299605781865966,pooled_mixture,2000,0,0.01330363222452052,0.013307285759388061,-0.009196367775479487
8,8192,one_heavy,exact,0.05,rectangle,2000,0,0.0038409107481273026,0.003858215492142107,0.0038409107481273026
8,8192,one_heavy,exact,0.05,split_original,2000,0,0.001402694934930056,0.0014161962772981007,0.001402694934930056
8,8192,one_heavy,exact,0.05,split_balanced,2000,0,0.0014034948158775965,0.0014215488035343327,0.0014034948158775965
8,8192,one_heavy,exact,0.05,pooled_fixed,2000,0,0.0014810088124101804,0.0014905335188127782,0.0014810088124101804
8,8192,one_heavy,exact,0.05,pooled_grid,2000,0,0.0016299330203345267,0.0016415806176273695,0.0016299330203345267
8,8192,one_heavy,exact,0.05,pooled_mixture,2000,0,0.001577208373875314,0.001588124397511724,0.001577208373875314
8,8192,one_heavy,exact,0.0002299605781865966,rectangle,2000,0,0.006717650472729602,0.006737709432560445,0.006717650472729602
8,8192,one_heavy,exact,0.0002299605781865966,split_original,2000,0,0.002360232646576306,0.002368917448133317,0.002360232646576306
8,8192,one_heavy,exact,0.0002299605781865966,split_balanced,2000,0,0.002355349304859247,0.002376104350347916,0.002355349304859247
8,8192,one_heavy,exact,0.0002299605781865966,pooled_fixed,2000,0,0.002469989382146232,0.0024808180435599235,0.002469989382146232
8,8192,one_heavy,exact,0.0002299605781865966,pooled_grid,2000,0,0.002545937448299069,0.0025582245352923643,0.002545937448299069
8,8192,one_heavy,exact,0.0002299605781865966,pooled_mixture,2000,0,0.002505657666718248,0.002515574334262809,0.002505657666718248
8,8192,one_heavy,same_direction,0.05,rectangle,2000,0,0.007671445609633043,0.007695525819628014,0.010171445609633047
8,8192,one_heavy,same_direction,0.05,split_original,2000,0,0.0030670430411041216,0.003087006096397587,0.005567043041104126
8,8192,one_heavy,same_direction,0.05,split_balanced,2000,0,0.0030535203933255064,0.0030709333081789534,0.00555352039332551
8,8192,one_heavy,same_direction,0.05,pooled_fixed,2000,0,0.003978673451480548,0.004002736815610857,0.006478673451480552
8,8192,one_heavy,same_direction,0.05,pooled_grid,2000,0,0.0037973267523026986,0.0038107666459625145,0.0062973267523027026
8,8192,one_heavy,same_direction,0.05,pooled_mixture,2000,0,0.0036007102475309905,0.00361217937360121,0.0061007102475309945
8,8192,one_heavy,same_direction,0.0002299605781865966,rectangle,2000,0,0.01191721184025207,0.011934092471026732,0.014417211840252074
8,8192,one_heavy,same_direction,0.0002299605781865966,split_original,2000,0,0.004894309510484123,0.00491211967912492,0.007394309510484127
8,8192,one_heavy,same_direction,0.0002299605781865966,split_balanced,2000,0,0.0048767783627677065,0.004892319472311132,0.0073767783627677105
8,8192,one_heavy,same_direction,0.0002299605781865966,pooled_fixed,2000,0,0.006281542984330988,0.006306351555097419,0.008781542984330992
8,8192,one_heavy,same_direction,0.0002299605781865966,pooled_grid,2000,0,0.005403382946421089,0.005421686916281237,0.007903382946421093
8,8192,one_heavy,same_direction,0.0002299605781865966,pooled_mixture,2000,0,0.005332680456590245,0.005345238811413902,0.00783268045659025
8,8192,one_heavy,opposite_direction,0.05,rectangle,2000,0,0.01047048944730823,0.010452660784564792,-0.012029510552691787
8,8192,one_heavy,opposite_direction,0.05,split_original,2000,0,0.007515332868480927,0.007504906047009513,-0.01498466713151909
8,8192,one_heavy,opposite_direction,0.05,split_balanced,2000,0,0.007498540142391409,0.0074714822366327635,-0.015001459857608607
8,8192,one_heavy,opposite_direction,0.05,pooled_fixed,2000,0,0.024202373651188838,0.024197102584428594,0.0017023736511888234
8,8192,one_heavy,opposite_direction,0.05,pooled_grid,2000,0,0.00985684593968729,0.009840440459389586,-0.012643154060312727
8,8192,one_heavy,opposite_direction,0.05,pooled_mixture,2000,0,0.009627698144315846,0.009617031902088116,-0.01287230185568417
8,8192,one_heavy,opposite_direction,0.0002299605781865966,rectangle,2000,0,0.012844722889973178,0.01283467418723357,-0.009655277110026839
8,8192,one_heavy,opposite_direction,0.0002299605781865966,split_original,2000,0,0.01164814532180994,0.011633356505160538,-0.010851854678190076
8,8192,one_heavy,opposite_direction,0.0002299605781865966,split_balanced,2000,0,0.011624130763926281,0.011600720491027833,-0.010875869236073735
8,8192,one_heavy,opposite_direction,0.0002299605781865966,pooled_fixed,2000,0,0.03702925393884484,0.03703515675858408,0.014529253938844827
8,8192,one_heavy,opposite_direction,0.0002299605781865966,pooled_grid,2000,0,0.013566641527620885,0.013558290016885771,-0.008933358472379131
8,8192,one_heavy,opposite_direction,0.0002299605781865966,pooled_mixture,2000,0,0.013330880817278117,0.013320581282967429,-0.0091691191827219
32,512,balanced,exact,0.05,rectangle,2000,0,0.24715229052881715,0.24697688599224313,0.24715229052881715
32,512,balanced,exact,0.05,split_original,2000,0,0.051335879888073824,0.05218602919958404,0.051335879888073824
32,512,balanced,exact,0.05,split_balanced,2000,0,0.048506060708150445,0.049257074406729294,0.048506060708150445
32,512,balanced,exact,0.05,pooled_fixed,2000,0,0.050601673289994674,0.05134196671408472,0.050601673289994674
32,512,balanced,exact,0.05,pooled_grid,2000,0,0.0558410998265195,0.056646778138331334,0.0558410998265195
32,512,balanced,exact,0.05,pooled_mixture,2000,0,0.054053414250467745,0.05485705531687272,0.054053414250467745
32,512,balanced,exact,0.0002299605781865966,rectangle,2000,0,0.3240104730116722,0.3237107592608603,0.3240104730116722
32,512,balanced,exact,0.0002299605781865966,split_original,2000,0,0.08474538976369517,0.08629475483916199,0.08474538976369517
32,512,balanced,exact,0.0002299605781865966,split_balanced,2000,0,0.07985174481356408,0.08123722147824362,0.07985174481356408
32,512,balanced,exact,0.0002299605781865966,pooled_fixed,2000,0,0.08287830635267998,0.08444754707839928,0.08287830635267998
32,512,balanced,exact,0.0002299605781865966,pooled_grid,2000,0,0.0856952291743833,0.08722511752497468,0.0856952291743833
32,512,balanced,exact,0.0002299605781865966,pooled_mixture,2000,0,0.08428346401958703,0.0857755804423467,0.08428346401958703
32,512,balanced,same_direction,0.05,rectangle,2000,0,0.2587579915408593,0.2588434620718551,0.2612579915408593
32,512,balanced,same_direction,0.05,split_original,2000,0,0.05312914474671721,0.0538735911541668,0.055629144746717214
32,512,balanced,same_direction,0.05,split_balanced,2000,0,0.050399387505488016,0.050974286133474093,0.05289938750548802
32,512,balanced,same_direction,0.05,pooled_fixed,2000,0,0.052007462895599245,0.052513503323481175,0.05450746289559925
32,512,balanced,same_direction,0.05,pooled_grid,2000,0,0.05846288050285189,0.059059836989019135,0.06096288050285189
32,512,balanced,same_direction,0.05,pooled_mixture,2000,0,0.05612827084487439,0.05668987319013787,0.05862827084487439
32,512,balanced,same_direction,0.0002299605781865966,rectangle,2000,0,0.3315352490088822,0.33138209835944626,0.3340352490088822
32,512,balanced,same_direction,0.0002299605781865966,split_original,2000,0,0.08749608037262992,0.08884571252877187,0.08999608037262992
32,512,balanced,same_direction,0.0002299605781865966,split_balanced,2000,0,0.0826206349513236,0.0838686350529407,0.0851206349513236
32,512,balanced,same_direction,0.0002299605781865966,pooled_fixed,2000,0,0.08510225784640466,0.08624615842780117,0.08760225784640466
32,512,balanced,same_direction,0.0002299605781865966,pooled_grid,2000,0,0.08974984071925726,0.09082683811985962,0.09224984071925726
32,512,balanced,same_direction,0.0002299605781865966,pooled_mixture,2000,0,0.08743520376250594,0.08851575330557483,0.08993520376250594
32,512,balanced,opposite_direction,0.05,rectangle,2000,0,0.24722921019964347,0.2472757100024292,0.22472921019964345
32,512,balanced,opposite_direction,0.05,split_original,2000,0,0.0649258475661885,0.06545943118007838,0.042425847566188495
32,512,balanced,opposite_direction,0.05,split_balanced,2000,0,0.06171749811401142,0.06224620923209495,0.039217498114011415
32,512,balanced,opposite_direction,0.05,pooled_fixed,2000,0,0.061724064067678705,0.0623288629233999,0.0392240640676787
32,512,balanced,opposite_direction,0.05,pooled_grid,2000,0,0.0738007155017687,0.0744642519507851,0.051300715501768686
32,512,balanced,opposite_direction,0.05,pooled_mixture,2000,0,0.06864550617871085,0.06928195344006954,0.04614550617871084
32,512,balanced,opposite_direction,0.0002299605781865966,rectangle,2000,0,0.3237195688661547,0.3236367166367576,0.30121956886615475
32,512,balanced,opposite_direction,0.0002299605781865966,split_original,2000,0,0.10508561528159988,0.10654610629083505,0.08258561528159988
32,512,balanced,opposite_direction,0.0002299605781865966,split_balanced,2000,0,0.09959659235408397,0.10101651628550798,0.07709659235408396
32,512,balanced,opposite_direction,0.0002299605781865966,pooled_fixed,2000,0,0.09987818259392624,0.10126826365706097,0.07737818259392623
32,512,balanced,opposite_direction,0.0002299605781865966,pooled_grid,2000,0,0.10783200862280326,0.10929221147391956,0.08533200862280327
32,512,balanced,opposite_direction,0.0002299605781865966,pooled_mixture,2000,0,0.10546209403603668,0.1068552621823459,0.08296209403603667
32,512,one_heavy,exact,0.05,rectangle,2000,0,0.10901878160097518,0.10921223252517333,0.10901878160097518
32,512,one_heavy,exact,0.05,split_original,2000,0,0.06689461727866061,0.06712268749698035,0.06689461727866061
32,512,one_heavy,exact,0.05,split_balanced,2000,0,0.06045617560879929,0.06048627527888017,0.06045617560879929
32,512,one_heavy,exact,0.05,pooled_fixed,2000,0,0.06287270434151368,0.06280409378351773,0.06287270434151368
32,512,one_heavy,exact,0.05,pooled_grid,2000,0,0.0690464787974764,0.06896838654215523,0.0690464787974764
32,512,one_heavy,exact,0.05,pooled_mixture,2000,0,0.0669029272123676,0.06684091785933684,0.0669029272123676
32,512,one_heavy,exact,0.0002299605781865966,rectangle,2000,0,0.11598171173503159,0.1163015270769777,0.11598171173503159
32,512,one_heavy,exact,0.0002299605781865966,split_original,2000,0,0.10134679042528427,0.10104289661440835,0.10134679042528427
32,512,one_heavy,exact,0.0002299605781865966,split_balanced,2000,0,0.09776214731054739,0.09759703265551159,0.09776214731054739
32,512,one_heavy,exact,0.0002299605781865966,pooled_fixed,2000,0,0.10139908551459795,0.10108723730746212,0.10139908551459795
32,512,one_heavy,exact,0.0002299605781865966,pooled_grid,2000,0,0.1047228644760815,0.10450746190221312,0.1047228644760815
32,512,one_heavy,exact,0.0002299605781865966,pooled_mixture,2000,0,0.10297307120668546,0.10269048865825556,0.10297307120668546
32,512,one_heavy,same_direction,0.05,rectangle,2000,0,0.1307864492133738,0.1308843232791394,0.1332864492133738
32,512,one_heavy,same_direction,0.05,split_original,2000,0,0.07095022854846317,0.07132430212398773,0.07345022854846317
32,512,one_heavy,same_direction,0.05,split_balanced,2000,0,0.06260616758987267,0.06292663980746172,0.06510616758987267
32,512,one_heavy,same_direction,0.05,pooled_fixed,2000,0,0.06455331510430758,0.06465483471921528,0.06705331510430758
32,512,one_heavy,same_direction,0.05,pooled_grid,2000,0,0.0717718834170817,0.071915776507616,0.0742718834170817
32,512,one_heavy,same_direction,0.05,pooled_mixture,2000,0,0.06923105533103499,0.06927001584462895,0.07173105533103499
32,512,one_heavy,same_direction,0.0002299605781865966,rectangle,2000,0,0.1397149508813051,0.13982271366701182,0.1422149508813051
32,512,one_heavy,same_direction,0.0002299605781865966,split_original,2000,0,0.10602881581009395,0.1061285479074527,0.10852881581009395
32,512,one_heavy,same_direction,0.0002299605781865966,split_balanced,2000,0,0.10070262747316175,0.10094898468660861,0.10320262747316175
32,512,one_heavy,same_direction,0.0002299605781865966,pooled_fixed,2000,0,0.10372144499161795,0.10359977738013999,0.10622144499161795
32,512,one_heavy,same_direction,0.0002299605781865966,pooled_grid,2000,0,0.10855264395940564,0.10852285129468109,0.11105264395940564
32,512,one_heavy,same_direction,0.0002299605781865966,pooled_mixture,2000,0,0.10605220970568918,0.10601307938582365,0.10855220970568918
32,512,one_heavy,opposite_direction,0.05,rectangle,2000,0,0.11448898325506832,0.11438833507033205,0.09198898325506831
32,512,one_heavy,opposite_direction,0.05,split_original,2000,0,0.07927385310075095,0.07947227128720893,0.05677385310075095
32,512,one_heavy,opposite_direction,0.05,split_balanced,2000,0,0.07202662669887136,0.07229690264198432,0.04952662669887135
32,512,one_heavy,opposite_direction,0.05,pooled_fixed,2000,0,0.07255284143265903,0.0725905630346417,0.05005284143265903
32,512,one_heavy,opposite_direction,0.05,pooled_grid,2000,0,0.08579720047358824,0.08581889838595894,0.06329720047358822
32,512,one_heavy,opposite_direction,0.05,pooled_mixture,2000,0,0.07985003095044968,0.07994509627525997,0.05735003095044967
32,512,one_heavy,opposite_direction,0.0002299605781865966,rectangle,2000,0,0.11706996933651304,0.11783448555581678,0.09456996933651304
32,512,one_heavy,opposite_direction,0.0002299605781865966,split_original,2000,0,0.11987215107571259,0.11980691576663668,0.09737215107571259
32,512,one_heavy,opposite_direction,0.0002299605781865966,split_balanced,2000,0,0.1153136225756782,0.11537582178924964,0.0928136225756782
32,512,one_heavy,opposite_direction,0.0002299605781865966,pooled_fixed,2000,0,0.11598046550114954,0.115831138179947,0.09348046550114952
32,512,one_heavy,opposite_direction,0.0002299605781865966,pooled_grid,2000,0,0.12496672899277556,0.12483096164666807,0.10246672899277556
32,512,one_heavy,opposite_direction,0.0002299605781865966,pooled_mixture,2000,0,0.12183742762932079,0.12169662548146482,0.09933742762932078
32,2048,balanced,exact,0.05,rectangle,2000,0,0.0749326958108261,0.07493965716975177,0.0749326958108261
32,2048,balanced,exact,0.05,split_original,2000,0,0.010892470313021775,0.010941126104196272,0.010892470313021775
32,2048,balanced,exact,0.05,split_balanced,2000,0,0.010793500125338022,0.010830667600383625,0.010793500125338022
32,2048,balanced,exact,0.05,pooled_fixed,2000,0,0.011239993766401023,0.011274709755277248,0.011239993766401023
32,2048,balanced,exact,0.05,pooled_grid,2000,0,0.012463967455194559,0.012502214533519573,0.012463967455194559
32,2048,balanced,exact,0.05,pooled_mixture,2000,0,0.012054988488783256,0.012089902961752724,0.012054988488783256
32,2048,balanced,exact,0.0002299605781865966,rectangle,2000,0,0.11946141940032595,0.11951666781167333,0.11946141940032595
32,2048,balanced,exact,0.0002299605781865966,split_original,2000,0,0.017650789221474485,0.017704206355507086,0.017650789221474485
32,2048,balanced,exact,0.0002299605781865966,split_balanced,2000,0,0.01748182882682542,0.017525937860985753,0.01748182882682542
32,2048,balanced,exact,0.0002299605781865966,pooled_fixed,2000,0,0.01817928827434912,0.01821461450310693,0.01817928827434912
32,2048,balanced,exact,0.0002299605781865966,pooled_grid,2000,0,0.018824617544627654,0.018871733686987444,0.018824617544627654
32,2048,balanced,exact,0.0002299605781865966,pooled_mixture,2000,0,0.018487674648367685,0.01853299870567328,0.018487674648367685
32,2048,balanced,same_direction,0.05,rectangle,2000,0,0.08805589321019043,0.08812605653071068,0.09055589321019043
32,2048,balanced,same_direction,0.05,split_original,2000,0,0.012450461724580156,0.012541455445554616,0.014950461724580158
32,2048,balanced,same_direction,0.05,split_balanced,2000,0,0.012346415371765463,0.012427556089467346,0.014846415371765466
32,2048,balanced,same_direction,0.05,pooled_fixed,2000,0,0.012495807980610799,0.012538946172728648,0.0149958079806108
32,2048,balanced,same_direction,0.05,pooled_grid,2000,0,0.014919648815032023,0.014946775863132533,0.017419648815032024
32,2048,balanced,same_direction,0.05,pooled_mixture,2000,0,0.013827542084365145,0.013877513295568132,0.016327542084365147
32,2048,balanced,same_direction,0.0002299605781865966,rectangle,2000,0,0.13708354610913792,0.13712286811842944,0.13958354610913792
32,2048,balanced,same_direction,0.0002299605781865966,split_original,2000,0,0.020029631468562813,0.020147180560441087,0.022529631468562815
32,2048,balanced,same_direction,0.0002299605781865966,split_balanced,2000,0,0.019867091527162727,0.019961918445543604,0.02236709152716273
32,2048,balanced,same_direction,0.0002299605781865966,pooled_fixed,2000,0,0.02008483853041025,0.020132881252976256,0.022584838530410253
32,2048,balanced,same_direction,0.0002299605781865966,pooled_grid,2000,0,0.021907714146876364,0.02193029335510549,0.024407714146876366
32,2048,balanced,same_direction,0.0002299605781865966,pooled_mixture,2000,0,0.02110172729168488,0.021153782403587985,0.02360172729168488
32,2048,balanced,opposite_direction,0.05,rectangle,2000,0,0.07491290772855666,0.07497566187434203,0.052412907728556654
32,2048,balanced,opposite_direction,0.05,split_original,2000,0,0.020176826757228337,0.020118132425743798,-0.002323173242771666
32,2048,balanced,opposite_direction,0.05,split_balanced,2000,0,0.019921416778749385,0.019934003050295614,-0.002578583221250621
32,2048,balanced,opposite_direction,0.05,pooled_fixed,2000,0,0.022578297031197788,0.022593140042631018,7.829703119778108e-05
32,2048,balanced,opposite_direction,0.05,pooled_grid,2000,0,0.02528955608169447,0.02526847617582113,0.0027895560816944606
32,2048,balanced,opposite_direction,0.05,pooled_mixture,2000,0,0.022994288305697365,0.02300194357225158,0.0004942883056973596
32,2048,balanced,opposite_direction,0.0002299605781865966,rectangle,2000,0,0.11948626017348873,0.11953950043616396,0.09698626017348874
32,2048,balanced,opposite_direction,0.0002299605781865966,split_original,2000,0,0.03172168129585541,0.0316770849319975,0.009221681295855409
32,2048,balanced,opposite_direction,0.0002299605781865966,split_balanced,2000,0,0.0313966228056332,0.03139186729037342,0.008896622805633192
32,2048,balanced,opposite_direction,0.0002299605781865966,pooled_fixed,2000,0,0.03539998974359433,0.03541886766437812,0.01289998974359433
32,2048,balanced,opposite_direction,0.0002299605781865966,pooled_grid,2000,0,0.03527443779401101,0.03526523780615187,0.012774437794011002
32,2048,balanced,opposite_direction,0.0002299605781865966,pooled_mixture,2000,0,0.033948418619618996,0.033939753729386284,0.011448418619618986
32,2048,one_heavy,exact,0.05,rectangle,2000,0,0.0660716595976037,0.066146280916395,0.0660716595976037
32,2048,one_heavy,exact,0.05,split_original,2000,0,0.012252107212891276,0.012399020660586913,0.012252107212891276
32,2048,one_heavy,exact,0.05,split_balanced,2000,0,0.011762174622251709,0.011868265906178354,0.011762174622251709
32,2048,one_heavy,exact,0.05,pooled_fixed,2000,0,0.012311226608035656,0.0123991505458165,0.012311226608035656
32,2048,one_heavy,exact,0.05,pooled_grid,2000,0,0.013617495698305764,0.013725040776417107,0.013617495698305764
32,2048,one_heavy,exact,0.05,pooled_mixture,2000,0,0.013179568862837927,0.013276330457469104,0.013179568862837927
32,2048,one_heavy,exact,0.0002299605781865966,rectangle,2000,0,0.09137450020264067,0.09127210565261995,0.09137450020264067
32,2048,one_heavy,exact,0.0002299605781865966,split_original,2000,0,0.02015852416688038,0.020421679595946342,0.02015852416688038
32,2048,one_heavy,exact,0.0002299605781865966,split_balanced,2000,0,0.019339919096152125,0.019498075401675564,0.019339919096152125
32,2048,one_heavy,exact,0.0002299605781865966,pooled_fixed,2000,0,0.020111758782942767,0.020300922607214823,0.020111758782942767
32,2048,one_heavy,exact,0.0002299605781865966,pooled_grid,2000,0,0.020854212764959006,0.021030490073271346,0.020854212764959006
32,2048,one_heavy,exact,0.0002299605781865966,pooled_mixture,2000,0,0.020463773551044166,0.02065505290961587,0.020463773551044166
32,2048,one_heavy,same_direction,0.05,rectangle,2000,0,0.07911108073237705,0.07911605091668053,0.08161108073237705
32,2048,one_heavy,same_direction,0.05,split_original,2000,0,0.013804948863401717,0.013919703626850112,0.01630494886340172
32,2048,one_heavy,same_direction,0.05,split_balanced,2000,0,0.013377337638895386,0.013470043920569566,0.01587733763889539
32,2048,one_heavy,same_direction,0.05,pooled_fixed,2000,0,0.01347553561557473,0.013548470847957492,0.015975535615574736
32,2048,one_heavy,same_direction,0.05,pooled_grid,2000,0,0.015958909381507687,0.016007855803221345,0.018458909381507696
32,2048,one_heavy,same_direction,0.05,pooled_mixture,2000,0,0.01485612592521977,0.014930831748878793,0.017356125925219776
32,2048,one_heavy,same_direction,0.0002299605781865966,rectangle,2000,0,0.11009902150978979,0.11006139831945538,0.11259902150978979
32,2048,one_heavy,same_direction,0.0002299605781865966,split_original,2000,0,0.022472719375781026,0.022716026198256654,0.024972719375781036
32,2048,one_heavy,same_direction,0.0002299605781865966,split_balanced,2000,0,0.02177892599459772,0.02190563770526511,0.024278925994597727
32,2048,one_heavy,same_direction,0.0002299605781865966,pooled_fixed,2000,0,0.02188810814444086,0.02205548851768414,0.024388108144440868
32,2048,one_heavy,same_direction,0.0002299605781865966,pooled_grid,2000,0,0.02378161322231,0.023930400513191372,0.026281613222310006
32,2048,one_heavy,same_direction,0.0002299605781865966,pooled_mixture,2000,0,0.022943356855479845,0.02309248676208968,0.02544335685547985
32,2048,one_heavy,opposite_direction,0.05,rectangle,2000,0,0.07286617256402853,0.0729209713613372,0.05036617256402852
32,2048,one_heavy,opposite_direction,0.05,split_original,2000,0,0.021346109795848833,0.021296357199728482,-0.0011538902041511752
32,2048,one_heavy,opposite_direction,0.05,split_balanced,2000,0,0.020813268986243742,0.020831209876279958,-0.0016867310137562632
32,2048,one_heavy,opposite_direction,0.05,pooled_fixed,2000,0,0.023039739923565172,0.023063646928296017,0.0005397399235651653
32,2048,one_heavy,opposite_direction,0.05,pooled_grid,2000,0,0.02600120431855419,0.025994520793281857,0.003501204318554182
32,2048,one_heavy,opposite_direction,0.05,pooled_mixture,2000,0,0.02384308777713999,0.02384669814377128,0.0013430877771399858
32,2048,one_heavy,opposite_direction,0.0002299605781865966,rectangle,2000,0,0.09855442798264683,0.09855967471530688,0.07605442798264683
32,2048,one_heavy,opposite_direction,0.0002299605781865966,split_original,2000,0,0.03389314816183217,0.03398028269186358,0.011393148161832168
32,2048,one_heavy,opposite_direction,0.0002299605781865966,split_balanced,2000,0,0.033027062916152095,0.03313637762762614,0.01052706291615209
32,2048,one_heavy,opposite_direction,0.0002299605781865966,pooled_fixed,2000,0,0.03640332879510072,0.036548168703039535,0.013903328795100714
32,2048,one_heavy,opposite_direction,0.0002299605781865966,pooled_grid,2000,0,0.03715774108016791,0.037276055932218284,0.014657741080167902
32,2048,one_heavy,opposite_direction,0.0002299605781865966,pooled_mixture,2000,0,0.03549727171056198,0.03564054722141955,0.012997271710561982
32,8192,balanced,exact,0.05,rectangle,2000,0,0.018516804294397556,0.01852899490908517,0.018516804294397556
32,8192,balanced,exact,0.05,split_original,2000,0,0.0026016377486187464,0.002620287198332412,0.0026016377486187464
32,8192,balanced,exact,0.05,split_balanced,2000,0,0.0025963776512980315,0.0026088499761286327,0.0025963776512980315
32,8192,balanced,exact,0.05,pooled_fixed,2000,0,0.00272096775235412,0.0027278047253246223,0.00272096775235412
32,8192,balanced,exact,0.05,pooled_grid,2000,0,0.003021231048901084,0.0030289071475992574,0.003021231048901084
32,8192,balanced,exact,0.05,pooled_mixture,2000,0,0.002921350864412588,0.0029279026467855926,0.002921350864412588
32,8192,balanced,exact,0.0002299605781865966,rectangle,2000,0,0.029996066026179005,0.030005499638764623,0.029996066026179005
32,8192,balanced,exact,0.0002299605781865966,split_original,2000,0,0.004196314218330867,0.004215861231805141,0.004196314218330867
32,8192,balanced,exact,0.0002299605781865966,split_balanced,2000,0,0.004188281872490261,0.004200043371959066,0.004188281872490261
32,8192,balanced,exact,0.0002299605781865966,pooled_fixed,2000,0,0.004368180705869673,0.004377440333157761,0.004368180705869673
32,8192,balanced,exact,0.0002299605781865966,pooled_grid,2000,0,0.0045256326505059875,0.004538421593217204,0.0045256326505059875
32,8192,balanced,exact,0.0002299605781865966,pooled_mixture,2000,0,0.004447100640307799,0.004455553703699074,0.004447100640307799
32,8192,balanced,same_direction,0.05,rectangle,2000,0,0.027820664714365465,0.02784880511691922,0.030320664714365467
32,8192,balanced,same_direction,0.05,split_original,2000,0,0.003870069410555361,0.003891145573664761,0.006370069410555363
32,8192,balanced,same_direction,0.05,split_balanced,2000,0,0.0038699593212146595,0.0038947125649969657,0.006369959321214662
32,8192,balanced,same_direction,0.05,pooled_fixed,2000,0,0.003980630995923887,0.00399725110197024,0.00648063099592389
32,8192,balanced,same_direction,0.05,pooled_grid,2000,0,0.0046682966842262075,0.004684841861492126,0.00716829668422621
32,8192,balanced,same_direction,0.05,pooled_mixture,2000,0,0.004386328698395796,0.004401350767427312,0.006886328698395798
32,8192,balanced,same_direction,0.0002299605781865966,rectangle,2000,0,0.04206863460666761,0.04210445499170169,0.044568634606667615
32,8192,balanced,same_direction,0.0002299605781865966,split_original,2000,0,0.0061321477482112205,0.006147557409758053,0.008632147748211222
32,8192,balanced,same_direction,0.0002299605781865966,split_balanced,2000,0,0.006122910332979335,0.0061467103518639465,0.008622910332979336
32,8192,balanced,same_direction,0.0002299605781865966,pooled_fixed,2000,0,0.0062868047621686225,0.006305395851038185,0.008786804762168626
32,8192,balanced,same_direction,0.0002299605781865966,pooled_grid,2000,0,0.006738057483091687,0.006757360819297609,0.009238057483091689
32,8192,balanced,same_direction,0.0002299605781865966,pooled_mixture,2000,0,0.006553728844443408,0.0065672071708495275,0.009053728844443411
32,8192,balanced,opposite_direction,0.05,rectangle,2000,0,0.02242266589324171,0.022436141404002824,-7.733410675829426e-05
32,8192,balanced,opposite_direction,0.05,split_original,2000,0,0.008172198605878613,0.0081445250087961,-0.014327801394121393
32,8192,balanced,opposite_direction,0.05,split_balanced,2000,0,0.008110800994584815,0.00811859856578566,-0.014389199005415191
32,8192,balanced,opposite_direction,0.05,pooled_fixed,2000,0,0.014078970897489034,0.014081035541117117,-0.008421029102510972
32,8192,balanced,opposite_direction,0.05,pooled_grid,2000,0,0.010529386415413953,0.010540323630483697,-0.011970613584586053
32,8192,balanced,opposite_direction,0.05,pooled_mixture,2000,0,0.009862529285560414,0.009871546533179674,-0.012637470714439592
32,8192,balanced,opposite_direction,0.0002299605781865966,rectangle,2000,0,0.03017158658401478,0.03018181725090988,0.007671586584014775
32,8192,balanced,opposite_direction,0.0002299605781865966,split_original,2000,0,0.012640453550719685,0.012618006552878626,-0.009859546449280322
32,8192,balanced,opposite_direction,0.0002299605781865966,split_balanced,2000,0,0.012580701088906788,0.012584349431992681,-0.009919298911093218
32,8192,balanced,opposite_direction,0.0002299605781865966,pooled_fixed,2000,0,0.021652517858932036,0.021654955943797054,-0.0008474821410679699
32,8192,balanced,opposite_direction,0.0002299605781865966,pooled_grid,2000,0,0.014504632797454599,0.014512426867716545,-0.007995367202545407
32,8192,balanced,opposite_direction,0.0002299605781865966,pooled_mixture,2000,0,0.014002964225784401,0.014010610620931622,-0.008497035774215605
32,8192,one_heavy,exact,0.05,rectangle,2000,0,0.01857304068204231,0.01858485863622167,0.01857304068204231
32,8192,one_heavy,exact,0.05,split_original,2000,0,0.0026910125908127637,0.0027018359392908674,0.0026910125908127637
32,8192,one_heavy,exact,0.05,split_balanced,2000,0,0.0026766826366477203,0.0026936476507963057,0.0026766826366477203
32,8192,one_heavy,exact,0.05,pooled_fixed,2000,0,0.0027974932823187663,0.002803918544030674,0.0027974932823187663
32,8192,one_heavy,exact,0.05,pooled_grid,2000,0,0.0031076981258933507,0.0031151671640535575,0.0031076981258933507
32,8192,one_heavy,exact,0.05,pooled_mixture,2000,0,0.003002653385932569,0.0030101359958398495,0.003002653385932569
32,8192,one_heavy,exact,0.0002299605781865966,rectangle,2000,0,0.030041528273638082,0.030058142993074684,0.030041528273638082
32,8192,one_heavy,exact,0.0002299605781865966,split_original,2000,0,0.00435097803772682,0.004369432379511051,0.00435097803772682
32,8192,one_heavy,exact,0.0002299605781865966,split_balanced,2000,0,0.004333738863641034,0.004351829390766268,0.004333738863641034
32,8192,one_heavy,exact,0.0002299605781865966,pooled_fixed,2000,0,0.004510622482305104,0.004520889758722561,0.004510622482305104
32,8192,one_heavy,exact,0.0002299605781865966,pooled_grid,2000,0,0.004684589400029895,0.004693316506719471,0.004684589400029895
32,8192,one_heavy,exact,0.0002299605781865966,pooled_mixture,2000,0,0.004596100770746815,0.004605074493643397,0.004596100770746815
32,8192,one_heavy,same_direction,0.05,rectangle,2000,0,0.02422419298293822,0.02420367689078513,0.026724192982938225
32,8192,one_heavy,same_direction,0.05,split_original,2000,0,0.003992617877118856,0.003988607385673531,0.006492617877118861
32,8192,one_heavy,same_direction,0.05,split_balanced,2000,0,0.003956598643318876,0.003974276353003889,0.00645659864331888
32,8192,one_heavy,same_direction,0.05,pooled_fixed,2000,0,0.0040580751356709644,0.004071604241709099,0.006558075135670969
32,8192,one_heavy,same_direction,0.05,pooled_grid,2000,0,0.004757074937785561,0.0047680032463345975,0.007257074937785565
32,8192,one_heavy,same_direction,0.05,pooled_mixture,2000,0,0.004473304229543664,0.004481932175467173,0.0069733042295436675
32,8192,one_heavy,same_direction,0.0002299605781865966,rectangle,2000,0,0.03743438997110443,0.03741285293991659,0.039934389971104434
32,8192,one_heavy,same_direction,0.0002299605781865966,split_original,2000,0,0.006317783476031101,0.006317298819761257,0.008817783476031106
32,8192,one_heavy,same_direction,0.0002299605781865966,split_balanced,2000,0,0.0062745505558184,0.0062916495846759065,0.008774550555818404
32,8192,one_heavy,same_direction,0.0002299605781865966,pooled_fixed,2000,0,0.006433326126730976,0.006443086067163714,0.00893332612673098
32,8192,one_heavy,same_direction,0.0002299605781865966,pooled_grid,2000,0,0.0068919201715965835,0.006900840843042779,0.009391920171596587
32,8192,one_heavy,same_direction,0.0002299605781865966,pooled_mixture,2000,0,0.0067068343929362955,0.006711973364445194,0.009206834392936299
32,8192,one_heavy,opposite_direction,0.05,rectangle,2000,0,0.02303857984824085,0.023037933225664803,0.0005385798482408417
32,8192,one_heavy,opposite_direction,0.05,split_original,2000,0,0.008209957550115131,0.008219197227372741,-0.014290042449884875
32,8192,one_heavy,opposite_direction,0.05,split_balanced,2000,0,0.008199433612682501,0.008214083682116229,-0.014300566387317505
32,8192,one_heavy,opposite_direction,0.05,pooled_fixed,2000,0,0.014035209559608283,0.014041286465062466,-0.008464790440391723
32,8192,one_heavy,opposite_direction,0.05,pooled_grid,2000,0,0.010591224344960194,0.010605745169209542,-0.011908775655039812
32,8192,one_heavy,opposite_direction,0.05,pooled_mixture,2000,0,0.00994531372521983,0.009960179961176088,-0.012554686274780177
32,8192,one_heavy,opposite_direction,0.0002299605781865966,rectangle,2000,0,0.03544488923754553,0.03545232954476638,0.01294488923754553
32,8192,one_heavy,opposite_direction,0.0002299605781865966,split_original,2000,0,0.0127515446190117,0.012755604636209561,-0.009748455380988306
32,8192,one_heavy,opposite_direction,0.0002299605781865966,split_balanced,2000,0,0.012728139141297095,0.012733959088344909,-0.009771860858702911
32,8192,one_heavy,opposite_direction,0.0002299605781865966,pooled_fixed,2000,0,0.021600251311123267,0.02159877319610974,-0.0008997486888767375
32,8192,one_heavy,opposite_direction,0.0002299605781865966,pooled_grid,2000,0,0.014688372069266098,0.014705142919144168,-0.007811627930733908
32,8192,one_heavy,opposite_direction,0.0002299605781865966,pooled_mixture,2000,0,0.014137785470301676,0.014155697851069036,-0.00836221452969833
128,512,balanced,exact,0.05,rectangle,2000,0,0.3478705177510518,0.3477578962631397,0.3478705177510518
128,512,balanced,exact,0.05,split_original,2000,0,0.1691988622886165,0.16948813306205085,0.1691988622886165
128,512,balanced,exact,0.05,split_balanced,2000,0,0.12613068854516798,0.1263734521320037,0.12613068854516798
128,512,balanced,exact,0.05,pooled_fixed,2000,0,0.13014277761061166,0.13025033268487543,0.13014277761061166
128,512,balanced,exact,0.05,pooled_grid,2000,0,0.14137841457702915,0.1414495025161643,0.14137841457702915
128,512,balanced,exact,0.05,pooled_mixture,2000,0,0.1377372588559252,0.13772148156088954,0.1377372588559252
128,512,balanced,exact,0.0002299605781865966,rectangle,2000,0,0.3485580708661417,0.34855251567302914,0.3485580708661417
128,512,balanced,exact,0.0002299605781865966,split_original,2000,0,0.2181434823068878,0.2186524383158445,0.2181434823068878
128,512,balanced,exact,0.0002299605781865966,split_balanced,2000,0,0.18166686398902362,0.18194296228465642,0.18166686398902362
128,512,balanced,exact,0.0002299605781865966,pooled_fixed,2000,0,0.18793680104926946,0.18788282151633345,0.18793680104926946
128,512,balanced,exact,0.0002299605781865966,pooled_grid,2000,0,0.1939457909463664,0.19393075131557067,0.1939457909463664
128,512,balanced,exact,0.0002299605781865966,pooled_mixture,2000,0,0.19096272746813414,0.1908821509036468,0.19096272746813414
128,512,balanced,same_direction,0.05,rectangle,2000,0,0.35497442572691906,0.3548769990698647,0.357474425726919
128,512,balanced,same_direction,0.05,split_original,2000,0,0.17207031756492808,0.1722597303643579,0.17457031756492808
128,512,balanced,same_direction,0.05,split_balanced,2000,0,0.12729068175593078,0.12751669635275642,0.12979068175593078
128,512,balanced,same_direction,0.05,pooled_fixed,2000,0,0.13101339546088991,0.13125888118995443,0.13351339546088992
128,512,balanced,same_direction,0.05,pooled_grid,2000,0,0.14276955479998146,0.14297030677985703,0.14526955479998147
128,512,balanced,same_direction,0.05,pooled_mixture,2000,0,0.13880063103616472,0.13902188588213088,0.14130063103616472
128,512,balanced,same_direction,0.0002299605781865966,rectangle,2000,0,0.35564468503937013,0.355639006448636,0.35814468503937014
128,512,balanced,same_direction,0.0002299605781865966,split_original,2000,0,0.22151135665707644,0.22182123848975044,0.22401135665707644
128,512,balanced,same_direction,0.0002299605781865966,split_balanced,2000,0,0.18344980358652307,0.18351598550276355,0.18594980358652308
128,512,balanced,same_direction,0.0002299605781865966,pooled_fixed,2000,0,0.18896929669364773,0.1891858414032687,0.19146929669364773
128,512,balanced,same_direction,0.0002299605781865966,pooled_grid,2000,0,0.19571900453052343,0.19600578673079194,0.19821900453052343
128,512,balanced,same_direction,0.0002299605781865966,pooled_mixture,2000,0,0.19227057248875046,0.19260039015731206,0.19477057248875046
128,512,balanced,opposite_direction,0.05,rectangle,2000,0,0.3478439512114462,0.3477317846959448,0.3253439512114462
128,512,balanced,opposite_direction,0.05,split_original,2000,0,0.17569728238905316,0.175855167194186,0.15319728238905314
128,512,balanced,opposite_direction,0.05,split_balanced,2000,0,0.13271637365570987,0.1328951547594288,0.11021637365570988
128,512,balanced,opposite_direction,0.05,pooled_fixed,2000,0,0.13489533829560274,0.13506607002426427,0.11239533829560275
128,512,balanced,opposite_direction,0.05,pooled_grid,2000,0,0.1511905852409831,0.1513372200801197,0.1286905852409831
128,512,balanced,opposite_direction,0.05,pooled_mixture,2000,0,0.14489988131040057,0.14506178934088168,0.12239988131040057
128,512,balanced,opposite_direction,0.0002299605781865966,rectangle,2000,0,0.3485580708661417,0.3485494053613387,0.3260580708661417
128,512,balanced,opposite_direction,0.0002299605781865966,split_original,2000,0,0.22814612653279323,0.22857435022727537,0.20564612653279324
128,512,balanced,opposite_direction,0.0002299605781865966,split_balanced,2000,0,0.19203773098865515,0.19210415448749518,0.16953773098865513
128,512,balanced,opposite_direction,0.0002299605781865966,pooled_fixed,2000,0,0.19515461500605852,0.19536435869524557,0.1726546150060585
128,512,balanced,opposite_direction,0.0002299605781865966,pooled_grid,2000,0,0.20843607158831717,0.20874872941245687,0.18593607158831715
128,512,balanced,opposite_direction,0.0002299605781865966,pooled_mixture,2000,0,0.20157582639294472,0.20188839568317474,0.1790758263929447
128,512,one_heavy,exact,0.05,rectangle,2000,0,0.11120645255263392,0.11153557721247268,0.11120645255263392
128,512,one_heavy,exact,0.05,split_original,2000,0,0.10262690005549395,0.10253347958250605,0.10262690005549395
128,512,one_heavy,exact,0.05,split_balanced,2000,0,0.09477027164376692,0.09463737781697737,0.09477027164376692
128,512,one_heavy,exact,0.05,pooled_fixed,2000,0,0.0958981166563847,0.09577363766997524,0.0958981166563847
128,512,one_heavy,exact,0.05,pooled_grid,2000,0,0.09907514279697813,0.09898725746386094,0.09907514279697813
128,512,one_heavy,exact,0.05,pooled_mixture,2000,0,0.0980228227995654,0.09789942033473081,0.0980228227995654
128,512,one_heavy,exact,0.0002299605781865966,rectangle,2000,0,0.11684726700542443,0.11723309434931252,0.11684726700542443
128,512,one_heavy,exact,0.0002299605781865966,split_original,2000,0,0.11743262815482192,0.11747629758744875,0.11743262815482192
128,512,one_heavy,exact,0.0002299605781865966,split_balanced,2000,0,0.1126150813794847,0.11252839160206758,0.1126150813794847
128,512,one_heavy,exact,0.0002299605781865966,pooled_fixed,2000,0,0.11428163617970957,0.11424567936116412,0.11428163617970957
128,512,one_heavy,exact,0.0002299605781865966,pooled_grid,2000,0,0.11605635453483013,0.11606236012674023,0.11605635453483013
128,512,one_heavy,exact,0.0002299605781865966,pooled_mixture,2000,0,0.11515249130345022,0.11513488145442898,0.11515249130345022
128,512,one_heavy,same_direction,0.05,rectangle,2000,0,0.1335303349532298,0.13361608991397375,0.1360303349532298
128,512,one_heavy,same_direction,0.05,split_original,2000,0,0.11720820660226697,0.11737796443161165,0.11970820660226697
128,512,one_heavy,same_direction,0.05,split_balanced,2000,0,0.10684180241895332,0.10706873105013533,0.10934180241895332
128,512,one_heavy,same_direction,0.05,pooled_fixed,2000,0,0.10756171081457819,0.10768499129375496,0.11006171081457819
128,512,one_heavy,same_direction,0.05,pooled_grid,2000,0,0.1122609056069831,0.11233236699827714,0.1147609056069831
128,512,one_heavy,same_direction,0.05,pooled_mixture,2000,0,0.11036198459712547,0.11048653930378277,0.11286198459712547
128,512,one_heavy,same_direction,0.0002299605781865966,rectangle,2000,0,0.14087970743597392,0.14092651613571322,0.14337970743597392
128,512,one_heavy,same_direction,0.0002299605781865966,split_original,2000,0,0.13311718490852575,0.13350323610732107,0.13561718490852576
128,512,one_heavy,same_direction,0.0002299605781865966,split_balanced,2000,0,0.12567989789474893,0.1259527808076064,0.12817989789474893
128,512,one_heavy,same_direction,0.0002299605781865966,pooled_fixed,2000,0,0.12679056751043416,0.12690047943739197,0.12929056751043416
128,512,one_heavy,same_direction,0.0002299605781865966,pooled_grid,2000,0,0.1305154306369603,0.13046077229544567,0.1330154306369603
128,512,one_heavy,same_direction,0.0002299605781865966,pooled_mixture,2000,0,0.12864632274484208,0.12872324312008104,0.1311463227448421
128,512,one_heavy,opposite_direction,0.05,rectangle,2000,0,0.11570994384136969,0.1156530086792815,0.0932099438413697
128,512,one_heavy,opposite_direction,0.05,split_original,2000,0,0.11719331956143395,0.11707477783635759,0.09469331956143395
128,512,one_heavy,opposite_direction,0.05,split_balanced,2000,0,0.10768273601403247,0.10769456949453352,0.08518273601403248
128,512,one_heavy,opposite_direction,0.05,pooled_fixed,2000,0,0.10899463030351661,0.10901537404651802,0.08649463030351662
128,512,one_heavy,opposite_direction,0.05,pooled_grid,2000,0,0.11611166292732268,0.11612208937877151,0.09361166292732269
128,512,one_heavy,opposite_direction,0.05,pooled_mixture,2000,0,0.11309367054521455,0.1130983900909095,0.09059367054521456
128,512,one_heavy,opposite_direction,0.0002299605781865966,rectangle,2000,0,0.11707858917276973,0.11799935545577524,0.09457858917276973
128,512,one_heavy,opposite_direction,0.0002299605781865966,split_original,2000,0,0.1395819833380935,0.1395467119724848,0.1170819833380935
128,512,one_heavy,opposite_direction,0.0002299605781865966,split_balanced,2000,0,0.1323420019032162,0.13240084390272547,0.10984200190321619
128,512,one_heavy,opposite_direction,0.0002299605781865966,pooled_fixed,2000,0,0.13437984214280219,0.13439388844917918,0.11187984214280217
128,512,one_heavy,opposite_direction,0.0002299605781865966,pooled_grid,2000,0,0.13907057196080608,0.13904750020465154,0.11657057196080606
128,512,one_heavy,opposite_direction,0.0002299605781865966,pooled_mixture,2000,0,0.13698311637867805,0.13692535729264915,0.11448311637867806
128,2048,balanced,exact,0.05,rectangle,2000,0,0.27247957191169403,0.27251330417014935,0.27247957191169403
128,2048,balanced,exact,0.05,split_original,2000,0,0.02472638209134745,0.024880469468504064,0.02472638209134745
128,2048,balanced,exact,0.05,split_balanced,2000,0,0.0231546383098667,0.023295648947152813,0.0231546383098667
128,2048,balanced,exact,0.05,pooled_fixed,2000,0,0.024138261670033252,0.02427504226790022,0.024138261670033252
128,2048,balanced,exact,0.05,pooled_grid,2000,0,0.026838231384591113,0.026966439520315376,0.026838231384591113
128,2048,balanced,exact,0.05,pooled_mixture,2000,0,0.025937001749802763,0.026073810939630206,0.025937001749802763
128,2048,balanced,exact,0.0002299605781865966,rectangle,2000,0,0.3314444807153034,0.3313123441405571,0.3314444807153034
128,2048,balanced,exact,0.0002299605781865966,split_original,2000,0,0.03964825218471695,0.039974434818286025,0.03964825218471695
128,2048,balanced,exact,0.0002299605781865966,split_balanced,2000,0,0.03714987231679563,0.037429243157266506,0.03714987231679563
128,2048,balanced,exact,0.0002299605781865966,pooled_fixed,2000,0,0.03857051795361481,0.03890991085906242,0.03857051795361481
128,2048,balanced,exact,0.0002299605781865966,pooled_grid,2000,0,0.04004304935539196,0.04036011827581422,0.04004304935539196
128,2048,balanced,exact,0.0002299605781865966,pooled_mixture,2000,0,0.039291423727249475,0.03963442332217684,0.039291423727249475
128,2048,balanced,same_direction,0.05,rectangle,2000,0,0.283377363876684,0.28330702028305726,0.28587736387668405
128,2048,balanced,same_direction,0.05,split_original,2000,0,0.025609808567432356,0.025724769259663074,0.028109808567432358
128,2048,balanced,same_direction,0.05,split_balanced,2000,0,0.024045101044073022,0.024128587933346574,0.026545101044073025
128,2048,balanced,same_direction,0.05,pooled_fixed,2000,0,0.02480522031218818,0.024881015750085243,0.027305220312188183
128,2048,balanced,same_direction,0.05,pooled_grid,2000,0,0.028124263763970377,0.028186921544198933,0.03062426376397038
128,2048,balanced,same_direction,0.05,pooled_mixture,2000,0,0.026938958768926664,0.027008644438940813,0.029438958768926667
128,2048,balanced,same_direction,0.0002299605781865966,rectangle,2000,0,0.33887672407739233,0.3388273274219644,0.3413767240773923
128,2048,balanced,same_direction,0.0002299605781865966,split_original,2000,0,0.041059598031005604,0.041231558352050154,0.043559598031005606
128,2048,balanced,same_direction,0.0002299605781865966,split_balanced,2000,0,0.0384396937803306,0.03870625200448838,0.040939693780330605
128,2048,balanced,same_direction,0.0002299605781865966,pooled_fixed,2000,0,0.039531161411157284,0.03982855034314239,0.042031161411157286
128,2048,balanced,same_direction,0.0002299605781865966,pooled_grid,2000,0,0.04196481988560684,0.04221405504771781,0.04446481988560684
128,2048,balanced,same_direction,0.0002299605781865966,pooled_mixture,2000,0,0.040729234590141605,0.041021097490190526,0.04322923459014161
128,2048,balanced,opposite_direction,0.05,rectangle,2000,0,0.2725494884277549,0.27249239466470787,0.2500494884277549
128,2048,balanced,opposite_direction,0.05,split_original,2000,0,0.03126999231442178,0.03133986927455825,0.008769992314421765
128,2048,balanced,opposite_direction,0.05,split_balanced,2000,0,0.02965407608172789,0.029627258773338286,0.007154076081727884
128,2048,balanced,opposite_direction,0.05,pooled_fixed,2000,0,0.029628865277537934,0.029684002428080437,0.007128865277537929
128,2048,balanced,opposite_direction,0.05,pooled_grid,2000,0,0.03571542202901232,0.03579991685574308,0.01321542202901231
128,2048,balanced,opposite_direction,0.05,pooled_mixture,2000,0,0.03314459470902072,0.03320427661903944,0.010644594709020712
128,2048,balanced,opposite_direction,0.0002299605781865966,rectangle,2000,0,0.33117822395280916,0.3311436971254565,0.3086782239528092
128,2048,balanced,opposite_direction,0.0002299605781865966,split_original,2000,0,0.04964203815927043,0.049835420191223855,0.027142038159270427
128,2048,balanced,opposite_direction,0.0002299605781865966,split_balanced,2000,0,0.04694976537470207,0.047063088903814616,0.024449765374702066
128,2048,balanced,opposite_direction,0.0002299605781865966,pooled_fixed,2000,0,0.04685780084840985,0.04713903551366866,0.024357800848409834
128,2048,balanced,opposite_direction,0.0002299605781865966,pooled_grid,2000,0,0.05087932428037979,0.051159542215181604,0.02837932428037979
128,2048,balanced,opposite_direction,0.0002299605781865966,pooled_mixture,2000,0,0.04971626716696159,0.049997594014754954,0.027216267166961586
128,2048,one_heavy,exact,0.05,rectangle,2000,0,0.10300476919081089,0.10303916493429602,0.10300476919081089
128,2048,one_heavy,exact,0.05,split_original,2000,0,0.04026319853419628,0.0403706951348646,0.04026319853419628
128,2048,one_heavy,exact,0.05,split_balanced,2000,0,0.03043498464189219,0.03050484740749556,0.03043498464189219
128,2048,one_heavy,exact,0.05,pooled_fixed,2000,0,0.03152369063200757,0.031550357813187595,0.03152369063200757
128,2048,one_heavy,exact,0.05,pooled_grid,2000,0,0.03454015844421968,0.03463004982329634,0.03454015844421968
128,2048,one_heavy,exact,0.05,pooled_mixture,2000,0,0.033547559132567885,0.033599727466118834,0.033547559132567885
128,2048,one_heavy,exact,0.0002299605781865966,rectangle,2000,0,0.10482971817407093,0.10492164354045519,0.10482971817407093
128,2048,one_heavy,exact,0.0002299605781865966,split_original,2000,0,0.054351383185562596,0.05448308949293654,0.054351383185562596
128,2048,one_heavy,exact,0.0002299605781865966,split_balanced,2000,0,0.04579835350178266,0.04590621224125842,0.04579835350178266
128,2048,one_heavy,exact,0.0002299605781865966,pooled_fixed,2000,0,0.04745282388099678,0.04750397914226187,0.04745282388099678
128,2048,one_heavy,exact,0.0002299605781865966,pooled_grid,2000,0,0.04910214848072641,0.04921572516379459,0.04910214848072641
128,2048,one_heavy,exact,0.0002299605781865966,pooled_mixture,2000,0,0.04824313113965965,0.0483556110845375,0.04824313113965965
128,2048,one_heavy,same_direction,0.05,rectangle,2000,0,0.1223077381326049,0.12235175450039776,0.1248077381326049
128,2048,one_heavy,same_direction,0.05,split_original,2000,0,0.04403052894140472,0.04399917990028558,0.04653052894140472
128,2048,one_heavy,same_direction,0.05,split_balanced,2000,0,0.03177925827538004,0.031916245319970345,0.034279258275380045
128,2048,one_heavy,same_direction,0.05,pooled_fixed,2000,0,0.03270593829579372,0.0328008454969807,0.03520593829579372
128,2048,one_heavy,same_direction,0.05,pooled_grid,2000,0,0.03637615219507641,0.03640824011966836,0.03887615219507641
128,2048,one_heavy,same_direction,0.05,pooled_mixture,2000,0,0.035051924009790694,0.03513374506416096,0.037551924009790696
128,2048,one_heavy,same_direction,0.0002299605781865966,rectangle,2000,0,0.12519100641908998,0.12519367898739187,0.12769100641908998
128,2048,one_heavy,same_direction,0.0002299605781865966,split_original,2000,0,0.05846442590919586,0.05851224199496792,0.06096442590919586
128,2048,one_heavy,same_direction,0.0002299605781865966,split_balanced,2000,0,0.047610703150785375,0.0477034132632983,0.05011070315078538
128,2048,one_heavy,same_direction,0.0002299605781865966,pooled_fixed,2000,0,0.04895461294274788,0.049019331928994575,0.051454612942747883
128,2048,one_heavy,same_direction,0.0002299605781865966,pooled_grid,2000,0,0.05147357147497672,0.05153450320757256,0.05397357147497672
128,2048,one_heavy,same_direction,0.0002299605781865966,pooled_mixture,2000,0,0.0502475172605619,0.050276221375566615,0.0527475172605619
128,2048,one_heavy,opposite_direction,0.05,rectangle,2000,0,0.1100162435455444,0.10996925655842969,0.08751624354554441
128,2048,one_heavy,opposite_direction,0.05,split_original,2000,0,0.046530005265225785,0.04654154209399618,0.02403000526522579
128,2048,one_heavy,opposite_direction,0.05,split_balanced,2000,0,0.03618503378551706,0.03615633654593097,0.013685033785517062
128,2048,one_heavy,opposite_direction,0.05,pooled_fixed,2000,0,0.036185173797769296,0.03624397993060955,0.013685173797769306
128,2048,one_heavy,opposite_direction,0.05,pooled_grid,2000,0,0.0430422603057326,0.043083818546756227,0.0205422603057326
128,2048,one_heavy,opposite_direction,0.05,pooled_mixture,2000,0,0.03992110265879845,0.039983193160389535,0.017421102658798458
128,2048,one_heavy,opposite_direction,0.0002299605781865966,rectangle,2000,0,0.11223939346168542,0.11219935402162722,0.08973939346168543
128,2048,one_heavy,opposite_direction,0.0002299605781865966,split_original,2000,0,0.0637054047920262,0.06377581304174293,0.04120540479202621
128,2048,one_heavy,opposite_direction,0.0002299605781865966,split_balanced,2000,0,0.05452688615832314,0.05457534981293371,0.03202688615832315
128,2048,one_heavy,opposite_direction,0.0002299605781865966,pooled_fixed,2000,0,0.05463197256196467,0.0546753106589737,0.03213197256196468
128,2048,one_heavy,opposite_direction,0.0002299605781865966,pooled_grid,2000,0,0.059136884448077895,0.059200993173163144,0.0366368844480779
128,2048,one_heavy,opposite_direction,0.0002299605781865966,pooled_mixture,2000,0,0.05763716846976991,0.05769798657965888,0.035137168469769914
128,8192,balanced,exact,0.05,rectangle,2000,0,0.08688269899030857,0.08689531677967878,0.08688269899030857
128,8192,balanced,exact,0.05,split_original,2000,0,0.0051621267681088295,0.005168166415973889,0.0051621267681088295
128,8192,balanced,exact,0.05,split_balanced,2000,0,0.005106526464943556,0.005120407181986444,0.005106526464943556
128,8192,balanced,exact,0.05,pooled_fixed,2000,0,0.005336695414062025,0.0053406859316522904,0.005336695414062025
128,8192,balanced,exact,0.05,pooled_grid,2000,0,0.005949366179328843,0.00595738163586889,0.005949366179328843
128,8192,balanced,exact,0.05,pooled_mixture,2000,0,0.005747132638465257,0.005753182272698769,0.005747132638465257
128,8192,balanced,exact,0.0002299605781865966,rectangle,2000,0,0.13037026399506785,0.13037111371597002,0.13037026399506785
128,8192,balanced,exact,0.0002299605781865966,split_original,2000,0,0.008134551370065031,0.008153764543021105,0.008134551370065031
128,8192,balanced,exact,0.0002299605781865966,split_balanced,2000,0,0.008060256698012223,0.0080818168926431,0.008060256698012223
128,8192,balanced,exact,0.0002299605781865966,pooled_fixed,2000,0,0.008403170346167534,0.00841233063045118,0.008403170346167534
128,8192,balanced,exact,0.0002299605781865966,pooled_grid,2000,0,0.008730357124153907,0.008745368332522013,0.008730357124153907
128,8192,balanced,exact,0.0002299605781865966,pooled_mixture,2000,0,0.008567003587281881,0.008579423791572529,0.008567003587281881
128,8192,balanced,same_direction,0.05,rectangle,2000,0,0.10124398835042105,0.10122142314113285,0.10374398835042105
128,8192,balanced,same_direction,0.05,split_original,2000,0,0.0059765076979872035,0.00598067082417708,0.008476507697987206
128,8192,balanced,same_direction,0.05,split_balanced,2000,0,0.005940489104279325,0.005932331301231143,0.008440489104279327
128,8192,balanced,same_direction,0.05,pooled_fixed,2000,0,0.005967300640989447,0.005969059456332004,0.00846730064098945
128,8192,balanced,same_direction,0.05,pooled_grid,2000,0,0.007207446488270308,0.00720948873426102,0.009707446488270311
128,8192,balanced,same_direction,0.05,pooled_mixture,2000,0,0.00664433519040109,0.006646669779205259,0.009144335190401092
128,8192,balanced,same_direction,0.0002299605781865966,rectangle,2000,0,0.14892292797029733,0.14893365281423102,0.15142292797029733
128,8192,balanced,same_direction,0.0002299605781865966,split_original,2000,0,0.009388085213379922,0.009391316982457067,0.011888085213379924
128,8192,balanced,same_direction,0.0002299605781865966,split_balanced,2000,0,0.009319972867072354,0.009311036759720415,0.011819972867072356
128,8192,balanced,same_direction,0.0002299605781865966,pooled_fixed,2000,0,0.009364605666898094,0.009367442448869568,0.011864605666898096
128,8192,balanced,same_direction,0.0002299605781865966,pooled_grid,2000,0,0.010285100557304798,0.010287753972205334,0.0127851005573048
128,8192,balanced,same_direction,0.0002299605781865966,pooled_mixture,2000,0,0.0098884790607562,0.00989062280619677,0.012388479060756203
128,8192,balanced,opposite_direction,0.05,rectangle,2000,0,0.08686798133099224,0.08689178363414886,0.06436798133099222
128,8192,balanced,opposite_direction,0.05,split_original,2000,0,0.00971661070479925,0.009736064378275358,-0.012783389295200755
128,8192,balanced,opposite_direction,0.05,split_balanced,2000,0,0.00964350926554533,0.00965372418703808,-0.012856490734454676
128,8192,balanced,opposite_direction,0.05,pooled_fixed,2000,0,0.010948772867862064,0.010970454097510445,-0.011551227132137942
128,8192,balanced,opposite_direction,0.05,pooled_grid,2000,0,0.012338650815912946,0.012355427073964306,-0.01016134918408706
128,8192,balanced,opposite_direction,0.05,pooled_mixture,2000,0,0.011154795931888676,0.01117847318252981,-0.01134520406811133
128,8192,balanced,opposite_direction,0.0002299605781865966,rectangle,2000,0,0.13036108872490876,0.13040266342725898,0.10786108872490877
128,8192,balanced,opposite_direction,0.0002299605781865966,split_original,2000,0,0.015091798342038823,0.015118120816604009,-0.0074082016579611835
128,8192,balanced,opposite_direction,0.0002299605781865966,split_balanced,2000,0,0.014987385637291442,0.014988175533257021,-0.007512614362708563
128,8192,balanced,opposite_direction,0.0002299605781865966,pooled_fixed,2000,0,0.016971989482225,0.016985936075706712,-0.005528010517775006
128,8192,balanced,opposite_direction,0.0002299605781865966,pooled_grid,2000,0,0.01687569904451444,0.0169035468629435,-0.005624300955485564
128,8192,balanced,opposite_direction,0.0002299605781865966,pooled_mixture,2000,0,0.016231021278500964,0.016249948164783975,-0.006268978721499041
128,8192,one_heavy,exact,0.05,rectangle,2000,0,0.07295459465349721,0.07294850071555302,0.07295459465349721
128,8192,one_heavy,exact,0.05,split_original,2000,0,0.005885620003472016,0.005914527808212004,0.005885620003472016
128,8192,one_heavy,exact,0.05,split_balanced,2000,0,0.005610976973391494,0.0056399531661379485,0.005610976973391494
128,8192,one_heavy,exact,0.05,pooled_fixed,2000,0,0.0058592136636914545,0.005878389628627449,0.0058592136636914545
128,8192,one_heavy,exact,0.05,pooled_grid,2000,0,0.006526310601564461,0.006549581483156254,0.006526310601564461
128,8192,one_heavy,exact,0.05,pooled_mixture,2000,0,0.0063023471644180085,0.006325804588814472,0.0063023471644180085
128,8192,one_heavy,exact,0.0002299605781865966,rectangle,2000,0,0.09281231664267044,0.09280352761791746,0.09281231664267044
128,8192,one_heavy,exact,0.0002299605781865966,split_original,2000,0,0.009432620760496533,0.00947944775586286,0.009432620760496533
128,8192,one_heavy,exact,0.0002299605781865966,split_balanced,2000,0,0.008960919178869688,0.009021763117489558,0.008960919178869688
128,8192,one_heavy,exact,0.0002299605781865966,pooled_fixed,2000,0,0.00933322626186132,0.009379177034914164,0.00933322626186132
128,8192,one_heavy,exact,0.0002299605781865966,pooled_grid,2000,0,0.009704840877092284,0.009754702810397269,0.009704840877092284
128,8192,one_heavy,exact,0.0002299605781865966,pooled_mixture,2000,0,0.009518072391319656,0.009567976327892327,0.009518072391319656
128,8192,one_heavy,same_direction,0.05,rectangle,2000,0,0.08648225965734199,0.08644860258223562,0.088982259657342
128,8192,one_heavy,same_direction,0.05,split_original,2000,0,0.006660959190517282,0.006679813561026865,0.009160959190517286
128,8192,one_heavy,same_direction,0.05,split_balanced,2000,0,0.006405483788383593,0.006405686647733406,0.008905483788383597
128,8192,one_heavy,same_direction,0.05,pooled_fixed,2000,0,0.0064470510581250695,0.006457729749129891,0.008947051058125073
128,8192,one_heavy,same_direction,0.05,pooled_grid,2000,0,0.007710287502287217,0.007715027394240679,0.01021028750228722
128,8192,one_heavy,same_direction,0.05,pooled_mixture,2000,0,0.007150476388543794,0.007158798149452677,0.009650476388543798
128,8192,one_heavy,same_direction,0.0002299605781865966,rectangle,2000,0,0.11020403668463452,0.11020204639582648,0.11270403668463452
128,8192,one_heavy,same_direction,0.0002299605781865966,split_original,2000,0,0.010613317297372454,0.010642189608951722,0.013113317297372456
128,8192,one_heavy,same_direction,0.0002299605781865966,split_balanced,2000,0,0.010184293376929433,0.01018716692098889,0.012684293376929437
128,8192,one_heavy,same_direction,0.0002299605781865966,pooled_fixed,2000,0,0.010247992635818676,0.010264897647760396,0.012747992635818682
128,8192,one_heavy,same_direction,0.0002299605781865966,pooled_grid,2000,0,0.01122285311975398,0.01124278841772434,0.013722853119753985
128,8192,one_heavy,same_direction,0.0002299605781865966,pooled_mixture,2000,0,0.010776941445106382,0.010796539800864554,0.013276941445106386
128,8192,one_heavy,opposite_direction,0.05,rectangle,2000,0,0.07779226721067804,0.07778180451816562,0.05529226721067805
128,8192,one_heavy,opposite_direction,0.05,split_original,2000,0,0.010426036086240355,0.010401463011185913,-0.012073963913759641
128,8192,one_heavy,opposite_direction,0.05,split_balanced,2000,0,0.010133779353850788,0.010107072082619415,-0.012366220646149208
128,8192,one_heavy,opposite_direction,0.05,pooled_fixed,2000,0,0.011200386560247308,0.011208996726430985,-0.011299613439752687
128,8192,one_heavy,opposite_direction,0.05,pooled_grid,2000,0,0.012698275690989223,0.012703638056799462,-0.009801724309010773
128,8192,one_heavy,opposite_direction,0.05,pooled_mixture,2000,0,0.011632919012068525,0.011632905184214015,-0.01086708098793147
128,8192,one_heavy,opposite_direction,0.0002299605781865966,rectangle,2000,0,0.09843368819116532,0.09843084726349921,0.07593368819116533
128,8192,one_heavy,opposite_direction,0.0002299605781865966,split_original,2000,0,0.0162893649297602,0.01628057194727419,-0.0062106350702397966
128,8192,one_heavy,opposite_direction,0.0002299605781865966,split_balanced,2000,0,0.015851178834321612,0.01580416563372746,-0.006648821165678382
128,8192,one_heavy,opposite_direction,0.0002299605781865966,pooled_fixed,2000,0,0.017464334545897926,0.01747225485843825,-0.005035665454102068
128,8192,one_heavy,opposite_direction,0.0002299605781865966,pooled_grid,2000,0,0.017924166267147157,0.017930371240014144,-0.004575833732852837
128,8192,one_heavy,opposite_direction,0.0002299605781865966,pooled_mixture,2000,0,0.01706474526964423,0.017069429326535282,-0.005435254730355766
